"game_id","season","kickoff","predicted_at","information_cutoff","home_id","away_id","neutral","pred_margin","candidate","design_hash","feature_hash","home_snapshot_id","away_snapshot_id"
"401858214",2026,2026-09-11 23:30:00,2026-09-09 14:21:34.612036,2026-09-09,103,164,FALSE,-0.247614352923588,"EB_features","0f876d7390dace668ab8fb80547b949e","6a7e01742348969e8c623e21702185c6","5ab8fbe76fc96613af6cd7a443611fb6","2f698f9fd597154df2cb5e3d1516358b"
"401856678",2026,2026-09-12,2026-09-09 14:21:34.612036,2026-09-09,2305,142,FALSE,-8.77233723940099,"EB_features","0f876d7390dace668ab8fb80547b949e","6a7e01742348969e8c623e21702185c6","2641caeacbb78806e15fb0180f7c0f4a","45b76870c77c705ffca94e67a9d4f23a"
"401856679",2026,2026-09-12 16:00:00,2026-09-09 14:21:34.612036,2026-09-09,130,201,FALSE,-5.04725972908909,"EB_features","0f876d7390dace668ab8fb80547b949e","6a7e01742348969e8c623e21702185c6","8478fefda13d0ed176108f299dca1507","d5c93a1988dc7919b7509323bd8e704d"
"401856683",2026,2026-09-12 16:00:00,2026-09-09 14:21:34.612036,2026-09-09,245,9,FALSE,26.2223404782743,"EB_features","0f876d7390dace668ab8fb80547b949e","6a7e01742348969e8c623e21702185c6","4376b7a97342077fa6eafa7830573fb3","6f05d4268c71e41a027b4f3a6bc6d88e"
"401856781",2026,2026-09-12 16:00:00,2026-09-09 14:21:34.612036,2026-09-09,2306,265,FALSE,8.75306658459865,"EB_features","0f876d7390dace668ab8fb80547b949e","6a7e01742348969e8c623e21702185c6","e52575130d9186303c964548d89d6922","7b1d66bb72536a67efffc25d60ec6e3b"
"401856782",2026,2026-09-12 16:00:00,2026-09-09 14:21:34.612036,2026-09-09,197,2483,FALSE,-38.1088003823735,"EB_features","0f876d7390dace668ab8fb80547b949e","6a7e01742348969e8c623e21702185c6","cdf97e1a122f3ec54f5ddbe334097bed","cf518ee4f79294bd3aeff6a7dcf49a23"
"401858221",2026,2026-09-12 16:00:00,2026-09-09 14:21:34.612036,2026-09-09,259,295,FALSE,0.615201412869262,"EB_features","0f876d7390dace668ab8fb80547b949e","6a7e01742348969e8c623e21702185c6","91cda8f04c1ff98768375ee74ac153f6","955b038fc79f277a5729e67192956247"
"401858224",2026,2026-09-12 16:00:00,2026-09-09 14:21:34.612036,2026-09-09,2509,154,FALSE,-1.06833244358544,"EB_features","0f876d7390dace668ab8fb80547b949e","6a7e01742348969e8c623e21702185c6","af0359bd4ce9e8bc1127b05c38e58457","11c8fca571f6196fa8ff62d036545d73"
"401858442",2026,2026-09-12 16:00:00,2026-09-09 14:21:34.612036,2026-09-09,218,213,FALSE,-18.2734763880807,"EB_features","0f876d7390dace668ab8fb80547b949e","6a7e01742348969e8c623e21702185c6","e4600a10678d628e3165c719ea6b786c","ece5ce0dc7e76753bc3ace6caa052eaa"
"401862702",2026,2026-09-12 16:00:00,2026-09-09 14:21:34.612036,2026-09-09,349,58,FALSE,-0.118158124431583,"EB_features","0f876d7390dace668ab8fb80547b949e","6a7e01742348969e8c623e21702185c6","16ee6b4944b6f93478aed4e92cc32a2d","bf47e772a12ef942e67fc0f89d61f447"
"401864571",2026,2026-09-12 16:00:00,2026-09-09 14:21:34.612036,2026-09-09,151,2026,FALSE,12.9072234604036,"EB_features","0f876d7390dace668ab8fb80547b949e","6a7e01742348969e8c623e21702185c6","00ee9da462ecde653f824773e238a67c","cd8ed30be082510fd99d84deb5dc2f00"
"401856673",2026,2026-09-12 16:45:00,2026-09-09 14:21:34.612036,2026-09-09,61,98,FALSE,43.8320568981664,"EB_features","0f876d7390dace668ab8fb80547b949e","6a7e01742348969e8c623e21702185c6","f81d09176dfc38899d2ce76fa71585c5","69e8f14af2943d63c8c6b7a25a365d1a"
"401856674",2026,2026-09-12 19:30:00,2026-09-09 14:21:34.612036,2026-09-09,96,333,FALSE,-19.7343687947971,"EB_features","0f876d7390dace668ab8fb80547b949e","6a7e01742348969e8c623e21702185c6","2def3b3245803eb09f1a4a032e70a4ad","a16c0f26515ab4a75eeec83b1a7f54a2"
"401856677",2026,2026-09-12 19:30:00,2026-09-09 14:21:34.612036,2026-09-09,135,344,FALSE,-1.82326341043666,"EB_features","0f876d7390dace668ab8fb80547b949e","6a7e01742348969e8c623e21702185c6","9aaf4e1cd53cca0107081a4b3a958fd5","7b82bc3b384605ca1f053ffc4e5d7855"
"401856790",2026,2026-09-12 19:30:00,2026-09-09 14:21:34.612036,2026-09-09,221,2116,FALSE,17.5798111503558,"EB_features","0f876d7390dace668ab8fb80547b949e","6a7e01742348969e8c623e21702185c6","a98fc2259e0382c0c6be45c6c662c3bb","8fc09cc9a14e26b1e057c14151b64e42"
"401856810",2026,2026-09-12 19:30:00,2026-09-09 14:21:34.612036,2026-09-09,252,12,FALSE,5.50884699401557,"EB_features","0f876d7390dace668ab8fb80547b949e","6a7e01742348969e8c623e21702185c6","11ed1c04acdb3b5439ee345c420b751c","c2af9208b56675d8eb57cb6ceba4e50d"
"401858216",2026,2026-09-12 19:30:00,2026-09-09 14:21:34.612036,2026-09-09,183,25,FALSE,5.20650430520785,"EB_features","0f876d7390dace668ab8fb80547b949e","6a7e01742348969e8c623e21702185c6","3251c1abe0c702b279bbb1fa4201429f","329b2478030dd77a1028fd2e763308cc"
"401858217",2026,2026-09-12 19:30:00,2026-09-09 14:21:34.612036,2026-09-09,356,150,FALSE,5.00821690340716,"EB_features","0f876d7390dace668ab8fb80547b949e","6a7e01742348969e8c623e21702185c6","9b21208b9e021e64e98760236068f627","c1156057e989425ccd50772da5fc2a46"
"401858440",2026,2026-09-12 19:30:00,2026-09-09 14:21:34.612036,2026-09-09,127,2199,FALSE,9.41754236667174,"EB_features","0f876d7390dace668ab8fb80547b949e","6a7e01742348969e8c623e21702185c6","c096003f85ce18480a4eaa8b8c51b344","1ef58a420bc1a2ff91581f396ff8afed"
"401858444",2026,2026-09-12 19:30:00,2026-09-09 14:21:34.612036,2026-09-09,41,120,FALSE,-13.7151485890814,"EB_features","0f876d7390dace668ab8fb80547b949e","6a7e01742348969e8c623e21702185c6","39db6bb008fc9c763dfbd6cded6d7a6c","c51658bf2c0a8efd3653bd4186424622"
"401858446",2026,2026-09-12 19:30:00,2026-09-09 14:21:34.612036,2026-09-09,264,328,FALSE,16.8811586985752,"EB_features","0f876d7390dace668ab8fb80547b949e","6a7e01742348969e8c623e21702185c6","2c9b7f4d0bf070a3af884f5d951f654f","57d8430a616e3e997068dec969bee648"
"401859184",2026,2026-09-12 19:30:00,2026-09-09 14:21:34.612036,2026-09-09,87,242,FALSE,46.692294468402,"EB_features","0f876d7390dace668ab8fb80547b949e","6a7e01742348969e8c623e21702185c6","2936fe3fbaaeaa4c7a7dbf5561a30e32","78773b50be4cd237c43989528416e481"
"401860884",2026,2026-09-12 19:30:00,2026-09-09 14:21:34.612036,2026-09-09,326,2636,FALSE,-3.61010852069904,"EB_features","0f876d7390dace668ab8fb80547b949e","6a7e01742348969e8c623e21702185c6","238f7bcbaa0d228c8e32e4211c2b750b","51ec18b4a34dc8bda112c6242a8b36c8"
"401862708",2026,2026-09-12 19:30:00,2026-09-09 14:21:34.612036,2026-09-09,5,2433,FALSE,5.77161865292319,"EB_features","0f876d7390dace668ab8fb80547b949e","6a7e01742348969e8c623e21702185c6","afb96c376c872362fd620dfc9237a140","b67eb0fdf847b298a6f209ed247c9e37"
"401862705",2026,2026-09-12 19:45:00,2026-09-09 14:21:34.612036,2026-09-09,249,2439,FALSE,1.14842759371975,"EB_features","0f876d7390dace668ab8fb80547b949e","6a7e01742348969e8c623e21702185c6","b36977426f9757e420295b7f780bd508","625c8d09cb5566747a87b1881999e940"
"401856684",2026,2026-09-12 20:15:00,2026-09-09 14:21:34.612036,2026-09-09,238,48,FALSE,25.7515337600219,"EB_features","0f876d7390dace668ab8fb80547b949e","6a7e01742348969e8c623e21702185c6","0a40c3bbdf0aa67e62605e7a1e7529dc","9b8b42c93a4cc9b60c016b188fc7a515"
"401860881",2026,2026-09-12 22:00:00,2026-09-09 14:21:34.612036,2026-09-09,68,235,FALSE,11.0455179075091,"EB_features","0f876d7390dace668ab8fb80547b949e","6a7e01742348969e8c623e21702185c6","4271c6f8605b089bdbe49959c7fbc5e4","0d0cf1a21c8077f40683542ad91fc69e"
"401866414",2026,2026-09-12 22:00:00,2026-09-09 14:21:34.612036,2026-09-09,2229,2084,FALSE,7.09603879235518,"EB_features","0f876d7390dace668ab8fb80547b949e","6a7e01742348969e8c623e21702185c6","c9534812b49a12e04231d9666f528b2c","cc0b8d6aaa84aecaaddbdf4cac337ac8"
"401866418",2026,2026-09-12 22:00:00,2026-09-09 14:21:34.612036,2026-09-09,195,55,FALSE,5.5337677860716,"EB_features","0f876d7390dace668ab8fb80547b949e","6a7e01742348969e8c623e21702185c6","7bef1e0032f3506acafee467c9ce5586","ab79ec5590bdd5429e1b8ee082e3f3cc"
"401856681",2026,2026-09-12 23:00:00,2026-09-09 14:21:34.612036,2026-09-09,59,2633,FALSE,-10.2461647526058,"EB_features","0f876d7390dace668ab8fb80547b949e","6a7e01742348969e8c623e21702185c6","0faf49f27f5ae7d26984523f1c4fb71a","ae6ef8c182cb9c91e5b7adbf993baabe"
"401858441",2026,2026-09-12 23:00:00,2026-09-09 14:21:34.612036,2026-09-09,158,189,FALSE,24.5713914926256,"EB_features","0f876d7390dace668ab8fb80547b949e","6a7e01742348969e8c623e21702185c6","8def1311b7a1356fda62ffd35baf5e14","8d76b25c49b06f27779bdd180b7adea6"
"401862707",2026,2026-09-12 23:00:00,2026-09-09 14:21:34.612036,2026-09-09,2534,202,FALSE,-3.31127117322021,"EB_features","0f876d7390dace668ab8fb80547b949e","6a7e01742348969e8c623e21702185c6","c32bc795a6b1dc63ba3c4659cd0300b2","9cdd2398a3ae82086f232208d11882ce"
"401864575",2026,2026-09-12 23:00:00,2026-09-09 14:21:34.612036,2026-09-09,2655,6,FALSE,8.87776391412677,"EB_features","0f876d7390dace668ab8fb80547b949e","6a7e01742348969e8c623e21702185c6","9bc1e0834e72aa18218cf0f6de9fd085","b2284c9faa78a1139b594e35efa8e292"
"401869955",2026,2026-09-12 23:00:00,2026-09-09 14:21:34.612036,2026-09-09,338,2247,FALSE,6.13123160030691,"EB_features","0f876d7390dace668ab8fb80547b949e","6a7e01742348969e8c623e21702185c6","251655048dc363ad9228ec9c9b81445b","5e5fce5a5be67df65e5b0e73c16d4370"
"401871045",2026,2026-09-12 23:00:00,2026-09-09 14:21:34.612036,2026-09-09,276,2393,FALSE,4.2234716859047,"EB_features","0f876d7390dace668ab8fb80547b949e","6a7e01742348969e8c623e21702185c6","e4ba0f6becf1bf1ac79e34db8a1f047b","8fa69827e178f6093f0eda591ceaefb2"
"401858443",2026,2026-09-12 23:15:00,2026-09-09 14:21:34.612036,2026-09-09,26,21,FALSE,3.0766367730639,"EB_features","0f876d7390dace668ab8fb80547b949e","6a7e01742348969e8c623e21702185c6","3d0a972ff83ee9b3c802294c5d1be95b","abb63d353fb3727fa656a17ba9f810ed"
"401856682",2026,2026-09-12 23:30:00,2026-09-09 14:21:34.612036,2026-09-09,251,194,FALSE,-0.142602484280497,"EB_features","0f876d7390dace668ab8fb80547b949e","6a7e01742348969e8c623e21702185c6","67b9cd488d45b7868ebe5ba45e56a1c4","1dadbf23e45be58734cf44b7361b207e"
"401856783",2026,2026-09-12 23:30:00,2026-09-09 14:21:34.612036,2026-09-09,204,2641,FALSE,-25.7503435559579,"EB_features","0f876d7390dace668ab8fb80547b949e","6a7e01742348969e8c623e21702185c6","bfba3fcd701482c1a2b3ad5cc9936e27","884199abf019d1ead67bd15d2e61405b"
"401856788",2026,2026-09-12 23:30:00,2026-09-09 14:21:34.612036,2026-09-09,2294,66,FALSE,17.9322227919426,"EB_features","0f876d7390dace668ab8fb80547b949e","6a7e01742348969e8c623e21702185c6","aab81e96f5fb1608b20c490144f87422","7d44fe20260a200571ec66793196e2ef"
"401858219",2026,2026-09-12 23:30:00,2026-09-09 14:21:34.612036,2026-09-09,228,290,FALSE,17.3221912272353,"EB_features","0f876d7390dace668ab8fb80547b949e","6a7e01742348969e8c623e21702185c6","dfa1ca4b6a72470e2339225aed27af1f","f485dbbb67e55245ff20fc33fafb400f"
"401862703",2026,2026-09-12 23:30:00,2026-09-09 14:21:34.612036,2026-09-09,2226,2426,FALSE,-4.39154992026451,"EB_features","0f876d7390dace668ab8fb80547b949e","6a7e01742348969e8c623e21702185c6","5050a58835ce7c3f4024ffeb15f58273","ebdba215351007bd1591b1ee0913636c"
"401867796",2026,2026-09-12 23:30:00,2026-09-09 14:21:34.612036,2026-09-09,99,2348,FALSE,25.6923255641667,"EB_features","0f876d7390dace668ab8fb80547b949e","6a7e01742348969e8c623e21702185c6","88ff88dc22b80121f69f76da3b24edc6","73a311fbd055da85a22ce23e9f575ba3"
"401856671",2026,2026-09-12 23:45:00,2026-09-09 14:21:34.612036,2026-09-09,2,2572,FALSE,22.4677584697371,"EB_features","0f876d7390dace668ab8fb80547b949e","6a7e01742348969e8c623e21702185c6","40abe996fcfa08bcca8b0f429b344658","c522e5114187d2f66eca3230483b7b18"
"401856676",2026,2026-09-12 23:45:00,2026-09-09 14:21:34.612036,2026-09-09,145,2429,FALSE,34.3273497301132,"EB_features","0f876d7390dace668ab8fb80547b949e","6a7e01742348969e8c623e21702185c6","c50307b6d5e3e33b5c6d6a1efa6752cb","8c9467c7f419b2788753f0294c8e2797"
"401864502",2026,2026-09-13 02:00:00,2026-09-09 14:21:34.612036,2026-09-09,2005,2449,FALSE,0.658379238670293,"EB_features","0f876d7390dace668ab8fb80547b949e","6a7e01742348969e8c623e21702185c6","d10b911216481b23641f069dd93cf71f","b836b34c1843f7b49db7c706f7efbfce"
"401856670",2026,2026-09-13 02:15:00,2026-09-09 14:21:34.612036,2026-09-09,254,8,FALSE,16.0207305042839,"EB_features","0f876d7390dace668ab8fb80547b949e","6a7e01742348969e8c623e21702185c6","c4211fa6ca3dab8a23bbd2f636300d01","1aac1b589d06f7463ec0a3cae784aa82"
"401860883",2026,2026-09-13 02:30:00,2026-09-09 14:21:34.612036,2026-09-09,278,16,FALSE,2.26852939941786,"EB_features","0f876d7390dace668ab8fb80547b949e","6a7e01742348969e8c623e21702185c6","2036836a8258fd0ed067589130f8be39","36580fcbe651755a81a77c1b1d368490"
"401858445",2026,2026-09-13 03:00:00,2026-09-09 14:21:34.612036,2026-09-09,30,309,FALSE,32.6606302839511,"EB_features","0f876d7390dace668ab8fb80547b949e","6a7e01742348969e8c623e21702185c6","70b306e524ab9e5d626e5375874643b5","d8bd574ddd9ad0e9cd79e66045808ada"
"401864578",2026,2026-09-13 03:59:00,2026-09-09 14:21:34.612036,2026-09-09,62,166,FALSE,7.99405150156857,"EB_features","0f876d7390dace668ab8fb80547b949e","6a7e01742348969e8c623e21702185c6","ab1ec64edc20f80f725d49e7044768c8","9bd31c4931a23e1083ad971a566d61a6"
"401858225",2026,2026-09-17 23:30:00,2026-09-09 14:21:34.612036,2026-09-09,221,183,FALSE,18.5726512776488,"EB_features","0f876d7390dace668ab8fb80547b949e","6a7e01742348969e8c623e21702185c6","a98fc2259e0382c0c6be45c6c662c3bb","3251c1abe0c702b279bbb1fa4201429f"
"401858226",2026,2026-09-18 23:30:00,2026-09-09 14:21:34.612036,2026-09-09,154,2390,FALSE,-22.7588485085561,"EB_features","0f876d7390dace668ab8fb80547b949e","6a7e01742348969e8c623e21702185c6","11c8fca571f6196fa8ff62d036545d73","4fb4874fb6d26e2287e64266bfdad2a7"
"401856811",2026,2026-09-19,2026-09-09 14:21:34.612036,2026-09-09,2641,248,FALSE,19.4915229236069,"EB_features","0f876d7390dace668ab8fb80547b949e","6a7e01742348969e8c623e21702185c6","884199abf019d1ead67bd15d2e61405b","6d4aee3c47acae8c06bc3fe58bcde560"
"401869940",2026,2026-09-19 15:30:00,2026-09-09 14:21:34.612036,2026-09-09,48,324,FALSE,2.84543891451262,"EB_features","0f876d7390dace668ab8fb80547b949e","6a7e01742348969e8c623e21702185c6","9b8b42c93a4cc9b60c016b188fc7a515","04aad5c1b6004f362e3d8bf785a93811"
"401856686",2026,2026-09-19 16:00:00,2026-09-09 14:21:34.612036,2026-09-09,8,61,FALSE,-22.8300194309356,"EB_features","0f876d7390dace668ab8fb80547b949e","6a7e01742348969e8c623e21702185c6","1aac1b589d06f7463ec0a3cae784aa82","f81d09176dfc38899d2ce76fa71585c5"
"401856792",2026,2026-09-19 16:00:00,2026-09-09 14:21:34.612036,2026-09-09,2306,2655,FALSE,11.0217907832384,"EB_features","0f876d7390dace668ab8fb80547b949e","6a7e01742348969e8c623e21702185c6","e52575130d9186303c964548d89d6922","9bc1e0834e72aa18218cf0f6de9fd085"
"401856798",2026,2026-09-19 16:00:00,2026-09-09 14:21:34.612036,2026-09-09,66,189,FALSE,14.5280055779217,"EB_features","0f876d7390dace668ab8fb80547b949e","6a7e01742348969e8c623e21702185c6","7d44fe20260a200571ec66793196e2ef","8d76b25c49b06f27779bdd180b7adea6"
"401856812",2026,2026-09-19 16:00:00,2026-09-09 14:21:34.612036,2026-09-09,2305,9,TRUE,-4.18692126055566,"EB_features","0f876d7390dace668ab8fb80547b949e","6a7e01742348969e8c623e21702185c6","2641caeacbb78806e15fb0180f7c0f4a","6f05d4268c71e41a027b4f3a6bc6d88e"
"401858229",2026,2026-09-19 16:00:00,2026-09-09 14:21:34.612036,2026-09-09,228,153,FALSE,8.50891322752988,"EB_features","0f876d7390dace668ab8fb80547b949e","6a7e01742348969e8c623e21702185c6","dfa1ca4b6a72470e2339225aed27af1f","f5f29cfdd5f128bc89573544cbea43f2"
"401858451",2026,2026-09-19 16:00:00,2026-09-09 14:21:34.612036,2026-09-09,135,2006,FALSE,23.7256374216683,"EB_features","0f876d7390dace668ab8fb80547b949e","6a7e01742348969e8c623e21702185c6","9aaf4e1cd53cca0107081a4b3a958fd5","a8adfc33f1370b70963d4770b5fe642a"
"401858454",2026,2026-09-19 16:00:00,2026-09-09 14:21:34.612036,2026-09-09,194,2309,FALSE,49.814954880145,"EB_features","0f876d7390dace668ab8fb80547b949e","6a7e01742348969e8c623e21702185c6","1dadbf23e45be58734cf44b7361b207e","637a52f2e582d9c10059ed051cc55345"
"401858456",2026,2026-09-19 16:00:00,2026-09-09 14:21:34.612036,2026-09-09,213,2084,FALSE,31.3540567792376,"EB_features","0f876d7390dace668ab8fb80547b949e","6a7e01742348969e8c623e21702185c6","ece5ce0dc7e76753bc3ace6caa052eaa","cc0b8d6aaa84aecaaddbdf4cac337ac8"
"401860889",2026,2026-09-19 16:00:00,2026-09-09 14:21:34.612036,2026-09-09,326,249,FALSE,0.154617419222576,"EB_features","0f876d7390dace668ab8fb80547b949e","6a7e01742348969e8c623e21702185c6","238f7bcbaa0d228c8e32e4211c2b750b","b36977426f9757e420295b7f780bd508"
"401858460",2026,2026-09-19 16:30:00,2026-09-09 14:21:34.612036,2026-09-09,275,2199,FALSE,11.3555143146229,"EB_features","0f876d7390dace668ab8fb80547b949e","6a7e01742348969e8c623e21702185c6","b831ec4ebbb59170b72cfed9a526336f","1ef58a420bc1a2ff91581f396ff8afed"
"401856695",2026,2026-09-19 16:45:00,2026-09-09 14:21:34.612036,2026-09-09,238,152,FALSE,12.6098052734154,"EB_features","0f876d7390dace668ab8fb80547b949e","6a7e01742348969e8c623e21702185c6","0a40c3bbdf0aa67e62605e7a1e7529dc","d2cc64fcdce71503fc7db360bdd09227"
"401864508",2026,2026-09-19 17:00:00,2026-09-09 14:21:34.612036,2026-09-09,2117,2751,FALSE,2.33620132273852,"EB_features","0f876d7390dace668ab8fb80547b949e","6a7e01742348969e8c623e21702185c6","59aa7c933549f429ba3e2f2dd2a053ec","26f553768cb786b000750541aa75d916"
"401862774",2026,2026-09-19 19:00:00,2026-09-09 14:21:34.612036,2026-09-09,2649,218,FALSE,5.12410555575039,"EB_features","0f876d7390dace668ab8fb80547b949e","6a7e01742348969e8c623e21702185c6","505444a7f6657d3505ae4b3168c01642","e4600a10678d628e3165c719ea6b786c"
"401856685",2026,2026-09-19 19:30:00,2026-09-09 14:21:34.612036,2026-09-09,333,52,FALSE,18.5712351638654,"EB_features","0f876d7390dace668ab8fb80547b949e","6a7e01742348969e8c623e21702185c6","a16c0f26515ab4a75eeec83b1a7f54a2","c270562ee5b326a7db7a6295405e18e5"
"401856694",2026,2026-09-19 19:30:00,2026-09-09 14:21:34.612036,2026-09-09,245,96,FALSE,26.0425029610814,"EB_features","0f876d7390dace668ab8fb80547b949e","6a7e01742348969e8c623e21702185c6","4376b7a97342077fa6eafa7830573fb3","2def3b3245803eb09f1a4a032e70a4ad"
"401856797",2026,2026-09-19 19:30:00,2026-09-09 14:21:34.612036,2026-09-09,2132,193,FALSE,14.0349712456161,"EB_features","0f876d7390dace668ab8fb80547b949e","6a7e01742348969e8c623e21702185c6","7a2c5f924d3fe84c18c3eb80be27b2ac","9ab77a9aa1f9e74fe360823c43027d53"
"401856801",2026,2026-09-19 19:30:00,2026-09-09 14:21:34.612036,2026-09-09,254,328,FALSE,17.2232882896709,"EB_features","0f876d7390dace668ab8fb80547b949e","6a7e01742348969e8c623e21702185c6","c4211fa6ca3dab8a23bbd2f636300d01","57d8430a616e3e997068dec969bee648"
"401858230",2026,2026-09-19 19:30:00,2026-09-09 14:21:34.612036,2026-09-09,97,2567,FALSE,-0.989335989484276,"EB_features","0f876d7390dace668ab8fb80547b949e","6a7e01742348969e8c623e21702185c6","3f0fe2aeb5bf72e27b0e223ec06c5bb2","afd6c06b20dc5966e911ab1f95ae95ca"
"401858450",2026,2026-09-19 19:30:00,2026-09-09 14:21:34.612036,2026-09-09,130,2638,FALSE,31.8773233694317,"EB_features","0f876d7390dace668ab8fb80547b949e","6a7e01742348969e8c623e21702185c6","8478fefda13d0ed176108f299dca1507","c7bfb7808a68e89581002a7dcc2e587b"
"401858457",2026,2026-09-19 19:30:00,2026-09-09 14:21:34.612036,2026-09-09,164,30,FALSE,-23.1943367401753,"EB_features","0f876d7390dace668ab8fb80547b949e","6a7e01742348969e8c623e21702185c6","2f698f9fd597154df2cb5e3d1516358b","70b306e524ab9e5d626e5375874643b5"
"401858231",2026,2026-09-19 20:00:00,2026-09-09 14:21:34.612036,2026-09-09,150,24,FALSE,9.92117250279388,"EB_features","0f876d7390dace668ab8fb80547b949e","6a7e01742348969e8c623e21702185c6","c1156057e989425ccd50772da5fc2a46","02773f398309eb21b1c883c8bbb3bd68"
"401858449",2026,2026-09-19 20:00:00,2026-09-09 14:21:34.612036,2026-09-09,84,98,FALSE,37.6276688279677,"EB_features","0f876d7390dace668ab8fb80547b949e","6a7e01742348969e8c623e21702185c6","3768d2d2b835271f4538738d58530b03","69e8f14af2943d63c8c6b7a25a365d1a"
"401866422",2026,2026-09-19 20:00:00,2026-09-09 14:21:34.612036,2026-09-09,2335,2050,FALSE,11.9701495691708,"EB_features","0f876d7390dace668ab8fb80547b949e","6a7e01742348969e8c623e21702185c6","df70e6d389f319dc53553322e725d9de","54015ad44841288784a9adcc2e1fb115"
"401867804",2026,2026-09-19 20:00:00,2026-09-09 14:21:34.612036,2026-09-09,239,2348,FALSE,8.61824526782218,"EB_features","0f876d7390dace668ab8fb80547b949e","6a7e01742348969e8c623e21702185c6","6810b0c8f0cfb4b1f669f4ab06082397","73a311fbd055da85a22ce23e9f575ba3"
"401856691",2026,2026-09-19 20:15:00,2026-09-09 14:21:34.612036,2026-09-09,2579,344,FALSE,11.3564295396778,"EB_features","0f876d7390dace668ab8fb80547b949e","6a7e01742348969e8c623e21702185c6","d3faa8e42127835f3bd9ead2c3cc9ecc","7b82bc3b384605ca1f053ffc4e5d7855"
"401862710",2026,2026-09-19 22:00:00,2026-09-09 14:21:34.612036,2026-09-09,295,151,FALSE,6.79315241513245,"EB_features","0f876d7390dace668ab8fb80547b949e","6a7e01742348969e8c623e21702185c6","955b038fc79f277a5729e67192956247","00ee9da462ecde653f824773e238a67c"
"401862771",2026,2026-09-19 22:00:00,2026-09-09 14:21:34.612036,2026-09-09,2226,2229,FALSE,0.082213004546785,"EB_features","0f876d7390dace668ab8fb80547b949e","6a7e01742348969e8c623e21702185c6","5050a58835ce7c3f4024ffeb15f58273","c9534812b49a12e04231d9666f528b2c"
"401864574",2026,2026-09-19 22:00:00,2026-09-09 14:21:34.612036,2026-09-09,2026,2429,FALSE,7.87933635000096,"EB_features","0f876d7390dace668ab8fb80547b949e","6a7e01742348969e8c623e21702185c6","cd8ed30be082510fd99d84deb5dc2f00","8c9467c7f419b2788753f0294c8e2797"
"401871047",2026,2026-09-19 22:30:00,2026-09-09 14:21:34.612036,2026-09-09,2623,276,FALSE,-2.64623559291763,"EB_features","0f876d7390dace668ab8fb80547b949e","6a7e01742348969e8c623e21702185c6","6ee5ae04e1f2eb031686d92bb4814358","e4ba0f6becf1bf1ac79e34db8a1f047b"
"401856687",2026,2026-09-19 23:00:00,2026-09-09 14:21:34.612036,2026-09-09,2,57,FALSE,-4.83801920529692,"EB_features","0f876d7390dace668ab8fb80547b949e","6a7e01742348969e8c623e21702185c6","40abe996fcfa08bcca8b0f429b344658","8f489d9d2757643a7c99dd694be974d3"
"401856689",2026,2026-09-19 23:00:00,2026-09-09 14:21:34.612036,2026-09-09,142,2653,FALSE,19.4037658671201,"EB_features","0f876d7390dace668ab8fb80547b949e","6a7e01742348969e8c623e21702185c6","45b76870c77c705ffca94e67a9d4f23a","bc6eeadbeb5cb0703a7550a47955974b"
"401856800",2026,2026-09-19 23:00:00,2026-09-09 14:21:34.612036,2026-09-09,2116,2247,FALSE,13.5971594607408,"EB_features","0f876d7390dace668ab8fb80547b949e","6a7e01742348969e8c623e21702185c6","8fc09cc9a14e26b1e057c14151b64e42","5e5fce5a5be67df65e5b0e73c16d4370"
"401861963",2026,2026-09-19 23:00:00,2026-09-09 14:21:34.612036,2026-09-09,2572,41,FALSE,5.44156644846318,"EB_features","0f876d7390dace668ab8fb80547b949e","6a7e01742348969e8c623e21702185c6","c522e5114187d2f66eca3230483b7b18","39db6bb008fc9c763dfbd6cded6d7a6c"
"401862773",2026,2026-09-19 23:00:00,2026-09-09 14:21:34.612036,2026-09-09,242,2711,FALSE,-12.412338510784,"EB_features","0f876d7390dace668ab8fb80547b949e","6a7e01742348969e8c623e21702185c6","78773b50be4cd237c43989528416e481","42dbc1ef8f48ca3fb71add7e537e53d1"
"401864443",2026,2026-09-19 23:00:00,2026-09-09 14:21:34.612036,2026-09-09,2393,2440,FALSE,-5.40257749651655,"EB_features","0f876d7390dace668ab8fb80547b949e","6a7e01742348969e8c623e21702185c6","8fa69827e178f6093f0eda591ceaefb2","c0f4c8e2fbe2e4965f47269a0df6e530"
"401866423",2026,2026-09-19 23:00:00,2026-09-09 14:21:34.612036,2026-09-09,6,195,FALSE,2.71184332616623,"EB_features","0f876d7390dace668ab8fb80547b949e","6a7e01742348969e8c623e21702185c6","b2284c9faa78a1139b594e35efa8e292","7bef1e0032f3506acafee467c9ce5586"
"401869948",2026,2026-09-19 23:00:00,2026-09-09 14:21:34.612036,2026-09-09,55,290,FALSE,0.993009075927586,"EB_features","0f876d7390dace668ab8fb80547b949e","6a7e01742348969e8c623e21702185c6","ab79ec5590bdd5429e1b8ee082e3f3cc","f485dbbb67e55245ff20fc33fafb400f"
"401856688",2026,2026-09-19 23:30:00,2026-09-09 14:21:34.612036,2026-09-09,145,99,FALSE,-0.424844916875405,"EB_features","0f876d7390dace668ab8fb80547b949e","6a7e01742348969e8c623e21702185c6","c50307b6d5e3e33b5c6d6a1efa6752cb","88ff88dc22b80121f69f76da3b24edc6"
"401856690",2026,2026-09-19 23:30:00,2026-09-09 14:21:34.612036,2026-09-09,201,167,FALSE,23.960013778293,"EB_features","0f876d7390dace668ab8fb80547b949e","6a7e01742348969e8c623e21702185c6","d5c93a1988dc7919b7509323bd8e704d","f054e0b224c10719c1e8c9d991ec8289"
"401856795",2026,2026-09-19 23:30:00,2026-09-09 14:21:34.612036,2026-09-09,36,252,FALSE,-14.8546670093032,"EB_features","0f876d7390dace668ab8fb80547b949e","6a7e01742348969e8c623e21702185c6","ff1e8dc4a99d29822e93f5a85af36f03","11ed1c04acdb3b5439ee345c420b751c"
"401856796",2026,2026-09-19 23:30:00,2026-09-09 14:21:34.612036,2026-09-09,77,38,FALSE,8.37835075511791,"EB_features","0f876d7390dace668ab8fb80547b949e","6a7e01742348969e8c623e21702185c6","bb3c371f9b2eaf02e527fc62a7782e94","0cded405e418e4aa0efcf41b4b9a1b09"
"401856802",2026,2026-09-19 23:30:00,2026-09-09 14:21:34.612036,2026-09-09,258,277,TRUE,8.743013765197,"EB_features","0f876d7390dace668ab8fb80547b949e","6a7e01742348969e8c623e21702185c6","1f6ffbe81f04178ce9df2181e9bf7420","689a40dc91aa6324e60cc811d1e89cd0"
"401858232",2026,2026-09-19 23:30:00,2026-09-09 14:21:34.612036,2026-09-09,120,259,FALSE,7.01503310364965,"EB_features","0f876d7390dace668ab8fb80547b949e","6a7e01742348969e8c623e21702185c6","c51658bf2c0a8efd3653bd4186424622","91cda8f04c1ff98768375ee74ac153f6"
"401858453",2026,2026-09-19 23:30:00,2026-09-09 14:21:34.612036,2026-09-09,87,127,FALSE,32.023874163917,"EB_features","0f876d7390dace668ab8fb80547b949e","6a7e01742348969e8c623e21702185c6","2936fe3fbaaeaa4c7a7dbf5561a30e32","c096003f85ce18480a4eaa8b8c51b344"
"401856692",2026,2026-09-19 23:45:00,2026-09-09 14:21:34.612036,2026-09-09,2633,338,FALSE,29.8282565343682,"EB_features","0f876d7390dace668ab8fb80547b949e","6a7e01742348969e8c623e21702185c6","ae6ef8c182cb9c91e5b7adbf993baabe","251655048dc363ad9228ec9c9b81445b"
"401856693",2026,2026-09-20,2026-09-09 14:21:34.612036,2026-09-09,251,2636,FALSE,28.4633047962206,"EB_features","0f876d7390dace668ab8fb80547b949e","6a7e01742348969e8c623e21702185c6","67b9cd488d45b7868ebe5ba45e56a1c4","51ec18b4a34dc8bda112c6242a8b36c8"
"401856799",2026,2026-09-20,2026-09-09 14:21:34.612036,2026-09-09,2628,2032,FALSE,16.6962531148571,"EB_features","0f876d7390dace668ab8fb80547b949e","6a7e01742348969e8c623e21702185c6","db2440cfed5ec97c8ce9e9514c9cc5fe","4b2259e385da54913b005c4e54b52929"
"401862776",2026,2026-09-20,2026-09-09 14:21:34.612036,2026-09-09,309,5,FALSE,9.66196428820305,"EB_features","0f876d7390dace668ab8fb80547b949e","6a7e01742348969e8c623e21702185c6","d8bd574ddd9ad0e9cd79e66045808ada","afb96c376c872362fd620dfc9237a140"
"401860887",2026,2026-09-20 02:00:00,2026-09-09 14:21:34.612036,2026-09-09,21,256,FALSE,4.824370598334,"EB_features","0f876d7390dace668ab8fb80547b949e","6a7e01742348969e8c623e21702185c6","abb63d353fb3727fa656a17ba9f810ed","0dfc7e4e5bc7f0374a939c195d4f0289"
"401856793",2026,2026-09-20 02:30:00,2026-09-09 14:21:34.612036,2026-09-09,12,2459,FALSE,26.0391257482128,"EB_features","0f876d7390dace668ab8fb80547b949e","6a7e01742348969e8c623e21702185c6","c2af9208b56675d8eb57cb6ceba4e50d","a905b6aee057a28af1aa90a6bf248678"
"401864507",2026,2026-09-20 02:30:00,2026-09-09 14:21:34.612036,2026-09-09,16,2449,FALSE,-3.09129638645061,"EB_features","0f876d7390dace668ab8fb80547b949e","6a7e01742348969e8c623e21702185c6","36580fcbe651755a81a77c1b1d368490","b836b34c1843f7b49db7c706f7efbfce"
"401858458",2026,2026-09-20 03:00:00,2026-09-09 14:21:34.612036,2026-09-09,26,2509,FALSE,7.14160846459073,"EB_features","0f876d7390dace668ab8fb80547b949e","6a7e01742348969e8c623e21702185c6","3d0a972ff83ee9b3c802294c5d1be95b","af0359bd4ce9e8bc1127b05c38e58457"
"401860888",2026,2026-09-20 03:00:00,2026-09-09 14:21:34.612036,2026-09-09,23,278,FALSE,1.42094877014215,"EB_features","0f876d7390dace668ab8fb80547b949e","6a7e01742348969e8c623e21702185c6","6766f55fd9f3c8a70690e910f0258e9c","2036836a8258fd0ed067589130f8be39"
"401869941",2026,2026-09-24 23:30:00,2026-09-09 14:21:34.612036,2026-09-09,324,2335,FALSE,-0.471576102401374,"EB_features","0f876d7390dace668ab8fb80547b949e","6a7e01742348969e8c623e21702185c6","04aad5c1b6004f362e3d8bf785a93811","df70e6d389f319dc53553322e725d9de"
"401862779",2026,2026-09-25 20:00:00,2026-09-09 14:21:34.612036,2026-09-09,218,349,FALSE,-1.49014977912669,"EB_features","0f876d7390dace668ab8fb80547b949e","6a7e01742348969e8c623e21702185c6","e4600a10678d628e3165c719ea6b786c","16ee6b4944b6f93478aed4e92cc32a2d"
"401862778",2026,2026-09-25 23:00:00,2026-09-09 14:21:34.612036,2026-09-09,5,2426,FALSE,-8.13430976238429,"EB_features","0f876d7390dace668ab8fb80547b949e","6a7e01742348969e8c623e21702185c6","afb96c376c872362fd620dfc9237a140","ebdba215351007bd1591b1ee0913636c"
"401858461",2026,2026-09-26,2026-09-09 14:21:34.612036,2026-09-09,84,77,FALSE,22.0836915575013,"EB_features","0f876d7390dace668ab8fb80547b949e","6a7e01742348969e8c623e21702185c6","3768d2d2b835271f4538738d58530b03","bb3c371f9b2eaf02e527fc62a7782e94"
"401858234",2026,2026-09-26 02:30:00,2026-09-09 14:21:34.612036,2026-09-09,25,228,FALSE,-9.76984498628596,"EB_features","0f876d7390dace668ab8fb80547b949e","6a7e01742348969e8c623e21702185c6","329b2478030dd77a1028fd2e763308cc","dfa1ca4b6a72470e2339225aed27af1f"
"401856696",2026,2026-09-26 04:00:00,2026-09-09 14:21:34.612036,2026-09-09,333,2579,FALSE,10.5188316209492,"EB_features","0f876d7390dace668ab8fb80547b949e","6a7e01742348969e8c623e21702185c6","a16c0f26515ab4a75eeec83b1a7f54a2","d3faa8e42127835f3bd9ead2c3cc9ecc"
"401856698",2026,2026-09-26 04:00:00,2026-09-09 14:21:34.612036,2026-09-09,2,238,FALSE,1.25351400648678,"EB_features","0f876d7390dace668ab8fb80547b949e","6a7e01742348969e8c623e21702185c6","40abe996fcfa08bcca8b0f429b344658","0a40c3bbdf0aa67e62605e7a1e7529dc"
"401856699",2026,2026-09-26 04:00:00,2026-09-09 14:21:34.612036,2026-09-09,57,145,FALSE,4.57209410122535,"EB_features","0f876d7390dace668ab8fb80547b949e","6a7e01742348969e8c623e21702185c6","8f489d9d2757643a7c99dd694be974d3","c50307b6d5e3e33b5c6d6a1efa6752cb"
"401856700",2026,2026-09-26 04:00:00,2026-09-09 14:21:34.612036,2026-09-09,61,201,FALSE,9.00230779669231,"EB_features","0f876d7390dace668ab8fb80547b949e","6a7e01742348969e8c623e21702185c6","f81d09176dfc38899d2ce76fa71585c5","d5c93a1988dc7919b7509323bd8e704d"
"401856702",2026,2026-09-26 04:00:00,2026-09-09 14:21:34.612036,2026-09-09,99,245,FALSE,-3.21338737720251,"EB_features","0f876d7390dace668ab8fb80547b949e","6a7e01742348969e8c623e21702185c6","88ff88dc22b80121f69f76da3b24edc6","4376b7a97342077fa6eafa7830573fb3"
"401856703",2026,2026-09-26 04:00:00,2026-09-09 14:21:34.612036,2026-09-09,344,142,FALSE,2.65914823959758,"EB_features","0f876d7390dace668ab8fb80547b949e","6a7e01742348969e8c623e21702185c6","7b82bc3b384605ca1f053ffc4e5d7855","45b76870c77c705ffca94e67a9d4f23a"
"401856805",2026,2026-09-26 04:00:00,2026-09-09 14:21:34.612036,2026-09-09,2641,2534,FALSE,37.9520765813725,"EB_features","0f876d7390dace668ab8fb80547b949e","6a7e01742348969e8c623e21702185c6","884199abf019d1ead67bd15d2e61405b","c32bc795a6b1dc63ba3c4659cd0300b2"
"401856806",2026,2026-09-26 04:00:00,2026-09-09 14:21:34.612036,2026-09-09,290,248,FALSE,-8.17697483337848,"EB_features","0f876d7390dace668ab8fb80547b949e","6a7e01742348969e8c623e21702185c6","f485dbbb67e55245ff20fc33fafb400f","6d4aee3c47acae8c06bc3fe58bcde560"
"401856813",2026,2026-09-26 04:00:00,2026-09-09 14:21:34.612036,2026-09-09,239,38,FALSE,7.35121165792529,"EB_features","0f876d7390dace668ab8fb80547b949e","6a7e01742348969e8c623e21702185c6","6810b0c8f0cfb4b1f669f4ab06082397","0cded405e418e4aa0efcf41b4b9a1b09"
"401856814",2026,2026-09-26 04:00:00,2026-09-09 14:21:34.612036,2026-09-09,2132,2306,FALSE,-3.71908417681416,"EB_features","0f876d7390dace668ab8fb80547b949e","6a7e01742348969e8c623e21702185c6","7a2c5f924d3fe84c18c3eb80be27b2ac","e52575130d9186303c964548d89d6922"
"401856815",2026,2026-09-26 04:00:00,2026-09-09 14:21:34.612036,2026-09-09,2116,2628,FALSE,-5.37135051594032,"EB_features","0f876d7390dace668ab8fb80547b949e","6a7e01742348969e8c623e21702185c6","8fc09cc9a14e26b1e057c14151b64e42","db2440cfed5ec97c8ce9e9514c9cc5fe"
"401856816",2026,2026-09-26 04:00:00,2026-09-09 14:21:34.612036,2026-09-09,66,254,FALSE,-11.7606264854683,"EB_features","0f876d7390dace668ab8fb80547b949e","6a7e01742348969e8c623e21702185c6","7d44fe20260a200571ec66793196e2ef","c4211fa6ca3dab8a23bbd2f636300d01"
"401856881",2026,2026-09-26 04:00:00,2026-09-09 14:21:34.612036,2026-09-09,277,197,FALSE,14.5831027582948,"EB_features","0f876d7390dace668ab8fb80547b949e","6a7e01742348969e8c623e21702185c6","689a40dc91aa6324e60cc811d1e89cd0","cdf97e1a122f3ec54f5ddbe334097bed"
"401858239",2026,2026-09-26 04:00:00,2026-09-09 14:21:34.612036,2026-09-09,258,48,FALSE,19.6504850073508,"EB_features","0f876d7390dace668ab8fb80547b949e","6a7e01742348969e8c623e21702185c6","1f6ffbe81f04178ce9df2181e9bf7420","9b8b42c93a4cc9b60c016b188fc7a515"
"401858241",2026,2026-09-26 04:00:00,2026-09-09 14:21:34.612036,2026-09-09,2567,2623,FALSE,29.7960603944361,"EB_features","0f876d7390dace668ab8fb80547b949e","6a7e01742348969e8c623e21702185c6","afd6c06b20dc5966e911ab1f95ae95ca","6ee5ae04e1f2eb031686d92bb4814358"
"401858242",2026,2026-09-26 04:00:00,2026-09-09 14:21:34.612036,2026-09-09,103,259,FALSE,-5.58351018293739,"EB_features","0f876d7390dace668ab8fb80547b949e","6a7e01742348969e8c623e21702185c6","5ab8fbe76fc96613af6cd7a443611fb6","91cda8f04c1ff98768375ee74ac153f6"
"401858243",2026,2026-09-26 04:00:00,2026-09-09 14:21:34.612036,2026-09-09,97,154,FALSE,7.70355279314457,"EB_features","0f876d7390dace668ab8fb80547b949e","6a7e01742348969e8c623e21702185c6","3f0fe2aeb5bf72e27b0e223ec06c5bb2","11c8fca571f6196fa8ff62d036545d73"
"401858462",2026,2026-09-26 04:00:00,2026-09-09 14:21:34.612036,2026-09-09,120,26,FALSE,5.82798460573799,"EB_features","0f876d7390dace668ab8fb80547b949e","6a7e01742348969e8c623e21702185c6","c51658bf2c0a8efd3653bd4186424622","3d0a972ff83ee9b3c802294c5d1be95b"
"401858463",2026,2026-09-26 04:00:00,2026-09-09 14:21:34.612036,2026-09-09,130,2294,FALSE,1.93082353952908,"EB_features","0f876d7390dace668ab8fb80547b949e","6a7e01742348969e8c623e21702185c6","8478fefda13d0ed176108f299dca1507","aab81e96f5fb1608b20c490144f87422"
"401858464",2026,2026-09-26 04:00:00,2026-09-09 14:21:34.612036,2026-09-09,127,158,FALSE,-6.25178135939706,"EB_features","0f876d7390dace668ab8fb80547b949e","6a7e01742348969e8c623e21702185c6","c096003f85ce18480a4eaa8b8c51b344","8def1311b7a1356fda62ffd35baf5e14"
"401858465",2026,2026-09-26 04:00:00,2026-09-09 14:21:34.612036,2026-09-09,194,356,FALSE,26.6900140232149,"EB_features","0f876d7390dace668ab8fb80547b949e","6a7e01742348969e8c623e21702185c6","1dadbf23e45be58734cf44b7361b207e","9b21208b9e021e64e98760236068f627"
"401858466",2026,2026-09-26 04:00:00,2026-09-09 14:21:34.612036,2026-09-09,213,275,FALSE,15.9075687683541,"EB_features","0f876d7390dace668ab8fb80547b949e","6a7e01742348969e8c623e21702185c6","ece5ce0dc7e76753bc3ace6caa052eaa","b831ec4ebbb59170b72cfed9a526336f"
"401858467",2026,2026-09-26 04:00:00,2026-09-09 14:21:34.612036,2026-09-09,2509,87,FALSE,-29.7243839548069,"EB_features","0f876d7390dace668ab8fb80547b949e","6a7e01742348969e8c623e21702185c6","af0359bd4ce9e8bc1127b05c38e58457","2936fe3fbaaeaa4c7a7dbf5561a30e32"
"401858469",2026,2026-09-26 04:00:00,2026-09-09 14:21:34.612036,2026-09-09,30,2483,FALSE,-1.5732705552509,"EB_features","0f876d7390dace668ab8fb80547b949e","6a7e01742348969e8c623e21702185c6","70b306e524ab9e5d626e5375874643b5","cf518ee4f79294bd3aeff6a7dcf49a23"
"401858470",2026,2026-09-26 04:00:00,2026-09-09 14:21:34.612036,2026-09-09,264,135,FALSE,13.4717531367865,"EB_features","0f876d7390dace668ab8fb80547b949e","6a7e01742348969e8c623e21702185c6","2c9b7f4d0bf070a3af884f5d951f654f","9aaf4e1cd53cca0107081a4b3a958fd5"
"401860893",2026,2026-09-26 04:00:00,2026-09-09 14:21:34.612036,2026-09-09,2649,21,FALSE,-1.66829201666204,"EB_features","0f876d7390dace668ab8fb80547b949e","6a7e01742348969e8c623e21702185c6","505444a7f6657d3505ae4b3168c01642","abb63d353fb3727fa656a17ba9f810ed"
"401860896",2026,2026-09-26 04:00:00,2026-09-09 14:21:34.612036,2026-09-09,2636,36,FALSE,8.837030146701,"EB_features","0f876d7390dace668ab8fb80547b949e","6a7e01742348969e8c623e21702185c6","51ec18b4a34dc8bda112c6242a8b36c8","ff1e8dc4a99d29822e93f5a85af36f03"
"401860897",2026,2026-09-26 04:00:00,2026-09-09 14:21:34.612036,2026-09-09,2711,68,FALSE,-3.35725823332279,"EB_features","0f876d7390dace668ab8fb80547b949e","6a7e01742348969e8c623e21702185c6","42dbc1ef8f48ca3fb71add7e537e53d1","4271c6f8605b089bdbe49959c7fbc5e4"
"401861970",2026,2026-09-26 04:00:00,2026-09-09 14:21:34.612036,2026-09-09,193,41,FALSE,3.94932103998375,"EB_features","0f876d7390dace668ab8fb80547b949e","6a7e01742348969e8c623e21702185c6","9ab77a9aa1f9e74fe360823c43027d53","39db6bb008fc9c763dfbd6cded6d7a6c"
"401862780",2026,2026-09-26 04:00:00,2026-09-09 14:21:34.612036,2026-09-09,2429,309,FALSE,-4.18710519753681,"EB_features","0f876d7390dace668ab8fb80547b949e","6a7e01742348969e8c623e21702185c6","8c9467c7f419b2788753f0294c8e2797","d8bd574ddd9ad0e9cd79e66045808ada"
"401862782",2026,2026-09-26 04:00:00,2026-09-09 14:21:34.612036,2026-09-09,2433,2226,FALSE,-3.37729911698972,"EB_features","0f876d7390dace668ab8fb80547b949e","6a7e01742348969e8c623e21702185c6","b67eb0fdf847b298a6f209ed247c9e37","5050a58835ce7c3f4024ffeb15f58273"
"401862784",2026,2026-09-26 04:00:00,2026-09-09 14:21:34.612036,2026-09-09,2655,2572,FALSE,11.3770986087657,"EB_features","0f876d7390dace668ab8fb80547b949e","6a7e01742348969e8c623e21702185c6","9bc1e0834e72aa18218cf0f6de9fd085","c522e5114187d2f66eca3230483b7b18"
"401862785",2026,2026-09-26 04:00:00,2026-09-09 14:21:34.612036,2026-09-09,189,58,FALSE,-10.2943632979314,"EB_features","0f876d7390dace668ab8fb80547b949e","6a7e01742348969e8c623e21702185c6","8d76b25c49b06f27779bdd180b7adea6","bf47e772a12ef942e67fc0f89d61f447"
"401864509",2026,2026-09-26 04:00:00,2026-09-09 14:21:34.612036,2026-09-09,2440,2005,FALSE,-0.385761037366853,"EB_features","0f876d7390dace668ab8fb80547b949e","6a7e01742348969e8c623e21702185c6","c0f4c8e2fbe2e4965f47269a0df6e530","d10b911216481b23641f069dd93cf71f"
"401864511",2026,2026-09-26 04:00:00,2026-09-09 14:21:34.612036,2026-09-09,2247,2459,FALSE,1.66598321960155,"EB_features","0f876d7390dace668ab8fb80547b949e","6a7e01742348969e8c623e21702185c6","5e5fce5a5be67df65e5b0e73c16d4370","a905b6aee057a28af1aa90a6bf248678"
"401864512",2026,2026-09-26 04:00:00,2026-09-09 14:21:34.612036,2026-09-09,2006,2439,FALSE,-12.1099679354562,"EB_features","0f876d7390dace668ab8fb80547b949e","6a7e01742348969e8c623e21702185c6","a8adfc33f1370b70963d4770b5fe642a","625c8d09cb5566747a87b1881999e940"
"401864572",2026,2026-09-26 04:00:00,2026-09-09 14:21:34.612036,2026-09-09,152,2026,FALSE,15.387308685165,"EB_features","0f876d7390dace668ab8fb80547b949e","6a7e01742348969e8c623e21702185c6","d2cc64fcdce71503fc7db360bdd09227","cd8ed30be082510fd99d84deb5dc2f00"
"401866425",2026,2026-09-26 04:00:00,2026-09-09 14:21:34.612036,2026-09-09,2309,2050,FALSE,2.67769370151076,"EB_features","0f876d7390dace668ab8fb80547b949e","6a7e01742348969e8c623e21702185c6","637a52f2e582d9c10059ed051cc55345","54015ad44841288784a9adcc2e1fb115"
"401866429",2026,2026-09-26 04:00:00,2026-09-09 14:21:34.612036,2026-09-09,16,113,FALSE,17.5226796657923,"EB_features","0f876d7390dace668ab8fb80547b949e","6a7e01742348969e8c623e21702185c6","36580fcbe651755a81a77c1b1d368490","591b11313e7b72065c5b03d820c906e9"
"401869961",2026,2026-09-26 04:00:00,2026-09-09 14:21:34.612036,2026-09-09,295,256,FALSE,6.09875746061698,"EB_features","0f876d7390dace668ab8fb80547b949e","6a7e01742348969e8c623e21702185c6","955b038fc79f277a5729e67192956247","0dfc7e4e5bc7f0374a939c195d4f0289"
"401856704",2026,2026-09-26 16:00:00,2026-09-09 14:21:34.612036,2026-09-09,2633,251,FALSE,-7.16255025449013,"EB_features","0f876d7390dace668ab8fb80547b949e","6a7e01742348969e8c623e21702185c6","ae6ef8c182cb9c91e5b7adbf993baabe","67b9cd488d45b7868ebe5ba45e56a1c4"
"401864576",2026,2026-09-26 16:45:00,2026-09-09 14:21:34.612036,2026-09-09,96,6,FALSE,13.1727766572994,"EB_features","0f876d7390dace668ab8fb80547b949e","6a7e01742348969e8c623e21702185c6","2def3b3245803eb09f1a4a032e70a4ad","b2284c9faa78a1139b594e35efa8e292"
"401864510",2026,2026-09-26 19:00:00,2026-09-09 14:21:34.612036,2026-09-09,2751,62,FALSE,-3.03937052989975,"EB_features","0f876d7390dace668ab8fb80547b949e","6a7e01742348969e8c623e21702185c6","26f553768cb786b000750541aa75d916","ab1ec64edc20f80f725d49e7044768c8"
"401864579",2026,2026-09-26 19:30:00,2026-09-09 14:21:34.612036,2026-09-09,166,167,FALSE,-8.68473088270354,"EB_features","0f876d7390dace668ab8fb80547b949e","6a7e01742348969e8c623e21702185c6","9bd31c4931a23e1083ad971a566d61a6","f054e0b224c10719c1e8c9d991ec8289"
"401858238",2026,2026-09-26 22:30:00,2026-09-09 14:21:34.612036,2026-09-09,2390,2117,FALSE,42.6359907786934,"EB_features","0f876d7390dace668ab8fb80547b949e","6a7e01742348969e8c623e21702185c6","4fb4874fb6d26e2287e64266bfdad2a7","59aa7c933549f429ba3e2f2dd2a053ec"
"401869931",2026,2026-09-26 23:00:00,2026-09-09 14:21:34.612036,2026-09-09,2032,338,FALSE,5.34664432859705,"EB_features","0f876d7390dace668ab8fb80547b949e","6a7e01742348969e8c623e21702185c6","4b2259e385da54913b005c4e54b52929","251655048dc363ad9228ec9c9b81445b"
"401871048",2026,2026-09-26 23:00:00,2026-09-09 14:21:34.612036,2026-09-09,55,2393,FALSE,5.21911132818732,"EB_features","0f876d7390dace668ab8fb80547b949e","6a7e01742348969e8c623e21702185c6","ab79ec5590bdd5429e1b8ee082e3f3cc","8fa69827e178f6093f0eda591ceaefb2"
"401856804",2026,2026-09-26 23:30:00,2026-09-09 14:21:34.612036,2026-09-09,265,12,FALSE,-7.2111051294154,"EB_features","0f876d7390dace668ab8fb80547b949e","6a7e01742348969e8c623e21702185c6","7b1d66bb72536a67efffc25d60ec6e3b","c2af9208b56675d8eb57cb6ceba4e50d"
"401860894",2026,2026-09-26 23:30:00,2026-09-09 14:21:34.612036,2026-09-09,328,2653,FALSE,10.693165756439,"EB_features","0f876d7390dace668ab8fb80547b949e","6a7e01742348969e8c623e21702185c6","57d8430a616e3e997068dec969bee648","bc6eeadbeb5cb0703a7550a47955974b"
"401856697",2026,2026-09-27,2026-09-09 14:21:34.612036,2026-09-09,8,202,FALSE,14.0070818768835,"EB_features","0f876d7390dace668ab8fb80547b949e","6a7e01742348969e8c623e21702185c6","1aac1b589d06f7463ec0a3cae784aa82","9cdd2398a3ae82086f232208d11882ce"
"401860895",2026,2026-09-27 01:00:00,2026-09-09 14:21:34.612036,2026-09-09,2638,204,FALSE,-2.63755299445519,"EB_features","0f876d7390dace668ab8fb80547b949e","6a7e01742348969e8c623e21702185c6","c7bfb7808a68e89581002a7dcc2e587b","bfba3fcd701482c1a2b3ad5cc9936e27"
"401860891",2026,2026-09-27 02:00:00,2026-09-09 14:21:34.612036,2026-09-09,278,242,FALSE,11.9371863166732,"EB_features","0f876d7390dace668ab8fb80547b949e","6a7e01742348969e8c623e21702185c6","2036836a8258fd0ed067589130f8be39","78773b50be4cd237c43989528416e481"
"401858240",2026,2026-09-27 02:30:00,2026-09-09 14:21:34.612036,2026-09-09,24,59,FALSE,-2.58830811485309,"EB_features","0f876d7390dace668ab8fb80547b949e","6a7e01742348969e8c623e21702185c6","02773f398309eb21b1c883c8bbb3bd68","0faf49f27f5ae7d26984523f1c4fb71a"
"401871049",2026,2026-10-02,2026-09-09 14:21:34.612036,2026-09-09,166,98,FALSE,5.25354412950418,"EB_features","0f876d7390dace668ab8fb80547b949e","6a7e01742348969e8c623e21702185c6","9bd31c4931a23e1083ad971a566d61a6","69e8f14af2943d63c8c6b7a25a365d1a"
"401862786",2026,2026-10-02 01:00:00,2026-09-09 14:21:34.612036,2026-09-09,202,249,FALSE,-2.67814807176626,"EB_features","0f876d7390dace668ab8fb80547b949e","6a7e01742348969e8c623e21702185c6","9cdd2398a3ae82086f232208d11882ce","b36977426f9757e420295b7f780bd508"
"401858245",2026,2026-10-02 23:00:00,2026-09-09 14:21:34.612036,2026-09-09,259,221,FALSE,-7.9909688481778,"EB_features","0f876d7390dace668ab8fb80547b949e","6a7e01742348969e8c623e21702185c6","91cda8f04c1ff98768375ee74ac153f6","a98fc2259e0382c0c6be45c6c662c3bb"
"401871050",2026,2026-10-02 23:00:00,2026-09-09 14:21:34.612036,2026-09-09,48,2335,FALSE,-0.694676876915386,"EB_features","0f876d7390dace668ab8fb80547b949e","6a7e01742348969e8c623e21702185c6","9b8b42c93a4cc9b60c016b188fc7a515","df70e6d389f319dc53553322e725d9de"
"401858476",2026,2026-10-03,2026-09-09 14:21:34.612036,2026-09-09,77,213,FALSE,-9.87553166400572,"EB_features","0f876d7390dace668ab8fb80547b949e","6a7e01742348969e8c623e21702185c6","bb3c371f9b2eaf02e527fc62a7782e94","ece5ce0dc7e76753bc3ace6caa052eaa"
"401856705",2026,2026-10-03 04:00:00,2026-09-09 14:21:34.612036,2026-09-09,61,238,FALSE,20.3225018340352,"EB_features","0f876d7390dace668ab8fb80547b949e","6a7e01742348969e8c623e21702185c6","f81d09176dfc38899d2ce76fa71585c5","0a40c3bbdf0aa67e62605e7a1e7529dc"
"401856707",2026,2026-10-03 04:00:00,2026-09-09 14:21:34.612036,2026-09-09,344,333,FALSE,-12.6696420935472,"EB_features","0f876d7390dace668ab8fb80547b949e","6a7e01742348969e8c623e21702185c6","7b82bc3b384605ca1f053ffc4e5d7855","a16c0f26515ab4a75eeec83b1a7f54a2"
"401856708",2026,2026-10-03 04:00:00,2026-09-09 14:21:34.612036,2026-09-09,142,57,FALSE,-4.15954817241663,"EB_features","0f876d7390dace668ab8fb80547b949e","6a7e01742348969e8c623e21702185c6","45b76870c77c705ffca94e67a9d4f23a","8f489d9d2757643a7c99dd694be974d3"
"401856709",2026,2026-10-03 04:00:00,2026-09-09 14:21:34.612036,2026-09-09,2579,96,FALSE,18.4211562409278,"EB_features","0f876d7390dace668ab8fb80547b949e","6a7e01742348969e8c623e21702185c6","d3faa8e42127835f3bd9ead2c3cc9ecc","2def3b3245803eb09f1a4a032e70a4ad"
"401856710",2026,2026-10-03 04:00:00,2026-09-09 14:21:34.612036,2026-09-09,2633,2,FALSE,9.97551507314764,"EB_features","0f876d7390dace668ab8fb80547b949e","6a7e01742348969e8c623e21702185c6","ae6ef8c182cb9c91e5b7adbf993baabe","40abe996fcfa08bcca8b0f429b344658"
"401856711",2026,2026-10-03 04:00:00,2026-09-09 14:21:34.612036,2026-09-09,245,8,FALSE,26.0764271356964,"EB_features","0f876d7390dace668ab8fb80547b949e","6a7e01742348969e8c623e21702185c6","4376b7a97342077fa6eafa7830573fb3","1aac1b589d06f7463ec0a3cae784aa82"
"401856807",2026,2026-10-03 04:00:00,2026-09-09 14:21:34.612036,2026-09-09,2305,2393,FALSE,13.0651212528961,"EB_features","0f876d7390dace668ab8fb80547b949e","6a7e01742348969e8c623e21702185c6","2641caeacbb78806e15fb0180f7c0f4a","8fa69827e178f6093f0eda591ceaefb2"
"401856817",2026,2026-10-03 04:00:00,2026-09-09 14:21:34.612036,2026-09-09,9,239,FALSE,3.27074626235261,"EB_features","0f876d7390dace668ab8fb80547b949e","6a7e01742348969e8c623e21702185c6","6f05d4268c71e41a027b4f3a6bc6d88e","6810b0c8f0cfb4b1f669f4ab06082397"
"401856818",2026,2026-10-03 04:00:00,2026-09-09 14:21:34.612036,2026-09-09,2628,252,FALSE,-4.77640016789244,"EB_features","0f876d7390dace668ab8fb80547b949e","6a7e01742348969e8c623e21702185c6","db2440cfed5ec97c8ce9e9514c9cc5fe","11ed1c04acdb3b5439ee345c420b751c"
"401856819",2026,2026-10-03 04:00:00,2026-09-09 14:21:34.612036,2026-09-09,248,2116,FALSE,9.76798260506142,"EB_features","0f876d7390dace668ab8fb80547b949e","6a7e01742348969e8c623e21702185c6","6d4aee3c47acae8c06bc3fe58bcde560","8fc09cc9a14e26b1e057c14151b64e42"
"401856820",2026,2026-10-03 04:00:00,2026-09-09 14:21:34.612036,2026-09-09,12,2132,FALSE,14.4512814777374,"EB_features","0f876d7390dace668ab8fb80547b949e","6a7e01742348969e8c623e21702185c6","c2af9208b56675d8eb57cb6ceba4e50d","7a2c5f924d3fe84c18c3eb80be27b2ac"
"401856821",2026,2026-10-03 04:00:00,2026-09-09 14:21:34.612036,2026-09-09,38,2641,FALSE,-19.1274360380181,"EB_features","0f876d7390dace668ab8fb80547b949e","6a7e01742348969e8c623e21702185c6","0cded405e418e4aa0efcf41b4b9a1b09","884199abf019d1ead67bd15d2e61405b"
"401856822",2026,2026-10-03 04:00:00,2026-09-09 14:21:34.612036,2026-09-09,66,277,FALSE,7.39102987270352,"EB_features","0f876d7390dace668ab8fb80547b949e","6a7e01742348969e8c623e21702185c6","7d44fe20260a200571ec66793196e2ef","689a40dc91aa6324e60cc811d1e89cd0"
"401858246",2026,2026-10-03 04:00:00,2026-09-09 14:21:34.612036,2026-09-09,2567,103,FALSE,21.6643301985791,"EB_features","0f876d7390dace668ab8fb80547b949e","6a7e01742348969e8c623e21702185c6","afd6c06b20dc5966e911ab1f95ae95ca","5ab8fbe76fc96613af6cd7a443611fb6"
"401858248",2026,2026-10-03 04:00:00,2026-09-09 14:21:34.612036,2026-09-09,152,97,FALSE,-1.60851449523793,"EB_features","0f876d7390dace668ab8fb80547b949e","6a7e01742348969e8c623e21702185c6","d2cc64fcdce71503fc7db360bdd09227","3f0fe2aeb5bf72e27b0e223ec06c5bb2"
"401858249",2026,2026-10-03 04:00:00,2026-09-09 14:21:34.612036,2026-09-09,228,2390,FALSE,-17.7538833558022,"EB_features","0f876d7390dace668ab8fb80547b949e","6a7e01742348969e8c623e21702185c6","dfa1ca4b6a72470e2339225aed27af1f","4fb4874fb6d26e2287e64266bfdad2a7"
"401858250",2026,2026-10-03 04:00:00,2026-09-09 14:21:34.612036,2026-09-09,153,87,FALSE,-26.0229202079441,"EB_features","0f876d7390dace668ab8fb80547b949e","6a7e01742348969e8c623e21702185c6","f5f29cfdd5f128bc89573544cbea43f2","2936fe3fbaaeaa4c7a7dbf5561a30e32"
"401858251",2026,2026-10-03 04:00:00,2026-09-09 14:21:34.612036,2026-09-09,154,24,FALSE,7.44891772871538,"EB_features","0f876d7390dace668ab8fb80547b949e","6a7e01742348969e8c623e21702185c6","11c8fca571f6196fa8ff62d036545d73","02773f398309eb21b1c883c8bbb3bd68"
"401858253",2026,2026-10-03 04:00:00,2026-09-09 14:21:34.612036,2026-09-09,52,258,FALSE,7.85912865034417,"EB_features","0f876d7390dace668ab8fb80547b949e","6a7e01742348969e8c623e21702185c6","c270562ee5b326a7db7a6295405e18e5","1f6ffbe81f04178ce9df2181e9bf7420"
"401858472",2026,2026-10-03 04:00:00,2026-09-09 14:21:34.612036,2026-09-09,356,2509,FALSE,11.6173438100977,"EB_features","0f876d7390dace668ab8fb80547b949e","6a7e01742348969e8c623e21702185c6","9b21208b9e021e64e98760236068f627","af0359bd4ce9e8bc1127b05c38e58457"
"401858473",2026,2026-10-03 04:00:00,2026-09-09 14:21:34.612036,2026-09-09,2294,194,FALSE,-11.1235313606537,"EB_features","0f876d7390dace668ab8fb80547b949e","6a7e01742348969e8c623e21702185c6","aab81e96f5fb1608b20c490144f87422","1dadbf23e45be58734cf44b7361b207e"
"401858474",2026,2026-10-03 04:00:00,2026-09-09 14:21:34.612036,2026-09-09,135,130,FALSE,-6.57360412875248,"EB_features","0f876d7390dace668ab8fb80547b949e","6a7e01742348969e8c623e21702185c6","9aaf4e1cd53cca0107081a4b3a958fd5","8478fefda13d0ed176108f299dca1507"
"401858475",2026,2026-10-03 04:00:00,2026-09-09 14:21:34.612036,2026-09-09,158,120,FALSE,9.39393621411801,"EB_features","0f876d7390dace668ab8fb80547b949e","6a7e01742348969e8c623e21702185c6","8def1311b7a1356fda62ffd35baf5e14","c51658bf2c0a8efd3653bd4186424622"
"401858478",2026,2026-10-03 04:00:00,2026-09-09 14:21:34.612036,2026-09-09,30,264,FALSE,9.27997967980497,"EB_features","0f876d7390dace668ab8fb80547b949e","6a7e01742348969e8c623e21702185c6","70b306e524ab9e5d626e5375874643b5","2c9b7f4d0bf070a3af884f5d951f654f"
"401858479",2026,2026-10-03 04:00:00,2026-09-09 14:21:34.612036,2026-09-09,275,127,FALSE,5.00651163697775,"EB_features","0f876d7390dace668ab8fb80547b949e","6a7e01742348969e8c623e21702185c6","b831ec4ebbb59170b72cfed9a526336f","c096003f85ce18480a4eaa8b8c51b344"
"401862787",2026,2026-10-03 04:00:00,2026-09-09 14:21:34.612036,2026-09-09,2429,235,FALSE,-13.0650616837564,"EB_features","0f876d7390dace668ab8fb80547b949e","6a7e01742348969e8c623e21702185c6","8c9467c7f419b2788753f0294c8e2797","0d0cf1a21c8077f40683542ad91fc69e"
"401862788",2026,2026-10-03 04:00:00,2026-09-09 14:21:34.612036,2026-09-09,242,2636,FALSE,-11.3266626212735,"EB_features","0f876d7390dace668ab8fb80547b949e","6a7e01742348969e8c623e21702185c6","78773b50be4cd237c43989528416e481","51ec18b4a34dc8bda112c6242a8b36c8"
"401862792",2026,2026-10-03 04:00:00,2026-09-09 14:21:34.612036,2026-09-09,58,218,FALSE,10.8139269706382,"EB_features","0f876d7390dace668ab8fb80547b949e","6a7e01742348969e8c623e21702185c6","bf47e772a12ef942e67fc0f89d61f447","e4600a10678d628e3165c719ea6b786c"
"401864514",2026,2026-10-03 04:00:00,2026-09-09 14:21:34.612036,2026-09-09,167,2638,FALSE,19.101648698281,"EB_features","0f876d7390dace668ab8fb80547b949e","6a7e01742348969e8c623e21702185c6","f054e0b224c10719c1e8c9d991ec8289","c7bfb7808a68e89581002a7dcc2e587b"
"401866430",2026,2026-10-03 04:00:00,2026-09-09 14:21:34.612036,2026-09-09,2117,2006,FALSE,6.92409922389402,"EB_features","0f876d7390dace668ab8fb80547b949e","6a7e01742348969e8c623e21702185c6","59aa7c933549f429ba3e2f2dd2a053ec","a8adfc33f1370b70963d4770b5fe642a"
"401866431",2026,2026-10-03 04:00:00,2026-09-09 14:21:34.612036,2026-09-09,2050,2649,FALSE,-10.4448910451547,"EB_features","0f876d7390dace668ab8fb80547b949e","6a7e01742348969e8c623e21702185c6","54015ad44841288784a9adcc2e1fb115","505444a7f6657d3505ae4b3168c01642"
"401866432",2026,2026-10-03 04:00:00,2026-09-09 14:21:34.612036,2026-09-09,2084,2711,FALSE,-11.2524342692314,"EB_features","0f876d7390dace668ab8fb80547b949e","6a7e01742348969e8c623e21702185c6","cc0b8d6aaa84aecaaddbdf4cac337ac8","42dbc1ef8f48ca3fb71add7e537e53d1"
"401866433",2026,2026-10-03 04:00:00,2026-09-09 14:21:34.612036,2026-09-09,113,2199,FALSE,-10.0363609973236,"EB_features","0f876d7390dace668ab8fb80547b949e","6a7e01742348969e8c623e21702185c6","591b11313e7b72065c5b03d820c906e9","1ef58a420bc1a2ff91581f396ff8afed"
"401866434",2026,2026-10-03 04:00:00,2026-09-09 14:21:34.612036,2026-09-09,2309,195,FALSE,-6.78548027793573,"EB_features","0f876d7390dace668ab8fb80547b949e","6a7e01742348969e8c623e21702185c6","637a52f2e582d9c10059ed051cc55345","7bef1e0032f3506acafee467c9ce5586"
"401866477",2026,2026-10-03 04:00:00,2026-09-09 14:21:34.612036,2026-09-09,193,189,FALSE,2.34308804038327,"EB_features","0f876d7390dace668ab8fb80547b949e","6a7e01742348969e8c623e21702185c6","9ab77a9aa1f9e74fe360823c43027d53","8d76b25c49b06f27779bdd180b7adea6"
"401869842",2026,2026-10-03 04:00:00,2026-09-09 14:21:34.612036,2026-09-09,2348,349,FALSE,0.330950268960141,"EB_features","0f876d7390dace668ab8fb80547b949e","6a7e01742348969e8c623e21702185c6","73a311fbd055da85a22ce23e9f575ba3","16ee6b4944b6f93478aed4e92cc32a2d"
"401869932",2026,2026-10-03 04:00:00,2026-09-09 14:21:34.612036,2026-09-09,309,2032,FALSE,3.04301583827851,"EB_features","0f876d7390dace668ab8fb80547b949e","6a7e01742348969e8c623e21702185c6","d8bd574ddd9ad0e9cd79e66045808ada","4b2259e385da54913b005c4e54b52929"
"401869942",2026,2026-10-03 04:00:00,2026-09-09 14:21:34.612036,2026-09-09,324,290,FALSE,-0.643442717757792,"EB_features","0f876d7390dace668ab8fb80547b949e","6a7e01742348969e8c623e21702185c6","04aad5c1b6004f362e3d8bf785a93811","f485dbbb67e55245ff20fc33fafb400f"
"401869956",2026,2026-10-03 04:00:00,2026-09-09 14:21:34.612036,2026-09-09,2247,295,FALSE,-13.3651812829696,"EB_features","0f876d7390dace668ab8fb80547b949e","6a7e01742348969e8c623e21702185c6","5e5fce5a5be67df65e5b0e73c16d4370","955b038fc79f277a5729e67192956247"
"401869962",2026,2026-10-03 04:00:00,2026-09-09 14:21:34.612036,2026-09-09,256,276,FALSE,13.5606649794703,"EB_features","0f876d7390dace668ab8fb80547b949e","6a7e01742348969e8c623e21702185c6","0dfc7e4e5bc7f0374a939c195d4f0289","e4ba0f6becf1bf1ac79e34db8a1f047b"
"401871089",2026,2026-10-03 04:00:00,2026-09-09 14:21:34.612036,2026-09-09,6,2433,FALSE,13.0653198384264,"EB_features","0f876d7390dace668ab8fb80547b949e","6a7e01742348969e8c623e21702185c6","b2284c9faa78a1139b594e35efa8e292","b67eb0fdf847b298a6f209ed247c9e37"
"401858252",2026,2026-10-03 16:00:00,2026-09-09 14:21:34.612036,2026-09-09,41,183,FALSE,-5.3240521230406,"EB_features","0f876d7390dace668ab8fb80547b949e","6a7e01742348969e8c623e21702185c6","39db6bb008fc9c763dfbd6cded6d7a6c","3251c1abe0c702b279bbb1fa4201429f"
"401862791",2026,2026-10-03 16:00:00,2026-09-09 14:21:34.612036,2026-09-09,2005,2426,FALSE,6.82570596171034,"EB_features","0f876d7390dace668ab8fb80547b949e","6a7e01742348969e8c623e21702185c6","d10b911216481b23641f069dd93cf71f","ebdba215351007bd1591b1ee0913636c"
"401858247",2026,2026-10-03 19:30:00,2026-09-09 14:21:34.612036,2026-09-09,2439,25,FALSE,8.48484440911673,"EB_features","0f876d7390dace668ab8fb80547b949e","6a7e01742348969e8c623e21702185c6","625c8d09cb5566747a87b1881999e940","329b2478030dd77a1028fd2e763308cc"
"401864515",2026,2026-10-03 19:30:00,2026-09-09 14:21:34.612036,2026-09-09,2449,2751,FALSE,16.9370539394011,"EB_features","0f876d7390dace668ab8fb80547b949e","6a7e01742348969e8c623e21702185c6","b836b34c1843f7b49db7c706f7efbfce","26f553768cb786b000750541aa75d916"
"401860899",2026,2026-10-03 22:00:00,2026-09-09 14:21:34.612036,2026-09-09,36,204,FALSE,7.12662014695227,"EB_features","0f876d7390dace668ab8fb80547b949e","6a7e01742348969e8c623e21702185c6","ff1e8dc4a99d29822e93f5a85af36f03","bfba3fcd701482c1a2b3ad5cc9936e27"
"401860898",2026,2026-10-03 23:30:00,2026-09-09 14:21:34.612036,2026-09-09,68,328,FALSE,10.3554427991312,"EB_features","0f876d7390dace668ab8fb80547b949e","6a7e01742348969e8c623e21702185c6","4271c6f8605b089bdbe49959c7fbc5e4","57d8430a616e3e997068dec969bee648"
"401858477",2026,2026-10-04,2026-09-09 14:21:34.612036,2026-09-09,164,84,FALSE,-24.0670065749988,"EB_features","0f876d7390dace668ab8fb80547b949e","6a7e01742348969e8c623e21702185c6","2f698f9fd597154df2cb5e3d1516358b","3768d2d2b835271f4538738d58530b03"
"401860921",2026,2026-10-04 01:30:00,2026-09-09 14:21:34.612036,2026-09-09,265,278,FALSE,8.02985948890475,"EB_features","0f876d7390dace668ab8fb80547b949e","6a7e01742348969e8c623e21702185c6","7b1d66bb72536a67efffc25d60ec6e3b","2036836a8258fd0ed067589130f8be39"
"401860900",2026,2026-10-04 02:30:00,2026-09-09 14:21:34.612036,2026-09-09,21,326,FALSE,10.2477884155208,"EB_features","0f876d7390dace668ab8fb80547b949e","6a7e01742348969e8c623e21702185c6","abb63d353fb3727fa656a17ba9f810ed","238f7bcbaa0d228c8e32e4211c2b750b"
"401864513",2026,2026-10-04 03:59:00,2026-09-09 14:21:34.612036,2026-09-09,62,23,FALSE,3.91537294154901,"EB_features","0f876d7390dace668ab8fb80547b949e","6a7e01742348969e8c623e21702185c6","ab1ec64edc20f80f725d49e7044768c8","6766f55fd9f3c8a70690e910f0258e9c"
"401871090",2026,2026-10-07,2026-09-09 14:21:34.612036,2026-09-09,2653,2572,FALSE,6.81100332452393,"EB_features","0f876d7390dace668ab8fb80547b949e","6a7e01742348969e8c623e21702185c6","bc6eeadbeb5cb0703a7550a47955974b","c522e5114187d2f66eca3230483b7b18"
"401871051",2026,2026-10-07 23:00:00,2026-09-09 14:21:34.612036,2026-09-09,338,55,FALSE,2.22421404806211,"EB_features","0f876d7390dace668ab8fb80547b949e","6a7e01742348969e8c623e21702185c6","251655048dc363ad9228ec9c9b81445b","ab79ec5590bdd5429e1b8ee082e3f3cc"
"401871066",2026,2026-10-07 23:30:00,2026-09-09 14:21:34.612036,2026-09-09,2229,166,FALSE,5.11356588516535,"EB_features","0f876d7390dace668ab8fb80547b949e","6a7e01742348969e8c623e21702185c6","c9534812b49a12e04231d9666f528b2c","9bd31c4931a23e1083ad971a566d61a6"
"401870766",2026,2026-10-08 23:00:00,2026-09-09 14:21:34.612036,2026-09-09,2335,2534,FALSE,10.1117122090307,"EB_features","0f876d7390dace668ab8fb80547b949e","6a7e01742348969e8c623e21702185c6","df70e6d389f319dc53553322e725d9de","c32bc795a6b1dc63ba3c4659cd0300b2"
"401871052",2026,2026-10-08 23:00:00,2026-09-09 14:21:34.612036,2026-09-09,98,2623,FALSE,7.09284105191822,"EB_features","0f876d7390dace668ab8fb80547b949e","6a7e01742348969e8c623e21702185c6","69e8f14af2943d63c8c6b7a25a365d1a","6ee5ae04e1f2eb031686d92bb4814358"
"401862794",2026,2026-10-08 23:30:00,2026-09-09 14:21:34.612036,2026-09-09,2636,58,FALSE,1.61494946305898,"EB_features","0f876d7390dace668ab8fb80547b949e","6a7e01742348969e8c623e21702185c6","51ec18b4a34dc8bda112c6242a8b36c8","bf47e772a12ef942e67fc0f89d61f447"
"401869933",2026,2026-10-08 23:30:00,2026-09-09 14:21:34.612036,2026-09-09,2032,6,FALSE,2.39378695344796,"EB_features","0f876d7390dace668ab8fb80547b949e","6a7e01742348969e8c623e21702185c6","4b2259e385da54913b005c4e54b52929","b2284c9faa78a1139b594e35efa8e292"
"401858254",2026,2026-10-09 23:00:00,2026-09-09 14:21:34.612036,2026-09-09,97,52,FALSE,-0.485211919744031,"EB_features","0f876d7390dace668ab8fb80547b949e","6a7e01742348969e8c623e21702185c6","3f0fe2aeb5bf72e27b0e223ec06c5bb2","c270562ee5b326a7db7a6295405e18e5"
"401858487",2026,2026-10-10 01:00:00,2026-09-09 14:21:34.612036,2026-09-09,264,2294,FALSE,2.69189316950982,"EB_features","0f876d7390dace668ab8fb80547b949e","6a7e01742348969e8c623e21702185c6","2c9b7f4d0bf070a3af884f5d951f654f","aab81e96f5fb1608b20c490144f87422"
"401860922",2026,2026-10-10 01:00:00,2026-09-09 14:21:34.612036,2026-09-09,328,265,FALSE,3.85834627355753,"EB_features","0f876d7390dace668ab8fb80547b949e","6a7e01742348969e8c623e21702185c6","57d8430a616e3e997068dec969bee648","7b1d66bb72536a67efffc25d60ec6e3b"
"401864519",2026,2026-10-10 01:00:00,2026-09-09 14:21:34.612036,2026-09-09,23,2751,FALSE,8.32961665543064,"EB_features","0f876d7390dace668ab8fb80547b949e","6a7e01742348969e8c623e21702185c6","6766f55fd9f3c8a70690e910f0258e9c","26f553768cb786b000750541aa75d916"
"401856826",2026,2026-10-10 02:15:00,2026-09-09 14:21:34.612036,2026-09-09,252,66,FALSE,15.6731028017774,"EB_features","0f876d7390dace668ab8fb80547b949e","6a7e01742348969e8c623e21702185c6","11ed1c04acdb3b5439ee345c420b751c","7d44fe20260a200571ec66793196e2ef"
"401856712",2026,2026-10-10 04:00:00,2026-09-09 14:21:34.612036,2026-09-09,333,61,FALSE,0.00681322750320623,"EB_features","0f876d7390dace668ab8fb80547b949e","6a7e01742348969e8c623e21702185c6","a16c0f26515ab4a75eeec83b1a7f54a2","f81d09176dfc38899d2ce76fa71585c5"
"401856713",2026,2026-10-10 04:00:00,2026-09-09 14:21:34.612036,2026-09-09,8,2633,FALSE,-10.6680069875082,"EB_features","0f876d7390dace668ab8fb80547b949e","6a7e01742348969e8c623e21702185c6","1aac1b589d06f7463ec0a3cae784aa82","ae6ef8c182cb9c91e5b7adbf993baabe"
"401856714",2026,2026-10-10 04:00:00,2026-09-09 14:21:34.612036,2026-09-09,57,2579,FALSE,2.41812914924776,"EB_features","0f876d7390dace668ab8fb80547b949e","6a7e01742348969e8c623e21702185c6","8f489d9d2757643a7c99dd694be974d3","d3faa8e42127835f3bd9ead2c3cc9ecc"
"401856715",2026,2026-10-10 04:00:00,2026-09-09 14:21:34.612036,2026-09-09,96,99,FALSE,-13.623496516799,"EB_features","0f876d7390dace668ab8fb80547b949e","6a7e01742348969e8c623e21702185c6","2def3b3245803eb09f1a4a032e70a4ad","88ff88dc22b80121f69f76da3b24edc6"
"401856716",2026,2026-10-10 04:00:00,2026-09-09 14:21:34.612036,2026-09-09,142,245,FALSE,-12.4313054323491,"EB_features","0f876d7390dace668ab8fb80547b949e","6a7e01742348969e8c623e21702185c6","45b76870c77c705ffca94e67a9d4f23a","4376b7a97342077fa6eafa7830573fb3"
"401856718",2026,2026-10-10 04:00:00,2026-09-09 14:21:34.612036,2026-09-09,238,145,FALSE,-1.51943911055835,"EB_features","0f876d7390dace668ab8fb80547b949e","6a7e01742348969e8c623e21702185c6","0a40c3bbdf0aa67e62605e7a1e7529dc","c50307b6d5e3e33b5c6d6a1efa6752cb"
"401856808",2026,2026-10-10 04:00:00,2026-09-09 14:21:34.612036,2026-09-09,9,62,FALSE,10.6770681826068,"EB_features","0f876d7390dace668ab8fb80547b949e","6a7e01742348969e8c623e21702185c6","6f05d4268c71e41a027b4f3a6bc6d88e","ab1ec64edc20f80f725d49e7044768c8"
"401856823",2026,2026-10-10 04:00:00,2026-09-09 14:21:34.612036,2026-09-09,277,12,FALSE,-11.4182063024121,"EB_features","0f876d7390dace668ab8fb80547b949e","6a7e01742348969e8c623e21702185c6","689a40dc91aa6324e60cc811d1e89cd0","c2af9208b56675d8eb57cb6ceba4e50d"
"401856824",2026,2026-10-10 04:00:00,2026-09-09 14:21:34.612036,2026-09-09,197,2116,FALSE,-9.08824661478311,"EB_features","0f876d7390dace668ab8fb80547b949e","6a7e01742348969e8c623e21702185c6","cdf97e1a122f3ec54f5ddbe334097bed","8fc09cc9a14e26b1e057c14151b64e42"
"401856825",2026,2026-10-10 04:00:00,2026-09-09 14:21:34.612036,2026-09-09,2306,248,FALSE,5.61850160701892,"EB_features","0f876d7390dace668ab8fb80547b949e","6a7e01742348969e8c623e21702185c6","e52575130d9186303c964548d89d6922","6d4aee3c47acae8c06bc3fe58bcde560"
"401856827",2026,2026-10-10 04:00:00,2026-09-09 14:21:34.612036,2026-09-09,254,2305,FALSE,20.3535651074175,"EB_features","0f876d7390dace668ab8fb80547b949e","6a7e01742348969e8c623e21702185c6","c4211fa6ca3dab8a23bbd2f636300d01","2641caeacbb78806e15fb0180f7c0f4a"
"401858255",2026,2026-10-10 04:00:00,2026-09-09 14:21:34.612036,2026-09-09,59,150,FALSE,1.8727546791391,"EB_features","0f876d7390dace668ab8fb80547b949e","6a7e01742348969e8c623e21702185c6","0faf49f27f5ae7d26984523f1c4fb71a","c1156057e989425ccd50772da5fc2a46"
"401858256",2026,2026-10-10 04:00:00,2026-09-09 14:21:34.612036,2026-09-09,221,153,FALSE,13.3126047570207,"EB_features","0f876d7390dace668ab8fb80547b949e","6a7e01742348969e8c623e21702185c6","a98fc2259e0382c0c6be45c6c662c3bb","f5f29cfdd5f128bc89573544cbea43f2"
"401858258",2026,2026-10-10 04:00:00,2026-09-09 14:21:34.612036,2026-09-09,258,183,FALSE,12.1621703469751,"EB_features","0f876d7390dace668ab8fb80547b949e","6a7e01742348969e8c623e21702185c6","1f6ffbe81f04178ce9df2181e9bf7420","3251c1abe0c702b279bbb1fa4201429f"
"401858259",2026,2026-10-10 04:00:00,2026-09-09 14:21:34.612036,2026-09-09,25,259,FALSE,-3.51402797857237,"EB_features","0f876d7390dace668ab8fb80547b949e","6a7e01742348969e8c623e21702185c6","329b2478030dd77a1028fd2e763308cc","91cda8f04c1ff98768375ee74ac153f6"
"401858260",2026,2026-10-10 04:00:00,2026-09-09 14:21:34.612036,2026-09-09,152,154,FALSE,3.02649860888001,"EB_features","0f876d7390dace668ab8fb80547b949e","6a7e01742348969e8c623e21702185c6","d2cc64fcdce71503fc7db360bdd09227","11c8fca571f6196fa8ff62d036545d73"
"401858480",2026,2026-10-10 04:00:00,2026-09-09 14:21:34.612036,2026-09-09,127,356,FALSE,-1.64267526310132,"EB_features","0f876d7390dace668ab8fb80547b949e","6a7e01742348969e8c623e21702185c6","c096003f85ce18480a4eaa8b8c51b344","9b21208b9e021e64e98760236068f627"
"401858481",2026,2026-10-10 04:00:00,2026-09-09 14:21:34.612036,2026-09-09,158,84,FALSE,-8.45922080527063,"EB_features","0f876d7390dace668ab8fb80547b949e","6a7e01742348969e8c623e21702185c6","8def1311b7a1356fda62ffd35baf5e14","3768d2d2b835271f4538738d58530b03"
"401858482",2026,2026-10-10 04:00:00,2026-09-09 14:21:34.612036,2026-09-09,77,2050,FALSE,22.9243492805592,"EB_features","0f876d7390dace668ab8fb80547b949e","6a7e01742348969e8c623e21702185c6","bb3c371f9b2eaf02e527fc62a7782e94","54015ad44841288784a9adcc2e1fb115"
"401858483",2026,2026-10-10 04:00:00,2026-09-09 14:21:34.612036,2026-09-09,194,120,FALSE,28.4063044520105,"EB_features","0f876d7390dace668ab8fb80547b949e","6a7e01742348969e8c623e21702185c6","1dadbf23e45be58734cf44b7361b207e","c51658bf2c0a8efd3653bd4186424622"
"401858484",2026,2026-10-10 04:00:00,2026-09-09 14:21:34.612036,2026-09-09,2483,26,FALSE,27.4502820345806,"EB_features","0f876d7390dace668ab8fb80547b949e","6a7e01742348969e8c623e21702185c6","cf518ee4f79294bd3aeff6a7dcf49a23","3d0a972ff83ee9b3c802294c5d1be95b"
"401858485",2026,2026-10-10 04:00:00,2026-09-09 14:21:34.612036,2026-09-09,213,30,FALSE,-2.12987099159219,"EB_features","0f876d7390dace668ab8fb80547b949e","6a7e01742348969e8c623e21702185c6","ece5ce0dc7e76753bc3ace6caa052eaa","70b306e524ab9e5d626e5375874643b5"
"401858486",2026,2026-10-10 04:00:00,2026-09-09 14:21:34.612036,2026-09-09,2509,135,FALSE,-4.12980774927574,"EB_features","0f876d7390dace668ab8fb80547b949e","6a7e01742348969e8c623e21702185c6","af0359bd4ce9e8bc1127b05c38e58457","9aaf4e1cd53cca0107081a4b3a958fd5"
"401861964",2026,2026-10-10 04:00:00,2026-09-09 14:21:34.612036,2026-09-09,218,41,FALSE,10.2922883939736,"EB_features","0f876d7390dace668ab8fb80547b949e","6a7e01742348969e8c623e21702185c6","e4600a10678d628e3165c719ea6b786c","39db6bb008fc9c763dfbd6cded6d7a6c"
"401862796",2026,2026-10-10 04:00:00,2026-09-09 14:21:34.612036,2026-09-09,249,2429,FALSE,15.9029195285106,"EB_features","0f876d7390dace668ab8fb80547b949e","6a7e01742348969e8c623e21702185c6","b36977426f9757e420295b7f780bd508","8c9467c7f419b2788753f0294c8e2797"
"401862797",2026,2026-10-10 04:00:00,2026-09-09 14:21:34.612036,2026-09-09,151,242,FALSE,15.5141166522725,"EB_features","0f876d7390dace668ab8fb80547b949e","6a7e01742348969e8c623e21702185c6","00ee9da462ecde653f824773e238a67c","78773b50be4cd237c43989528416e481"
"401862798",2026,2026-10-10 04:00:00,2026-09-09 14:21:34.612036,2026-09-09,235,5,FALSE,18.5399207744226,"EB_features","0f876d7390dace668ab8fb80547b949e","6a7e01742348969e8c623e21702185c6","0d0cf1a21c8077f40683542ad91fc69e","afb96c376c872362fd620dfc9237a140"
"401864517",2026,2026-10-10 04:00:00,2026-09-09 14:21:34.612036,2026-09-09,2638,2440,FALSE,-8.03295341573779,"EB_features","0f876d7390dace668ab8fb80547b949e","6a7e01742348969e8c623e21702185c6","c7bfb7808a68e89581002a7dcc2e587b","c0f4c8e2fbe2e4965f47269a0df6e530"
"401866436",2026,2026-10-10 04:00:00,2026-09-09 14:21:34.612036,2026-09-09,189,16,FALSE,-4.1142276789189,"EB_features","0f876d7390dace668ab8fb80547b949e","6a7e01742348969e8c623e21702185c6","8d76b25c49b06f27779bdd180b7adea6","36580fcbe651755a81a77c1b1d368490"
"401866437",2026,2026-10-10 04:00:00,2026-09-09 14:21:34.612036,2026-09-09,2649,2084,FALSE,12.067606568854,"EB_features","0f876d7390dace668ab8fb80547b949e","6a7e01742348969e8c623e21702185c6","505444a7f6657d3505ae4b3168c01642","cc0b8d6aaa84aecaaddbdf4cac337ac8"
"401866438",2026,2026-10-10 04:00:00,2026-09-09 14:21:34.612036,2026-09-09,195,2117,FALSE,7.9496136796019,"EB_features","0f876d7390dace668ab8fb80547b949e","6a7e01742348969e8c623e21702185c6","7bef1e0032f3506acafee467c9ce5586","59aa7c933549f429ba3e2f2dd2a053ec"
"401866439",2026,2026-10-10 04:00:00,2026-09-09 14:21:34.612036,2026-09-09,2711,2309,FALSE,22.2947234891545,"EB_features","0f876d7390dace668ab8fb80547b949e","6a7e01742348969e8c623e21702185c6","42dbc1ef8f48ca3fb71add7e537e53d1","637a52f2e582d9c10059ed051cc55345"
"401866440",2026,2026-10-10 04:00:00,2026-09-09 14:21:34.612036,2026-09-09,113,193,FALSE,-3.47738127115014,"EB_features","0f876d7390dace668ab8fb80547b949e","6a7e01742348969e8c623e21702185c6","591b11313e7b72065c5b03d820c906e9","9ab77a9aa1f9e74fe360823c43027d53"
"401869843",2026,2026-10-10 04:00:00,2026-09-09 14:21:34.612036,2026-09-09,2026,295,FALSE,-10.4947568084562,"EB_features","0f876d7390dace668ab8fb80547b949e","6a7e01742348969e8c623e21702185c6","cd8ed30be082510fd99d84deb5dc2f00","955b038fc79f277a5729e67192956247"
"401869943",2026,2026-10-10 04:00:00,2026-09-09 14:21:34.612036,2026-09-09,276,324,FALSE,3.70935184042939,"EB_features","0f876d7390dace668ab8fb80547b949e","6a7e01742348969e8c623e21702185c6","e4ba0f6becf1bf1ac79e34db8a1f047b","04aad5c1b6004f362e3d8bf785a93811"
"401869949",2026,2026-10-10 04:00:00,2026-09-09 14:21:34.612036,2026-09-09,290,256,FALSE,-4.35241534603542,"EB_features","0f876d7390dace668ab8fb80547b949e","6a7e01742348969e8c623e21702185c6","f485dbbb67e55245ff20fc33fafb400f","0dfc7e4e5bc7f0374a939c195d4f0289"
"401869965",2026,2026-10-10 04:00:00,2026-09-09 14:21:34.612036,2026-09-09,2348,309,FALSE,7.94130357431172,"EB_features","0f876d7390dace668ab8fb80547b949e","6a7e01742348969e8c623e21702185c6","73a311fbd055da85a22ce23e9f575ba3","d8bd574ddd9ad0e9cd79e66045808ada"
"401862795",2026,2026-10-10 16:00:00,2026-09-09 14:21:34.612036,2026-09-09,349,2655,FALSE,4.16939218295127,"EB_features","0f876d7390dace668ab8fb80547b949e","6a7e01742348969e8c623e21702185c6","16ee6b4944b6f93478aed4e92cc32a2d","9bc1e0834e72aa18218cf0f6de9fd085"
"401856717",2026,2026-10-10 19:30:00,2026-09-09 14:21:34.612036,2026-09-09,201,251,TRUE,-4.00284560775499,"EB_features","0f876d7390dace668ab8fb80547b949e","6a7e01742348969e8c623e21702185c6","d5c93a1988dc7919b7509323bd8e704d","67b9cd488d45b7868ebe5ba45e56a1c4"
"401858257",2026,2026-10-10 19:30:00,2026-09-09 14:21:34.612036,2026-09-09,87,24,FALSE,36.1049692399368,"EB_features","0f876d7390dace668ab8fb80547b949e","6a7e01742348969e8c623e21702185c6","2936fe3fbaaeaa4c7a7dbf5561a30e32","02773f398309eb21b1c883c8bbb3bd68"
"401862799",2026,2026-10-10 19:30:00,2026-09-09 14:21:34.612036,2026-09-09,2426,202,FALSE,7.8459173491335,"EB_features","0f876d7390dace668ab8fb80547b949e","6a7e01742348969e8c623e21702185c6","ebdba215351007bd1591b1ee0913636c","9cdd2398a3ae82086f232208d11882ce"
"401866435",2026,2026-10-10 19:30:00,2026-09-09 14:21:34.612036,2026-09-09,2006,2199,FALSE,-7.87879709661073,"EB_features","0f876d7390dace668ab8fb80547b949e","6a7e01742348969e8c623e21702185c6","a8adfc33f1370b70963d4770b5fe642a","1ef58a420bc1a2ff91581f396ff8afed"
"401860902",2026,2026-10-10 22:00:00,2026-09-09 14:21:34.612036,2026-09-09,204,21,FALSE,-7.25863174334193,"EB_features","0f876d7390dace668ab8fb80547b949e","6a7e01742348969e8c623e21702185c6","bfba3fcd701482c1a2b3ad5cc9936e27","abb63d353fb3727fa656a17ba9f810ed"
"401864518",2026,2026-10-10 23:00:00,2026-09-09 14:21:34.612036,2026-09-09,2439,2449,FALSE,-0.209364838020507,"EB_features","0f876d7390dace668ab8fb80547b949e","6a7e01742348969e8c623e21702185c6","625c8d09cb5566747a87b1881999e940","b836b34c1843f7b49db7c706f7efbfce"
"401864516",2026,2026-10-10 23:30:00,2026-09-09 14:21:34.612036,2026-09-09,2459,2005,FALSE,-9.21076766656907,"EB_features","0f876d7390dace668ab8fb80547b949e","6a7e01742348969e8c623e21702185c6","a905b6aee057a28af1aa90a6bf248678","d10b911216481b23641f069dd93cf71f"
"401860901",2026,2026-10-11 02:30:00,2026-09-09 14:21:34.612036,2026-09-09,278,68,FALSE,-9.96948980548693,"EB_features","0f876d7390dace668ab8fb80547b949e","6a7e01742348969e8c623e21702185c6","2036836a8258fd0ed067589130f8be39","4271c6f8605b089bdbe49959c7fbc5e4"
"401871067",2026,2026-10-13 23:00:00,2026-09-09 14:21:34.612036,2026-09-09,2393,48,FALSE,2.77752061806533,"EB_features","0f876d7390dace668ab8fb80547b949e","6a7e01742348969e8c623e21702185c6","8fa69827e178f6093f0eda591ceaefb2","9b8b42c93a4cc9b60c016b188fc7a515"
"401871053",2026,2026-10-14,2026-09-09 14:21:34.612036,2026-09-09,55,2229,FALSE,1.52462261374565,"EB_features","0f876d7390dace668ab8fb80547b949e","6a7e01742348969e8c623e21702185c6","ab79ec5590bdd5429e1b8ee082e3f3cc","c9534812b49a12e04231d9666f528b2c"
"401871054",2026,2026-10-14 23:30:00,2026-09-09 14:21:34.612036,2026-09-09,2623,338,FALSE,-2.79754959423573,"EB_features","0f876d7390dace668ab8fb80547b949e","6a7e01742348969e8c623e21702185c6","6ee5ae04e1f2eb031686d92bb4814358","251655048dc363ad9228ec9c9b81445b"
"401871068",2026,2026-10-15,2026-09-09 14:21:34.612036,2026-09-09,2534,98,FALSE,0.615144728100485,"EB_features","0f876d7390dace668ab8fb80547b949e","6a7e01742348969e8c623e21702185c6","c32bc795a6b1dc63ba3c4659cd0300b2","69e8f14af2943d63c8c6b7a25a365d1a"
"401862800",2026,2026-10-15 23:30:00,2026-09-09 14:21:34.612036,2026-09-09,5,151,FALSE,-10.9187204559376,"EB_features","0f876d7390dace668ab8fb80547b949e","6a7e01742348969e8c623e21702185c6","afb96c376c872362fd620dfc9237a140","00ee9da462ecde653f824773e238a67c"
"401869950",2026,2026-10-15 23:30:00,2026-09-09 14:21:34.612036,2026-09-09,295,290,FALSE,13.519712495679,"EB_features","0f876d7390dace668ab8fb80547b949e","6a7e01742348969e8c623e21702185c6","955b038fc79f277a5729e67192956247","f485dbbb67e55245ff20fc33fafb400f"
"401860923",2026,2026-10-16,2026-09-09 14:21:34.612036,2026-09-09,326,36,FALSE,2.15838193697533,"EB_features","0f876d7390dace668ab8fb80547b949e","6a7e01742348969e8c623e21702185c6","238f7bcbaa0d228c8e32e4211c2b750b","ff1e8dc4a99d29822e93f5a85af36f03"
"401862801",2026,2026-10-16 23:30:00,2026-09-09 14:21:34.612036,2026-09-09,2655,235,FALSE,0.700084014233987,"EB_features","0f876d7390dace668ab8fb80547b949e","6a7e01742348969e8c623e21702185c6","9bc1e0834e72aa18218cf0f6de9fd085","0d0cf1a21c8077f40683542ad91fc69e"
"401858493",2026,2026-10-17,2026-09-09 14:21:34.612036,2026-09-09,2509,264,FALSE,-14.5330211970356,"EB_features","0f876d7390dace668ab8fb80547b949e","6a7e01742348969e8c623e21702185c6","af0359bd4ce9e8bc1127b05c38e58457","2c9b7f4d0bf070a3af884f5d951f654f"
"401869844",2026,2026-10-17,2026-09-09 14:21:34.612036,2026-09-09,324,2026,FALSE,2.46868097307258,"EB_features","0f876d7390dace668ab8fb80547b949e","6a7e01742348969e8c623e21702185c6","04aad5c1b6004f362e3d8bf785a93811","cd8ed30be082510fd99d84deb5dc2f00"
"401856719",2026,2026-10-17 04:00:00,2026-09-09 14:21:34.612036,2026-09-09,61,2,FALSE,22.1375275165751,"EB_features","0f876d7390dace668ab8fb80547b949e","6a7e01742348969e8c623e21702185c6","f81d09176dfc38899d2ce76fa71585c5","40abe996fcfa08bcca8b0f429b344658"
"401856720",2026,2026-10-17 04:00:00,2026-09-09 14:21:34.612036,2026-09-09,99,344,FALSE,12.6958491936023,"EB_features","0f876d7390dace668ab8fb80547b949e","6a7e01742348969e8c623e21702185c6","88ff88dc22b80121f69f76da3b24edc6","7b82bc3b384605ca1f053ffc4e5d7855"
"401856721",2026,2026-10-17 04:00:00,2026-09-09 14:21:34.612036,2026-09-09,145,142,FALSE,8.79307313827116,"EB_features","0f876d7390dace668ab8fb80547b949e","6a7e01742348969e8c623e21702185c6","c50307b6d5e3e33b5c6d6a1efa6752cb","45b76870c77c705ffca94e67a9d4f23a"
"401856722",2026,2026-10-17 04:00:00,2026-09-09 14:21:34.612036,2026-09-09,201,96,FALSE,22.9994065267081,"EB_features","0f876d7390dace668ab8fb80547b949e","6a7e01742348969e8c623e21702185c6","d5c93a1988dc7919b7509323bd8e704d","2def3b3245803eb09f1a4a032e70a4ad"
"401856723",2026,2026-10-17 04:00:00,2026-09-09 14:21:34.612036,2026-09-09,2633,333,FALSE,-6.0317462928774,"EB_features","0f876d7390dace668ab8fb80547b949e","6a7e01742348969e8c623e21702185c6","ae6ef8c182cb9c91e5b7adbf993baabe","a16c0f26515ab4a75eeec83b1a7f54a2"
"401856724",2026,2026-10-17 04:00:00,2026-09-09 14:21:34.612036,2026-09-09,251,57,FALSE,12.3000461223409,"EB_features","0f876d7390dace668ab8fb80547b949e","6a7e01742348969e8c623e21702185c6","67b9cd488d45b7868ebe5ba45e56a1c4","8f489d9d2757643a7c99dd694be974d3"
"401856726",2026,2026-10-17 04:00:00,2026-09-09 14:21:34.612036,2026-09-09,238,8,FALSE,11.7131366639803,"EB_features","0f876d7390dace668ab8fb80547b949e","6a7e01742348969e8c623e21702185c6","0a40c3bbdf0aa67e62605e7a1e7529dc","1aac1b589d06f7463ec0a3cae784aa82"
"401856809",2026,2026-10-17 04:00:00,2026-09-09 14:21:34.612036,2026-09-09,252,87,FALSE,-14.0052965393931,"EB_features","0f876d7390dace668ab8fb80547b949e","6a7e01742348969e8c623e21702185c6","11ed1c04acdb3b5439ee345c420b751c","2936fe3fbaaeaa4c7a7dbf5561a30e32"
"401856828",2026,2026-10-17 04:00:00,2026-09-09 14:21:34.612036,2026-09-09,2641,9,FALSE,20.7796368738467,"EB_features","0f876d7390dace668ab8fb80547b949e","6a7e01742348969e8c623e21702185c6","884199abf019d1ead67bd15d2e61405b","6f05d4268c71e41a027b4f3a6bc6d88e"
"401856829",2026,2026-10-17 04:00:00,2026-09-09 14:21:34.612036,2026-09-09,277,2132,FALSE,-0.0354645137012501,"EB_features","0f876d7390dace668ab8fb80547b949e","6a7e01742348969e8c623e21702185c6","689a40dc91aa6324e60cc811d1e89cd0","7a2c5f924d3fe84c18c3eb80be27b2ac"
"401856830",2026,2026-10-17 04:00:00,2026-09-09 14:21:34.612036,2026-09-09,2306,2305,FALSE,11.0935368178143,"EB_features","0f876d7390dace668ab8fb80547b949e","6a7e01742348969e8c623e21702185c6","e52575130d9186303c964548d89d6922","2641caeacbb78806e15fb0180f7c0f4a"
"401856831",2026,2026-10-17 04:00:00,2026-09-09 14:21:34.612036,2026-09-09,248,197,FALSE,21.9247689088712,"EB_features","0f876d7390dace668ab8fb80547b949e","6a7e01742348969e8c623e21702185c6","6d4aee3c47acae8c06bc3fe58bcde560","cdf97e1a122f3ec54f5ddbe334097bed"
"401856832",2026,2026-10-17 04:00:00,2026-09-09 14:21:34.612036,2026-09-09,239,2628,FALSE,-0.162228123471278,"EB_features","0f876d7390dace668ab8fb80547b949e","6a7e01742348969e8c623e21702185c6","6810b0c8f0cfb4b1f669f4ab06082397","db2440cfed5ec97c8ce9e9514c9cc5fe"
"401856833",2026,2026-10-17 04:00:00,2026-09-09 14:21:34.612036,2026-09-09,38,254,FALSE,-14.5144430110332,"EB_features","0f876d7390dace668ab8fb80547b949e","6a7e01742348969e8c623e21702185c6","0cded405e418e4aa0efcf41b4b9a1b09","c4211fa6ca3dab8a23bbd2f636300d01"
"401858263",2026,2026-10-17 04:00:00,2026-09-09 14:21:34.612036,2026-09-09,2390,52,FALSE,20.7071631737208,"EB_features","0f876d7390dace668ab8fb80547b949e","6a7e01742348969e8c623e21702185c6","4fb4874fb6d26e2287e64266bfdad2a7","c270562ee5b326a7db7a6295405e18e5"
"401858264",2026,2026-10-17 04:00:00,2026-09-09 14:21:34.612036,2026-09-09,259,59,FALSE,0.541218069876041,"EB_features","0f876d7390dace668ab8fb80547b949e","6a7e01742348969e8c623e21702185c6","91cda8f04c1ff98768375ee74ac153f6","0faf49f27f5ae7d26984523f1c4fb71a"
"401858265",2026,2026-10-17 04:00:00,2026-09-09 14:21:34.612036,2026-09-09,183,97,FALSE,-7.26192832146871,"EB_features","0f876d7390dace668ab8fb80547b949e","6a7e01742348969e8c623e21702185c6","3251c1abe0c702b279bbb1fa4201429f","3f0fe2aeb5bf72e27b0e223ec06c5bb2"
"401858266",2026,2026-10-17 04:00:00,2026-09-09 14:21:34.612036,2026-09-09,150,153,FALSE,5.97620284885441,"EB_features","0f876d7390dace668ab8fb80547b949e","6a7e01742348969e8c623e21702185c6","c1156057e989425ccd50772da5fc2a46","f5f29cfdd5f128bc89573544cbea43f2"
"401858267",2026,2026-10-17 04:00:00,2026-09-09 14:21:34.612036,2026-09-09,103,221,FALSE,-16.6430187201418,"EB_features","0f876d7390dace668ab8fb80547b949e","6a7e01742348969e8c623e21702185c6","5ab8fbe76fc96613af6cd7a443611fb6","a98fc2259e0382c0c6be45c6c662c3bb"
"401858268",2026,2026-10-17 04:00:00,2026-09-09 14:21:34.612036,2026-09-09,2567,258,FALSE,8.36325272008441,"EB_features","0f876d7390dace668ab8fb80547b949e","6a7e01742348969e8c623e21702185c6","afd6c06b20dc5966e911ab1f95ae95ca","1f6ffbe81f04178ce9df2181e9bf7420"
"401858269",2026,2026-10-17 04:00:00,2026-09-09 14:21:34.612036,2026-09-09,25,154,FALSE,-4.76487983353199,"EB_features","0f876d7390dace668ab8fb80547b949e","6a7e01742348969e8c623e21702185c6","329b2478030dd77a1028fd2e763308cc","11c8fca571f6196fa8ff62d036545d73"
"401858488",2026,2026-10-17 04:00:00,2026-09-09 14:21:34.612036,2026-09-09,84,194,FALSE,-4.41606805456859,"EB_features","0f876d7390dace668ab8fb80547b949e","6a7e01742348969e8c623e21702185c6","3768d2d2b835271f4538738d58530b03","1dadbf23e45be58734cf44b7361b207e"
"401858489",2026,2026-10-17 04:00:00,2026-09-09 14:21:34.612036,2026-09-09,120,164,FALSE,12.3509289336634,"EB_features","0f876d7390dace668ab8fb80547b949e","6a7e01742348969e8c623e21702185c6","c51658bf2c0a8efd3653bd4186424622","2f698f9fd597154df2cb5e3d1516358b"
"401858490",2026,2026-10-17 04:00:00,2026-09-09 14:21:34.612036,2026-09-09,130,213,FALSE,1.29444074888637,"EB_features","0f876d7390dace668ab8fb80547b949e","6a7e01742348969e8c623e21702185c6","8478fefda13d0ed176108f299dca1507","ece5ce0dc7e76753bc3ace6caa052eaa"
"401858491",2026,2026-10-17 04:00:00,2026-09-09 14:21:34.612036,2026-09-09,127,77,FALSE,1.23561001478039,"EB_features","0f876d7390dace668ab8fb80547b949e","6a7e01742348969e8c623e21702185c6","c096003f85ce18480a4eaa8b8c51b344","bb3c371f9b2eaf02e527fc62a7782e94"
"401858492",2026,2026-10-17 04:00:00,2026-09-09 14:21:34.612036,2026-09-09,2483,158,FALSE,18.3654405927779,"EB_features","0f876d7390dace668ab8fb80547b949e","6a7e01742348969e8c623e21702185c6","cf518ee4f79294bd3aeff6a7dcf49a23","8def1311b7a1356fda62ffd35baf5e14"
"401858494",2026,2026-10-17 04:00:00,2026-09-09 14:21:34.612036,2026-09-09,26,275,FALSE,1.36604734769646,"EB_features","0f876d7390dace668ab8fb80547b949e","6a7e01742348969e8c623e21702185c6","3d0a972ff83ee9b3c802294c5d1be95b","b831ec4ebbb59170b72cfed9a526336f"
"401862803",2026,2026-10-17 04:00:00,2026-09-09 14:21:34.612036,2026-09-09,218,2429,FALSE,13.3758484127883,"EB_features","0f876d7390dace668ab8fb80547b949e","6a7e01742348969e8c623e21702185c6","e4600a10678d628e3165c719ea6b786c","8c9467c7f419b2788753f0294c8e2797"
"401862804",2026,2026-10-17 04:00:00,2026-09-09 14:21:34.612036,2026-09-09,2636,2426,FALSE,7.80257572963427,"EB_features","0f876d7390dace668ab8fb80547b949e","6a7e01742348969e8c623e21702185c6","51ec18b4a34dc8bda112c6242a8b36c8","ebdba215351007bd1591b1ee0913636c"
"401862805",2026,2026-10-17 04:00:00,2026-09-09 14:21:34.612036,2026-09-09,242,202,FALSE,-1.815248920559,"EB_features","0f876d7390dace668ab8fb80547b949e","6a7e01742348969e8c623e21702185c6","78773b50be4cd237c43989528416e481","9cdd2398a3ae82086f232208d11882ce"
"401862806",2026,2026-10-17 04:00:00,2026-09-09 14:21:34.612036,2026-09-09,58,2309,FALSE,22.6626378256116,"EB_features","0f876d7390dace668ab8fb80547b949e","6a7e01742348969e8c623e21702185c6","bf47e772a12ef942e67fc0f89d61f447","637a52f2e582d9c10059ed051cc55345"
"401864521",2026,2026-10-17 04:00:00,2026-09-09 14:21:34.612036,2026-09-09,62,167,FALSE,-3.75921907016161,"EB_features","0f876d7390dace668ab8fb80547b949e","6a7e01742348969e8c623e21702185c6","ab1ec64edc20f80f725d49e7044768c8","f054e0b224c10719c1e8c9d991ec8289"
"401866441",2026,2026-10-17 04:00:00,2026-09-09 14:21:34.612036,2026-09-09,189,2050,FALSE,8.9088888511377,"EB_features","0f876d7390dace668ab8fb80547b949e","6a7e01742348969e8c623e21702185c6","8d76b25c49b06f27779bdd180b7adea6","54015ad44841288784a9adcc2e1fb115"
"401866442",2026,2026-10-17 04:00:00,2026-09-09 14:21:34.612036,2026-09-09,2084,113,FALSE,9.01392699008964,"EB_features","0f876d7390dace668ab8fb80547b949e","6a7e01742348969e8c623e21702185c6","cc0b8d6aaa84aecaaddbdf4cac337ac8","591b11313e7b72065c5b03d820c906e9"
"401866443",2026,2026-10-17 04:00:00,2026-09-09 14:21:34.612036,2026-09-09,2117,2711,FALSE,-11.1846981347141,"EB_features","0f876d7390dace668ab8fb80547b949e","6a7e01742348969e8c623e21702185c6","59aa7c933549f429ba3e2f2dd2a053ec","42dbc1ef8f48ca3fb71add7e537e53d1"
"401866444",2026,2026-10-17 04:00:00,2026-09-09 14:21:34.612036,2026-09-09,2199,2649,FALSE,1.22898619448652,"EB_features","0f876d7390dace668ab8fb80547b949e","6a7e01742348969e8c623e21702185c6","1ef58a420bc1a2ff91581f396ff8afed","505444a7f6657d3505ae4b3168c01642"
"401866445",2026,2026-10-17 04:00:00,2026-09-09 14:21:34.612036,2026-09-09,16,195,FALSE,6.62848223963673,"EB_features","0f876d7390dace668ab8fb80547b949e","6a7e01742348969e8c623e21702185c6","36580fcbe651755a81a77c1b1d368490","7bef1e0032f3506acafee467c9ce5586"
"401866478",2026,2026-10-17 04:00:00,2026-09-09 14:21:34.612036,2026-09-09,193,2006,FALSE,7.4568967484905,"EB_features","0f876d7390dace668ab8fb80547b949e","6a7e01742348969e8c623e21702185c6","9ab77a9aa1f9e74fe360823c43027d53","a8adfc33f1370b70963d4770b5fe642a"
"401869934",2026,2026-10-17 04:00:00,2026-09-09 14:21:34.612036,2026-09-09,2572,2032,FALSE,1.24395772996635,"EB_features","0f876d7390dace668ab8fb80547b949e","6a7e01742348969e8c623e21702185c6","c522e5114187d2f66eca3230483b7b18","4b2259e385da54913b005c4e54b52929"
"401869957",2026,2026-10-17 04:00:00,2026-09-09 14:21:34.612036,2026-09-09,256,2247,FALSE,16.4720428894325,"EB_features","0f876d7390dace668ab8fb80547b949e","6a7e01742348969e8c623e21702185c6","0dfc7e4e5bc7f0374a939c195d4f0289","5e5fce5a5be67df65e5b0e73c16d4370"
"401869966",2026,2026-10-17 04:00:00,2026-09-09 14:21:34.612036,2026-09-09,309,2653,FALSE,1.12513416184149,"EB_features","0f876d7390dace668ab8fb80547b949e","6a7e01742348969e8c623e21702185c6","d8bd574ddd9ad0e9cd79e66045808ada","bc6eeadbeb5cb0703a7550a47955974b"
"401871091",2026,2026-10-17 04:00:00,2026-09-09 14:21:34.612036,2026-09-09,2433,2348,FALSE,-11.1007277593314,"EB_features","0f876d7390dace668ab8fb80547b949e","6a7e01742348969e8c623e21702185c6","b67eb0fdf847b298a6f209ed247c9e37","73a311fbd055da85a22ce23e9f575ba3"
"401862802",2026,2026-10-17 16:00:00,2026-09-09 14:21:34.612036,2026-09-09,349,2226,FALSE,13.5295577514348,"EB_features","0f876d7390dace668ab8fb80547b949e","6a7e01742348969e8c623e21702185c6","16ee6b4944b6f93478aed4e92cc32a2d","5050a58835ce7c3f4024ffeb15f58273"
"401864522",2026,2026-10-17 19:30:00,2026-09-09 14:21:34.612036,2026-09-09,2751,2459,FALSE,3.88949324460417,"EB_features","0f876d7390dace668ab8fb80547b949e","6a7e01742348969e8c623e21702185c6","26f553768cb786b000750541aa75d916","a905b6aee057a28af1aa90a6bf248678"
"401864524",2026,2026-10-17 19:30:00,2026-09-09 14:21:34.612036,2026-09-09,2005,2439,FALSE,3.93628376571743,"EB_features","0f876d7390dace668ab8fb80547b949e","6a7e01742348969e8c623e21702185c6","d10b911216481b23641f069dd93cf71f","625c8d09cb5566747a87b1881999e940"
"401860903",2026,2026-10-17 22:00:00,2026-09-09 14:21:34.612036,2026-09-09,204,265,FALSE,-6.19279534379789,"EB_features","0f876d7390dace668ab8fb80547b949e","6a7e01742348969e8c623e21702185c6","bfba3fcd701482c1a2b3ad5cc9936e27","7b1d66bb72536a67efffc25d60ec6e3b"
"401864520",2026,2026-10-17 23:00:00,2026-09-09 14:21:34.612036,2026-09-09,2449,2440,FALSE,8.93300086577645,"EB_features","0f876d7390dace668ab8fb80547b949e","6a7e01742348969e8c623e21702185c6","b836b34c1843f7b49db7c706f7efbfce","c0f4c8e2fbe2e4965f47269a0df6e530"
"401864523",2026,2026-10-18 01:00:00,2026-09-09 14:21:34.612036,2026-09-09,2638,23,FALSE,-5.28997730851711,"EB_features","0f876d7390dace668ab8fb80547b949e","6a7e01742348969e8c623e21702185c6","c7bfb7808a68e89581002a7dcc2e587b","6766f55fd9f3c8a70690e910f0258e9c"
"401860904",2026,2026-10-18 02:30:00,2026-09-09 14:21:34.612036,2026-09-09,21,278,FALSE,9.09569588844879,"EB_features","0f876d7390dace668ab8fb80547b949e","6a7e01742348969e8c623e21702185c6","abb63d353fb3727fa656a17ba9f810ed","2036836a8258fd0ed067589130f8be39"
"401871055",2026,2026-10-20 23:00:00,2026-09-09 14:21:34.612036,2026-09-09,2229,2393,FALSE,6.7630284034683,"EB_features","0f876d7390dace668ab8fb80547b949e","6a7e01742348969e8c623e21702185c6","c9534812b49a12e04231d9666f528b2c","8fa69827e178f6093f0eda591ceaefb2"
"401871069",2026,2026-10-20 23:00:00,2026-09-09 14:21:34.612036,2026-09-09,48,2623,FALSE,7.91940204505412,"EB_features","0f876d7390dace668ab8fb80547b949e","6a7e01742348969e8c623e21702185c6","9b8b42c93a4cc9b60c016b188fc7a515","6ee5ae04e1f2eb031686d92bb4814358"
"401871092",2026,2026-10-20 23:30:00,2026-09-09 14:21:34.612036,2026-09-09,276,6,FALSE,-0.0356316874405587,"EB_features","0f876d7390dace668ab8fb80547b949e","6a7e01742348969e8c623e21702185c6","e4ba0f6becf1bf1ac79e34db8a1f047b","b2284c9faa78a1139b594e35efa8e292"
"401871070",2026,2026-10-22,2026-09-09 14:21:34.612036,2026-09-09,2534,166,FALSE,-1.56985971237706,"EB_features","0f876d7390dace668ab8fb80547b949e","6a7e01742348969e8c623e21702185c6","c32bc795a6b1dc63ba3c4659cd0300b2","9bd31c4931a23e1083ad971a566d61a6"
"401869845",2026,2026-10-22 23:00:00,2026-09-09 14:21:34.612036,2026-09-09,2026,256,FALSE,-7.4645390368658,"EB_features","0f876d7390dace668ab8fb80547b949e","6a7e01742348969e8c623e21702185c6","cd8ed30be082510fd99d84deb5dc2f00","0dfc7e4e5bc7f0374a939c195d4f0289"
"401871056",2026,2026-10-22 23:00:00,2026-09-09 14:21:34.612036,2026-09-09,338,2335,FALSE,0.320550050319484,"EB_features","0f876d7390dace668ab8fb80547b949e","6a7e01742348969e8c623e21702185c6","251655048dc363ad9228ec9c9b81445b","df70e6d389f319dc53553322e725d9de"
"401862807",2026,2026-10-22 23:30:00,2026-09-09 14:21:34.612036,2026-09-09,235,151,FALSE,4.55266062945835,"EB_features","0f876d7390dace668ab8fb80547b949e","6a7e01742348969e8c623e21702185c6","0d0cf1a21c8077f40683542ad91fc69e","00ee9da462ecde653f824773e238a67c"
"401858271",2026,2026-10-23 23:00:00,2026-09-09 14:21:34.612036,2026-09-09,258,150,FALSE,3.99446066651919,"EB_features","0f876d7390dace668ab8fb80547b949e","6a7e01742348969e8c623e21702185c6","1f6ffbe81f04178ce9df2181e9bf7420","c1156057e989425ccd50772da5fc2a46"
"401861965",2026,2026-10-23 23:00:00,2026-09-09 14:21:34.612036,2026-09-09,41,113,FALSE,8.73367929824628,"EB_features","0f876d7390dace668ab8fb80547b949e","6a7e01742348969e8c623e21702185c6","39db6bb008fc9c763dfbd6cded6d7a6c","591b11313e7b72065c5b03d820c906e9"
"401862808",2026,2026-10-24 00:30:00,2026-09-09 14:21:34.612036,2026-09-09,202,349,FALSE,-4.70976642419732,"EB_features","0f876d7390dace668ab8fb80547b949e","6a7e01742348969e8c623e21702185c6","9cdd2398a3ae82086f232208d11882ce","16ee6b4944b6f93478aed4e92cc32a2d"
"401864525",2026,2026-10-24 01:00:00,2026-09-09 14:21:34.612036,2026-09-09,2751,2005,FALSE,-8.38981411099154,"EB_features","0f876d7390dace668ab8fb80547b949e","6a7e01742348969e8c623e21702185c6","26f553768cb786b000750541aa75d916","d10b911216481b23641f069dd93cf71f"
"401858272",2026,2026-10-24 02:30:00,2026-09-09 14:21:34.612036,2026-09-09,24,152,FALSE,-1.2697972705155,"EB_features","0f876d7390dace668ab8fb80547b949e","6a7e01742348969e8c623e21702185c6","02773f398309eb21b1c883c8bbb3bd68","d2cc64fcdce71503fc7db360bdd09227"
"401856727",2026,2026-10-24 04:00:00,2026-09-09 14:21:34.612036,2026-09-09,333,245,FALSE,2.89748490079567,"EB_features","0f876d7390dace668ab8fb80547b949e","6a7e01742348969e8c623e21702185c6","a16c0f26515ab4a75eeec83b1a7f54a2","4376b7a97342077fa6eafa7830573fb3"
"401856729",2026,2026-10-24 04:00:00,2026-09-09 14:21:34.612036,2026-09-09,96,238,FALSE,-5.54213311131195,"EB_features","0f876d7390dace668ab8fb80547b949e","6a7e01742348969e8c623e21702185c6","2def3b3245803eb09f1a4a032e70a4ad","0a40c3bbdf0aa67e62605e7a1e7529dc"
"401856730",2026,2026-10-24 04:00:00,2026-09-09 14:21:34.612036,2026-09-09,344,201,FALSE,-9.79760044740491,"EB_features","0f876d7390dace668ab8fb80547b949e","6a7e01742348969e8c623e21702185c6","7b82bc3b384605ca1f053ffc4e5d7855","d5c93a1988dc7919b7509323bd8e704d"
"401856731",2026,2026-10-24 04:00:00,2026-09-09 14:21:34.612036,2026-09-09,2579,2633,FALSE,4.71853373900804,"EB_features","0f876d7390dace668ab8fb80547b949e","6a7e01742348969e8c623e21702185c6","d3faa8e42127835f3bd9ead2c3cc9ecc","ae6ef8c182cb9c91e5b7adbf993baabe"
"401856732",2026,2026-10-24 04:00:00,2026-09-09 14:21:34.612036,2026-09-09,251,145,FALSE,13.8036005345396,"EB_features","0f876d7390dace668ab8fb80547b949e","6a7e01742348969e8c623e21702185c6","67b9cd488d45b7868ebe5ba45e56a1c4","c50307b6d5e3e33b5c6d6a1efa6752cb"
"401856834",2026,2026-10-24 04:00:00,2026-09-09 14:21:34.612036,2026-09-09,2305,239,FALSE,-0.916174998203051,"EB_features","0f876d7390dace668ab8fb80547b949e","6a7e01742348969e8c623e21702185c6","2641caeacbb78806e15fb0180f7c0f4a","6810b0c8f0cfb4b1f669f4ab06082397"
"401856835",2026,2026-10-24 04:00:00,2026-09-09 14:21:34.612036,2026-09-09,2116,252,FALSE,-13.2162903728594,"EB_features","0f876d7390dace668ab8fb80547b949e","6a7e01742348969e8c623e21702185c6","8fc09cc9a14e26b1e057c14151b64e42","11ed1c04acdb3b5439ee345c420b751c"
"401856836",2026,2026-10-24 04:00:00,2026-09-09 14:21:34.612036,2026-09-09,197,38,FALSE,-10.0146970383535,"EB_features","0f876d7390dace668ab8fb80547b949e","6a7e01742348969e8c623e21702185c6","cdf97e1a122f3ec54f5ddbe334097bed","0cded405e418e4aa0efcf41b4b9a1b09"
"401856837",2026,2026-10-24 04:00:00,2026-09-09 14:21:34.612036,2026-09-09,254,248,FALSE,14.878529896622,"EB_features","0f876d7390dace668ab8fb80547b949e","6a7e01742348969e8c623e21702185c6","c4211fa6ca3dab8a23bbd2f636300d01","6d4aee3c47acae8c06bc3fe58bcde560"
"401856838",2026,2026-10-24 04:00:00,2026-09-09 14:21:34.612036,2026-09-09,12,66,FALSE,13.2327954967884,"EB_features","0f876d7390dace668ab8fb80547b949e","6a7e01742348969e8c623e21702185c6","c2af9208b56675d8eb57cb6ceba4e50d","7d44fe20260a200571ec66793196e2ef"
"401856839",2026,2026-10-24 04:00:00,2026-09-09 14:21:34.612036,2026-09-09,9,2306,FALSE,-0.769536179205415,"EB_features","0f876d7390dace668ab8fb80547b949e","6a7e01742348969e8c623e21702185c6","6f05d4268c71e41a027b4f3a6bc6d88e","e52575130d9186303c964548d89d6922"
"401856840",2026,2026-10-24 04:00:00,2026-09-09 14:21:34.612036,2026-09-09,2132,2641,FALSE,-17.5921054934022,"EB_features","0f876d7390dace668ab8fb80547b949e","6a7e01742348969e8c623e21702185c6","7a2c5f924d3fe84c18c3eb80be27b2ac","884199abf019d1ead67bd15d2e61405b"
"401856841",2026,2026-10-24 04:00:00,2026-09-09 14:21:34.612036,2026-09-09,2628,277,FALSE,12.1506531285352,"EB_features","0f876d7390dace668ab8fb80547b949e","6a7e01742348969e8c623e21702185c6","db2440cfed5ec97c8ce9e9514c9cc5fe","689a40dc91aa6324e60cc811d1e89cd0"
"401858270",2026,2026-10-24 04:00:00,2026-09-09 14:21:34.612036,2026-09-09,2567,25,FALSE,19.5948479942141,"EB_features","0f876d7390dace668ab8fb80547b949e","6a7e01742348969e8c623e21702185c6","afd6c06b20dc5966e911ab1f95ae95ca","329b2478030dd77a1028fd2e763308cc"
"401858273",2026,2026-10-24 04:00:00,2026-09-09 14:21:34.612036,2026-09-09,59,103,FALSE,14.2479111801412,"EB_features","0f876d7390dace668ab8fb80547b949e","6a7e01742348969e8c623e21702185c6","0faf49f27f5ae7d26984523f1c4fb71a","5ab8fbe76fc96613af6cd7a443611fb6"
"401858274",2026,2026-10-24 04:00:00,2026-09-09 14:21:34.612036,2026-09-09,2390,221,FALSE,19.0872712043646,"EB_features","0f876d7390dace668ab8fb80547b949e","6a7e01742348969e8c623e21702185c6","4fb4874fb6d26e2287e64266bfdad2a7","a98fc2259e0382c0c6be45c6c662c3bb"
"401858275",2026,2026-10-24 04:00:00,2026-09-09 14:21:34.612036,2026-09-09,153,183,FALSE,8.32858620965475,"EB_features","0f876d7390dace668ab8fb80547b949e","6a7e01742348969e8c623e21702185c6","f5f29cfdd5f128bc89573544cbea43f2","3251c1abe0c702b279bbb1fa4201429f"
"401858276",2026,2026-10-24 04:00:00,2026-09-09 14:21:34.612036,2026-09-09,228,259,FALSE,9.32435669674022,"EB_features","0f876d7390dace668ab8fb80547b949e","6a7e01742348969e8c623e21702185c6","dfa1ca4b6a72470e2339225aed27af1f","91cda8f04c1ff98768375ee74ac153f6"
"401858495",2026,2026-10-24 04:00:00,2026-09-09 14:21:34.612036,2026-09-09,356,2483,FALSE,-16.8374673110204,"EB_features","0f876d7390dace668ab8fb80547b949e","6a7e01742348969e8c623e21702185c6","9b21208b9e021e64e98760236068f627","cf518ee4f79294bd3aeff6a7dcf49a23"
"401858496",2026,2026-10-24 04:00:00,2026-09-09 14:21:34.612036,2026-09-09,130,84,FALSE,-4.77663976655599,"EB_features","0f876d7390dace668ab8fb80547b949e","6a7e01742348969e8c623e21702185c6","8478fefda13d0ed176108f299dca1507","3768d2d2b835271f4538738d58530b03"
"401858497",2026,2026-10-24 04:00:00,2026-09-09 14:21:34.612036,2026-09-09,135,2294,FALSE,-7.71132027825003,"EB_features","0f876d7390dace668ab8fb80547b949e","6a7e01742348969e8c623e21702185c6","9aaf4e1cd53cca0107081a4b3a958fd5","aab81e96f5fb1608b20c490144f87422"
"401858498",2026,2026-10-24 04:00:00,2026-09-09 14:21:34.612036,2026-09-09,77,164,FALSE,11.1889340845774,"EB_features","0f876d7390dace668ab8fb80547b949e","6a7e01742348969e8c623e21702185c6","bb3c371f9b2eaf02e527fc62a7782e94","2f698f9fd597154df2cb5e3d1516358b"
"401858499",2026,2026-10-24 04:00:00,2026-09-09 14:21:34.612036,2026-09-09,26,127,FALSE,3.30401929564758,"EB_features","0f876d7390dace668ab8fb80547b949e","6a7e01742348969e8c623e21702185c6","3d0a972ff83ee9b3c802294c5d1be95b","c096003f85ce18480a4eaa8b8c51b344"
"401858500",2026,2026-10-24 04:00:00,2026-09-09 14:21:34.612036,2026-09-09,275,30,FALSE,-14.9689000709197,"EB_features","0f876d7390dace668ab8fb80547b949e","6a7e01742348969e8c623e21702185c6","b831ec4ebbb59170b72cfed9a526336f","70b306e524ab9e5d626e5375874643b5"
"401862809",2026,2026-10-24 04:00:00,2026-09-09 14:21:34.612036,2026-09-09,2226,242,FALSE,5.269616349428,"EB_features","0f876d7390dace668ab8fb80547b949e","6a7e01742348969e8c623e21702185c6","5050a58835ce7c3f4024ffeb15f58273","78773b50be4cd237c43989528416e481"
"401862811",2026,2026-10-24 04:00:00,2026-09-09 14:21:34.612036,2026-09-09,2655,2636,FALSE,0.234579607611428,"EB_features","0f876d7390dace668ab8fb80547b949e","6a7e01742348969e8c623e21702185c6","9bc1e0834e72aa18218cf0f6de9fd085","51ec18b4a34dc8bda112c6242a8b36c8"
"401864526",2026,2026-10-24 04:00:00,2026-09-09 14:21:34.612036,2026-09-09,2459,62,FALSE,-3.86032408547729,"EB_features","0f876d7390dace668ab8fb80547b949e","6a7e01742348969e8c623e21702185c6","a905b6aee057a28af1aa90a6bf248678","ab1ec64edc20f80f725d49e7044768c8"
"401866446",2026,2026-10-24 04:00:00,2026-09-09 14:21:34.612036,2026-09-09,2309,2006,FALSE,1.95115324750692,"EB_features","0f876d7390dace668ab8fb80547b949e","6a7e01742348969e8c623e21702185c6","637a52f2e582d9c10059ed051cc55345","a8adfc33f1370b70963d4770b5fe642a"
"401866447",2026,2026-10-24 04:00:00,2026-09-09 14:21:34.612036,2026-09-09,2050,16,FALSE,-9.95457684102996,"EB_features","0f876d7390dace668ab8fb80547b949e","6a7e01742348969e8c623e21702185c6","54015ad44841288784a9adcc2e1fb115","36580fcbe651755a81a77c1b1d368490"
"401866448",2026,2026-10-24 04:00:00,2026-09-09 14:21:34.612036,2026-09-09,2084,189,FALSE,1.74255438126952,"EB_features","0f876d7390dace668ab8fb80547b949e","6a7e01742348969e8c623e21702185c6","cc0b8d6aaa84aecaaddbdf4cac337ac8","8d76b25c49b06f27779bdd180b7adea6"
"401866449",2026,2026-10-24 04:00:00,2026-09-09 14:21:34.612036,2026-09-09,195,2199,FALSE,0.85783642883192,"EB_features","0f876d7390dace668ab8fb80547b949e","6a7e01742348969e8c623e21702185c6","7bef1e0032f3506acafee467c9ce5586","1ef58a420bc1a2ff91581f396ff8afed"
"401866450",2026,2026-10-24 04:00:00,2026-09-09 14:21:34.612036,2026-09-09,2649,2711,FALSE,-2.25336738940402,"EB_features","0f876d7390dace668ab8fb80547b949e","6a7e01742348969e8c623e21702185c6","505444a7f6657d3505ae4b3168c01642","42dbc1ef8f48ca3fb71add7e537e53d1"
"401866476",2026,2026-10-24 04:00:00,2026-09-09 14:21:34.612036,2026-09-09,2117,193,FALSE,2.53574216443015,"EB_features","0f876d7390dace668ab8fb80547b949e","6a7e01742348969e8c623e21702185c6","59aa7c933549f429ba3e2f2dd2a053ec","9ab77a9aa1f9e74fe360823c43027d53"
"401869967",2026,2026-10-24 04:00:00,2026-09-09 14:21:34.612036,2026-09-09,2572,309,FALSE,1.26948158071447,"EB_features","0f876d7390dace668ab8fb80547b949e","6a7e01742348969e8c623e21702185c6","c522e5114187d2f66eca3230483b7b18","d8bd574ddd9ad0e9cd79e66045808ada"
"401871093",2026,2026-10-24 04:00:00,2026-09-09 14:21:34.612036,2026-09-09,2348,295,FALSE,-3.17714469758196,"EB_features","0f876d7390dace668ab8fb80547b949e","6a7e01742348969e8c623e21702185c6","73a311fbd055da85a22ce23e9f575ba3","955b038fc79f277a5729e67192956247"
"401871094",2026,2026-10-24 04:00:00,2026-09-09 14:21:34.612036,2026-09-09,2653,2433,FALSE,14.3084487792848,"EB_features","0f876d7390dace668ab8fb80547b949e","6a7e01742348969e8c623e21702185c6","bc6eeadbeb5cb0703a7550a47955974b","b67eb0fdf847b298a6f209ed247c9e37"
"401856728",2026,2026-10-24 16:00:00,2026-09-09 14:21:34.612036,2026-09-09,2,99,FALSE,-6.82784939900023,"EB_features","0f876d7390dace668ab8fb80547b949e","6a7e01742348969e8c623e21702185c6","40abe996fcfa08bcca8b0f429b344658","88ff88dc22b80121f69f76da3b24edc6"
"401862810",2026,2026-10-24 19:30:00,2026-09-09 14:21:34.612036,2026-09-09,2426,249,FALSE,2.09922958834061,"EB_features","0f876d7390dace668ab8fb80547b949e","6a7e01742348969e8c623e21702185c6","ebdba215351007bd1591b1ee0913636c","b36977426f9757e420295b7f780bd508"
"401864528",2026,2026-10-24 21:00:00,2026-09-09 14:21:34.612036,2026-09-09,2440,23,FALSE,5.81151579624731,"EB_features","0f876d7390dace668ab8fb80547b949e","6a7e01742348969e8c623e21702185c6","c0f4c8e2fbe2e4965f47269a0df6e530","6766f55fd9f3c8a70690e910f0258e9c"
"401860907",2026,2026-10-24 22:00:00,2026-09-09 14:21:34.612036,2026-09-09,265,68,FALSE,-5.00817000560881,"EB_features","0f876d7390dace668ab8fb80547b949e","6a7e01742348969e8c623e21702185c6","7b1d66bb72536a67efffc25d60ec6e3b","4271c6f8605b089bdbe49959c7fbc5e4"
"401860905",2026,2026-10-24 22:30:00,2026-09-09 14:21:34.612036,2026-09-09,36,21,FALSE,-3.20055128541629,"EB_features","0f876d7390dace668ab8fb80547b949e","6a7e01742348969e8c623e21702185c6","ff1e8dc4a99d29822e93f5a85af36f03","abb63d353fb3727fa656a17ba9f810ed"
"401869935",2026,2026-10-24 23:00:00,2026-09-09 14:21:34.612036,2026-09-09,2032,2247,FALSE,8.40933623987733,"EB_features","0f876d7390dace668ab8fb80547b949e","6a7e01742348969e8c623e21702185c6","4b2259e385da54913b005c4e54b52929","5e5fce5a5be67df65e5b0e73c16d4370"
"401860906",2026,2026-10-24 23:30:00,2026-09-09 14:21:34.612036,2026-09-09,326,328,FALSE,-3.83467922245445,"EB_features","0f876d7390dace668ab8fb80547b949e","6a7e01742348969e8c623e21702185c6","238f7bcbaa0d228c8e32e4211c2b750b","57d8430a616e3e997068dec969bee648"
"401864527",2026,2026-10-25 02:00:00,2026-09-09 14:21:34.612036,2026-09-09,167,2449,FALSE,2.13569441676675,"EB_features","0f876d7390dace668ab8fb80547b949e","6a7e01742348969e8c623e21702185c6","f054e0b224c10719c1e8c9d991ec8289","b836b34c1843f7b49db7c706f7efbfce"
"401871071",2026,2026-10-27 23:00:00,2026-09-09 14:21:34.612036,2026-09-09,98,48,FALSE,2.24197869589073,"EB_features","0f876d7390dace668ab8fb80547b949e","6a7e01742348969e8c623e21702185c6","69e8f14af2943d63c8c6b7a25a365d1a","9b8b42c93a4cc9b60c016b188fc7a515"
"401871072",2026,2026-10-28,2026-09-09 14:21:34.612036,2026-09-09,2623,2534,FALSE,1.49763328706118,"EB_features","0f876d7390dace668ab8fb80547b949e","6a7e01742348969e8c623e21702185c6","6ee5ae04e1f2eb031686d92bb4814358","c32bc795a6b1dc63ba3c4659cd0300b2"
"401871058",2026,2026-10-28 23:00:00,2026-09-09 14:21:34.612036,2026-09-09,2393,338,FALSE,1.76229369083046,"EB_features","0f876d7390dace668ab8fb80547b949e","6a7e01742348969e8c623e21702185c6","8fa69827e178f6093f0eda591ceaefb2","251655048dc363ad9228ec9c9b81445b"
"401871057",2026,2026-10-29,2026-09-09 14:21:34.612036,2026-09-09,166,55,FALSE,2.56743056816889,"EB_features","0f876d7390dace668ab8fb80547b949e","6a7e01742348969e8c623e21702185c6","9bd31c4931a23e1083ad971a566d61a6","ab79ec5590bdd5429e1b8ee082e3f3cc"
"401862812",2026,2026-10-29 23:30:00,2026-09-09 14:21:34.612036,2026-09-09,249,2226,FALSE,11.4979393990038,"EB_features","0f876d7390dace668ab8fb80547b949e","6a7e01742348969e8c623e21702185c6","b36977426f9757e420295b7f780bd508","5050a58835ce7c3f4024ffeb15f58273"
"401869963",2026,2026-10-29 23:30:00,2026-09-09 14:21:34.612036,2026-09-09,256,2653,FALSE,9.21336466214481,"EB_features","0f876d7390dace668ab8fb80547b949e","6a7e01742348969e8c623e21702185c6","0dfc7e4e5bc7f0374a939c195d4f0289","bc6eeadbeb5cb0703a7550a47955974b"
"401862813",2026,2026-10-30 23:00:00,2026-09-09 14:21:34.612036,2026-09-09,2429,2655,FALSE,-10.6966060089637,"EB_features","0f876d7390dace668ab8fb80547b949e","6a7e01742348969e8c623e21702185c6","8c9467c7f419b2788753f0294c8e2797","9bc1e0834e72aa18218cf0f6de9fd085"
"401856844",2026,2026-10-30 23:30:00,2026-09-09 14:21:34.612036,2026-09-09,2116,239,FALSE,-2.14058270344242,"EB_features","0f876d7390dace668ab8fb80547b949e","6a7e01742348969e8c623e21702185c6","8fc09cc9a14e26b1e057c14151b64e42","6810b0c8f0cfb4b1f669f4ab06082397"
"401866451",2026,2026-10-31 02:30:00,2026-09-09 14:21:34.612036,2026-09-09,16,2309,FALSE,16.4825022065991,"EB_features","0f876d7390dace668ab8fb80547b949e","6a7e01742348969e8c623e21702185c6","36580fcbe651755a81a77c1b1d368490","637a52f2e582d9c10059ed051cc55345"
"401856733",2026,2026-10-31 04:00:00,2026-09-09 14:21:34.612036,2026-09-09,8,142,FALSE,-4.43950263626745,"EB_features","0f876d7390dace668ab8fb80547b949e","6a7e01742348969e8c623e21702185c6","1aac1b589d06f7463ec0a3cae784aa82","45b76870c77c705ffca94e67a9d4f23a"
"401856735",2026,2026-10-31 04:00:00,2026-09-09 14:21:34.612036,2026-09-09,145,2,FALSE,9.47154417115146,"EB_features","0f876d7390dace668ab8fb80547b949e","6a7e01742348969e8c623e21702185c6","c50307b6d5e3e33b5c6d6a1efa6752cb","40abe996fcfa08bcca8b0f429b344658"
"401856736",2026,2026-10-31 04:00:00,2026-09-09 14:21:34.612036,2026-09-09,201,2579,FALSE,7.64678997480699,"EB_features","0f876d7390dace668ab8fb80547b949e","6a7e01742348969e8c623e21702185c6","d5c93a1988dc7919b7509323bd8e704d","d3faa8e42127835f3bd9ead2c3cc9ecc"
"401856737",2026,2026-10-31 04:00:00,2026-09-09 14:21:34.612036,2026-09-09,251,344,FALSE,19.9375254332132,"EB_features","0f876d7390dace668ab8fb80547b949e","6a7e01742348969e8c623e21702185c6","67b9cd488d45b7868ebe5ba45e56a1c4","7b82bc3b384605ca1f053ffc4e5d7855"
"401856842",2026,2026-10-31 04:00:00,2026-09-09 14:21:34.612036,2026-09-09,2641,12,FALSE,12.3464430827446,"EB_features","0f876d7390dace668ab8fb80547b949e","6a7e01742348969e8c623e21702185c6","884199abf019d1ead67bd15d2e61405b","c2af9208b56675d8eb57cb6ceba4e50d"
"401856843",2026,2026-10-31 04:00:00,2026-09-09 14:21:34.612036,2026-09-09,252,9,FALSE,13.9420407851176,"EB_features","0f876d7390dace668ab8fb80547b949e","6a7e01742348969e8c623e21702185c6","11ed1c04acdb3b5439ee345c420b751c","6f05d4268c71e41a027b4f3a6bc6d88e"
"401856845",2026,2026-10-31 04:00:00,2026-09-09 14:21:34.612036,2026-09-09,2628,2305,FALSE,10.2840221887542,"EB_features","0f876d7390dace668ab8fb80547b949e","6a7e01742348969e8c623e21702185c6","db2440cfed5ec97c8ce9e9514c9cc5fe","2641caeacbb78806e15fb0180f7c0f4a"
"401856846",2026,2026-10-31 04:00:00,2026-09-09 14:21:34.612036,2026-09-09,38,2306,FALSE,-5.25441472143006,"EB_features","0f876d7390dace668ab8fb80547b949e","6a7e01742348969e8c623e21702185c6","0cded405e418e4aa0efcf41b4b9a1b09","e52575130d9186303c964548d89d6922"
"401856847",2026,2026-10-31 04:00:00,2026-09-09 14:21:34.612036,2026-09-09,66,197,FALSE,18.9055929419717,"EB_features","0f876d7390dace668ab8fb80547b949e","6a7e01742348969e8c623e21702185c6","7d44fe20260a200571ec66793196e2ef","cdf97e1a122f3ec54f5ddbe334097bed"
"401856848",2026,2026-10-31 04:00:00,2026-09-09 14:21:34.612036,2026-09-09,2132,254,FALSE,-12.9791124664173,"EB_features","0f876d7390dace668ab8fb80547b949e","6a7e01742348969e8c623e21702185c6","7a2c5f924d3fe84c18c3eb80be27b2ac","c4211fa6ca3dab8a23bbd2f636300d01"
"401858277",2026,2026-10-31 04:00:00,2026-09-09 14:21:34.612036,2026-09-09,152,25,FALSE,10.8599181314386,"EB_features","0f876d7390dace668ab8fb80547b949e","6a7e01742348969e8c623e21702185c6","d2cc64fcdce71503fc7db360bdd09227","329b2478030dd77a1028fd2e763308cc"
"401858278",2026,2026-10-31 04:00:00,2026-09-09 14:21:34.612036,2026-09-09,183,2567,FALSE,-11.3198039999796,"EB_features","0f876d7390dace668ab8fb80547b949e","6a7e01742348969e8c623e21702185c6","3251c1abe0c702b279bbb1fa4201429f","afd6c06b20dc5966e911ab1f95ae95ca"
"401858279",2026,2026-10-31 04:00:00,2026-09-09 14:21:34.612036,2026-09-09,150,103,FALSE,15.4436961900288,"EB_features","0f876d7390dace668ab8fb80547b949e","6a7e01742348969e8c623e21702185c6","c1156057e989425ccd50772da5fc2a46","5ab8fbe76fc96613af6cd7a443611fb6"
"401858280",2026,2026-10-31 04:00:00,2026-09-09 14:21:34.612036,2026-09-09,52,228,FALSE,6.25233924916127,"EB_features","0f876d7390dace668ab8fb80547b949e","6a7e01742348969e8c623e21702185c6","c270562ee5b326a7db7a6295405e18e5","dfa1ca4b6a72470e2339225aed27af1f"
"401858281",2026,2026-10-31 04:00:00,2026-09-09 14:21:34.612036,2026-09-09,221,59,FALSE,11.6007266070805,"EB_features","0f876d7390dace668ab8fb80547b949e","6a7e01742348969e8c623e21702185c6","a98fc2259e0382c0c6be45c6c662c3bb","0faf49f27f5ae7d26984523f1c4fb71a"
"401858282",2026,2026-10-31 04:00:00,2026-09-09 14:21:34.612036,2026-09-09,153,2390,FALSE,-23.1942568943054,"EB_features","0f876d7390dace668ab8fb80547b949e","6a7e01742348969e8c623e21702185c6","f5f29cfdd5f128bc89573544cbea43f2","4fb4874fb6d26e2287e64266bfdad2a7"
"401858283",2026,2026-10-31 04:00:00,2026-09-09 14:21:34.612036,2026-09-09,97,24,FALSE,12.0839308328333,"EB_features","0f876d7390dace668ab8fb80547b949e","6a7e01742348969e8c623e21702185c6","3f0fe2aeb5bf72e27b0e223ec06c5bb2","02773f398309eb21b1c883c8bbb3bd68"
"401858284",2026,2026-10-31 04:00:00,2026-09-09 14:21:34.612036,2026-09-09,154,258,FALSE,-0.329636062544434,"EB_features","0f876d7390dace668ab8fb80547b949e","6a7e01742348969e8c623e21702185c6","11c8fca571f6196fa8ff62d036545d73","1f6ffbe81f04178ce9df2181e9bf7420"
"401858501",2026,2026-10-31 04:00:00,2026-09-09 14:21:34.612036,2026-09-09,84,135,FALSE,20.5558629623884,"EB_features","0f876d7390dace668ab8fb80547b949e","6a7e01742348969e8c623e21702185c6","3768d2d2b835271f4538738d58530b03","9aaf4e1cd53cca0107081a4b3a958fd5"
"401858502",2026,2026-10-31 04:00:00,2026-09-09 14:21:34.612036,2026-09-09,2294,275,FALSE,15.2711859777114,"EB_features","0f876d7390dace668ab8fb80547b949e","6a7e01742348969e8c623e21702185c6","aab81e96f5fb1608b20c490144f87422","b831ec4ebbb59170b72cfed9a526336f"
"401858503",2026,2026-10-31 04:00:00,2026-09-09 14:21:34.612036,2026-09-09,120,356,FALSE,1.35224926023099,"EB_features","0f876d7390dace668ab8fb80547b949e","6a7e01742348969e8c623e21702185c6","c51658bf2c0a8efd3653bd4186424622","9b21208b9e021e64e98760236068f627"
"401858504",2026,2026-10-31 04:00:00,2026-09-09 14:21:34.612036,2026-09-09,158,264,FALSE,-1.37511097966876,"EB_features","0f876d7390dace668ab8fb80547b949e","6a7e01742348969e8c623e21702185c6","8def1311b7a1356fda62ffd35baf5e14","2c9b7f4d0bf070a3af884f5d951f654f"
"401858505",2026,2026-10-31 04:00:00,2026-09-09 14:21:34.612036,2026-09-09,2483,77,FALSE,25.8528319669553,"EB_features","0f876d7390dace668ab8fb80547b949e","6a7e01742348969e8c623e21702185c6","cf518ee4f79294bd3aeff6a7dcf49a23","bb3c371f9b2eaf02e527fc62a7782e94"
"401858506",2026,2026-10-31 04:00:00,2026-09-09 14:21:34.612036,2026-09-09,213,2509,FALSE,21.6831298852484,"EB_features","0f876d7390dace668ab8fb80547b949e","6a7e01742348969e8c623e21702185c6","ece5ce0dc7e76753bc3ace6caa052eaa","af0359bd4ce9e8bc1127b05c38e58457"
"401858507",2026,2026-10-31 04:00:00,2026-09-09 14:21:34.612036,2026-09-09,164,130,FALSE,-16.2218271194162,"EB_features","0f876d7390dace668ab8fb80547b949e","6a7e01742348969e8c623e21702185c6","2f698f9fd597154df2cb5e3d1516358b","8478fefda13d0ed176108f299dca1507"
"401858508",2026,2026-10-31 04:00:00,2026-09-09 14:21:34.612036,2026-09-09,26,2440,FALSE,8.00840778414987,"EB_features","0f876d7390dace668ab8fb80547b949e","6a7e01742348969e8c623e21702185c6","3d0a972ff83ee9b3c802294c5d1be95b","c0f4c8e2fbe2e4965f47269a0df6e530"
"401858509",2026,2026-10-31 04:00:00,2026-09-09 14:21:34.612036,2026-09-09,30,194,FALSE,-5.28873788939213,"EB_features","0f876d7390dace668ab8fb80547b949e","6a7e01742348969e8c623e21702185c6","70b306e524ab9e5d626e5375874643b5","1dadbf23e45be58734cf44b7361b207e"
"401860924",2026,2026-10-31 04:00:00,2026-09-09 14:21:34.612036,2026-09-09,278,204,FALSE,7.36855492197303,"EB_features","0f876d7390dace668ab8fb80547b949e","6a7e01742348969e8c623e21702185c6","2036836a8258fd0ed067589130f8be39","bfba3fcd701482c1a2b3ad5cc9936e27"
"401862814",2026,2026-10-31 04:00:00,2026-09-09 14:21:34.612036,2026-09-09,235,349,FALSE,4.33614286989463,"EB_features","0f876d7390dace668ab8fb80547b949e","6a7e01742348969e8c623e21702185c6","0d0cf1a21c8077f40683542ad91fc69e","16ee6b4944b6f93478aed4e92cc32a2d"
"401862815",2026,2026-10-31 04:00:00,2026-09-09 14:21:34.612036,2026-09-09,151,218,FALSE,7.41071139761623,"EB_features","0f876d7390dace668ab8fb80547b949e","6a7e01742348969e8c623e21702185c6","00ee9da462ecde653f824773e238a67c","e4600a10678d628e3165c719ea6b786c"
"401862816",2026,2026-10-31 04:00:00,2026-09-09 14:21:34.612036,2026-09-09,58,5,FALSE,20.4590154070128,"EB_features","0f876d7390dace668ab8fb80547b949e","6a7e01742348969e8c623e21702185c6","bf47e772a12ef942e67fc0f89d61f447","afb96c376c872362fd620dfc9237a140"
"401864529",2026,2026-10-31 04:00:00,2026-09-09 14:21:34.612036,2026-09-09,23,167,FALSE,-4.60605232268398,"EB_features","0f876d7390dace668ab8fb80547b949e","6a7e01742348969e8c623e21702185c6","6766f55fd9f3c8a70690e910f0258e9c","f054e0b224c10719c1e8c9d991ec8289"
"401869846",2026,2026-10-31 04:00:00,2026-09-09 14:21:34.612036,2026-09-09,290,2026,FALSE,6.18066337985701,"EB_features","0f876d7390dace668ab8fb80547b949e","6a7e01742348969e8c623e21702185c6","f485dbbb67e55245ff20fc33fafb400f","cd8ed30be082510fd99d84deb5dc2f00"
"401869944",2026,2026-10-31 04:00:00,2026-09-09 14:21:34.612036,2026-09-09,2247,324,FALSE,0.797973930467206,"EB_features","0f876d7390dace668ab8fb80547b949e","6a7e01742348969e8c623e21702185c6","5e5fce5a5be67df65e5b0e73c16d4370","04aad5c1b6004f362e3d8bf785a93811"
"401871095",2026,2026-10-31 04:00:00,2026-09-09 14:21:34.612036,2026-09-09,2433,2572,FALSE,-4.42890576573419,"EB_features","0f876d7390dace668ab8fb80547b949e","6a7e01742348969e8c623e21702185c6","b67eb0fdf847b298a6f209ed247c9e37","c522e5114187d2f66eca3230483b7b18"
"401871096",2026,2026-10-31 04:00:00,2026-09-09 14:21:34.612036,2026-09-09,295,276,FALSE,16.5908827510607,"EB_features","0f876d7390dace668ab8fb80547b949e","6a7e01742348969e8c623e21702185c6","955b038fc79f277a5729e67192956247","e4ba0f6becf1bf1ac79e34db8a1f047b"
"401871097",2026,2026-10-31 04:00:00,2026-09-09 14:21:34.612036,2026-09-09,6,2348,FALSE,-1.10394760993166,"EB_features","0f876d7390dace668ab8fb80547b949e","6a7e01742348969e8c623e21702185c6","b2284c9faa78a1139b594e35efa8e292","73a311fbd055da85a22ce23e9f575ba3"
"401859185",2026,2026-10-31 16:00:00,2026-09-09 14:21:34.612036,2026-09-09,2426,87,TRUE,-33.9625885096829,"EB_features","0f876d7390dace668ab8fb80547b949e","6a7e01742348969e8c623e21702185c6","ebdba215351007bd1591b1ee0913636c","2936fe3fbaaeaa4c7a7dbf5561a30e32"
"401866452",2026,2026-10-31 16:00:00,2026-09-09 14:21:34.612036,2026-09-09,2711,189,FALSE,16.0635283395275,"EB_features","0f876d7390dace668ab8fb80547b949e","6a7e01742348969e8c623e21702185c6","42dbc1ef8f48ca3fb71add7e537e53d1","8d76b25c49b06f27779bdd180b7adea6"
"401861966",2026,2026-10-31 19:00:00,2026-09-09 14:21:34.612036,2026-09-09,2005,41,FALSE,15.6072156816935,"EB_features","0f876d7390dace668ab8fb80547b949e","6a7e01742348969e8c623e21702185c6","d10b911216481b23641f069dd93cf71f","39db6bb008fc9c763dfbd6cded6d7a6c"
"401856734",2026,2026-10-31 19:30:00,2026-09-09 14:21:34.612036,2026-09-09,61,57,TRUE,11.1624289332249,"EB_features","0f876d7390dace668ab8fb80547b949e","6a7e01742348969e8c623e21702185c6","f81d09176dfc38899d2ce76fa71585c5","8f489d9d2757643a7c99dd694be974d3"
"401860910",2026,2026-10-31 19:30:00,2026-09-09 14:21:34.612036,2026-09-09,328,36,FALSE,9.06160084845641,"EB_features","0f876d7390dace668ab8fb80547b949e","6a7e01742348969e8c623e21702185c6","57d8430a616e3e997068dec969bee648","ff1e8dc4a99d29822e93f5a85af36f03"
"401864531",2026,2026-10-31 19:30:00,2026-09-09 14:21:34.612036,2026-09-09,2449,2638,FALSE,20.0344939705409,"EB_features","0f876d7390dace668ab8fb80547b949e","6a7e01742348969e8c623e21702185c6","b836b34c1843f7b49db7c706f7efbfce","c7bfb7808a68e89581002a7dcc2e587b"
"401871059",2026,2026-10-31 19:30:00,2026-09-09 14:21:34.612036,2026-09-09,2335,2229,FALSE,3.42828661148827,"EB_features","0f876d7390dace668ab8fb80547b949e","6a7e01742348969e8c623e21702185c6","df70e6d389f319dc53553322e725d9de","c9534812b49a12e04231d9666f528b2c"
"401860909",2026,2026-10-31 23:00:00,2026-09-09 14:21:34.612036,2026-09-09,21,265,FALSE,4.13437608857067,"EB_features","0f876d7390dace668ab8fb80547b949e","6a7e01742348969e8c623e21702185c6","abb63d353fb3727fa656a17ba9f810ed","7b1d66bb72536a67efffc25d60ec6e3b"
"401860908",2026,2026-11-01 02:00:00,2026-09-09 14:21:34.612036,2026-09-09,68,326,FALSE,17.2586617106123,"EB_features","0f876d7390dace668ab8fb80547b949e","6a7e01742348969e8c623e21702185c6","4271c6f8605b089bdbe49959c7fbc5e4","238f7bcbaa0d228c8e32e4211c2b750b"
"401864530",2026,2026-11-01 02:30:00,2026-09-09 14:21:34.612036,2026-09-09,2439,2459,FALSE,14.4801029679315,"EB_features","0f876d7390dace668ab8fb80547b949e","6a7e01742348969e8c623e21702185c6","625c8d09cb5566747a87b1881999e940","a905b6aee057a28af1aa90a6bf248678"
"401866453",2026,2026-11-04,2026-09-09 14:21:34.612036,2026-09-09,2006,195,FALSE,-5.66809383641602,"EB_features","0f876d7390dace668ab8fb80547b949e","6a7e01742348969e8c623e21702185c6","a8adfc33f1370b70963d4770b5fe642a","7bef1e0032f3506acafee467c9ce5586"
"401866454",2026,2026-11-04,2026-09-09 14:21:34.612036,2026-09-09,193,2084,FALSE,3.66907334814039,"EB_features","0f876d7390dace668ab8fb80547b949e","6a7e01742348969e8c623e21702185c6","9ab77a9aa1f9e74fe360823c43027d53","cc0b8d6aaa84aecaaddbdf4cac337ac8"
"401866455",2026,2026-11-04 05:00:00,2026-09-09 14:21:34.612036,2026-09-09,113,2050,FALSE,1.63751624231757,"EB_features","0f876d7390dace668ab8fb80547b949e","6a7e01742348969e8c623e21702185c6","591b11313e7b72065c5b03d820c906e9","54015ad44841288784a9adcc2e1fb115"
"401866456",2026,2026-11-04 05:00:00,2026-09-09 14:21:34.612036,2026-09-09,2199,2117,TRUE,7.09177725076998,"EB_features","0f876d7390dace668ab8fb80547b949e","6a7e01742348969e8c623e21702185c6","1ef58a420bc1a2ff91581f396ff8afed","59aa7c933549f429ba3e2f2dd2a053ec"
"401866457",2026,2026-11-04 05:00:00,2026-09-09 14:21:34.612036,2026-09-09,16,2649,FALSE,2.57822548490191,"EB_features","0f876d7390dace668ab8fb80547b949e","6a7e01742348969e8c623e21702185c6","36580fcbe651755a81a77c1b1d368490","505444a7f6657d3505ae4b3168c01642"
"401862817",2026,2026-11-06 01:00:00,2026-09-09 14:21:34.612036,2026-09-09,2226,2636,FALSE,-9.12558596087214,"EB_features","0f876d7390dace668ab8fb80547b949e","6a7e01742348969e8c623e21702185c6","5050a58835ce7c3f4024ffeb15f58273","51ec18b4a34dc8bda112c6242a8b36c8"
"401869964",2026,2026-11-06 01:00:00,2026-09-09 14:21:34.612036,2026-09-09,2572,256,FALSE,-6.81874891958885,"EB_features","0f876d7390dace668ab8fb80547b949e","6a7e01742348969e8c623e21702185c6","c522e5114187d2f66eca3230483b7b18","0dfc7e4e5bc7f0374a939c195d4f0289"
"401858288",2026,2026-11-07,2026-09-09 14:21:34.612036,2026-09-09,2567,259,FALSE,13.0122803266151,"EB_features","0f876d7390dace668ab8fb80547b949e","6a7e01742348969e8c623e21702185c6","afd6c06b20dc5966e911ab1f95ae95ca","91cda8f04c1ff98768375ee74ac153f6"
"401862818",2026,2026-11-07 00:30:00,2026-09-09 14:21:34.612036,2026-09-09,151,58,FALSE,-0.334675883995303,"EB_features","0f876d7390dace668ab8fb80547b949e","6a7e01742348969e8c623e21702185c6","00ee9da462ecde653f824773e238a67c","bf47e772a12ef942e67fc0f89d61f447"
"401858510",2026,2026-11-07 01:00:00,2026-09-09 14:21:34.612036,2026-09-09,356,158,FALSE,-1.54056640726911,"EB_features","0f876d7390dace668ab8fb80547b949e","6a7e01742348969e8c623e21702185c6","9b21208b9e021e64e98760236068f627","8def1311b7a1356fda62ffd35baf5e14"
"401864533",2026,2026-11-07 02:00:00,2026-09-09 14:21:34.612036,2026-09-09,2440,167,FALSE,-1.86307621546331,"EB_features","0f876d7390dace668ab8fb80547b949e","6a7e01742348969e8c623e21702185c6","c0f4c8e2fbe2e4965f47269a0df6e530","f054e0b224c10719c1e8c9d991ec8289"
"401856855",2026,2026-11-07 03:15:00,2026-09-09 14:21:34.612036,2026-09-09,12,2628,FALSE,8.47317224095677,"EB_features","0f876d7390dace668ab8fb80547b949e","6a7e01742348969e8c623e21702185c6","c2af9208b56675d8eb57cb6ceba4e50d","db2440cfed5ec97c8ce9e9514c9cc5fe"
"401856738",2026,2026-11-07 05:00:00,2026-09-09 14:21:34.612036,2026-09-09,2,8,FALSE,9.89811098144042,"EB_features","0f876d7390dace668ab8fb80547b949e","6a7e01742348969e8c623e21702185c6","40abe996fcfa08bcca8b0f429b344658","1aac1b589d06f7463ec0a3cae784aa82"
"401856739",2026,2026-11-07 05:00:00,2026-09-09 14:21:34.612036,2026-09-09,57,201,FALSE,-2.1601211365326,"EB_features","0f876d7390dace668ab8fb80547b949e","6a7e01742348969e8c623e21702185c6","8f489d9d2757643a7c99dd694be974d3","d5c93a1988dc7919b7509323bd8e704d"
"401856740",2026,2026-11-07 05:00:00,2026-09-09 14:21:34.612036,2026-09-09,99,333,FALSE,-3.04233258897155,"EB_features","0f876d7390dace668ab8fb80547b949e","6a7e01742348969e8c623e21702185c6","88ff88dc22b80121f69f76da3b24edc6","a16c0f26515ab4a75eeec83b1a7f54a2"
"401856741",2026,2026-11-07 05:00:00,2026-09-09 14:21:34.612036,2026-09-09,145,61,FALSE,-9.59744365639701,"EB_features","0f876d7390dace668ab8fb80547b949e","6a7e01742348969e8c623e21702185c6","c50307b6d5e3e33b5c6d6a1efa6752cb","f81d09176dfc38899d2ce76fa71585c5"
"401856742",2026,2026-11-07 05:00:00,2026-09-09 14:21:34.612036,2026-09-09,344,238,FALSE,1.52259358993802,"EB_features","0f876d7390dace668ab8fb80547b949e","6a7e01742348969e8c623e21702185c6","7b82bc3b384605ca1f053ffc4e5d7855","0a40c3bbdf0aa67e62605e7a1e7529dc"
"401856743",2026,2026-11-07 05:00:00,2026-09-09 14:21:34.612036,2026-09-09,142,251,FALSE,-13.3910546057309,"EB_features","0f876d7390dace668ab8fb80547b949e","6a7e01742348969e8c623e21702185c6","45b76870c77c705ffca94e67a9d4f23a","67b9cd488d45b7868ebe5ba45e56a1c4"
"401856744",2026,2026-11-07 05:00:00,2026-09-09 14:21:34.612036,2026-09-09,2579,245,FALSE,-4.55280703112695,"EB_features","0f876d7390dace668ab8fb80547b949e","6a7e01742348969e8c623e21702185c6","d3faa8e42127835f3bd9ead2c3cc9ecc","4376b7a97342077fa6eafa7830573fb3"
"401856745",2026,2026-11-07 05:00:00,2026-09-09 14:21:34.612036,2026-09-09,2633,96,FALSE,16.7711621909464,"EB_features","0f876d7390dace668ab8fb80547b949e","6a7e01742348969e8c623e21702185c6","ae6ef8c182cb9c91e5b7adbf993baabe","2def3b3245803eb09f1a4a032e70a4ad"
"401856849",2026,2026-11-07 05:00:00,2026-09-09 14:21:34.612036,2026-09-09,254,252,FALSE,5.29314275077081,"EB_features","0f876d7390dace668ab8fb80547b949e","6a7e01742348969e8c623e21702185c6","c4211fa6ca3dab8a23bbd2f636300d01","11ed1c04acdb3b5439ee345c420b751c"
"401856850",2026,2026-11-07 05:00:00,2026-09-09 14:21:34.612036,2026-09-09,2305,2116,FALSE,4.292947394266,"EB_features","0f876d7390dace668ab8fb80547b949e","6a7e01742348969e8c623e21702185c6","2641caeacbb78806e15fb0180f7c0f4a","8fc09cc9a14e26b1e057c14151b64e42"
"401856851",2026,2026-11-07 05:00:00,2026-09-09 14:21:34.612036,2026-09-09,248,2132,FALSE,7.30620163687513,"EB_features","0f876d7390dace668ab8fb80547b949e","6a7e01742348969e8c623e21702185c6","6d4aee3c47acae8c06bc3fe58bcde560","7a2c5f924d3fe84c18c3eb80be27b2ac"
"401856852",2026,2026-11-07 05:00:00,2026-09-09 14:21:34.612036,2026-09-09,9,38,FALSE,7.55341823125127,"EB_features","0f876d7390dace668ab8fb80547b949e","6a7e01742348969e8c623e21702185c6","6f05d4268c71e41a027b4f3a6bc6d88e","0cded405e418e4aa0efcf41b4b9a1b09"
"401856853",2026,2026-11-07 05:00:00,2026-09-09 14:21:34.612036,2026-09-09,239,66,FALSE,4.59739513236038,"EB_features","0f876d7390dace668ab8fb80547b949e","6a7e01742348969e8c623e21702185c6","6810b0c8f0cfb4b1f669f4ab06082397","7d44fe20260a200571ec66793196e2ef"
"401856854",2026,2026-11-07 05:00:00,2026-09-09 14:21:34.612036,2026-09-09,2306,197,FALSE,24.4747308268634,"EB_features","0f876d7390dace668ab8fb80547b949e","6a7e01742348969e8c623e21702185c6","e52575130d9186303c964548d89d6922","cdf97e1a122f3ec54f5ddbe334097bed"
"401856856",2026,2026-11-07 05:00:00,2026-09-09 14:21:34.612036,2026-09-09,2641,277,FALSE,26.8331890741833,"EB_features","0f876d7390dace668ab8fb80547b949e","6a7e01742348969e8c623e21702185c6","884199abf019d1ead67bd15d2e61405b","689a40dc91aa6324e60cc811d1e89cd0"
"401858285",2026,2026-11-07 05:00:00,2026-09-09 14:21:34.612036,2026-09-09,183,228,FALSE,-7.63188037010474,"EB_features","0f876d7390dace668ab8fb80547b949e","6a7e01742348969e8c623e21702185c6","3251c1abe0c702b279bbb1fa4201429f","dfa1ca4b6a72470e2339225aed27af1f"
"401858286",2026,2026-11-07 05:00:00,2026-09-09 14:21:34.612036,2026-09-09,152,150,FALSE,0.554243834801512,"EB_features","0f876d7390dace668ab8fb80547b949e","6a7e01742348969e8c623e21702185c6","d2cc64fcdce71503fc7db360bdd09227","c1156057e989425ccd50772da5fc2a46"
"401858287",2026,2026-11-07 05:00:00,2026-09-09 14:21:34.612036,2026-09-09,59,97,FALSE,-0.290003650900346,"EB_features","0f876d7390dace668ab8fb80547b949e","6a7e01742348969e8c623e21702185c6","0faf49f27f5ae7d26984523f1c4fb71a","3f0fe2aeb5bf72e27b0e223ec06c5bb2"
"401858289",2026,2026-11-07 05:00:00,2026-09-09 14:21:34.612036,2026-09-09,103,52,FALSE,-15.0231267507856,"EB_features","0f876d7390dace668ab8fb80547b949e","6a7e01742348969e8c623e21702185c6","5ab8fbe76fc96613af6cd7a443611fb6","c270562ee5b326a7db7a6295405e18e5"
"401858511",2026,2026-11-07 05:00:00,2026-09-09 14:21:34.612036,2026-09-09,130,127,FALSE,16.071441776165,"EB_features","0f876d7390dace668ab8fb80547b949e","6a7e01742348969e8c623e21702185c6","8478fefda13d0ed176108f299dca1507","c096003f85ce18480a4eaa8b8c51b344"
"401858512",2026,2026-11-07 05:00:00,2026-09-09 14:21:34.612036,2026-09-09,135,26,FALSE,6.1938183517649,"EB_features","0f876d7390dace668ab8fb80547b949e","6a7e01742348969e8c623e21702185c6","9aaf4e1cd53cca0107081a4b3a958fd5","3d0a972ff83ee9b3c802294c5d1be95b"
"401858513",2026,2026-11-07 05:00:00,2026-09-09 14:21:34.612036,2026-09-09,77,2294,FALSE,-9.23914887336301,"EB_features","0f876d7390dace668ab8fb80547b949e","6a7e01742348969e8c623e21702185c6","bb3c371f9b2eaf02e527fc62a7782e94","aab81e96f5fb1608b20c490144f87422"
"401858514",2026,2026-11-07 05:00:00,2026-09-09 14:21:34.612036,2026-09-09,194,2483,FALSE,6.78400702316786,"EB_features","0f876d7390dace668ab8fb80547b949e","6a7e01742348969e8c623e21702185c6","1dadbf23e45be58734cf44b7361b207e","cf518ee4f79294bd3aeff6a7dcf49a23"
"401858515",2026,2026-11-07 05:00:00,2026-09-09 14:21:34.612036,2026-09-09,2509,120,FALSE,-3.76397400324883,"EB_features","0f876d7390dace668ab8fb80547b949e","6a7e01742348969e8c623e21702185c6","af0359bd4ce9e8bc1127b05c38e58457","c51658bf2c0a8efd3653bd4186424622"
"401858516",2026,2026-11-07 05:00:00,2026-09-09 14:21:34.612036,2026-09-09,264,213,FALSE,2.05551037886711,"EB_features","0f876d7390dace668ab8fb80547b949e","6a7e01742348969e8c623e21702185c6","2c9b7f4d0bf070a3af884f5d951f654f","ece5ce0dc7e76753bc3ace6caa052eaa"
"401858517",2026,2026-11-07 05:00:00,2026-09-09 14:21:34.612036,2026-09-09,275,164,FALSE,11.2939763582823,"EB_features","0f876d7390dace668ab8fb80547b949e","6a7e01742348969e8c623e21702185c6","b831ec4ebbb59170b72cfed9a526336f","2f698f9fd597154df2cb5e3d1516358b"
"401862819",2026,2026-11-07 05:00:00,2026-09-09 14:21:34.612036,2026-09-09,5,2429,FALSE,3.73075997641365,"EB_features","0f876d7390dace668ab8fb80547b949e","6a7e01742348969e8c623e21702185c6","afb96c376c872362fd620dfc9237a140","8c9467c7f419b2788753f0294c8e2797"
"401862821",2026,2026-11-07 05:00:00,2026-09-09 14:21:34.612036,2026-09-09,249,242,FALSE,13.6990160594052,"EB_features","0f876d7390dace668ab8fb80547b949e","6a7e01742348969e8c623e21702185c6","b36977426f9757e420295b7f780bd508","78773b50be4cd237c43989528416e481"
"401862822",2026,2026-11-07 05:00:00,2026-09-09 14:21:34.612036,2026-09-09,2655,202,FALSE,9.74599330832593,"EB_features","0f876d7390dace668ab8fb80547b949e","6a7e01742348969e8c623e21702185c6","9bc1e0834e72aa18218cf0f6de9fd085","9cdd2398a3ae82086f232208d11882ce"
"401864532",2026,2026-11-07 05:00:00,2026-09-09 14:21:34.612036,2026-09-09,2638,62,FALSE,-6.13681056103949,"EB_features","0f876d7390dace668ab8fb80547b949e","6a7e01742348969e8c623e21702185c6","c7bfb7808a68e89581002a7dcc2e587b","ab1ec64edc20f80f725d49e7044768c8"
"401864534",2026,2026-11-07 05:00:00,2026-09-09 14:21:34.612036,2026-09-09,23,2459,FALSE,9.15057021100817,"EB_features","0f876d7390dace668ab8fb80547b949e","6a7e01742348969e8c623e21702185c6","6766f55fd9f3c8a70690e910f0258e9c","a905b6aee057a28af1aa90a6bf248678"
"401869927",2026,2026-11-07 05:00:00,2026-09-09 14:21:34.612036,2026-09-09,2026,2247,FALSE,5.9389641635401,"EB_features","0f876d7390dace668ab8fb80547b949e","6a7e01742348969e8c623e21702185c6","cd8ed30be082510fd99d84deb5dc2f00","5e5fce5a5be67df65e5b0e73c16d4370"
"401869945",2026,2026-11-07 05:00:00,2026-09-09 14:21:34.612036,2026-09-09,324,295,FALSE,-11.0946155244102,"EB_features","0f876d7390dace668ab8fb80547b949e","6a7e01742348969e8c623e21702185c6","04aad5c1b6004f362e3d8bf785a93811","955b038fc79f277a5729e67192956247"
"401869951",2026,2026-11-07 05:00:00,2026-09-09 14:21:34.612036,2026-09-09,290,276,FALSE,6.13970994440829,"EB_features","0f876d7390dace668ab8fb80547b949e","6a7e01742348969e8c623e21702185c6","f485dbbb67e55245ff20fc33fafb400f","e4ba0f6becf1bf1ac79e34db8a1f047b"
"401869968",2026,2026-11-07 05:00:00,2026-09-09 14:21:34.612036,2026-09-09,309,6,FALSE,2.36826310269983,"EB_features","0f876d7390dace668ab8fb80547b949e","6a7e01742348969e8c623e21702185c6","d8bd574ddd9ad0e9cd79e66045808ada","b2284c9faa78a1139b594e35efa8e292"
"401871098",2026,2026-11-07 05:00:00,2026-09-09 14:21:34.612036,2026-09-09,2653,2348,FALSE,0.139181330926684,"EB_features","0f876d7390dace668ab8fb80547b949e","6a7e01742348969e8c623e21702185c6","bc6eeadbeb5cb0703a7550a47955974b","73a311fbd055da85a22ce23e9f575ba3"
"401858292",2026,2026-11-07 17:00:00,2026-09-09 14:21:34.612036,2026-09-09,41,153,FALSE,-10.5840986436687,"EB_features","0f876d7390dace668ab8fb80547b949e","6a7e01742348969e8c623e21702185c6","39db6bb008fc9c763dfbd6cded6d7a6c","f5f29cfdd5f128bc89573544cbea43f2"
"401869936",2026,2026-11-07 20:00:00,2026-09-09 14:21:34.612036,2026-09-09,2032,2433,FALSE,12.3905671028477,"EB_features","0f876d7390dace668ab8fb80547b949e","6a7e01742348969e8c623e21702185c6","4b2259e385da54913b005c4e54b52929","b67eb0fdf847b298a6f209ed247c9e37"
"401871073",2026,2026-11-07 20:00:00,2026-09-09 14:21:34.612036,2026-09-09,338,48,FALSE,4.0837666162615,"EB_features","0f876d7390dace668ab8fb80547b949e","6a7e01742348969e8c623e21702185c6","251655048dc363ad9228ec9c9b81445b","9b8b42c93a4cc9b60c016b188fc7a515"
"401862820",2026,2026-11-07 20:30:00,2026-09-09 14:21:34.612036,2026-09-09,2426,218,FALSE,4.62630070406287,"EB_features","0f876d7390dace668ab8fb80547b949e","6a7e01742348969e8c623e21702185c6","ebdba215351007bd1591b1ee0913636c","e4600a10678d628e3165c719ea6b786c"
"401871076",2026,2026-11-07 20:30:00,2026-09-09 14:21:34.612036,2026-09-09,2393,98,FALSE,3.60408161120123,"EB_features","0f876d7390dace668ab8fb80547b949e","6a7e01742348969e8c623e21702185c6","8fa69827e178f6093f0eda591ceaefb2","69e8f14af2943d63c8c6b7a25a365d1a"
"401871074",2026,2026-11-07 21:00:00,2026-09-09 14:21:34.612036,2026-09-09,2229,2623,FALSE,11.3228716885345,"EB_features","0f876d7390dace668ab8fb80547b949e","6a7e01742348969e8c623e21702185c6","c9534812b49a12e04231d9666f528b2c","6ee5ae04e1f2eb031686d92bb4814358"
"401870795",2026,2026-11-07 22:00:00,2026-09-09 14:21:34.612036,2026-09-09,166,2335,FALSE,0.663766570426263,"EB_features","0f876d7390dace668ab8fb80547b949e","6a7e01742348969e8c623e21702185c6","9bd31c4931a23e1083ad971a566d61a6","df70e6d389f319dc53553322e725d9de"
"401860911",2026,2026-11-07 23:00:00,2026-09-09 14:21:34.612036,2026-09-09,36,68,FALSE,-10.2114245805077,"EB_features","0f876d7390dace668ab8fb80547b949e","6a7e01742348969e8c623e21702185c6","ff1e8dc4a99d29822e93f5a85af36f03","4271c6f8605b089bdbe49959c7fbc5e4"
"401871075",2026,2026-11-08,2026-09-09 14:21:34.612036,2026-09-09,55,2534,FALSE,8.20804821128806,"EB_features","0f876d7390dace668ab8fb80547b949e","6a7e01742348969e8c623e21702185c6","ab79ec5590bdd5429e1b8ee082e3f3cc","c32bc795a6b1dc63ba3c4659cd0300b2"
"401858291",2026,2026-11-08 00:30:00,2026-09-09 14:21:34.612036,2026-09-09,87,2390,FALSE,5.89720300266535,"EB_features","0f876d7390dace668ab8fb80547b949e","6a7e01742348969e8c623e21702185c6","2936fe3fbaaeaa4c7a7dbf5561a30e32","4fb4874fb6d26e2287e64266bfdad2a7"
"401862823",2026,2026-11-08 00:30:00,2026-09-09 14:21:34.612036,2026-09-09,349,2005,FALSE,2.31230186946,"EB_features","0f876d7390dace668ab8fb80547b949e","6a7e01742348969e8c623e21702185c6","16ee6b4944b6f93478aed4e92cc32a2d","d10b911216481b23641f069dd93cf71f"
"401860913",2026,2026-11-08 02:30:00,2026-09-09 14:21:34.612036,2026-09-09,328,278,FALSE,8.81966607343565,"EB_features","0f876d7390dace668ab8fb80547b949e","6a7e01742348969e8c623e21702185c6","57d8430a616e3e997068dec969bee648","2036836a8258fd0ed067589130f8be39"
"401860912",2026,2026-11-08 03:30:00,2026-09-09 14:21:34.612036,2026-09-09,204,326,FALSE,-0.0793830168477103,"EB_features","0f876d7390dace668ab8fb80547b949e","6a7e01742348969e8c623e21702185c6","bfba3fcd701482c1a2b3ad5cc9936e27","238f7bcbaa0d228c8e32e4211c2b750b"
"401864535",2026,2026-11-08 03:30:00,2026-09-09 14:21:34.612036,2026-09-09,2439,2751,FALSE,13.659149412354,"EB_features","0f876d7390dace668ab8fb80547b949e","6a7e01742348969e8c623e21702185c6","625c8d09cb5566747a87b1881999e940","26f553768cb786b000750541aa75d916"
"401866458",2026,2026-11-11,2026-09-09 14:21:34.612036,2026-09-09,2006,2711,FALSE,-15.0402576695815,"EB_features","0f876d7390dace668ab8fb80547b949e","6a7e01742348969e8c623e21702185c6","a8adfc33f1370b70963d4770b5fe642a","42dbc1ef8f48ca3fb71add7e537e53d1"
"401866459",2026,2026-11-11,2026-09-09 14:21:34.612036,2026-09-09,189,2309,FALSE,9.29973483865357,"EB_features","0f876d7390dace668ab8fb80547b949e","6a7e01742348969e8c623e21702185c6","8d76b25c49b06f27779bdd180b7adea6","637a52f2e582d9c10059ed051cc55345"
"401866460",2026,2026-11-11,2026-09-09 14:21:34.612036,2026-09-09,193,195,FALSE,-1.27973677695215,"EB_features","0f876d7390dace668ab8fb80547b949e","6a7e01742348969e8c623e21702185c6","9ab77a9aa1f9e74fe360823c43027d53","7bef1e0032f3506acafee467c9ce5586"
"401866461",2026,2026-11-11 05:00:00,2026-09-09 14:21:34.612036,2026-09-09,2050,2084,FALSE,-1.44582416532732,"EB_features","0f876d7390dace668ab8fb80547b949e","6a7e01742348969e8c623e21702185c6","54015ad44841288784a9adcc2e1fb115","cc0b8d6aaa84aecaaddbdf4cac337ac8"
"401866462",2026,2026-11-11 05:00:00,2026-09-09 14:21:34.612036,2026-09-09,2117,16,FALSE,-5.37247685215874,"EB_features","0f876d7390dace668ab8fb80547b949e","6a7e01742348969e8c623e21702185c6","59aa7c933549f429ba3e2f2dd2a053ec","36580fcbe651755a81a77c1b1d368490"
"401866463",2026,2026-11-11 05:00:00,2026-09-09 14:21:34.612036,2026-09-09,2649,113,FALSE,18.012993869917,"EB_features","0f876d7390dace668ab8fb80547b949e","6a7e01742348969e8c623e21702185c6","505444a7f6657d3505ae4b3168c01642","591b11313e7b72065c5b03d820c906e9"
"401862824",2026,2026-11-13 01:00:00,2026-09-09 14:21:34.612036,2026-09-09,58,235,FALSE,4.98763432161684,"EB_features","0f876d7390dace668ab8fb80547b949e","6a7e01742348969e8c623e21702185c6","bf47e772a12ef942e67fc0f89d61f447","0d0cf1a21c8077f40683542ad91fc69e"
"401869969",2026,2026-11-13 02:00:00,2026-09-09 14:21:34.612036,2026-09-09,2433,309,FALSE,-6.22796387404635,"EB_features","0f876d7390dace668ab8fb80547b949e","6a7e01742348969e8c623e21702185c6","b67eb0fdf847b298a6f209ed247c9e37","d8bd574ddd9ad0e9cd79e66045808ada"
"401858293",2026,2026-11-14,2026-09-09 14:21:34.612036,2026-09-09,221,52,FALSE,4.68843165838284,"EB_features","0f876d7390dace668ab8fb80547b949e","6a7e01742348969e8c623e21702185c6","a98fc2259e0382c0c6be45c6c662c3bb","c270562ee5b326a7db7a6295405e18e5"
"401858526",2026,2026-11-14 02:00:00,2026-09-09 14:21:34.612036,2026-09-09,26,356,FALSE,-1.40719565648037,"EB_features","0f876d7390dace668ab8fb80547b949e","6a7e01742348969e8c623e21702185c6","3d0a972ff83ee9b3c802294c5d1be95b","9b21208b9e021e64e98760236068f627"
"401856860",2026,2026-11-14 03:15:00,2026-09-09 14:21:34.612036,2026-09-09,38,248,FALSE,-2.70445280343777,"EB_features","0f876d7390dace668ab8fb80547b949e","6a7e01742348969e8c623e21702185c6","0cded405e418e4aa0efcf41b4b9a1b09","6d4aee3c47acae8c06bc3fe58bcde560"
"401856857",2026,2026-11-14 05:00:00,2026-09-09 14:21:34.612036,2026-09-09,2116,9,FALSE,-2.3427892767684,"EB_features","0f876d7390dace668ab8fb80547b949e","6a7e01742348969e8c623e21702185c6","8fc09cc9a14e26b1e057c14151b64e42","6f05d4268c71e41a027b4f3a6bc6d88e"
"401856858",2026,2026-11-14 05:00:00,2026-09-09 14:21:34.612036,2026-09-09,252,239,FALSE,14.1442473584436,"EB_features","0f876d7390dace668ab8fb80547b949e","6a7e01742348969e8c623e21702185c6","11ed1c04acdb3b5439ee345c420b751c","6810b0c8f0cfb4b1f669f4ab06082397"
"401856859",2026,2026-11-14 05:00:00,2026-09-09 14:21:34.612036,2026-09-09,66,2132,FALSE,4.28702566997564,"EB_features","0f876d7390dace668ab8fb80547b949e","6a7e01742348969e8c623e21702185c6","7d44fe20260a200571ec66793196e2ef","7a2c5f924d3fe84c18c3eb80be27b2ac"
"401856861",2026,2026-11-14 05:00:00,2026-09-09 14:21:34.612036,2026-09-09,277,2305,FALSE,1.20190874924567,"EB_features","0f876d7390dace668ab8fb80547b949e","6a7e01742348969e8c623e21702185c6","689a40dc91aa6324e60cc811d1e89cd0","2641caeacbb78806e15fb0180f7c0f4a"
"401856862",2026,2026-11-14 05:00:00,2026-09-09 14:21:34.612036,2026-09-09,2628,2306,FALSE,2.25902505996651,"EB_features","0f876d7390dace668ab8fb80547b949e","6a7e01742348969e8c623e21702185c6","db2440cfed5ec97c8ce9e9514c9cc5fe","e52575130d9186303c964548d89d6922"
"401856863",2026,2026-11-14 05:00:00,2026-09-09 14:21:34.612036,2026-09-09,197,2641,FALSE,-32.2106727653982,"EB_features","0f876d7390dace668ab8fb80547b949e","6a7e01742348969e8c623e21702185c6","cdf97e1a122f3ec54f5ddbe334097bed","884199abf019d1ead67bd15d2e61405b"
"401856864",2026,2026-11-14 05:00:00,2026-09-09 14:21:34.612036,2026-09-09,12,254,FALSE,-1.59637067770648,"EB_features","0f876d7390dace668ab8fb80547b949e","6a7e01742348969e8c623e21702185c6","c2af9208b56675d8eb57cb6ceba4e50d","c4211fa6ca3dab8a23bbd2f636300d01"
"401856882",2026,2026-11-14 05:00:00,2026-09-09 14:21:34.612036,2026-09-09,8,2579,FALSE,-12.3180010374896,"EB_features","0f876d7390dace668ab8fb80547b949e","6a7e01742348969e8c623e21702185c6","1aac1b589d06f7463ec0a3cae784aa82","d3faa8e42127835f3bd9ead2c3cc9ecc"
"401856883",2026,2026-11-14 05:00:00,2026-09-09 14:21:34.612036,2026-09-09,61,142,FALSE,21.4590564836948,"EB_features","0f876d7390dace668ab8fb80547b949e","6a7e01742348969e8c623e21702185c6","f81d09176dfc38899d2ce76fa71585c5","45b76870c77c705ffca94e67a9d4f23a"
"401856884",2026,2026-11-14 05:00:00,2026-09-09 14:21:34.612036,2026-09-09,96,57,FALSE,-11.6336663230956,"EB_features","0f876d7390dace668ab8fb80547b949e","6a7e01742348969e8c623e21702185c6","2def3b3245803eb09f1a4a032e70a4ad","8f489d9d2757643a7c99dd694be974d3"
"401856885",2026,2026-11-14 05:00:00,2026-09-09 14:21:34.612036,2026-09-09,99,251,FALSE,-4.17313655058428,"EB_features","0f876d7390dace668ab8fb80547b949e","6a7e01742348969e8c623e21702185c6","88ff88dc22b80121f69f76da3b24edc6","67b9cd488d45b7868ebe5ba45e56a1c4"
"401856886",2026,2026-11-14 05:00:00,2026-09-09 14:21:34.612036,2026-09-09,344,2,FALSE,3.33761927247787,"EB_features","0f876d7390dace668ab8fb80547b949e","6a7e01742348969e8c623e21702185c6","7b82bc3b384605ca1f053ffc4e5d7855","40abe996fcfa08bcca8b0f429b344658"
"401856887",2026,2026-11-14 05:00:00,2026-09-09 14:21:34.612036,2026-09-09,201,145,FALSE,9.80075492678459,"EB_features","0f876d7390dace668ab8fb80547b949e","6a7e01742348969e8c623e21702185c6","d5c93a1988dc7919b7509323bd8e704d","c50307b6d5e3e33b5c6d6a1efa6752cb"
"401856888",2026,2026-11-14 05:00:00,2026-09-09 14:21:34.612036,2026-09-09,245,2633,FALSE,12.3398804591616,"EB_features","0f876d7390dace668ab8fb80547b949e","6a7e01742348969e8c623e21702185c6","4376b7a97342077fa6eafa7830573fb3","ae6ef8c182cb9c91e5b7adbf993baabe"
"401856889",2026,2026-11-14 05:00:00,2026-09-09 14:21:34.612036,2026-09-09,238,333,FALSE,-11.1236959944586,"EB_features","0f876d7390dace668ab8fb80547b949e","6a7e01742348969e8c623e21702185c6","0a40c3bbdf0aa67e62605e7a1e7529dc","a16c0f26515ab4a75eeec83b1a7f54a2"
"401858295",2026,2026-11-14 05:00:00,2026-09-09 14:21:34.612036,2026-09-09,258,25,FALSE,14.3001349631563,"EB_features","0f876d7390dace668ab8fb80547b949e","6a7e01742348969e8c623e21702185c6","1f6ffbe81f04178ce9df2181e9bf7420","329b2478030dd77a1028fd2e763308cc"
"401858296",2026,2026-11-14 05:00:00,2026-09-09 14:21:34.612036,2026-09-09,2390,150,FALSE,26.4236731125309,"EB_features","0f876d7390dace668ab8fb80547b949e","6a7e01742348969e8c623e21702185c6","4fb4874fb6d26e2287e64266bfdad2a7","c1156057e989425ccd50772da5fc2a46"
"401858297",2026,2026-11-14 05:00:00,2026-09-09 14:21:34.612036,2026-09-09,228,59,FALSE,6.79703507758963,"EB_features","0f876d7390dace668ab8fb80547b949e","6a7e01742348969e8c623e21702185c6","dfa1ca4b6a72470e2339225aed27af1f","0faf49f27f5ae7d26984523f1c4fb71a"
"401858298",2026,2026-11-14 05:00:00,2026-09-09 14:21:34.612036,2026-09-09,153,97,FALSE,-2.0018818008406,"EB_features","0f876d7390dace668ab8fb80547b949e","6a7e01742348969e8c623e21702185c6","f5f29cfdd5f128bc89573544cbea43f2","3f0fe2aeb5bf72e27b0e223ec06c5bb2"
"401858299",2026,2026-11-14 05:00:00,2026-09-09 14:21:34.612036,2026-09-09,259,24,FALSE,6.19806587375576,"EB_features","0f876d7390dace668ab8fb80547b949e","6a7e01742348969e8c623e21702185c6","91cda8f04c1ff98768375ee74ac153f6","02773f398309eb21b1c883c8bbb3bd68"
"401858300",2026,2026-11-14 05:00:00,2026-09-09 14:21:34.612036,2026-09-09,152,183,FALSE,8.72195351525741,"EB_features","0f876d7390dace668ab8fb80547b949e","6a7e01742348969e8c623e21702185c6","d2cc64fcdce71503fc7db360bdd09227","3251c1abe0c702b279bbb1fa4201429f"
"401858301",2026,2026-11-14 05:00:00,2026-09-09 14:21:34.612036,2026-09-09,2567,154,FALSE,11.7614284716555,"EB_features","0f876d7390dace668ab8fb80547b949e","6a7e01742348969e8c623e21702185c6","afd6c06b20dc5966e911ab1f95ae95ca","11c8fca571f6196fa8ff62d036545d73"
"401858518",2026,2026-11-14 05:00:00,2026-09-09 14:21:34.612036,2026-09-09,84,30,FALSE,3.94120952385017,"EB_features","0f876d7390dace668ab8fb80547b949e","6a7e01742348969e8c623e21702185c6","3768d2d2b835271f4538738d58530b03","70b306e524ab9e5d626e5375874643b5"
"401858519",2026,2026-11-14 05:00:00,2026-09-09 14:21:34.612036,2026-09-09,2294,2509,FALSE,21.0467470946057,"EB_features","0f876d7390dace668ab8fb80547b949e","6a7e01742348969e8c623e21702185c6","aab81e96f5fb1608b20c490144f87422","af0359bd4ce9e8bc1127b05c38e58457"
"401858520",2026,2026-11-14 05:00:00,2026-09-09 14:21:34.612036,2026-09-09,120,275,FALSE,4.12549226440782,"EB_features","0f876d7390dace668ab8fb80547b949e","6a7e01742348969e8c623e21702185c6","c51658bf2c0a8efd3653bd4186424622","b831ec4ebbb59170b72cfed9a526336f"
"401858521",2026,2026-11-14 05:00:00,2026-09-09 14:21:34.612036,2026-09-09,127,264,FALSE,-10.6954320280924,"EB_features","0f876d7390dace668ab8fb80547b949e","6a7e01742348969e8c623e21702185c6","c096003f85ce18480a4eaa8b8c51b344","2c9b7f4d0bf070a3af884f5d951f654f"
"401858522",2026,2026-11-14 05:00:00,2026-09-09 14:21:34.612036,2026-09-09,194,77,FALSE,29.5682993010966,"EB_features","0f876d7390dace668ab8fb80547b949e","6a7e01742348969e8c623e21702185c6","1dadbf23e45be58734cf44b7361b207e","bb3c371f9b2eaf02e527fc62a7782e94"
"401858523",2026,2026-11-14 05:00:00,2026-09-09 14:21:34.612036,2026-09-09,2483,130,FALSE,14.6828595540632,"EB_features","0f876d7390dace668ab8fb80547b949e","6a7e01742348969e8c623e21702185c6","cf518ee4f79294bd3aeff6a7dcf49a23","8478fefda13d0ed176108f299dca1507"
"401858524",2026,2026-11-14 05:00:00,2026-09-09 14:21:34.612036,2026-09-09,213,135,FALSE,14.484782446946,"EB_features","0f876d7390dace668ab8fb80547b949e","6a7e01742348969e8c623e21702185c6","ece5ce0dc7e76753bc3ace6caa052eaa","9aaf4e1cd53cca0107081a4b3a958fd5"
"401858525",2026,2026-11-14 05:00:00,2026-09-09 14:21:34.612036,2026-09-09,164,158,FALSE,-12.5392460807016,"EB_features","0f876d7390dace668ab8fb80547b949e","6a7e01742348969e8c623e21702185c6","2f698f9fd597154df2cb5e3d1516358b","8def1311b7a1356fda62ffd35baf5e14"
"401862825",2026,2026-11-14 05:00:00,2026-09-09 14:21:34.612036,2026-09-09,2429,151,FALSE,-11.5809407433247,"EB_features","0f876d7390dace668ab8fb80547b949e","6a7e01742348969e8c623e21702185c6","8c9467c7f419b2788753f0294c8e2797","00ee9da462ecde653f824773e238a67c"
"401862826",2026,2026-11-14 05:00:00,2026-09-09 14:21:34.612036,2026-09-09,202,2226,FALSE,5.7512516382109,"EB_features","0f876d7390dace668ab8fb80547b949e","6a7e01742348969e8c623e21702185c6","9cdd2398a3ae82086f232208d11882ce","5050a58835ce7c3f4024ffeb15f58273"
"401862827",2026,2026-11-14 05:00:00,2026-09-09 14:21:34.612036,2026-09-09,2636,249,FALSE,6.83326562894824,"EB_features","0f876d7390dace668ab8fb80547b949e","6a7e01742348969e8c623e21702185c6","51ec18b4a34dc8bda112c6242a8b36c8","b36977426f9757e420295b7f780bd508"
"401862828",2026,2026-11-14 05:00:00,2026-09-09 14:21:34.612036,2026-09-09,242,2655,FALSE,-8.4927025398583,"EB_features","0f876d7390dace668ab8fb80547b949e","6a7e01742348969e8c623e21702185c6","78773b50be4cd237c43989528416e481","9bc1e0834e72aa18218cf0f6de9fd085"
"401862829",2026,2026-11-14 05:00:00,2026-09-09 14:21:34.612036,2026-09-09,218,5,FALSE,12.7136281254013,"EB_features","0f876d7390dace668ab8fb80547b949e","6a7e01742348969e8c623e21702185c6","e4600a10678d628e3165c719ea6b786c","afb96c376c872362fd620dfc9237a140"
"401864536",2026,2026-11-14 05:00:00,2026-09-09 14:21:34.612036,2026-09-09,2459,2440,FALSE,-5.75646694017559,"EB_features","0f876d7390dace668ab8fb80547b949e","6a7e01742348969e8c623e21702185c6","a905b6aee057a28af1aa90a6bf248678","c0f4c8e2fbe2e4965f47269a0df6e530"
"401864540",2026,2026-11-14 05:00:00,2026-09-09 14:21:34.612036,2026-09-09,2638,2751,FALSE,-0.0289003421131047,"EB_features","0f876d7390dace668ab8fb80547b949e","6a7e01742348969e8c623e21702185c6","c7bfb7808a68e89581002a7dcc2e587b","26f553768cb786b000750541aa75d916"
"401869928",2026,2026-11-14 05:00:00,2026-09-09 14:21:34.612036,2026-09-09,276,2026,FALSE,3.10949312447534,"EB_features","0f876d7390dace668ab8fb80547b949e","6a7e01742348969e8c623e21702185c6","e4ba0f6becf1bf1ac79e34db8a1f047b","cd8ed30be082510fd99d84deb5dc2f00"
"401869937",2026,2026-11-14 05:00:00,2026-09-09 14:21:34.612036,2026-09-09,324,2032,FALSE,-0.00169110326464272,"EB_features","0f876d7390dace668ab8fb80547b949e","6a7e01742348969e8c623e21702185c6","04aad5c1b6004f362e3d8bf785a93811","4b2259e385da54913b005c4e54b52929"
"401869952",2026,2026-11-14 05:00:00,2026-09-09 14:21:34.612036,2026-09-09,2247,290,FALSE,-2.91400847631722,"EB_features","0f876d7390dace668ab8fb80547b949e","6a7e01742348969e8c623e21702185c6","5e5fce5a5be67df65e5b0e73c16d4370","f485dbbb67e55245ff20fc33fafb400f"
"401871099",2026,2026-11-14 05:00:00,2026-09-09 14:21:34.612036,2026-09-09,2348,2572,FALSE,9.74036168262387,"EB_features","0f876d7390dace668ab8fb80547b949e","6a7e01742348969e8c623e21702185c6","73a311fbd055da85a22ce23e9f575ba3","c522e5114187d2f66eca3230483b7b18"
"401871100",2026,2026-11-14 05:00:00,2026-09-09 14:21:34.612036,2026-09-09,6,2653,FALSE,1.82541074816829,"EB_features","0f876d7390dace668ab8fb80547b949e","6a7e01742348969e8c623e21702185c6","b2284c9faa78a1139b594e35efa8e292","bc6eeadbeb5cb0703a7550a47955974b"
"401861967",2026,2026-11-14 17:00:00,2026-09-09 14:21:34.612036,2026-09-09,41,256,FALSE,-9.1917756790254,"EB_features","0f876d7390dace668ab8fb80547b949e","6a7e01742348969e8c623e21702185c6","39db6bb008fc9c763dfbd6cded6d7a6c","0dfc7e4e5bc7f0374a939c195d4f0289"
"401870769",2026,2026-11-14 19:00:00,2026-09-09 14:21:34.612036,2026-09-09,2534,338,FALSE,-1.22664319227028,"EB_features","0f876d7390dace668ab8fb80547b949e","6a7e01742348969e8c623e21702185c6","c32bc795a6b1dc63ba3c4659cd0300b2","251655048dc363ad9228ec9c9b81445b"
"401870796",2026,2026-11-14 20:00:00,2026-09-09 14:21:34.612036,2026-09-09,2623,166,FALSE,-3.14076611434251,"EB_features","0f876d7390dace668ab8fb80547b949e","6a7e01742348969e8c623e21702185c6","6ee5ae04e1f2eb031686d92bb4814358","9bd31c4931a23e1083ad971a566d61a6"
"401871060",2026,2026-11-14 20:00:00,2026-09-09 14:21:34.612036,2026-09-09,48,2229,FALSE,-0.334929954453742,"EB_features","0f876d7390dace668ab8fb80547b949e","6a7e01742348969e8c623e21702185c6","9b8b42c93a4cc9b60c016b188fc7a515","c9534812b49a12e04231d9666f528b2c"
"401858294",2026,2026-11-14 20:30:00,2026-09-09 14:21:34.612036,2026-09-09,87,103,FALSE,41.6274929271717,"EB_features","0f876d7390dace668ab8fb80547b949e","6a7e01742348969e8c623e21702185c6","2936fe3fbaaeaa4c7a7dbf5561a30e32","5ab8fbe76fc96613af6cd7a443611fb6"
"401870752",2026,2026-11-14 20:30:00,2026-09-09 14:21:34.612036,2026-09-09,98,55,FALSE,0.382426127691342,"EB_features","0f876d7390dace668ab8fb80547b949e","6a7e01742348969e8c623e21702185c6","69e8f14af2943d63c8c6b7a25a365d1a","ab79ec5590bdd5429e1b8ee082e3f3cc"
"401871061",2026,2026-11-14 20:30:00,2026-09-09 14:21:34.612036,2026-09-09,2335,2393,FALSE,7.12277532592995,"EB_features","0f876d7390dace668ab8fb80547b949e","6a7e01742348969e8c623e21702185c6","df70e6d389f319dc53553322e725d9de","8fa69827e178f6093f0eda591ceaefb2"
"401860916",2026,2026-11-14 21:00:00,2026-09-09 14:21:34.612036,2026-09-09,326,278,FALSE,1.91644716195457,"EB_features","0f876d7390dace668ab8fb80547b949e","6a7e01742348969e8c623e21702185c6","238f7bcbaa0d228c8e32e4211c2b750b","2036836a8258fd0ed067589130f8be39"
"401860914",2026,2026-11-14 23:00:00,2026-09-09 14:21:34.612036,2026-09-09,68,204,FALSE,20.4065844164866,"EB_features","0f876d7390dace668ab8fb80547b949e","6a7e01742348969e8c623e21702185c6","4271c6f8605b089bdbe49959c7fbc5e4","bfba3fcd701482c1a2b3ad5cc9936e27"
"401864538",2026,2026-11-15,2026-09-09 14:21:34.612036,2026-09-09,2005,23,FALSE,9.26581652264079,"EB_features","0f876d7390dace668ab8fb80547b949e","6a7e01742348969e8c623e21702185c6","d10b911216481b23641f069dd93cf71f","6766f55fd9f3c8a70690e910f0258e9c"
"401864539",2026,2026-11-15 00:30:00,2026-09-09 14:21:34.612036,2026-09-09,167,2439,FALSE,5.41359894381388,"EB_features","0f876d7390dace668ab8fb80547b949e","6a7e01742348969e8c623e21702185c6","f054e0b224c10719c1e8c9d991ec8289","625c8d09cb5566747a87b1881999e940"
"401860915",2026,2026-11-15 02:30:00,2026-09-09 14:21:34.612036,2026-09-09,21,328,FALSE,3.34456950403977,"EB_features","0f876d7390dace668ab8fb80547b949e","6a7e01742348969e8c623e21702185c6","abb63d353fb3727fa656a17ba9f810ed","57d8430a616e3e997068dec969bee648"
"401860917",2026,2026-11-15 03:30:00,2026-09-09 14:21:34.612036,2026-09-09,265,36,FALSE,8.27179426392552,"EB_features","0f876d7390dace668ab8fb80547b949e","6a7e01742348969e8c623e21702185c6","7b1d66bb72536a67efffc25d60ec6e3b","ff1e8dc4a99d29822e93f5a85af36f03"
"401864537",2026,2026-11-15 04:59:00,2026-09-09 14:21:34.612036,2026-09-09,62,2449,FALSE,-4.69206434242149,"EB_features","0f876d7390dace668ab8fb80547b949e","6a7e01742348969e8c623e21702185c6","ab1ec64edc20f80f725d49e7044768c8","b836b34c1843f7b49db7c706f7efbfce"
"401866464",2026,2026-11-18,2026-09-09 14:21:34.612036,2026-09-09,195,2050,FALSE,12.5317136684731,"EB_features","0f876d7390dace668ab8fb80547b949e","6a7e01742348969e8c623e21702185c6","7bef1e0032f3506acafee467c9ce5586","54015ad44841288784a9adcc2e1fb115"
"401866465",2026,2026-11-18,2026-09-09 14:21:34.612036,2026-09-09,2711,2199,FALSE,10.2300002619974,"EB_features","0f876d7390dace668ab8fb80547b949e","6a7e01742348969e8c623e21702185c6","42dbc1ef8f48ca3fb71add7e537e53d1","1ef58a420bc1a2ff91581f396ff8afed"
"401866466",2026,2026-11-18,2026-09-09 14:21:34.612036,2026-09-09,2309,193,FALSE,-2.43720381195695,"EB_features","0f876d7390dace668ab8fb80547b949e","6a7e01742348969e8c623e21702185c6","637a52f2e582d9c10059ed051cc55345","9ab77a9aa1f9e74fe360823c43027d53"
"401866467",2026,2026-11-18 05:00:00,2026-09-09 14:21:34.612036,2026-09-09,113,2006,FALSE,0.910975788313733,"EB_features","0f876d7390dace668ab8fb80547b949e","6a7e01742348969e8c623e21702185c6","591b11313e7b72065c5b03d820c906e9","a8adfc33f1370b70963d4770b5fe642a"
"401866469",2026,2026-11-18 05:00:00,2026-09-09 14:21:34.612036,2026-09-09,2084,2117,FALSE,3.00080355450935,"EB_features","0f876d7390dace668ab8fb80547b949e","6a7e01742348969e8c623e21702185c6","cc0b8d6aaa84aecaaddbdf4cac337ac8","59aa7c933549f429ba3e2f2dd2a053ec"
"401862830",2026,2026-11-20 00:30:00,2026-09-09 14:21:34.612036,2026-09-09,218,242,FALSE,11.1719449436829,"EB_features","0f876d7390dace668ab8fb80547b949e","6a7e01742348969e8c623e21702185c6","e4600a10678d628e3165c719ea6b786c","78773b50be4cd237c43989528416e481"
"401856869",2026,2026-11-20 23:00:00,2026-09-09 14:21:34.612036,2026-09-09,2116,66,FALSE,-0.611727260108663,"EB_features","0f876d7390dace668ab8fb80547b949e","6a7e01742348969e8c623e21702185c6","8fc09cc9a14e26b1e057c14151b64e42","7d44fe20260a200571ec66793196e2ef"
"401858303",2026,2026-11-21 00:30:00,2026-09-09 14:21:34.612036,2026-09-09,150,228,FALSE,0.535829310351166,"EB_features","0f876d7390dace668ab8fb80547b949e","6a7e01742348969e8c623e21702185c6","c1156057e989425ccd50772da5fc2a46","dfa1ca4b6a72470e2339225aed27af1f"
"401866468",2026,2026-11-21 00:30:00,2026-09-09 14:21:34.612036,2026-09-09,2649,189,FALSE,10.7416212610969,"EB_features","0f876d7390dace668ab8fb80547b949e","6a7e01742348969e8c623e21702185c6","505444a7f6657d3505ae4b3168c01642","8d76b25c49b06f27779bdd180b7adea6"
"401858529",2026,2026-11-21 01:00:00,2026-09-09 14:21:34.612036,2026-09-09,127,2483,FALSE,-21.5486822631483,"EB_features","0f876d7390dace668ab8fb80547b949e","6a7e01742348969e8c623e21702185c6","c096003f85ce18480a4eaa8b8c51b344","cf518ee4f79294bd3aeff6a7dcf49a23"
"401864545",2026,2026-11-21 01:00:00,2026-09-09 14:21:34.612036,2026-09-09,2005,2638,FALSE,17.6243335201845,"EB_features","0f876d7390dace668ab8fb80547b949e","6a7e01742348969e8c623e21702185c6","d10b911216481b23641f069dd93cf71f","c7bfb7808a68e89581002a7dcc2e587b"
"401856748",2026,2026-11-21 05:00:00,2026-09-09 14:21:34.612036,2026-09-09,57,238,FALSE,9.16007290081033,"EB_features","0f876d7390dace668ab8fb80547b949e","6a7e01742348969e8c623e21702185c6","8f489d9d2757643a7c99dd694be974d3","0a40c3bbdf0aa67e62605e7a1e7529dc"
"401856751",2026,2026-11-21 05:00:00,2026-09-09 14:21:34.612036,2026-09-09,142,96,FALSE,10.5426578397057,"EB_features","0f876d7390dace668ab8fb80547b949e","6a7e01742348969e8c623e21702185c6","45b76870c77c705ffca94e67a9d4f23a","2def3b3245803eb09f1a4a032e70a4ad"
"401856752",2026,2026-11-21 05:00:00,2026-09-09 14:21:34.612036,2026-09-09,201,245,FALSE,0.0254432546534118,"EB_features","0f876d7390dace668ab8fb80547b949e","6a7e01742348969e8c623e21702185c6","d5c93a1988dc7919b7509323bd8e704d","4376b7a97342077fa6eafa7830573fb3"
"401856753",2026,2026-11-21 05:00:00,2026-09-09 14:21:34.612036,2026-09-09,2579,61,FALSE,-7.44347870441941,"EB_features","0f876d7390dace668ab8fb80547b949e","6a7e01742348969e8c623e21702185c6","d3faa8e42127835f3bd9ead2c3cc9ecc","f81d09176dfc38899d2ce76fa71585c5"
"401856754",2026,2026-11-21 05:00:00,2026-09-09 14:21:34.612036,2026-09-09,2633,99,FALSE,0.079125985120784,"EB_features","0f876d7390dace668ab8fb80547b949e","6a7e01742348969e8c623e21702185c6","ae6ef8c182cb9c91e5b7adbf993baabe","88ff88dc22b80121f69f76da3b24edc6"
"401856755",2026,2026-11-21 05:00:00,2026-09-09 14:21:34.612036,2026-09-09,251,8,FALSE,27.0361763090782,"EB_features","0f876d7390dace668ab8fb80547b949e","6a7e01742348969e8c623e21702185c6","67b9cd488d45b7868ebe5ba45e56a1c4","1aac1b589d06f7463ec0a3cae784aa82"
"401856865",2026,2026-11-21 05:00:00,2026-09-09 14:21:34.612036,2026-09-09,2306,12,FALSE,-1.52657823384339,"EB_features","0f876d7390dace668ab8fb80547b949e","6a7e01742348969e8c623e21702185c6","e52575130d9186303c964548d89d6922","c2af9208b56675d8eb57cb6ceba4e50d"
"401856866",2026,2026-11-21 05:00:00,2026-09-09 14:21:34.612036,2026-09-09,2305,252,FALSE,-11.99188266762,"EB_features","0f876d7390dace668ab8fb80547b949e","6a7e01742348969e8c623e21702185c6","2641caeacbb78806e15fb0180f7c0f4a","11ed1c04acdb3b5439ee345c420b751c"
"401856867",2026,2026-11-21 05:00:00,2026-09-09 14:21:34.612036,2026-09-09,2132,38,FALSE,4.60387023364253,"EB_features","0f876d7390dace668ab8fb80547b949e","6a7e01742348969e8c623e21702185c6","7a2c5f924d3fe84c18c3eb80be27b2ac","0cded405e418e4aa0efcf41b4b9a1b09"
"401856868",2026,2026-11-21 05:00:00,2026-09-09 14:21:34.612036,2026-09-09,277,248,FALSE,-4.27312646154975,"EB_features","0f876d7390dace668ab8fb80547b949e","6a7e01742348969e8c623e21702185c6","689a40dc91aa6324e60cc811d1e89cd0","6d4aee3c47acae8c06bc3fe58bcde560"
"401856870",2026,2026-11-21 05:00:00,2026-09-09 14:21:34.612036,2026-09-09,9,197,FALSE,20.6366549586314,"EB_features","0f876d7390dace668ab8fb80547b949e","6a7e01742348969e8c623e21702185c6","6f05d4268c71e41a027b4f3a6bc6d88e","cdf97e1a122f3ec54f5ddbe334097bed"
"401856871",2026,2026-11-21 05:00:00,2026-09-09 14:21:34.612036,2026-09-09,239,2641,FALSE,-14.8447640691194,"EB_features","0f876d7390dace668ab8fb80547b949e","6a7e01742348969e8c623e21702185c6","6810b0c8f0cfb4b1f669f4ab06082397","884199abf019d1ead67bd15d2e61405b"
"401856872",2026,2026-11-21 05:00:00,2026-09-09 14:21:34.612036,2026-09-09,2628,254,FALSE,-7.00100322963662,"EB_features","0f876d7390dace668ab8fb80547b949e","6a7e01742348969e8c623e21702185c6","db2440cfed5ec97c8ce9e9514c9cc5fe","c4211fa6ca3dab8a23bbd2f636300d01"
"401858302",2026,2026-11-21 05:00:00,2026-09-09 14:21:34.612036,2026-09-09,2390,259,FALSE,30.146779741569,"EB_features","0f876d7390dace668ab8fb80547b949e","6a7e01742348969e8c623e21702185c6","4fb4874fb6d26e2287e64266bfdad2a7","91cda8f04c1ff98768375ee74ac153f6"
"401858304",2026,2026-11-21 05:00:00,2026-09-09 14:21:34.612036,2026-09-09,52,152,FALSE,11.2993454820619,"EB_features","0f876d7390dace668ab8fb80547b949e","6a7e01742348969e8c623e21702185c6","c270562ee5b326a7db7a6295405e18e5","d2cc64fcdce71503fc7db360bdd09227"
"401858305",2026,2026-11-21 05:00:00,2026-09-09 14:21:34.612036,2026-09-09,258,153,FALSE,6.90212382634698,"EB_features","0f876d7390dace668ab8fb80547b949e","6a7e01742348969e8c623e21702185c6","1f6ffbe81f04178ce9df2181e9bf7420","f5f29cfdd5f128bc89573544cbea43f2"
"401858306",2026,2026-11-21 05:00:00,2026-09-09 14:21:34.612036,2026-09-09,97,221,FALSE,-2.10510388910024,"EB_features","0f876d7390dace668ab8fb80547b949e","6a7e01742348969e8c623e21702185c6","3f0fe2aeb5bf72e27b0e223ec06c5bb2","a98fc2259e0382c0c6be45c6c662c3bb"
"401858308",2026,2026-11-21 05:00:00,2026-09-09 14:21:34.612036,2026-09-09,25,24,FALSE,-0.384501793843239,"EB_features","0f876d7390dace668ab8fb80547b949e","6a7e01742348969e8c623e21702185c6","329b2478030dd77a1028fd2e763308cc","02773f398309eb21b1c883c8bbb3bd68"
"401858309",2026,2026-11-21 05:00:00,2026-09-09 14:21:34.612036,2026-09-09,103,183,FALSE,-1.13890713151961,"EB_features","0f876d7390dace668ab8fb80547b949e","6a7e01742348969e8c623e21702185c6","5ab8fbe76fc96613af6cd7a443611fb6","3251c1abe0c702b279bbb1fa4201429f"
"401858310",2026,2026-11-21 05:00:00,2026-09-09 14:21:34.612036,2026-09-09,59,154,FALSE,4.3450094532176,"EB_features","0f876d7390dace668ab8fb80547b949e","6a7e01742348969e8c623e21702185c6","0faf49f27f5ae7d26984523f1c4fb71a","11c8fca571f6196fa8ff62d036545d73"
"401858527",2026,2026-11-21 05:00:00,2026-09-09 14:21:34.612036,2026-09-09,356,2294,FALSE,-6.3608635954813,"EB_features","0f876d7390dace668ab8fb80547b949e","6a7e01742348969e8c623e21702185c6","9b21208b9e021e64e98760236068f627","aab81e96f5fb1608b20c490144f87422"
"401858528",2026,2026-11-21 05:00:00,2026-09-09 14:21:34.612036,2026-09-09,130,26,FALSE,15.835962169544,"EB_features","0f876d7390dace668ab8fb80547b949e","6a7e01742348969e8c623e21702185c6","8478fefda13d0ed176108f299dca1507","3d0a972ff83ee9b3c802294c5d1be95b"
"401858530",2026,2026-11-21 05:00:00,2026-09-09 14:21:34.612036,2026-09-09,135,77,FALSE,4.59636828413961,"EB_features","0f876d7390dace668ab8fb80547b949e","6a7e01742348969e8c623e21702185c6","9aaf4e1cd53cca0107081a4b3a958fd5","bb3c371f9b2eaf02e527fc62a7782e94"
"401858531",2026,2026-11-21 05:00:00,2026-09-09 14:21:34.612036,2026-09-09,158,194,FALSE,-15.9438285488659,"EB_features","0f876d7390dace668ab8fb80547b949e","6a7e01742348969e8c623e21702185c6","8def1311b7a1356fda62ffd35baf5e14","1dadbf23e45be58734cf44b7361b207e"
"401858532",2026,2026-11-21 05:00:00,2026-09-09 14:21:34.612036,2026-09-09,213,164,FALSE,24.1330054376097,"EB_features","0f876d7390dace668ab8fb80547b949e","6a7e01742348969e8c623e21702185c6","ece5ce0dc7e76753bc3ace6caa052eaa","2f698f9fd597154df2cb5e3d1516358b"
"401858533",2026,2026-11-21 05:00:00,2026-09-09 14:21:34.612036,2026-09-09,2509,275,FALSE,-2.70702142786764,"EB_features","0f876d7390dace668ab8fb80547b949e","6a7e01742348969e8c623e21702185c6","af0359bd4ce9e8bc1127b05c38e58457","b831ec4ebbb59170b72cfed9a526336f"
"401858534",2026,2026-11-21 05:00:00,2026-09-09 14:21:34.612036,2026-09-09,30,120,FALSE,20.0490268735917,"EB_features","0f876d7390dace668ab8fb80547b949e","6a7e01742348969e8c623e21702185c6","70b306e524ab9e5d626e5375874643b5","c51658bf2c0a8efd3653bd4186424622"
"401858535",2026,2026-11-21 05:00:00,2026-09-09 14:21:34.612036,2026-09-09,264,84,FALSE,-4.01557013657525,"EB_features","0f876d7390dace668ab8fb80547b949e","6a7e01742348969e8c623e21702185c6","2c9b7f4d0bf070a3af884f5d951f654f","3768d2d2b835271f4538738d58530b03"
"401862832",2026,2026-11-21 05:00:00,2026-09-09 14:21:34.612036,2026-09-09,202,2429,FALSE,10.1562317677177,"EB_features","0f876d7390dace668ab8fb80547b949e","6a7e01742348969e8c623e21702185c6","9cdd2398a3ae82086f232208d11882ce","8c9467c7f419b2788753f0294c8e2797"
"401862833",2026,2026-11-21 05:00:00,2026-09-09 14:21:34.612036,2026-09-09,2226,58,FALSE,-10.5791761868398,"EB_features","0f876d7390dace668ab8fb80547b949e","6a7e01742348969e8c623e21702185c6","5050a58835ce7c3f4024ffeb15f58273","bf47e772a12ef942e67fc0f89d61f447"
"401862835",2026,2026-11-21 05:00:00,2026-09-09 14:21:34.612036,2026-09-09,2655,249,FALSE,3.99930554753304,"EB_features","0f876d7390dace668ab8fb80547b949e","6a7e01742348969e8c623e21702185c6","9bc1e0834e72aa18218cf0f6de9fd085","b36977426f9757e420295b7f780bd508"
"401862836",2026,2026-11-21 05:00:00,2026-09-09 14:21:34.612036,2026-09-09,5,2636,FALSE,-12.8683458029919,"EB_features","0f876d7390dace668ab8fb80547b949e","6a7e01742348969e8c623e21702185c6","afb96c376c872362fd620dfc9237a140","51ec18b4a34dc8bda112c6242a8b36c8"
"401864541",2026,2026-11-21 05:00:00,2026-09-09 14:21:34.612036,2026-09-09,2440,62,FALSE,4.96468254372493,"EB_features","0f876d7390dace668ab8fb80547b949e","6a7e01742348969e8c623e21702185c6","c0f4c8e2fbe2e4965f47269a0df6e530","ab1ec64edc20f80f725d49e7044768c8"
"401869929",2026,2026-11-21 05:00:00,2026-09-09 14:21:34.612036,2026-09-09,2026,2433,FALSE,9.92019502651051,"EB_features","0f876d7390dace668ab8fb80547b949e","6a7e01742348969e8c623e21702185c6","cd8ed30be082510fd99d84deb5dc2f00","b67eb0fdf847b298a6f209ed247c9e37"
"401869938",2026,2026-11-21 05:00:00,2026-09-09 14:21:34.612036,2026-09-09,2348,2032,FALSE,7.9157797235636,"EB_features","0f876d7390dace668ab8fb80547b949e","6a7e01742348969e8c623e21702185c6","73a311fbd055da85a22ce23e9f575ba3","4b2259e385da54913b005c4e54b52929"
"401869946",2026,2026-11-21 05:00:00,2026-09-09 14:21:34.612036,2026-09-09,309,324,FALSE,6.11324663056978,"EB_features","0f876d7390dace668ab8fb80547b949e","6a7e01742348969e8c623e21702185c6","d8bd574ddd9ad0e9cd79e66045808ada","04aad5c1b6004f362e3d8bf785a93811"
"401869953",2026,2026-11-21 05:00:00,2026-09-09 14:21:34.612036,2026-09-09,2653,290,FALSE,4.3446697509705,"EB_features","0f876d7390dace668ab8fb80547b949e","6a7e01742348969e8c623e21702185c6","bc6eeadbeb5cb0703a7550a47955974b","f485dbbb67e55245ff20fc33fafb400f"
"401869958",2026,2026-11-21 05:00:00,2026-09-09 14:21:34.612036,2026-09-09,276,2247,FALSE,5.97991759898881,"EB_features","0f876d7390dace668ab8fb80547b949e","6a7e01742348969e8c623e21702185c6","e4ba0f6becf1bf1ac79e34db8a1f047b","5e5fce5a5be67df65e5b0e73c16d4370"
"401871101",2026,2026-11-21 05:00:00,2026-09-09 14:21:34.612036,2026-09-09,2572,6,FALSE,0.569204994387677,"EB_features","0f876d7390dace668ab8fb80547b949e","6a7e01742348969e8c623e21702185c6","c522e5114187d2f66eca3230483b7b18","b2284c9faa78a1139b594e35efa8e292"
"401862831",2026,2026-11-21 17:00:00,2026-09-09 14:21:34.612036,2026-09-09,349,151,FALSE,3.28505744859035,"EB_features","0f876d7390dace668ab8fb80547b949e","6a7e01742348969e8c623e21702185c6","16ee6b4944b6f93478aed4e92cc32a2d","00ee9da462ecde653f824773e238a67c"
"401862834",2026,2026-11-21 17:00:00,2026-09-09 14:21:34.612036,2026-09-09,2426,235,FALSE,-1.19999194495845,"EB_features","0f876d7390dace668ab8fb80547b949e","6a7e01742348969e8c623e21702185c6","ebdba215351007bd1591b1ee0913636c","0d0cf1a21c8077f40683542ad91fc69e"
"401871080",2026,2026-11-21 18:00:00,2026-09-09 14:21:34.612036,2026-09-09,2335,98,FALSE,7.65831724810455,"EB_features","0f876d7390dace668ab8fb80547b949e","6a7e01742348969e8c623e21702185c6","df70e6d389f319dc53553322e725d9de","69e8f14af2943d63c8c6b7a25a365d1a"
"401871079",2026,2026-11-21 19:00:00,2026-09-09 14:21:34.612036,2026-09-09,55,2623,FALSE,9.77895461325351,"EB_features","0f876d7390dace668ab8fb80547b949e","6a7e01742348969e8c623e21702185c6","ab79ec5590bdd5429e1b8ee082e3f3cc","6ee5ae04e1f2eb031686d92bb4814358"
"401871081",2026,2026-11-21 19:00:00,2026-09-09 14:21:34.612036,2026-09-09,2534,2393,FALSE,0.0796028059258869,"EB_features","0f876d7390dace668ab8fb80547b949e","6a7e01742348969e8c623e21702185c6","c32bc795a6b1dc63ba3c4659cd0300b2","8fa69827e178f6093f0eda591ceaefb2"
"401871077",2026,2026-11-21 20:00:00,2026-09-09 14:21:34.612036,2026-09-09,166,48,FALSE,4.42698313636828,"EB_features","0f876d7390dace668ab8fb80547b949e","6a7e01742348969e8c623e21702185c6","9bd31c4931a23e1083ad971a566d61a6","9b8b42c93a4cc9b60c016b188fc7a515"
"401871078",2026,2026-11-21 20:00:00,2026-09-09 14:21:34.612036,2026-09-09,338,2229,FALSE,0.680296972781128,"EB_features","0f876d7390dace668ab8fb80547b949e","6a7e01742348969e8c623e21702185c6","251655048dc363ad9228ec9c9b81445b","c9534812b49a12e04231d9666f528b2c"
"401861968",2026,2026-11-21 20:30:00,2026-09-09 14:21:34.612036,2026-09-09,41,295,FALSE,-12.2219934506158,"EB_features","0f876d7390dace668ab8fb80547b949e","6a7e01742348969e8c623e21702185c6","39db6bb008fc9c763dfbd6cded6d7a6c","955b038fc79f277a5729e67192956247"
"401864543",2026,2026-11-21 21:00:00,2026-09-09 14:21:34.612036,2026-09-09,2449,2459,FALSE,17.7580074949787,"EB_features","0f876d7390dace668ab8fb80547b949e","6a7e01742348969e8c623e21702185c6","b836b34c1843f7b49db7c706f7efbfce","a905b6aee057a28af1aa90a6bf248678"
"401860920",2026,2026-11-21 23:00:00,2026-09-09 14:21:34.612036,2026-09-09,326,265,FALSE,-3.04487263792355,"EB_features","0f876d7390dace668ab8fb80547b949e","6a7e01742348969e8c623e21702185c6","238f7bcbaa0d228c8e32e4211c2b750b","7b1d66bb72536a67efffc25d60ec6e3b"
"401864544",2026,2026-11-22,2026-09-09 14:21:34.612036,2026-09-09,23,2439,FALSE,-2.26099306789673,"EB_features","0f876d7390dace668ab8fb80547b949e","6a7e01742348969e8c623e21702185c6","6766f55fd9f3c8a70690e910f0258e9c","625c8d09cb5566747a87b1881999e940"
"401858307",2026,2026-11-22 00:30:00,2026-09-09 14:21:34.612036,2026-09-09,87,2567,FALSE,23.0317024176193,"EB_features","0f876d7390dace668ab8fb80547b949e","6a7e01742348969e8c623e21702185c6","2936fe3fbaaeaa4c7a7dbf5561a30e32","afd6c06b20dc5966e911ab1f95ae95ca"
"401860918",2026,2026-11-22 00:30:00,2026-09-09 14:21:34.612036,2026-09-09,278,36,FALSE,3.31047446404739,"EB_features","0f876d7390dace668ab8fb80547b949e","6a7e01742348969e8c623e21702185c6","2036836a8258fd0ed067589130f8be39","ff1e8dc4a99d29822e93f5a85af36f03"
"401864542",2026,2026-11-22 02:00:00,2026-09-09 14:21:34.612036,2026-09-09,2751,167,FALSE,-9.86712928908799,"EB_features","0f876d7390dace668ab8fb80547b949e","6a7e01742348969e8c623e21702185c6","26f553768cb786b000750541aa75d916","f054e0b224c10719c1e8c9d991ec8289"
"401860925",2026,2026-11-22 02:30:00,2026-09-09 14:21:34.612036,2026-09-09,68,21,FALSE,10.079412984118,"EB_features","0f876d7390dace668ab8fb80547b949e","6a7e01742348969e8c623e21702185c6","4271c6f8605b089bdbe49959c7fbc5e4","abb63d353fb3727fa656a17ba9f810ed"
"401860919",2026,2026-11-22 03:30:00,2026-09-09 14:21:34.612036,2026-09-09,204,328,FALSE,-6.98260192832879,"EB_features","0f876d7390dace668ab8fb80547b949e","6a7e01742348969e8c623e21702185c6","bfba3fcd701482c1a2b3ad5cc9936e27","57d8430a616e3e997068dec969bee648"
"401866471",2026,2026-11-24 05:00:00,2026-09-09 14:21:34.612036,2026-09-09,2711,193,FALSE,16.7889799881709,"EB_features","0f876d7390dace668ab8fb80547b949e","6a7e01742348969e8c623e21702185c6","42dbc1ef8f48ca3fb71add7e537e53d1","9ab77a9aa1f9e74fe360823c43027d53"
"401866470",2026,2026-11-25,2026-09-09 14:21:34.612036,2026-09-09,2199,2309,FALSE,15.1332629161837,"EB_features","0f876d7390dace668ab8fb80547b949e","6a7e01742348969e8c623e21702185c6","1ef58a420bc1a2ff91581f396ff8afed","637a52f2e582d9c10059ed051cc55345"
"401856879",2026,2026-11-27 01:00:00,2026-09-09 14:21:34.612036,2026-09-09,2641,2628,FALSE,17.7510756346748,"EB_features","0f876d7390dace668ab8fb80547b949e","6a7e01742348969e8c623e21702185c6","884199abf019d1ead67bd15d2e61405b","db2440cfed5ec97c8ce9e9514c9cc5fe"
"401862837",2026,2026-11-27 05:00:00,2026-09-09 14:21:34.612036,2026-09-09,151,2226,FALSE,13.3130399918711,"EB_features","0f876d7390dace668ab8fb80547b949e","6a7e01742348969e8c623e21702185c6","00ee9da462ecde653f824773e238a67c","5050a58835ce7c3f4024ffeb15f58273"
"401862838",2026,2026-11-27 05:00:00,2026-09-09 14:21:34.612036,2026-09-09,235,218,FALSE,8.89483233804795,"EB_features","0f876d7390dace668ab8fb80547b949e","6a7e01742348969e8c623e21702185c6","0d0cf1a21c8077f40683542ad91fc69e","e4600a10678d628e3165c719ea6b786c"
"401862839",2026,2026-11-27 05:00:00,2026-09-09 14:21:34.612036,2026-09-09,58,2655,FALSE,7.35608999640949,"EB_features","0f876d7390dace668ab8fb80547b949e","6a7e01742348969e8c623e21702185c6","bf47e772a12ef942e67fc0f89d61f447","9bc1e0834e72aa18218cf0f6de9fd085"
"401856762",2026,2026-11-27 17:00:00,2026-09-09 14:21:34.612036,2026-09-09,145,344,FALSE,9.20246458770022,"EB_features","0f876d7390dace668ab8fb80547b949e","6a7e01742348969e8c623e21702185c6","c50307b6d5e3e33b5c6d6a1efa6752cb","7b82bc3b384605ca1f053ffc4e5d7855"
"401858536",2026,2026-11-27 17:00:00,2026-09-09 14:21:34.612036,2026-09-09,2294,158,FALSE,7.88883687723883,"EB_features","0f876d7390dace668ab8fb80547b949e","6a7e01742348969e8c623e21702185c6","aab81e96f5fb1608b20c490144f87422","8def1311b7a1356fda62ffd35baf5e14"
"401866472",2026,2026-11-27 17:00:00,2026-09-09 14:21:34.612036,2026-09-09,2006,2084,FALSE,-0.71928371132348,"EB_features","0f876d7390dace668ab8fb80547b949e","6a7e01742348969e8c623e21702185c6","a8adfc33f1370b70963d4770b5fe642a","cc0b8d6aaa84aecaaddbdf4cac337ac8"
"401866473",2026,2026-11-27 17:00:00,2026-09-09 14:21:34.612036,2026-09-09,195,2649,FALSE,-0.98171706570819,"EB_features","0f876d7390dace668ab8fb80547b949e","6a7e01742348969e8c623e21702185c6","7bef1e0032f3506acafee467c9ce5586","505444a7f6657d3505ae4b3168c01642"
"401869930",2026,2026-11-27 20:00:00,2026-09-09 14:21:34.612036,2026-09-09,6,2026,FALSE,6.21366450094253,"EB_features","0f876d7390dace668ab8fb80547b949e","6a7e01742348969e8c623e21702185c6","b2284c9faa78a1139b594e35efa8e292","cd8ed30be082510fd99d84deb5dc2f00"
"401856759",2026,2026-11-27 20:30:00,2026-09-09 14:21:34.612036,2026-09-09,52,57,FALSE,-4.33345331411067,"EB_features","0f876d7390dace668ab8fb80547b949e","6a7e01742348969e8c623e21702185c6","c270562ee5b326a7db7a6295405e18e5","8f489d9d2757643a7c99dd694be974d3"
"401864549",2026,2026-11-27 20:30:00,2026-09-09 14:21:34.612036,2026-09-09,23,2449,FALSE,-5.53889759494387,"EB_features","0f876d7390dace668ab8fb80547b949e","6a7e01742348969e8c623e21702185c6","6766f55fd9f3c8a70690e910f0258e9c","b836b34c1843f7b49db7c706f7efbfce"
"401856756",2026,2026-11-28 00:30:00,2026-09-09 14:21:34.612036,2026-09-09,245,251,FALSE,2.10879051564486,"EB_features","0f876d7390dace668ab8fb80547b949e","6a7e01742348969e8c623e21702185c6","4376b7a97342077fa6eafa7830573fb3","67b9cd488d45b7868ebe5ba45e56a1c4"
"401858544",2026,2026-11-28 00:30:00,2026-09-09 14:21:34.612036,2026-09-09,275,135,FALSE,1.64575336761853,"EB_features","0f876d7390dace668ab8fb80547b949e","6a7e01742348969e8c623e21702185c6","b831ec4ebbb59170b72cfed9a526336f","9aaf4e1cd53cca0107081a4b3a958fd5"
"401856880",2026,2026-11-28 02:00:00,2026-09-09 14:21:34.612036,2026-09-09,254,277,FALSE,22.2201960471984,"EB_features","0f876d7390dace668ab8fb80547b949e","6a7e01742348969e8c623e21702185c6","c4211fa6ca3dab8a23bbd2f636300d01","689a40dc91aa6324e60cc811d1e89cd0"
"401856757",2026,2026-11-28 05:00:00,2026-09-09 14:21:34.612036,2026-09-09,333,2,FALSE,19.0758010550517,"EB_features","0f876d7390dace668ab8fb80547b949e","6a7e01742348969e8c623e21702185c6","a16c0f26515ab4a75eeec83b1a7f54a2","40abe996fcfa08bcca8b0f429b344658"
"401856758",2026,2026-11-28 05:00:00,2026-09-09 14:21:34.612036,2026-09-09,8,99,FALSE,-13.657420691414,"EB_features","0f876d7390dace668ab8fb80547b949e","6a7e01742348969e8c623e21702185c6","1aac1b589d06f7463ec0a3cae784aa82","88ff88dc22b80121f69f76da3b24edc6"
"401856760",2026,2026-11-28 05:00:00,2026-09-09 14:21:34.612036,2026-09-09,61,59,FALSE,28.5452565740865,"EB_features","0f876d7390dace668ab8fb80547b949e","6a7e01742348969e8c623e21702185c6","f81d09176dfc38899d2ce76fa71585c5","0faf49f27f5ae7d26984523f1c4fb71a"
"401856761",2026,2026-11-28 05:00:00,2026-09-09 14:21:34.612036,2026-09-09,96,97,FALSE,-0.677921711187687,"EB_features","0f876d7390dace668ab8fb80547b949e","6a7e01742348969e8c623e21702185c6","2def3b3245803eb09f1a4a032e70a4ad","3f0fe2aeb5bf72e27b0e223ec06c5bb2"
"401856763",2026,2026-11-28 05:00:00,2026-09-09 14:21:34.612036,2026-09-09,142,201,FALSE,-9.38820899797586,"EB_features","0f876d7390dace668ab8fb80547b949e","6a7e01742348969e8c623e21702185c6","45b76870c77c705ffca94e67a9d4f23a","d5c93a1988dc7919b7509323bd8e704d"
"401856764",2026,2026-11-28 05:00:00,2026-09-09 14:21:34.612036,2026-09-09,228,2579,FALSE,-8.16766341402418,"EB_features","0f876d7390dace668ab8fb80547b949e","6a7e01742348969e8c623e21702185c6","dfa1ca4b6a72470e2339225aed27af1f","d3faa8e42127835f3bd9ead2c3cc9ecc"
"401856765",2026,2026-11-28 05:00:00,2026-09-09 14:21:34.612036,2026-09-09,238,2633,FALSE,-2.02341001255454,"EB_features","0f876d7390dace668ab8fb80547b949e","6a7e01742348969e8c623e21702185c6","0a40c3bbdf0aa67e62605e7a1e7529dc","ae6ef8c182cb9c91e5b7adbf993baabe"
"401856873",2026,2026-11-28 05:00:00,2026-09-09 14:21:34.612036,2026-09-09,12,9,FALSE,11.5017334801287,"EB_features","0f876d7390dace668ab8fb80547b949e","6a7e01742348969e8c623e21702185c6","c2af9208b56675d8eb57cb6ceba4e50d","6f05d4268c71e41a027b4f3a6bc6d88e"
"401856874",2026,2026-11-28 05:00:00,2026-09-09 14:21:34.612036,2026-09-09,248,239,FALSE,4.55886021259237,"EB_features","0f876d7390dace668ab8fb80547b949e","6a7e01742348969e8c623e21702185c6","6d4aee3c47acae8c06bc3fe58bcde560","6810b0c8f0cfb4b1f669f4ab06082397"
"401856875",2026,2026-11-28 05:00:00,2026-09-09 14:21:34.612036,2026-09-09,38,2116,FALSE,3.99499011259702,"EB_features","0f876d7390dace668ab8fb80547b949e","6a7e01742348969e8c623e21702185c6","0cded405e418e4aa0efcf41b4b9a1b09","8fc09cc9a14e26b1e057c14151b64e42"
"401856876",2026,2026-11-28 05:00:00,2026-09-09 14:21:34.612036,2026-09-09,252,2132,FALSE,16.8915887827264,"EB_features","0f876d7390dace668ab8fb80547b949e","6a7e01742348969e8c623e21702185c6","11ed1c04acdb3b5439ee345c420b751c","7a2c5f924d3fe84c18c3eb80be27b2ac"
"401856877",2026,2026-11-28 05:00:00,2026-09-09 14:21:34.612036,2026-09-09,197,2305,FALSE,-10.3126543200225,"EB_features","0f876d7390dace668ab8fb80547b949e","6a7e01742348969e8c623e21702185c6","cdf97e1a122f3ec54f5ddbe334097bed","2641caeacbb78806e15fb0180f7c0f4a"
"401856878",2026,2026-11-28 05:00:00,2026-09-09 14:21:34.612036,2026-09-09,66,2306,FALSE,-2.50059819586515,"EB_features","0f876d7390dace668ab8fb80547b949e","6a7e01742348969e8c623e21702185c6","7d44fe20260a200571ec66793196e2ef","e52575130d9186303c964548d89d6922"
"401858311",2026,2026-11-28 05:00:00,2026-09-09 14:21:34.612036,2026-09-09,2390,103,FALSE,38.798829613533,"EB_features","0f876d7390dace668ab8fb80547b949e","6a7e01742348969e8c623e21702185c6","4fb4874fb6d26e2287e64266bfdad2a7","5ab8fbe76fc96613af6cd7a443611fb6"
"401858312",2026,2026-11-28 05:00:00,2026-09-09 14:21:34.612036,2026-09-09,154,150,FALSE,0.596284914948129,"EB_features","0f876d7390dace668ab8fb80547b949e","6a7e01742348969e8c623e21702185c6","11c8fca571f6196fa8ff62d036545d73","c1156057e989425ccd50772da5fc2a46"
"401858313",2026,2026-11-28 05:00:00,2026-09-09 14:21:34.612036,2026-09-09,153,152,FALSE,2.67517238342396,"EB_features","0f876d7390dace668ab8fb80547b949e","6a7e01742348969e8c623e21702185c6","f5f29cfdd5f128bc89573544cbea43f2","d2cc64fcdce71503fc7db360bdd09227"
"401858314",2026,2026-11-28 05:00:00,2026-09-09 14:21:34.612036,2026-09-09,183,87,FALSE,-31.2829667285722,"EB_features","0f876d7390dace668ab8fb80547b949e","6a7e01742348969e8c623e21702185c6","3251c1abe0c702b279bbb1fa4201429f","2936fe3fbaaeaa4c7a7dbf5561a30e32"
"401858315",2026,2026-11-28 05:00:00,2026-09-09 14:21:34.612036,2026-09-09,25,221,FALSE,-14.5735365157768,"EB_features","0f876d7390dace668ab8fb80547b949e","6a7e01742348969e8c623e21702185c6","329b2478030dd77a1028fd2e763308cc","a98fc2259e0382c0c6be45c6c662c3bb"
"401858316",2026,2026-11-28 05:00:00,2026-09-09 14:21:34.612036,2026-09-09,24,2567,FALSE,-10.004727133291,"EB_features","0f876d7390dace668ab8fb80547b949e","6a7e01742348969e8c623e21702185c6","02773f398309eb21b1c883c8bbb3bd68","afd6c06b20dc5966e911ab1f95ae95ca"
"401858317",2026,2026-11-28 05:00:00,2026-09-09 14:21:34.612036,2026-09-09,259,258,FALSE,-1.58048791750406,"EB_features","0f876d7390dace668ab8fb80547b949e","6a7e01742348969e8c623e21702185c6","91cda8f04c1ff98768375ee74ac153f6","1f6ffbe81f04178ce9df2181e9bf7420"
"401858537",2026,2026-11-28 05:00:00,2026-09-09 14:21:34.612036,2026-09-09,77,356,FALSE,0.190254411144926,"EB_features","0f876d7390dace668ab8fb80547b949e","6a7e01742348969e8c623e21702185c6","bb3c371f9b2eaf02e527fc62a7782e94","9b21208b9e021e64e98760236068f627"
"401858538",2026,2026-11-28 05:00:00,2026-09-09 14:21:34.612036,2026-09-09,84,2509,FALSE,27.7542104006907,"EB_features","0f876d7390dace668ab8fb80547b949e","6a7e01742348969e8c623e21702185c6","3768d2d2b835271f4538738d58530b03","af0359bd4ce9e8bc1127b05c38e58457"
"401858539",2026,2026-11-28 05:00:00,2026-09-09 14:21:34.612036,2026-09-09,120,213,FALSE,-8.71353681491966,"EB_features","0f876d7390dace668ab8fb80547b949e","6a7e01742348969e8c623e21702185c6","c51658bf2c0a8efd3653bd4186424622","ece5ce0dc7e76753bc3ace6caa052eaa"
"401858541",2026,2026-11-28 05:00:00,2026-09-09 14:21:34.612036,2026-09-09,2483,264,FALSE,13.9217899240825,"EB_features","0f876d7390dace668ab8fb80547b949e","6a7e01742348969e8c623e21702185c6","cf518ee4f79294bd3aeff6a7dcf49a23","2c9b7f4d0bf070a3af884f5d951f654f"
"401858542",2026,2026-11-28 05:00:00,2026-09-09 14:21:34.612036,2026-09-09,164,127,FALSE,-3.21892503227788,"EB_features","0f876d7390dace668ab8fb80547b949e","6a7e01742348969e8c623e21702185c6","2f698f9fd597154df2cb5e3d1516358b","c096003f85ce18480a4eaa8b8c51b344"
"401858543",2026,2026-11-28 05:00:00,2026-09-09 14:21:34.612036,2026-09-09,26,30,FALSE,-16.6713924122498,"EB_features","0f876d7390dace668ab8fb80547b949e","6a7e01742348969e8c623e21702185c6","3d0a972ff83ee9b3c802294c5d1be95b","70b306e524ab9e5d626e5375874643b5"
"401861969",2026,2026-11-28 05:00:00,2026-09-09 14:21:34.612036,2026-09-09,2751,41,FALSE,4.14886188167537,"EB_features","0f876d7390dace668ab8fb80547b949e","6a7e01742348969e8c623e21702185c6","26f553768cb786b000750541aa75d916","39db6bb008fc9c763dfbd6cded6d7a6c"
"401862840",2026,2026-11-28 05:00:00,2026-09-09 14:21:34.612036,2026-09-09,2636,202,FALSE,12.5799533897411,"EB_features","0f876d7390dace668ab8fb80547b949e","6a7e01742348969e8c623e21702185c6","51ec18b4a34dc8bda112c6242a8b36c8","9cdd2398a3ae82086f232208d11882ce"
"401862841",2026,2026-11-28 05:00:00,2026-09-09 14:21:34.612036,2026-09-09,242,349,FALSE,-9.59355503378295,"EB_features","0f876d7390dace668ab8fb80547b949e","6a7e01742348969e8c623e21702185c6","78773b50be4cd237c43989528416e481","16ee6b4944b6f93478aed4e92cc32a2d"
"401862842",2026,2026-11-28 05:00:00,2026-09-09 14:21:34.612036,2026-09-09,2429,2426,FALSE,-8.79653004977131,"EB_features","0f876d7390dace668ab8fb80547b949e","6a7e01742348969e8c623e21702185c6","8c9467c7f419b2788753f0294c8e2797","ebdba215351007bd1591b1ee0913636c"
"401862843",2026,2026-11-28 05:00:00,2026-09-09 14:21:34.612036,2026-09-09,249,5,FALSE,15.2406992411236,"EB_features","0f876d7390dace668ab8fb80547b949e","6a7e01742348969e8c623e21702185c6","b36977426f9757e420295b7f780bd508","afb96c376c872362fd620dfc9237a140"
"401864550",2026,2026-11-28 05:00:00,2026-09-09 14:21:34.612036,2026-09-09,2459,2638,FALSE,5.34502616458883,"EB_features","0f876d7390dace668ab8fb80547b949e","6a7e01742348969e8c623e21702185c6","a905b6aee057a28af1aa90a6bf248678","c7bfb7808a68e89581002a7dcc2e587b"
"401869947",2026,2026-11-28 05:00:00,2026-09-09 14:21:34.612036,2026-09-09,256,324,FALSE,14.2014771308731,"EB_features","0f876d7390dace668ab8fb80547b949e","6a7e01742348969e8c623e21702185c6","0dfc7e4e5bc7f0374a939c195d4f0289","04aad5c1b6004f362e3d8bf785a93811"
"401869954",2026,2026-11-28 05:00:00,2026-09-09 14:21:34.612036,2026-09-09,290,2348,FALSE,-1.13694873101719,"EB_features","0f876d7390dace668ab8fb80547b949e","6a7e01742348969e8c623e21702185c6","f485dbbb67e55245ff20fc33fafb400f","73a311fbd055da85a22ce23e9f575ba3"
"401869959",2026,2026-11-28 05:00:00,2026-09-09 14:21:34.612036,2026-09-09,2247,309,FALSE,-2.24673301107595,"EB_features","0f876d7390dace668ab8fb80547b949e","6a7e01742348969e8c623e21702185c6","5e5fce5a5be67df65e5b0e73c16d4370","d8bd574ddd9ad0e9cd79e66045808ada"
"401871102",2026,2026-11-28 05:00:00,2026-09-09 14:21:34.612036,2026-09-09,2433,276,FALSE,-3.82406908390596,"EB_features","0f876d7390dace668ab8fb80547b949e","6a7e01742348969e8c623e21702185c6","b67eb0fdf847b298a6f209ed247c9e37","e4ba0f6becf1bf1ac79e34db8a1f047b"
"401871103",2026,2026-11-28 05:00:00,2026-09-09 14:21:34.612036,2026-09-09,295,2572,FALSE,15.9860460692325,"EB_features","0f876d7390dace668ab8fb80547b949e","6a7e01742348969e8c623e21702185c6","955b038fc79f277a5729e67192956247","c522e5114187d2f66eca3230483b7b18"
"401858540",2026,2026-11-28 17:00:00,2026-09-09 14:21:34.612036,2026-09-09,194,130,FALSE,18.3983268882045,"EB_features","0f876d7390dace668ab8fb80547b949e","6a7e01742348969e8c623e21702185c6","1dadbf23e45be58734cf44b7361b207e","8478fefda13d0ed176108f299dca1507"
"401866474",2026,2026-11-28 17:00:00,2026-09-09 14:21:34.612036,2026-09-09,2050,2117,FALSE,-1.51356029984459,"EB_features","0f876d7390dace668ab8fb80547b949e","6a7e01742348969e8c623e21702185c6","54015ad44841288784a9adcc2e1fb115","59aa7c933549f429ba3e2f2dd2a053ec"
"401866475",2026,2026-11-28 17:00:00,2026-09-09 14:21:34.612036,2026-09-09,189,113,FALSE,10.3399122978468,"EB_features","0f876d7390dace668ab8fb80547b949e","6a7e01742348969e8c623e21702185c6","8d76b25c49b06f27779bdd180b7adea6","591b11313e7b72065c5b03d820c906e9"
"401870804",2026,2026-11-28 18:00:00,2026-09-09 14:21:34.612036,2026-09-09,98,338,FALSE,1.22675176865586,"EB_features","0f876d7390dace668ab8fb80547b949e","6a7e01742348969e8c623e21702185c6","69e8f14af2943d63c8c6b7a25a365d1a","251655048dc363ad9228ec9c9b81445b"
"401871063",2026,2026-11-28 19:00:00,2026-09-09 14:21:34.612036,2026-09-09,2623,2335,FALSE,-5.54553923294288,"EB_features","0f876d7390dace668ab8fb80547b949e","6a7e01742348969e8c623e21702185c6","6ee5ae04e1f2eb031686d92bb4814358","df70e6d389f319dc53553322e725d9de"
"401871082",2026,2026-11-28 19:00:00,2026-09-09 14:21:34.612036,2026-09-09,2229,2534,FALSE,9.75196528656905,"EB_features","0f876d7390dace668ab8fb80547b949e","6a7e01742348969e8c623e21702185c6","c9534812b49a12e04231d9666f528b2c","c32bc795a6b1dc63ba3c4659cd0300b2"
"401871083",2026,2026-11-28 19:00:00,2026-09-09 14:21:34.612036,2026-09-09,2393,166,FALSE,1.41907717072368,"EB_features","0f876d7390dace668ab8fb80547b949e","6a7e01742348969e8c623e21702185c6","8fa69827e178f6093f0eda591ceaefb2","9bd31c4931a23e1083ad971a566d61a6"
"401869939",2026,2026-11-28 20:00:00,2026-09-09 14:21:34.612036,2026-09-09,2032,2653,FALSE,1.15065801258961,"EB_features","0f876d7390dace668ab8fb80547b949e","6a7e01742348969e8c623e21702185c6","4b2259e385da54913b005c4e54b52929","bc6eeadbeb5cb0703a7550a47955974b"
"401871062",2026,2026-11-28 20:30:00,2026-09-09 14:21:34.612036,2026-09-09,48,55,FALSE,1.20898712082724,"EB_features","0f876d7390dace668ab8fb80547b949e","6a7e01742348969e8c623e21702185c6","9b8b42c93a4cc9b60c016b188fc7a515","ab79ec5590bdd5429e1b8ee082e3f3cc"
"401864546",2026,2026-11-28 21:30:00,2026-09-09 14:21:34.612036,2026-09-09,167,2005,FALSE,4.54585486712308,"EB_features","0f876d7390dace668ab8fb80547b949e","6a7e01742348969e8c623e21702185c6","f054e0b224c10719c1e8c9d991ec8289","d10b911216481b23641f069dd93cf71f"
"401864548",2026,2026-11-29 02:00:00,2026-09-09 14:21:34.612036,2026-09-09,2439,2440,FALSE,5.65509633872931,"EB_features","0f876d7390dace668ab8fb80547b949e","6a7e01742348969e8c623e21702185c6","625c8d09cb5566747a87b1881999e940","c0f4c8e2fbe2e4965f47269a0df6e530"
"401864547",2026,2026-11-29 04:00:00,2026-09-09 14:21:34.612036,2026-09-09,62,16,FALSE,1.46777173305575,"EB_features","0f876d7390dace668ab8fb80547b949e","6a7e01742348969e8c623e21702185c6","ab1ec64edc20f80f725d49e7044768c8","36580fcbe651755a81a77c1b1d368490"
"401862844",2026,2026-12-12 20:00:00,2026-09-09 14:21:34.612036,2026-09-09,349,2426,TRUE,3.00092845311708,"EB_features","0f876d7390dace668ab8fb80547b949e","6a7e01742348969e8c623e21702185c6","16ee6b4944b6f93478aed4e92cc32a2d","ebdba215351007bd1591b1ee0913636c"
