"season","game_id","week","kickoff","neutral","home_id","away_id","home_conference","away_conference","cutoff","week_seq","actual_margin","gp_home","gp_away","pre_home","pre_away","pred_margin","hfa","error","abs_error","candidate"
2019,"401110723",1,"2019-08-24 23:00:00",TRUE,57,2390,"SEC","ACC","2019-08-19",1,4,0,0,13.8505735962106,3.91648375420248,11.2019292057914,3.27497514697399,7.20192920579137,7.20192920579137,"EB_features"
2019,"401114164",1,"2019-08-25 02:30:00",FALSE,62,12,"Mountain West","Pac-12","2019-08-19",1,7,0,0,-5.17046511214773,-1.83804010259992,-0.482750989416277,3.27497514697399,-7.48275098941628,7.48275098941628,"EB_features"
2019,"401117854",1,"2019-08-29 23:00:00",FALSE,2132,26,"American Athletic","Pac-12","2019-08-26",2,10,0,0,7.02595939468581,2.74205707381517,8.10561099646996,3.27497514697399,-1.89438900353004,1.89438900353004,"EB_features"
2019,"401111653",1,"2019-08-30",FALSE,228,59,"ACC","ACC","2019-08-26",2,38,0,0,24.5150743276469,-1.19156859247399,32.2624313396936,3.27497514697399,-5.73756866030644,5.73756866030644,"EB_features"
2019,"401114236",1,"2019-08-30",FALSE,2655,2229,"American Athletic","Conference USA","2019-08-26",2,28,0,0,-3.92638119773705,-0.318799939193646,-0.793024086479063,3.27497514697399,-28.7930240864791,28.7930240864791,"EB_features"
2019,"401110731",1,"2019-08-30 00:30:00",FALSE,245,326,"SEC","Sun Belt","2019-08-26",2,34,0,0,12.7428040590843,-12.0041823013576,31.1802985007153,3.27497514697399,-2.81970149928467,2.81970149928467,"EB_features"
2019,"401114153",1,"2019-08-30 02:00:00",FALSE,9,2309,"Pac-12","Mid-American","2019-08-26",2,23,0,0,1.79304302988482,-10.8602961980681,17.5431982557494,3.27497514697399,-5.4568017442506,5.4568017442506,"EB_features"
2019,"401114223",1,"2019-08-30 02:15:00",FALSE,252,254,"FBS Independents","Pac-12","2019-08-26",2,-18,0,0,1.39761226575117,9.04013424347836,-5.34292458111006,3.27497514697399,12.6570754188899,12.6570754188899,"EB_features"
2019,"401114238",1,"2019-08-30 22:00:00",FALSE,349,242,"FBS Independents","Conference USA","2019-08-26",2,7,0,0,8.81518592297027,-15.3319212549517,30.5038596682216,3.27497514697399,23.5038596682216,23.5038596682216,"EB_features"
2019,"401112212",1,"2019-08-30 23:00:00",FALSE,127,202,"Big Ten","American Athletic","2019-08-26",2,21,0,0,8.03207518191197,-6.54235946269467,19.7094736968999,3.27497514697399,-1.29052630310009,1.29052630310009,"EB_features"
2019,"401112264",1,"2019-08-30 23:15:00",FALSE,164,113,"Big Ten","FBS Independents","2019-08-26",2,27,0,0,-7.01890335767209,-13.7656873388046,10.8828182131623,3.27497514697399,-16.1171817868377,16.1171817868377,"EB_features"
2019,"401117856",1,"2019-08-30 23:55:00",FALSE,58,275,"American Athletic","Big Ten","2019-08-26",2,-49,0,0,-6.14671463178637,4.95457686526233,-9.24311995993063,3.27497514697399,39.7568800400694,39.7568800400694,"EB_features"
2019,"401112430",1,"2019-08-31",FALSE,154,328,"ACC","Mountain West","2019-08-26",2,3,0,0,-1.60531785653816,6.99792216130656,-6.42625437209046,3.27497514697399,-9.42625437209046,9.42625437209046,"EB_features"
2019,"401112262",1,"2019-08-31 01:30:00",FALSE,2440,2509,"Mountain West","Big Ten","2019-08-26",2,3,0,0,-2.77007576739474,0.851455109799422,-0.808754026821741,3.27497514697399,-3.80875402682174,3.80875402682174,"EB_features"
2019,"401114184",1,"2019-08-31 02:00:00",TRUE,38,36,"Pac-12","Mountain West","2019-08-26",2,21,0,0,-1.68109879041973,-8.86348591992204,8.09904011669456,3.27497514697399,-12.9009598833054,12.9009598833054,"EB_features"
2019,"401112122",1,"2019-08-31 02:30:00",FALSE,204,197,"Pac-12","Big 12","2019-08-26",2,-16,0,0,-8.81878577494816,2.9313714702554,-9.97479727415798,3.27497514697399,6.02520272584202,6.02520272584202,"EB_features"
2019,"401110724",1,"2019-08-31 16:00:00",FALSE,96,2649,"SEC","Mid-American","2019-08-26",2,14,0,0,10.0466423778468,-1.36451488085421,16.142482669161,3.27497514697399,2.14248266916101,2.14248266916101,"EB_features"
2019,"401110726",1,"2019-08-31 16:00:00",FALSE,235,145,"American Athletic","SEC","2019-08-26",2,5,0,0,0.529586281922012,2.54931436627663,0.997479032512084,3.27497514697399,-4.00252096748792,4.00252096748792,"EB_features"
2019,"401110727",1,"2019-08-31 16:00:00",TRUE,309,344,"Sun Belt","SEC","2019-08-26",2,-10,0,0,-5.85274785089568,13.3737687725695,-21.6803030287967,3.27497514697399,-11.6803030287967,11.6803030287967,"EB_features"
2019,"401112145",1,"2019-08-31 16:00:00",FALSE,356,2006,"Big Ten","Mid-American","2019-08-26",2,39,0,0,-8.08100539597529,-11.4696998989835,7.09615217742845,3.27497514697399,-31.9038478225715,31.9038478225715,"EB_features"
2019,"401112157",1,"2019-08-31 16:00:00",TRUE,2050,84,"Mid-American","Big Ten","2019-08-26",2,-10,0,0,-10.6876434223238,1.74026175898608,-14.0140180158849,3.27497514697399,-4.01401801588491,4.01401801588491,"EB_features"
2019,"401112238",1,"2019-08-31 16:00:00",FALSE,158,6,"Big Ten","Sun Belt","2019-08-26",2,14,0,0,3.67085348580834,-13.7137604971302,22.8783024979497,3.27497514697399,8.87830249794969,8.87830249794969,"EB_features"
2019,"401112251",1,"2019-08-31 16:00:00",FALSE,194,2226,"Big Ten","Conference USA","2019-08-26",2,24,0,0,11.0584683025565,-2.3224843884515,18.3636734710889,3.27497514697399,-5.63632652891112,5.63632652891112,"EB_features"
2019,"401112431",1,"2019-08-31 16:00:00",FALSE,52,68,"ACC","Mountain West","2019-08-26",2,-5,0,0,-0.844164196345785,3.69401360969254,-1.84238812586092,3.27497514697399,3.15761187413908,3.15761187413908,"EB_features"
2019,"401112432",1,"2019-08-31 16:00:00",FALSE,152,151,"ACC","American Athletic","2019-08-26",2,28,0,0,3.19166743718374,-9.68416895883252,17.7940916505921,3.27497514697399,-10.2059083494079,10.2059083494079,"EB_features"
2019,"401110720",1,"2019-08-31 19:30:00",TRUE,333,150,"SEC","ACC","2019-08-26",2,39,0,0,25.0236882821226,0.203795535468849,27.9875344259164,3.27497514697399,-11.0124655740836,11.0124655740836,"EB_features"
2019,"401110729",1,"2019-08-31 19:30:00",TRUE,153,2579,"ACC","SEC","2019-08-26",2,4,0,0,-5.4472899945335,7.52995581447808,-14.6334683046629,3.27497514697399,-18.6334683046629,18.6334683046629,"EB_features"
2019,"401110730",1,"2019-08-31 19:30:00",FALSE,2633,2247,"SEC","Sun Belt","2019-08-26",2,-8,0,0,6.97802357946354,-10.3535995554645,22.8185486868397,3.27497514697399,30.8185486868397,30.8185486868397,"EB_features"
2019,"401119256",1,"2019-08-31 19:30:00",FALSE,324,2199,"Sun Belt","Mid-American","2019-08-26",2,-7,0,0,-10.7365912939445,-2.21293209240311,-6.33651704491234,3.27497514697399,0.663482955087658,0.663482955087658,"EB_features"
2019,"401112245",1,"2019-08-31 20:00:00",FALSE,24,77,"Pac-12","Big Ten","2019-08-26",2,10,0,0,7.07121239730349,0.0495727546307334,11.192752360261,3.27497514697399,1.19275236026104,1.19275236026104,"EB_features"
2019,"401112435",1,"2019-08-31 20:00:00",FALSE,103,259,"ACC","ACC","2019-08-26",2,7,0,0,2.40327310730188,2.2279664111823,3.47265538043922,3.27497514697399,-3.52734461956078,3.52734461956078,"EB_features"
2019,"401112434",1,"2019-08-31 22:00:00",FALSE,2335,183,"FBS Independents","ACC","2019-08-26",2,-24,0,0,-16.7512761089484,4.14700024177745,-20.2904461374153,3.27497514697399,3.70955386258469,3.70955386258469,"EB_features"
2019,"401117858",1,"2019-08-31 23:00:00",FALSE,2032,2567,"Sun Belt","American Athletic","2019-08-26",2,-7,0,0,-2.73607564997367,-6.30673256484266,7.30133756312527,3.27497514697399,14.3013375631253,14.3013375631253,"EB_features"
2019,"401110722",1,"2019-08-31 23:30:00",TRUE,2,2483,"SEC","Pac-12","2019-08-26",2,6,0,0,12.7470495930307,7.9123468511963,5.45173223781982,3.27497514697399,-0.548267762180185,0.548267762180185,"EB_features"
2019,"401110725",1,"2019-08-31 23:30:00",FALSE,99,290,"SEC","Sun Belt","2019-08-26",2,52,0,0,16.5668049885022,0.480795283976145,21.4139636984756,3.27497514697399,-30.5860363015244,30.5860363015244,"EB_features"
2019,"401110728",1,"2019-08-31 23:30:00",FALSE,2751,142,"Mountain West","SEC","2019-08-26",2,6,0,0,-3.13715900088571,7.20023921695188,-8.38173471270673,3.27497514697399,-14.3817347127067,14.3817347127067,"EB_features"
2019,"401110732",1,"2019-08-31 23:30:00",FALSE,238,61,"SEC","SEC","2019-08-26",2,-24,0,0,1.79245324868169,21.6235168752443,-19.0870302660345,3.27497514697399,4.9129697339655,4.9129697339655,"EB_features"
2019,"401112191",1,"2019-08-31 23:30:00",FALSE,2294,193,"Big Ten","Mid-American","2019-08-26",2,24,0,0,9.96234580933561,-5.55633988755197,20.7742348988186,3.27497514697399,-3.22576510118138,3.22576510118138,"EB_features"
2019,"401112222",1,"2019-08-31 23:30:00",FALSE,130,2393,"Big Ten","Conference USA","2019-08-26",2,19,0,0,17.5950603564523,-2.33310677975474,25.7464769162637,3.27497514697399,6.74647691626373,6.74647691626373,"EB_features"
2019,"401112433",1,"2019-08-31 23:30:00",FALSE,221,258,"ACC","ACC","2019-08-26",2,-16,0,0,2.77639162608274,5.00144398378021,0.765950225062509,3.27497514697399,16.7659502250625,16.7659502250625,"EB_features"
2019,"401112135",1,"2019-09-01",FALSE,251,2348,"Big 12","Conference USA","2019-08-26",2,31,0,0,12.3750157243712,-3.82961807414044,21.5477272061609,3.27497514697399,-9.45227279383915,9.45227279383915,"EB_features"
2019,"401114228",1,"2019-09-01 02:00:00",FALSE,265,166,"Pac-12","FBS Independents","2019-08-26",2,51,0,0,6.49137083855521,-13.5954050518902,25.925328131086,3.27497514697399,-25.074671868914,25.074671868914,"EB_features"
2019,"401114218",1,"2019-09-01 02:30:00",FALSE,30,278,"Pac-12","Mountain West","2019-08-26",2,8,0,0,9.00335101286609,5.6774932365273,7.02529590625823,3.27497514697399,-0.974704093741765,0.974704093741765,"EB_features"
2019,"401112114",1,"2019-09-01 23:30:00",FALSE,201,248,"Big 12","American Athletic","2019-08-26",2,18,0,0,13.3404354802354,-3.69837456575616,22.4883652935988,3.27497514697399,4.48836529359875,4.48836529359875,"EB_features"
2019,"401112436",1,"2019-09-03",FALSE,97,87,"ACC","FBS Independents","2019-09-02",3,-18,0,0,-12.8798239943912,12.745675413448,-25.6209815833345,3.27497514697399,-7.62098158333445,7.62098158333445,"EB_features"
2019,"401112447",2,"2019-09-07",FALSE,242,154,"Conference USA","ACC","2019-09-02",3,-20,1,1,-15.3319212549517,-1.60531785653816,-9.85722004665731,3.27497514697399,10.1427799533427,10.1427799533427,"EB_features"
2019,"401114251",2,"2019-09-07 01:00:00",FALSE,68,276,"Mountain West","Conference USA","2019-09-02",3,7,1,0,3.69401360969254,1.33109405547891,6.46573122797482,3.27497514697399,-0.534268772025182,0.534268772025182,"EB_features"
2019,"401112445",2,"2019-09-07 15:00:00",FALSE,221,195,"ACC","Mid-American","2019-09-02",3,10,1,0,2.77639162608274,1.2883625303315,2.1585890904738,3.27497514697399,-7.8414109095262,7.8414109095262,"EB_features"
2019,"401110781",2,"2019-09-07 16:00:00",FALSE,142,277,"SEC","Big 12","2019-09-02",3,31,1,0,7.20023921695188,3.50960849431271,5.03966725652171,3.27497514697399,-25.9603327434783,25.9603327434783,"EB_features"
2019,"401110785",2,"2019-09-07 16:00:00",FALSE,2509,238,"Big Ten","SEC","2019-09-02",3,18,1,1,0.851455109799422,1.79245324868169,2.39791796309288,3.27497514697399,-15.6020820369071,15.6020820369071,"EB_features"
2019,"401112107",2,"2019-09-07 16:00:00",FALSE,2306,189,"Big 12","Mid-American","2019-09-02",3,52,0,0,-1.9767570892854,-16.3955984035411,19.5340227497871,3.27497514697399,-32.4659772502129,32.4659772502129,"EB_features"
2019,"401112192",2,"2019-09-07 16:00:00",FALSE,2294,164,"Big Ten","Big Ten","2019-09-02",3,30,1,1,9.96234580933561,-7.01890335767209,20.2748887531751,3.27497514697399,-9.72511124682492,9.72511124682492,"EB_features"
2019,"401112202",2,"2019-09-07 16:00:00",FALSE,120,183,"Big Ten","ACC","2019-09-02",3,43,0,1,2.95815568103159,4.14700024177745,1.31614518471691,3.27497514697399,-41.6838548152831,41.6838548152831,"EB_features"
2019,"401112223",2,"2019-09-07 16:00:00",FALSE,130,349,"Big Ten","FBS Independents","2019-09-02",3,3,1,1,17.5950603564523,8.81518592297027,15.9682791947046,3.27497514697399,12.9682791947046,12.9682791947046,"EB_features"
2019,"401112252",2,"2019-09-07 16:00:00",FALSE,194,2132,"Big Ten","American Athletic","2019-09-02",3,42,1,1,11.0584683025565,7.02595939468581,8.44578972432227,3.27497514697399,-33.5542102756777,33.5542102756777,"EB_features"
2019,"401112446",2,"2019-09-07 16:00:00",FALSE,259,295,"ACC","Conference USA","2019-09-02",3,14,1,0,2.2279664111823,-12.1888892149109,18.9438928680166,3.27497514697399,4.94389286801664,4.94389286801664,"EB_features"
2019,"401114254",2,"2019-09-07 16:00:00",FALSE,2006,5,"Mid-American","Conference USA","2019-09-02",3,-11,1,0,-11.4696998989835,-0.250967602665379,-14.6928571252035,3.27497514697399,-3.69285712520351,3.69285712520351,"EB_features"
2019,"401114224",2,"2019-09-07 17:00:00",FALSE,254,2459,"Pac-12","Mid-American","2019-09-02",3,18,1,0,9.04013424347836,-5.10992117541794,21.3404455932942,3.27497514697399,3.34044559329425,3.34044559329425,"EB_features"
2019,"401112441",2,"2019-09-07 18:00:00",FALSE,59,58,"ACC","American Athletic","2019-09-02",3,4,1,1,-1.19156859247399,-6.14671463178637,14.5324075019879,3.27497514697399,10.5324075019879,10.5324075019879,"EB_features"
2019,"401110780",2,"2019-09-07 19:30:00",FALSE,344,2572,"SEC","Conference USA","2019-09-02",3,23,1,0,13.3737687725695,-0.0378719978599281,16.4515609487258,3.27497514697399,-6.54843905127424,6.54843905127424,"EB_features"
2019,"401110784",2,"2019-09-07 19:30:00",FALSE,228,245,"ACC","SEC","2019-09-02",3,14,1,1,24.5150743276469,12.7428040590843,17.0359939621295,3.27497514697399,3.03599396212952,3.03599396212952,"EB_features"
2019,"401112146",2,"2019-09-07 19:30:00",FALSE,41,356,"American Athletic","Big Ten","2019-09-02",3,-8,0,1,-22.027460774067,-8.08100539597529,-17.7687061804255,3.27497514697399,-9.76870618042548,9.76870618042548,"EB_features"
2019,"401112239",2,"2019-09-07 19:30:00",FALSE,38,158,"Pac-12","Big Ten","2019-09-02",3,3,1,1,-1.68109879041973,3.67085348580834,0.869856406717571,3.27497514697399,-2.13014359328243,2.13014359328243,"EB_features"
2019,"401112268",2,"2019-09-07 19:30:00",FALSE,275,2117,"Big Ten","Mid-American","2019-09-02",3,61,1,0,4.95457686526233,-11.305827376007,28.2367620314635,3.27497514697399,-32.7632379685365,32.7632379685365,"EB_features"
2019,"401114247",2,"2019-09-07 19:30:00",FALSE,2026,2429,"Sun Belt","Conference USA","2019-09-02",3,15,0,0,1.50285088071843,-7.34682161535516,13.2540881177719,3.27497514697399,-1.74591188222809,1.74591188222809,"EB_features"
2019,"401110773",2,"2019-09-07 20:00:00",FALSE,333,166,"SEC","FBS Independents","2019-09-02",3,52,1,0,25.0236882821226,-13.5954050518902,48.6582456584628,3.27497514697399,-3.34175434153722,3.34175434153722,"EB_features"
2019,"401112074",2,"2019-09-07 20:00:00",FALSE,239,2636,"Big 12","Conference USA","2019-09-02",3,49,0,0,1.4199245159289,-10.3000520687221,16.4907150972636,3.27497514697399,-32.5092849027364,32.5092849027364,"EB_features"
2019,"401114214",2,"2019-09-07 20:15:00",FALSE,26,21,"Pac-12","Mountain West","2019-09-02",3,-9,1,0,2.74205707381517,-1.5528050844529,7.8022380837931,3.27497514697399,16.8022380837931,16.8022380837931,"EB_features"
2019,"401112440",2,"2019-09-07 21:00:00",FALSE,52,2433,"ACC","Sun Belt","2019-09-02",3,1,1,0,-0.844164196345785,-6.97832723966247,9.6657428116911,3.27497514697399,8.6657428116911,8.6657428116911,"EB_features"
2019,"401110783",2,"2019-09-07 23:00:00",FALSE,2633,252,"SEC","FBS Independents","2019-09-02",3,-3,1,1,6.97802357946354,1.39761226575117,6.54067488798533,3.27497514697399,9.54067488798533,9.54067488798533,"EB_features"
2019,"401112097",2,"2019-09-07 23:00:00",FALSE,2305,324,"Big 12","Sun Belt","2019-09-02",3,-5,0,1,-3.54174908696325,-10.7365912939445,11.4986404143643,3.27497514697399,16.4986404143643,16.4986404143643,"EB_features"
2019,"401114248",2,"2019-09-07 23:00:00",FALSE,2229,98,"Conference USA","Conference USA","2019-09-02",3,-6,1,0,-0.318799939193646,-8.76436335344285,7.99956721994598,3.27497514697399,13.999567219946,13.999567219946,"EB_features"
2019,"401114249",2,"2019-09-07 23:00:00",FALSE,2226,2116,"Conference USA","American Athletic","2019-09-02",3,-34,1,0,-2.3224843884515,8.52730123523707,-9.89890337524468,3.27497514697399,24.1010966247553,24.1010966247553,"EB_features"
2019,"401114253",2,"2019-09-07 23:00:00",FALSE,2567,249,"American Athletic","Conference USA","2019-09-02",3,22,1,0,-6.30673256484266,-1.877266865863,0.663754636941611,3.27497514697399,-21.3362453630584,21.3362453630584,"EB_features"
2019,"401117500",2,"2019-09-07 23:00:00",FALSE,326,2751,"Sun Belt","Mountain West","2019-09-02",3,-9,1,1,-12.0041823013576,-3.13715900088571,-9.59060906197,3.27497514697399,-0.590609061969996,0.590609061969996,"EB_features"
2019,"401110774",2,"2019-09-07 23:30:00",FALSE,2,2655,"SEC","American Athletic","2019-09-02",3,18,1,1,12.7470495930307,-3.92638119773705,17.3688950813311,3.27497514697399,-0.631104918668875,0.631104918668875,"EB_features"
2019,"401110777",2,"2019-09-07 23:30:00",FALSE,96,2199,"SEC","Mid-American","2019-09-02",3,21,1,1,10.0466423778468,-2.21293209240311,16.6315182879777,3.27497514697399,-4.36848171202231,4.36848171202231,"EB_features"
2019,"401110778",2,"2019-09-07 23:30:00",FALSE,251,99,"Big 12","SEC","2019-09-02",3,-7,0,1,12.3750157243712,16.5668049885022,-6.54946442319477,3.27497514697399,0.450535576805234,0.450535576805234,"EB_features"
2019,"401110779",2,"2019-09-07 23:30:00",FALSE,145,8,"SEC","SEC","2019-09-02",3,14,1,0,2.54931436627663,-3.00396604812486,8.86990678792576,3.27497514697399,-5.13009321207424,5.13009321207424,"EB_features"
2019,"401112213",2,"2019-09-07 23:30:00",FALSE,127,2711,"Big Ten","Mid-American","2019-09-02",3,34,1,0,8.03207518191197,-6.84637039283449,20.2673717743049,3.27497514697399,-13.7326282256951,13.7326282256951,"EB_features"
2019,"401112258",2,"2019-09-07 23:30:00",FALSE,213,2084,"Big Ten","Mid-American","2019-09-02",3,32,0,0,12.9562848025343,-3.99771420056328,22.3927302315571,3.27497514697399,-9.6072697684429,9.6072697684429,"EB_features"
2019,"401114193",2,"2019-09-07 23:30:00",FALSE,2483,2440,"Pac-12","Mountain West","2019-09-02",3,71,1,1,7.9123468511963,-2.77007576739474,14.5945728882484,3.27497514697399,-56.4054271117516,56.4054271117516,"EB_features"
2019,"401114347",2,"2019-09-07 23:30:00",FALSE,309,2335,"Sun Belt","FBS Independents","2019-09-02",3,21,1,1,-5.85274785089568,-16.7512761089484,18.1294054816438,3.27497514697399,-2.87059451835617,2.87059451835617,"EB_features"
2019,"401112140",2,"2019-09-08",FALSE,2641,2638,"Big 12","Conference USA","2019-09-02",3,35,0,0,-0.947480066731685,-12.7197756587711,16.5497113240144,3.27497514697399,-18.4502886759856,18.4502886759856,"EB_features"
2019,"401112443",2,"2019-09-08",FALSE,153,2390,"ACC","ACC","2019-09-02",3,3,1,1,-5.4472899945335,3.91648375420248,-5.37859479177347,3.27497514697399,-8.37859479177347,8.37859479177347,"EB_features"
2019,"401117501",2,"2019-09-08 01:00:00",FALSE,23,202,"Mountain West","American Athletic","2019-09-02",3,-18,0,1,-8.17090263633282,-6.54235946269467,1.65367667983614,3.27497514697399,19.6536766798361,19.6536766798361,"EB_features"
2019,"401117502",2,"2019-09-08 02:00:00",FALSE,2439,2032,"Mountain West","Sun Belt","2019-09-02",3,-26,0,1,-9.78411561148177,-2.73607564997367,-2.28901546836893,3.27497514697399,23.7109845316311,23.7109845316311,"EB_features"
2019,"401112230",2,"2019-09-08 02:30:00",FALSE,278,135,"Mountain West","Big Ten","2019-09-02",3,-3,0,0,5.6774932365273,5.14209697787521,3.8787014149915,3.27497514697399,6.8787014149915,6.8787014149915,"EB_features"
2019,"401114175",2,"2019-09-08 02:30:00",FALSE,264,25,"Pac-12","Pac-12","2019-09-02",3,-1,0,0,9.16702761898054,0.243854801480276,13.3369689262122,3.27497514697399,14.3369689262122,14.3369689262122,"EB_features"
2019,"401114207",2,"2019-09-08 02:30:00",FALSE,30,24,"Pac-12","Pac-12","2019-09-02",3,25,0,1,9.00335101286609,7.07121239730349,5.65249523661349,3.27497514697399,-19.3475047633865,19.3475047633865,"EB_features"
2019,"401114200",2,"2019-09-08 03:59:00",FALSE,62,204,"Mountain West","Pac-12","2019-09-02",3,3,1,1,-5.17046511214773,-8.81878577494816,9.64023877506878,3.27497514697399,6.64023877506878,6.64023877506878,"EB_features"
2019,"401112448",3,"2019-09-13 22:00:00",FALSE,154,153,"ACC","ACC","2019-09-09",4,6,2,1,-1.60531785653816,-5.4472899945335,7.62176020738275,3.27497514697399,1.62176020738275,1.62176020738275,"EB_features"
2019,"401112098",3,"2019-09-13 23:30:00",FALSE,103,2305,"ACC","Big 12","2019-09-09",4,-24,1,1,2.40327310730188,-3.54174908696325,13.2781297672111,3.27497514697399,37.2781297672111,37.2781297672111,"EB_features"
2019,"401114230",3,"2019-09-14 01:15:00",TRUE,248,265,"American Athletic","Pac-12","2019-09-09",4,-7,1,1,-3.69837456575616,6.49137083855521,-14.9458921004384,3.27497514697399,-7.94589210043839,7.94589210043839,"EB_features"
2019,"401110788",3,"2019-09-14 16:00:00",FALSE,61,2032,"SEC","Sun Belt","2019-09-09",4,55,1,1,21.6235168752443,-2.73607564997367,32.8280862818348,3.27497514697399,-22.1719137181652,22.1719137181652,"EB_features"
2019,"401110792",3,"2019-09-14 16:00:00",FALSE,344,2306,"SEC","Big 12","2019-09-09",4,-7,2,1,13.3737687725695,-1.9767570892854,14.2000816843566,3.27497514697399,21.2000816843566,21.2000816843566,"EB_features"
2019,"401112144",3,"2019-09-14 16:00:00",FALSE,277,152,"Big 12","ACC","2019-09-09",4,17,1,1,3.50960849431271,3.19166743718374,-2.52415375484215,3.27497514697399,-19.5241537548421,19.5241537548421,"EB_features"
2019,"401112147",3,"2019-09-14 16:00:00",FALSE,356,2199,"Big Ten","Mid-American","2019-09-09",4,-3,2,2,-8.08100539597529,-2.21293209240311,0.80342251123568,3.27497514697399,3.80342251123568,3.80342251123568,"EB_features"
2019,"401112159",3,"2019-09-14 16:00:00",FALSE,84,194,"Big Ten","Big Ten","2019-09-09",4,-41,1,2,1.74026175898608,11.0584683025565,-13.097305689329,3.27497514697399,27.902694310671,27.902694310671,"EB_features"
2019,"401112203",3,"2019-09-14 16:00:00",FALSE,218,120,"American Athletic","Big Ten","2019-09-09",4,3,0,1,0.942167392934952,2.95815568103159,-6.13656953677237,3.27497514697399,-9.13656953677237,9.13656953677237,"EB_features"
2019,"401112259",3,"2019-09-14 16:00:00",FALSE,213,221,"Big Ten","ACC","2019-09-09",4,7,1,2,12.9562848025343,2.77639162608274,18.0294134732456,3.27497514697399,11.0294134732456,11.0294134732456,"EB_features"
2019,"401117863",3,"2019-09-14 16:00:00",FALSE,2132,193,"American Athletic","Mid-American","2019-09-09",4,22,2,1,7.02595939468581,-5.55633988755197,12.6053051079181,3.27497514697399,-9.39469489208194,9.39469489208194,"EB_features"
2019,"401114185",3,"2019-09-14 17:00:00",FALSE,38,2005,"Pac-12","Mountain West","2019-09-09",4,-7,2,0,-1.68109879041973,1.84259214607829,1.76498913893704,3.27497514697399,8.76498913893704,8.76498913893704,"EB_features"
2019,"401114257",3,"2019-09-14 18:00:00",FALSE,2050,2226,"Mid-American","Conference USA","2019-09-09",4,-10,1,2,-10.6876434223238,-2.3224843884515,-1.95897838804888,3.27497514697399,8.04102161195112,8.04102161195112,"EB_features"
2019,"401114336",3,"2019-09-14 18:30:00",FALSE,87,167,"FBS Independents","Mountain West","2019-09-09",4,52,1,0,12.745675413448,-6.67391048490705,23.9028243419515,3.27497514697399,-28.0971756580485,28.0971756580485,"EB_features"
2019,"401119263",3,"2019-09-14 19:00:00",FALSE,2117,2006,"Mid-American","Mid-American","2019-09-09",4,21,1,2,-11.305827376007,-11.4696998989835,2.92300082212701,3.27497514697399,-18.076999177873,18.076999177873,"EB_features"
2019,"401110794",3,"2019-09-14 19:30:00",FALSE,2579,333,"SEC","SEC","2019-09-09",4,-24,1,2,7.52995581447808,25.0236882821226,-21.269245098802,3.27497514697399,2.73075490119805,2.73075490119805,"EB_features"
2019,"401112124",3,"2019-09-14 19:30:00",FALSE,202,197,"American Athletic","Big 12","2019-09-09",4,-19,1,1,-6.54235946269467,2.9313714702554,-8.23476915584688,3.27497514697399,10.7652308441531,10.7652308441531,"EB_features"
2019,"401112231",3,"2019-09-14 19:30:00",FALSE,135,290,"Big Ten","Sun Belt","2019-09-09",4,3,0,1,5.14209697787521,0.480795283976145,13.5692630080686,3.27497514697399,10.5692630080686,10.5692630080686,"EB_features"
2019,"401112246",3,"2019-09-14 19:30:00",FALSE,77,2439,"Big Ten","Mountain West","2019-09-09",4,16,1,0,0.0495727546307334,-9.78411561148177,14.5624811869525,3.27497514697399,-1.43751881304746,1.43751881304746,"EB_features"
2019,"401114208",3,"2019-09-14 19:30:00",FALSE,2116,24,"American Athletic","Pac-12","2019-09-09",4,18,1,1,8.52730123523707,7.07121239730349,9.41782505016346,3.27497514697399,-8.58217494983654,8.58217494983654,"EB_features"
2019,"401114219",3,"2019-09-14 19:30:00",FALSE,252,30,"FBS Independents","Pac-12","2019-09-09",4,3,2,1,1.39761226575117,9.00335101286609,-6.25868809623883,3.27497514697399,-9.25868809623883,9.25868809623883,"EB_features"
2019,"401114261",3,"2019-09-14 19:30:00",FALSE,2636,349,"Conference USA","FBS Independents","2019-09-09",4,-18,1,2,-10.3000520687221,8.81518592297027,-21.4236074082226,3.27497514697399,-3.42360740822259,3.42360740822259,"EB_features"
2019,"401117864",3,"2019-09-14 19:30:00",FALSE,2426,151,"American Athletic","American Athletic","2019-09-09",4,32,0,1,-5.05742126512898,-9.68416895883252,10.1931967745213,3.27497514697399,-21.8068032254787,21.8068032254787,"EB_features"
2019,"401117865",3,"2019-09-14 19:30:00",FALSE,6,235,"Sun Belt","American Athletic","2019-09-09",4,-36,1,1,-13.7137604971302,0.529586281922012,-12.1827755291571,3.27497514697399,23.8172244708429,23.8172244708429,"EB_features"
2019,"401110786",3,"2019-09-14 20:00:00",FALSE,8,36,"SEC","Mountain West","2019-09-09",4,21,1,1,-3.00396604812486,-8.86348591992204,11.0903810671207,3.27497514697399,-9.90961893287934,9.90961893287934,"EB_features"
2019,"401112086",3,"2019-09-14 20:00:00",FALSE,66,2294,"Big 12","Big Ten","2019-09-09",4,-1,0,2,5.19280704789511,9.96234580933561,-4.07106748543999,3.27497514697399,-3.07106748543999,3.07106748543999,"EB_features"
2019,"401112214",3,"2019-09-14 20:00:00",FALSE,127,9,"Big Ten","Pac-12","2019-09-09",4,-3,2,1,8.03207518191197,1.79304302988482,11.5776892902566,3.27497514697399,14.5776892902566,14.5776892902566,"EB_features"
2019,"401112453",3,"2019-09-14 20:00:00",TRUE,98,97,"Conference USA","ACC","2019-09-09",4,-17,1,1,-8.76436335344285,-12.8798239943912,5.77774610027753,3.27497514697399,22.7777461002775,22.7777461002775,"EB_features"
2019,"401114176",3,"2019-09-14 20:15:00",FALSE,25,249,"Pac-12","Conference USA","2019-09-09",4,6,0,1,0.243854801480276,-1.877266865863,9.32444727440618,3.27497514697399,3.32444727440618,3.32444727440618,"EB_features"
2019,"401114258",3,"2019-09-14 21:00:00",FALSE,189,2348,"Mid-American","Conference USA","2019-09-09",4,-28,1,1,-16.3955984035411,-3.82961807414044,-14.6707715661897,3.27497514697399,13.3292284338103,13.3292284338103,"EB_features"
2019,"401114255",3,"2019-09-14 22:00:00",FALSE,2429,113,"Conference USA","FBS Independents","2019-09-09",4,35,1,1,-7.34682161535516,-13.7656873388046,13.1942936844561,3.27497514697399,-21.8057063155439,21.8057063155439,"EB_features"
2019,"401114260",3,"2019-09-14 22:00:00",FALSE,2653,2572,"Sun Belt","Conference USA","2019-09-09",4,-5,0,1,-3.10950470903551,-0.0378719978599281,0.926376482664306,3.27497514697399,5.92637648266431,5.92637648266431,"EB_features"
2019,"401114348",3,"2019-09-14 22:00:00",FALSE,2335,2084,"FBS Independents","Mid-American","2019-09-09",4,18,2,1,-16.7512761089484,-3.99771420056328,-11.532878932156,3.27497514697399,-29.532878932156,29.532878932156,"EB_features"
2019,"401114259",3,"2019-09-14 22:30:00",FALSE,276,195,"Conference USA","Mid-American","2019-09-09",4,2,1,1,1.33109405547891,1.2883625303315,4.53325926682352,3.27497514697399,2.53325926682352,2.53325926682352,"EB_features"
2019,"401110787",3,"2019-09-14 23:00:00",FALSE,2,2309,"SEC","Mid-American","2019-09-09",4,39,2,1,12.7470495930307,-10.8602961980681,32.3586945669513,3.27497514697399,-6.64130543304871,6.64130543304871,"EB_features"
2019,"401110789",3,"2019-09-14 23:00:00",FALSE,96,57,"SEC","SEC","2019-09-09",4,-8,2,1,10.0466423778468,13.8505735962106,0.541152265306457,3.27497514697399,8.54115226530646,8.54115226530646,"EB_features"
2019,"401112450",3,"2019-09-14 23:00:00",FALSE,2393,150,"Conference USA","ACC","2019-09-09",4,-23,1,1,-2.33310677975474,0.203795535468849,3.00822045712693,3.27497514697399,26.0082204571269,26.0082204571269,"EB_features"
2019,"401117867",3,"2019-09-14 23:00:00",FALSE,2567,326,"American Athletic","Sun Belt","2019-09-09",4,30,2,2,-6.30673256484266,-12.0041823013576,15.3368076982173,3.27497514697399,-14.6631923017827,14.6631923017827,"EB_features"
2019,"401119264",3,"2019-09-14 23:00:00",FALSE,2711,2247,"Mid-American","Sun Belt","2019-09-09",4,47,1,1,-6.84637039283449,-10.3535995554645,0.0228787632510352,3.27497514697399,-46.977121236749,46.977121236749,"EB_features"
2019,"401112130",3,"2019-09-14 23:30:00",FALSE,2509,2628,"Big Ten","Big 12","2019-09-09",4,-21,2,0,0.851455109799422,7.00312703221969,-3.43100237099347,3.27497514697399,17.5689976290065,17.5689976290065,"EB_features"
2019,"401112449",3,"2019-09-14 23:30:00",FALSE,183,228,"ACC","ACC","2019-09-09",4,-35,2,2,4.14700024177745,24.5150743276469,-25.3431247823772,3.27497514697399,9.65687521762283,9.65687521762283,"EB_features"
2019,"401112451",3,"2019-09-14 23:30:00",FALSE,258,52,"ACC","ACC","2019-09-09",4,7,1,2,5.00144398378021,-0.844164196345785,14.6300637299616,3.27497514697399,7.63006372996161,7.63006372996161,"EB_features"
2019,"401114234",3,"2019-09-14 23:30:00",FALSE,264,62,"Pac-12","Mountain West","2019-09-09",4,32,0,1,9.16702761898054,-5.17046511214773,18.195166879437,3.27497514697399,-13.804833120563,13.804833120563,"EB_features"
2019,"401112116",3,"2019-09-15",FALSE,26,201,"Pac-12","Big 12","2019-09-09",4,-34,2,1,2.74205707381517,13.3404354802354,-11.4966075466052,3.27497514697399,22.5033924533948,22.5033924533948,"EB_features"
2019,"401112136",3,"2019-09-15",TRUE,242,251,"Conference USA","Big 12","2019-09-09",4,-35,2,2,-15.3319212549517,12.3750157243712,-29.7616628840571,3.27497514697399,5.23833711594289,5.23833711594289,"EB_features"
2019,"401112240",3,"2019-09-15",FALSE,158,2459,"Big Ten","Mid-American","2019-09-09",4,36,2,1,3.67085348580834,-5.10992117541794,10.7621495567902,3.27497514697399,-25.2378504432098,25.2378504432098,"EB_features"
2019,"401114339",3,"2019-09-15",FALSE,166,21,"FBS Independents","Mountain West","2019-09-09",4,-21,2,1,-13.5954050518902,-1.5528050844529,-17.0703989185451,3.27497514697399,3.92960108145493,3.92960108145493,"EB_features"
2019,"401112141",3,"2019-09-15 02:30:00",FALSE,12,2641,"Pac-12","Big 12","2019-09-09",4,14,1,0,-1.83804010259992,-0.947480066731685,1.02363211873792,3.27497514697399,-12.9763678812621,12.9763678812621,"EB_features"
2019,"401117869",4,"2019-09-20",FALSE,2655,248,"American Athletic","American Athletic","2019-09-16",5,7,2,2,-3.92638119773705,-3.69837456575616,5.76572207445693,3.27497514697399,-1.23427792554307,1.23427792554307,"EB_features"
2019,"401114262",4,"2019-09-21",FALSE,2348,2229,"Conference USA","Conference USA","2019-09-16",5,12,2,2,-3.82961807414044,-0.318799939193646,7.02427252611374,3.27497514697399,-4.97572747388626,4.97572747388626,"EB_features"
2019,"401114220",4,"2019-09-21 01:00:00",FALSE,30,254,"Pac-12","Pac-12","2019-09-16",5,7,3,2,9.00335101286609,9.04013424347836,2.19867550894314,3.27497514697399,-4.80132449105686,4.80132449105686,"EB_features"
2019,"401117506",4,"2019-09-21 01:00:00",FALSE,68,2005,"Mountain West","Mountain West","2019-09-16",5,11,2,1,3.69401360969254,1.84259214607829,4.39399688583645,3.27497514697399,-6.60600311416355,6.60600311416355,"EB_features"
2019,"401110797",4,"2019-09-21 16:00:00",FALSE,333,2572,"SEC","Conference USA","2019-09-16",5,42,3,2,25.0236882821226,-0.0378719978599281,34.9057239111206,3.27497514697399,-7.09427608887936,7.09427608887936,"EB_features"
2019,"401110799",4,"2019-09-21 16:00:00",FALSE,57,2633,"SEC","SEC","2019-09-16",5,31,2,2,13.8505735962106,6.97802357946354,18.3847549536998,3.27497514697399,-12.6152450463002,12.6152450463002,"EB_features"
2019,"401110801",4,"2019-09-21 16:00:00",FALSE,145,25,"SEC","Pac-12","2019-09-16",5,-8,2,2,2.54931436627663,0.243854801480276,4.78015015020668,3.27497514697399,12.7801501502067,12.7801501502067,"EB_features"
2019,"401110805",4,"2019-09-21 16:00:00",FALSE,238,99,"SEC","SEC","2019-09-16",5,-28,2,2,1.79245324868169,16.5668049885022,-22.2072556669612,3.27497514697399,5.79274433303875,5.79274433303875,"EB_features"
2019,"401112087",4,"2019-09-21 16:00:00",FALSE,66,2433,"Big 12","Sun Belt","2019-09-16",5,52,1,1,5.19280704789511,-6.97832723966247,15.7911420648511,3.27497514697399,-36.2088579351489,36.2088579351489,"EB_features"
2019,"401112160",4,"2019-09-21 16:00:00",FALSE,84,41,"Big Ten","American Athletic","2019-09-16",5,35,2,1,1.74026175898608,-22.027460774067,23.5746498161507,3.27497514697399,-11.4253501838493,11.4253501838493,"EB_features"
2019,"401112215",4,"2019-09-21 16:00:00",FALSE,77,127,"Big Ten","Big Ten","2019-09-16",5,-21,2,3,0.0495727546307334,8.03207518191197,-8.1060235943398,3.27497514697399,12.8939764056602,12.8939764056602,"EB_features"
2019,"401112224",4,"2019-09-21 16:00:00",FALSE,275,130,"Big Ten","Big Ten","2019-09-16",5,21,2,2,4.95457686526233,17.5950603564523,4.83816692573952,3.27497514697399,-16.1618330742605,16.1618330742605,"EB_features"
2019,"401112265",4,"2019-09-21 16:00:00",FALSE,164,103,"Big Ten","ACC","2019-09-16",5,-14,2,2,-7.01890335767209,2.40327310730188,-1.72606297601696,3.27497514697399,12.273937023983,12.273937023983,"EB_features"
2019,"401112462",4,"2019-09-21 16:00:00",FALSE,183,2711,"ACC","Mid-American","2019-09-16",5,19,3,2,4.14700024177745,-6.84637039283449,5.17614748750011,3.27497514697399,-13.8238525124999,13.8238525124999,"EB_features"
2019,"401114355",4,"2019-09-21 17:00:00",FALSE,113,324,"FBS Independents","Sun Belt","2019-09-16",5,-34,2,2,-13.7656873388046,-10.7365912939445,-9.4245603192908,3.27497514697399,24.5754396807092,24.5754396807092,"EB_features"
2019,"401119268",4,"2019-09-21 18:00:00",FALSE,195,309,"Mid-American","Sun Belt","2019-09-16",5,-20,2,2,1.2883625303315,-5.85274785089568,8.05015088909349,3.27497514697399,28.0501508890935,28.0501508890935,"EB_features"
2019,"401119269",4,"2019-09-21 19:00:00",FALSE,2006,2653,"Mid-American","Sun Belt","2019-09-16",5,-28,3,1,-11.4696998989835,-3.10950470903551,-12.4617877537849,3.27497514697399,15.5382122462151,15.5382122462151,"EB_features"
2019,"401110804",4,"2019-09-21 19:30:00",FALSE,245,2,"SEC","SEC","2019-09-16",5,-8,2,3,12.7428040590843,12.7470495930307,1.63992521373113,3.27497514697399,9.63992521373113,9.63992521373113,"EB_features"
2019,"401112131",4,"2019-09-21 19:30:00",FALSE,2628,2567,"Big 12","American Athletic","2019-09-16",5,-3,1,3,7.00312703221969,-6.30673256484266,13.8919208383521,3.27497514697399,16.8919208383521,16.8919208383521,"EB_features"
2019,"401112253",4,"2019-09-21 19:30:00",FALSE,194,193,"Big Ten","Mid-American","2019-09-16",5,71,3,2,11.0584683025565,-5.55633988755197,32.690305716527,3.27497514697399,-38.309694283473,38.309694283473,"EB_features"
2019,"401112457",4,"2019-09-21 19:30:00",FALSE,52,97,"ACC","ACC","2019-09-16",5,11,3,2,-0.844164196345785,-12.8798239943912,10.8149622751804,3.27497514697399,-0.185037724819569,0.185037724819569,"EB_features"
2019,"401112459",4,"2019-09-21 19:30:00",FALSE,153,2026,"ACC","Sun Belt","2019-09-16",5,-3,3,1,-5.4472899945335,1.50285088071843,-1.12659487638892,3.27497514697399,1.87340512361108,1.87340512361108,"EB_features"
2019,"401112461",4,"2019-09-21 19:30:00",FALSE,221,2116,"ACC","American Athletic","2019-09-16",5,1,3,2,2.77639162608274,8.52730123523707,-9.06216294196069,3.27497514697399,-10.0621629419607,10.0621629419607,"EB_features"
2019,"401114235",4,"2019-09-21 19:30:00",FALSE,252,264,"FBS Independents","Pac-12","2019-09-16",5,-26,3,2,1.39761226575117,9.16702761898054,-4.68802861541373,3.27497514697399,21.3119713845863,21.3119713845863,"EB_features"
2019,"401114265",4,"2019-09-21 19:30:00",FALSE,5,6,"Conference USA","Sun Belt","2019-09-16",5,32,1,2,-0.250967602665379,-13.7137604971302,19.3987026790749,3.27497514697399,-12.6012973209251,12.6012973209251,"EB_features"
2019,"401117509",4,"2019-09-21 19:30:00",FALSE,202,2751,"American Athletic","Mountain West","2019-09-16",5,3,3,2,-6.54235946269467,-3.13715900088571,-2.21559136838955,3.27497514697399,-5.21559136838955,5.21559136838955,"EB_features"
2019,"401117870",4,"2019-09-21 19:30:00",FALSE,2084,218,"Mid-American","American Athletic","2019-09-16",5,16,2,1,-3.99771420056328,0.942167392934952,-10.1965495955791,3.27497514697399,-26.1965495955791,26.1965495955791,"EB_features"
2019,"401119266",4,"2019-09-21 19:30:00",FALSE,2309,189,"Mid-American","Mid-American","2019-09-16",5,42,2,2,-10.8602961980681,-16.3955984035411,14.8277481802395,3.27497514697399,-27.1722518197605,27.1722518197605,"EB_features"
2019,"401110802",4,"2019-09-21 20:00:00",FALSE,344,96,"SEC","SEC","2019-09-16",5,15,3,3,13.3737687725695,10.0466423778468,4.19141217445807,3.27497514697399,-10.8085878255419,10.8085878255419,"EB_features"
2019,"401110803",4,"2019-09-21 20:00:00",FALSE,142,2579,"SEC","SEC","2019-09-16",5,20,2,2,7.20023921695188,7.52995581447808,7.79989432301524,3.27497514697399,-12.2001056769848,12.2001056769848,"EB_features"
2019,"401112458",4,"2019-09-21 20:00:00",FALSE,2390,2117,"ACC","Mid-American","2019-09-16",5,5,2,2,3.91648375420248,-11.305827376007,23.5103987509247,3.27497514697399,18.5103987509247,18.5103987509247,"EB_features"
2019,"401112099",4,"2019-09-21 20:30:00",FALSE,2305,277,"Big 12","Big 12","2019-09-16",5,-5,2,2,-3.54174908696325,3.50960849431271,-0.364363892867253,3.27497514697399,4.63563610713275,4.63563610713275,"EB_features"
2019,"401114340",4,"2019-09-21 20:30:00",FALSE,167,166,"Mountain West","FBS Independents","2019-09-16",5,3,1,2,-6.67391048490705,-13.5954050518902,10.4654866001261,3.27497514697399,7.46548660012612,7.46548660012612,"EB_features"
2019,"401112075",4,"2019-09-21 23:00:00",FALSE,242,239,"Conference USA","Big 12","2019-09-16",5,-8,2,1,-15.3319212549517,1.4199245159289,-18.4743816990593,3.27497514697399,-10.4743816990593,10.4743816990593,"EB_features"
2019,"401112460",4,"2019-09-21 23:00:00",FALSE,152,2050,"ACC","Mid-American","2019-09-16",5,11,2,2,3.19166743718374,-10.6876434223238,18.3572691360086,3.27497514697399,7.35726913600856,7.35726913600856,"EB_features"
2019,"401112463",4,"2019-09-21 23:00:00",FALSE,258,295,"ACC","Conference USA","2019-09-16",5,11,2,1,5.00144398378021,-12.1888892149109,24.1107867916177,3.27497514697399,13.1107867916177,13.1107867916177,"EB_features"
2019,"401114195",4,"2019-09-21 23:00:00",FALSE,24,2483,"Pac-12","Pac-12","2019-09-16",5,-15,3,2,7.07121239730349,7.9123468511963,-10.050337762293,3.27497514697399,4.94966223770705,4.94966223770705,"EB_features"
2019,"401121942",4,"2019-09-21 23:00:00",FALSE,326,2247,"Sun Belt","Sun Belt","2019-09-16",5,3,3,2,-12.0041823013576,-10.3535995554645,1.39611924366282,3.27497514697399,-1.60388075633718,1.60388075633718,"EB_features"
2019,"401110798",4,"2019-09-21 23:30:00",FALSE,8,23,"SEC","Mountain West","2019-09-16",5,-7,2,1,-3.00396604812486,-8.17090263633282,13.4163005562895,3.27497514697399,20.4163005562895,20.4163005562895,"EB_features"
2019,"401112125",4,"2019-09-21 23:30:00",FALSE,251,197,"Big 12","Big 12","2019-09-16",5,6,2,2,12.3750157243712,2.9313714702554,12.4941144510701,3.27497514697399,6.49411445107006,6.49411445107006,"EB_features"
2019,"401112456",4,"2019-09-21 23:30:00",FALSE,228,2429,"ACC","Conference USA","2019-09-16",5,42,3,2,24.5150743276469,-7.34682161535516,37.832517895147,3.27497514697399,-4.16748210485301,4.16748210485301,"EB_features"
2019,"401114264",4,"2019-09-21 23:30:00",FALSE,249,2636,"Conference USA","Conference USA","2019-09-16",5,42,2,2,-1.877266865863,-10.3000520687221,15.266152518033,3.27497514697399,-26.733847481967,26.733847481967,"EB_features"
2019,"401110800",4,"2019-09-22",FALSE,61,87,"SEC","FBS Independents","2019-09-16",5,6,2,2,21.6235168752443,12.745675413448,14.1026213536809,3.27497514697399,8.10262135368086,8.10262135368086,"EB_features"
2019,"401112148",4,"2019-09-22",FALSE,356,158,"Big Ten","Big Ten","2019-09-16",5,-4,3,2,-8.08100539597529,3.67085348580834,-4.19579496745695,3.27497514697399,-0.195794967456951,0.195794967456951,"EB_features"
2019,"401114266",4,"2019-09-22",FALSE,2638,2440,"Conference USA","Mountain West","2019-09-16",5,-16,1,2,-12.7197756587711,-2.77007576739474,-3.45660178065269,3.27497514697399,12.5433982193473,12.5433982193473,"EB_features"
2019,"401114155",4,"2019-09-22 02:00:00",FALSE,9,38,"Pac-12","Pac-12","2019-09-16",5,-3,2,3,1.79304302988482,-1.68109879041973,9.24416866349885,3.27497514697399,12.2441686634989,12.2441686634989,"EB_features"
2019,"401117507",4,"2019-09-22 02:15:00",FALSE,36,2649,"Mountain West","Mid-American","2019-09-16",5,-6,2,1,-8.86348591992204,-1.36451488085421,-9.19108331702946,3.27497514697399,-3.19108331702946,3.19108331702946,"EB_features"
2019,"401114215",4,"2019-09-22 02:30:00",FALSE,265,26,"Pac-12","Pac-12","2019-09-16",5,-4,2,2,6.49137083855521,2.74205707381517,13.8413510845159,3.27497514697399,17.8413510845159,17.8413510845159,"EB_features"
2019,"401117508",4,"2019-09-22 02:30:00",FALSE,21,328,"Mountain West","Mountain West","2019-09-16",5,-6,1,1,-1.5528050844529,6.99792216130656,-2.32253408222576,3.27497514697399,3.67746591777424,3.67746591777424,"EB_features"
2019,"401117871",5,"2019-09-27",FALSE,235,2426,"American Athletic","American Athletic","2019-09-23",6,12,2,1,0.529586281922012,-5.05742126512898,9.77260794882299,3.27497514697399,-2.22739205117701,2.22739205117701,"EB_features"
2019,"401112465",5,"2019-09-27 23:00:00",FALSE,259,150,"ACC","ACC","2019-09-23",6,-35,2,2,2.2279664111823,0.203795535468849,1.86234480843144,3.27497514697399,36.8623448084314,36.8623448084314,"EB_features"
2019,"401112204",5,"2019-09-28",FALSE,120,213,"Big Ten","Big Ten","2019-09-23",6,-59,2,2,2.95815568103159,12.9562848025343,-2.46994066392049,3.27497514697399,56.5300593360795,56.5300593360795,"EB_features"
2019,"401117512",5,"2019-09-28",FALSE,2005,23,"Mountain West","Mountain West","2019-09-23",6,17,2,2,1.84259214607829,-8.17090263633282,15.5985732394713,3.27497514697399,-1.40142676052873,1.40142676052873,"EB_features"
2019,"401114156",5,"2019-09-28 02:30:00",FALSE,25,9,"Pac-12","Pac-12","2019-09-23",6,-7,3,2,0.243854801480276,1.79304302988482,2.10272498185535,3.27497514697399,9.10272498185535,9.10272498185535,"EB_features"
2019,"401110807",5,"2019-09-28 16:00:00",TRUE,8,245,"SEC","SEC","2019-09-23",6,-4,3,3,-3.00396604812486,12.7428040590843,-19.699351834198,3.27497514697399,-15.699351834198,15.699351834198,"EB_features"
2019,"401110811",5,"2019-09-28 16:00:00",FALSE,238,2459,"SEC","Mid-American","2019-09-23",6,6,3,2,1.79245324868169,-5.10992117541794,10.6502897678358,3.27497514697399,4.65028976783584,4.65028976783584,"EB_features"
2019,"401112100",5,"2019-09-28 16:00:00",FALSE,2628,2305,"Big 12","Big 12","2019-09-23",6,37,2,3,7.00312703221969,-3.54174908696325,13.0414743947977,3.27497514697399,-23.9585256052023,23.9585256052023,"EB_features"
2019,"401112117",5,"2019-09-28 16:00:00",FALSE,201,2641,"Big 12","Big 12","2019-09-23",6,39,2,2,13.3404354802354,-0.947480066731685,21.5949617915036,3.27497514697399,-17.4050382084964,17.4050382084964,"EB_features"
2019,"401112193",5,"2019-09-28 16:00:00",FALSE,2294,2393,"Big Ten","Conference USA","2019-09-23",6,45,3,2,9.96234580933561,-2.33310677975474,21.5979204574752,3.27497514697399,-23.4020795425248,23.4020795425248,"EB_features"
2019,"401112225",5,"2019-09-28 16:00:00",FALSE,130,164,"Big Ten","Big Ten","2019-09-23",6,52,3,3,17.5950603564523,-7.01890335767209,26.5655366418843,3.27497514697399,-25.4344633581157,25.4344633581157,"EB_features"
2019,"401112247",5,"2019-09-28 16:00:00",FALSE,275,77,"Big Ten","Big Ten","2019-09-23",6,9,3,3,4.95457686526233,0.0495727546307334,25.9513562579185,3.27497514697399,16.9513562579185,16.9513562579185,"EB_features"
2019,"401117213",5,"2019-09-28 16:00:00",FALSE,2649,252,"Mid-American","FBS Independents","2019-09-23",6,7,1,4,-1.36451488085421,1.39761226575117,2.45029607700248,3.27497514697399,-4.54970392299752,4.54970392299752,"EB_features"
2019,"401119270",5,"2019-09-28 16:00:00",FALSE,193,2084,"Mid-American","Mid-American","2019-09-23",6,14,3,3,-5.55633988755197,-3.99771420056328,-2.17659369358608,3.27497514697399,-16.1765936935861,16.1765936935861,"EB_features"
2019,"401119271",5,"2019-09-28 16:00:00",FALSE,2711,2117,"Mid-American","Mid-American","2019-09-23",6,16,3,3,-6.84637039283449,-11.305827376007,11.2579107529619,3.27497514697399,-4.74208924703807,4.74208924703807,"EB_features"
2019,"401110806",5,"2019-09-28 19:30:00",FALSE,333,145,"SEC","SEC","2019-09-23",6,28,4,3,25.0236882821226,2.54931436627663,32.9975723640725,3.27497514697399,4.99757236407248,4.99757236407248,"EB_features"
2019,"401112076",5,"2019-09-28 19:30:00",FALSE,239,66,"Big 12","Big 12","2019-09-23",6,2,2,2,1.4199245159289,5.19280704789511,-3.35208161391327,3.27497514697399,-5.35208161391327,5.35208161391327,"EB_features"
2019,"401112161",5,"2019-09-28 19:30:00",FALSE,127,84,"Big Ten","Big Ten","2019-09-23",6,9,4,3,8.03207518191197,1.74026175898608,16.0451929336162,3.27497514697399,7.04519293361618,7.04519293361618,"EB_features"
2019,"401112232",5,"2019-09-28 19:30:00",FALSE,2509,135,"Big Ten","Big Ten","2019-09-23",6,-7,3,2,0.851455109799422,5.14209697787521,-3.35835457534592,3.27497514697399,3.64164542465408,3.64164542465408,"EB_features"
2019,"401112466",5,"2019-09-28 19:30:00",FALSE,103,154,"ACC","ACC","2019-09-23",6,-3,3,3,2.40327310730188,-1.60531785653816,1.34377649611365,3.27497514697399,4.34377649611365,4.34377649611365,"EB_features"
2019,"401112467",5,"2019-09-28 19:30:00",FALSE,153,228,"ACC","ACC","2019-09-23",6,-1,4,4,-5.4472899945335,24.5150743276469,-28.8923441575443,3.27497514697399,-27.8923441575443,27.8923441575443,"EB_features"
2019,"401112469",5,"2019-09-28 19:30:00",FALSE,218,59,"American Athletic","ACC","2019-09-23",6,22,2,2,0.942167392934952,-1.19156859247399,5.42994808625002,3.27497514697399,-16.57005191375,16.57005191375,"EB_features"
2019,"401112472",5,"2019-09-28 19:30:00",FALSE,87,258,"FBS Independents","ACC","2019-09-23",6,15,2,3,12.745675413448,5.00144398378021,14.5835639472612,3.27497514697399,-0.416436052738828,0.416436052738828,"EB_features"
2019,"401114221",5,"2019-09-28 19:30:00",FALSE,264,30,"Pac-12","Pac-12","2019-09-23",6,14,3,4,9.16702761898054,9.00335101286609,5.35817390987984,3.27497514697399,-8.64182609012016,8.64182609012016,"EB_features"
2019,"401114267",5,"2019-09-28 19:30:00",FALSE,2429,2226,"Conference USA","Conference USA","2019-09-23",6,-18,3,3,-7.34682161535516,-2.3224843884515,0.807223649160327,3.27497514697399,18.8072236491603,18.8072236491603,"EB_features"
2019,"401114356",5,"2019-09-28 19:30:00",FALSE,113,2006,"FBS Independents","Mid-American","2019-09-23",6,8,3,4,-13.7656873388046,-11.4696998989835,-0.421485073538126,3.27497514697399,-8.42148507353813,8.42148507353813,"EB_features"
2019,"401121943",5,"2019-09-28 19:30:00",FALSE,2026,324,"Sun Belt","Sun Belt","2019-09-23",6,19,2,3,1.50285088071843,-10.7365912939445,11.8694496011441,3.27497514697399,-7.13055039885594,7.13055039885594,"EB_features"
2019,"401117873",5,"2019-09-28 20:00:00",FALSE,58,2567,"American Athletic","American Athletic","2019-09-23",6,-27,2,4,-6.14671463178637,-6.30673256484266,-10.1513646094643,3.27497514697399,16.8486353905357,16.8486353905357,"EB_features"
2019,"401114269",5,"2019-09-28 21:00:00",FALSE,276,2132,"Conference USA","American Athletic","2019-09-23",6,-38,2,3,1.33109405547891,7.02595939468581,-0.221027834688859,3.27497514697399,37.7789721653111,37.7789721653111,"EB_features"
2019,"401114271",5,"2019-09-28 22:00:00",FALSE,295,151,"Conference USA","American Athletic","2019-09-23",6,-3,2,2,-12.1888892149109,-9.68416895883252,8.54928476507408,3.27497514697399,11.5492847650741,11.5492847650741,"EB_features"
2019,"401114350",5,"2019-09-28 22:00:00",FALSE,2335,167,"FBS Independents","Mountain West","2019-09-23",6,7,3,2,-16.7512761089484,-6.67391048490705,0.531852331759166,3.27497514697399,-6.46814766824083,6.46814766824083,"EB_features"
2019,"401121944",5,"2019-09-28 22:00:00",FALSE,2653,2032,"Sun Belt","Sun Belt","2019-09-23",6,-7,2,3,-3.10950470903551,-2.73607564997367,5.19760456093052,3.27497514697399,12.1976045609305,12.1976045609305,"EB_features"
2019,"401121945",5,"2019-09-28 22:00:00",FALSE,290,309,"Sun Belt","Sun Belt","2019-09-23",6,-13,2,3,0.480795283976145,-5.85274785089568,0.801664384435113,3.27497514697399,13.8016643844351,13.8016643844351,"EB_features"
2019,"401110808",5,"2019-09-28 23:00:00",FALSE,2,344,"SEC","SEC","2019-09-23",6,33,4,4,12.7470495930307,13.3737687725695,8.5848262979359,3.27497514697399,-24.4151737020641,24.4151737020641,"EB_features"
2019,"401112108",5,"2019-09-28 23:00:00",FALSE,197,2306,"Big 12","Big 12","2019-09-23",6,13,3,2,2.9313714702554,-1.9767570892854,5.09798859789741,3.27497514697399,-7.90201140210259,7.90201140210259,"EB_features"
2019,"401114202",5,"2019-09-28 23:00:00",FALSE,204,24,"Pac-12","Pac-12","2019-09-23",6,-3,2,4,-8.81878577494816,7.07121239730349,-9.36656338193012,3.27497514697399,-6.36656338193012,6.36656338193012,"EB_features"
2019,"401114268",5,"2019-09-28 23:00:00",FALSE,242,2348,"Conference USA","Conference USA","2019-09-23",6,-3,4,3,-15.3319212549517,-3.82961807414044,-7.27093322295566,3.27497514697399,-4.27093322295566,4.27093322295566,"EB_features"
2019,"401114272",5,"2019-09-28 23:00:00",FALSE,2572,2638,"Conference USA","Conference USA","2019-09-23",6,18,3,1,-0.0378719978599281,-12.7197756587711,20.0584467010327,3.27497514697399,2.05844670103268,2.05844670103268,"EB_features"
2019,"401114273",5,"2019-09-28 23:00:00",FALSE,98,5,"Conference USA","Conference USA","2019-09-23",6,7,2,2,-8.76436335344285,-0.250967602665379,-7.81868258771574,3.27497514697399,-14.8186825877157,14.8186825877157,"EB_features"
2019,"401117872",5,"2019-09-28 23:00:00",FALSE,2116,41,"American Athletic","American Athletic","2019-09-23",6,35,3,2,8.52730123523707,-22.027460774067,41.7507877001091,3.27497514697399,6.75078770010907,6.75078770010907,"EB_features"
2019,"401121946",5,"2019-09-28 23:00:00",FALSE,2433,6,"Sun Belt","Sun Belt","2019-09-23",6,13,2,3,-6.97832723966247,-13.7137604971302,10.5490704302555,3.27497514697399,-2.45092956974452,2.45092956974452,"EB_features"
2019,"401110810",5,"2019-09-28 23:30:00",FALSE,2579,96,"SEC","SEC","2019-09-23",6,17,3,4,7.52995581447808,10.0466423778468,-2.57894529597544,3.27497514697399,-19.5789452959754,19.5789452959754,"EB_features"
2019,"401112241",5,"2019-09-28 23:30:00",FALSE,158,194,"Big Ten","Big Ten","2019-09-23",6,-41,3,4,3.67085348580834,11.0584683025565,-18.1808403443389,3.27497514697399,22.8191596556611,22.8191596556611,"EB_features"
2019,"401112468",5,"2019-09-28 23:30:00",FALSE,52,152,"ACC","ACC","2019-09-23",6,18,4,3,-0.844164196345785,3.19166743718374,-0.35023478443398,3.27497514697399,-18.350234784434,18.350234784434,"EB_features"
2019,"401117513",5,"2019-09-28 23:30:00",FALSE,328,36,"Mountain West","Mountain West","2019-09-23",6,10,1,2,6.99792216130656,-8.86348591992204,24.0213522157542,3.27497514697399,14.0213522157542,14.0213522157542,"EB_features"
2019,"401114270",5,"2019-09-29",FALSE,249,248,"Conference USA","American Athletic","2019-09-23",6,-21,3,3,-1.877266865863,-3.69837456575616,4.59850263637559,3.27497514697399,25.5985026363756,25.5985026363756,"EB_features"
2019,"401114341",5,"2019-09-29",FALSE,166,278,"FBS Independents","Mountain West","2019-09-23",6,-13,4,2,-13.5954050518902,5.6774932365273,-20.8815025940247,3.27497514697399,-7.88150259402467,7.88150259402467,"EB_features"
2019,"401117514",5,"2019-09-29",FALSE,2751,2439,"Mountain West","Mountain West","2019-09-23",6,36,3,2,-3.13715900088571,-9.78411561148177,17.6607731783726,3.27497514697399,-18.3392268216274,18.3392268216274,"EB_features"
2019,"401114226",5,"2019-09-29 02:00:00",FALSE,254,265,"Pac-12","Pac-12","2019-09-23",6,25,3,2,9.04013424347836,6.49137083855521,3.37187276299549,3.27497514697399,-21.6281272370045,21.6281272370045,"EB_features"
2019,"401114166",5,"2019-09-29 02:30:00",FALSE,12,26,"Pac-12","Pac-12","2019-09-23",6,3,2,3,-1.83804010259992,2.74205707381517,4.83553346360718,3.27497514697399,1.83553346360718,1.83553346360718,"EB_features"
2019,"401117515",5,"2019-09-29 02:30:00",FALSE,2440,62,"Mountain West","Mountain West","2019-09-23",6,-51,2,3,-2.77007576739474,-5.17046511214773,-0.724730319435657,3.27497514697399,50.2752696805643,50.2752696805643,"EB_features"
2019,"401121948",6,"2019-10-03 23:30:00",FALSE,6,290,"Sun Belt","Sun Belt","2019-09-30",7,-3,4,3,-13.7137604971302,0.480795283976145,-11.8176635078193,3.27497514697399,-8.8176635078193,8.8176635078193,"EB_features"
2019,"401117874",6,"2019-10-04",FALSE,151,218,"American Athletic","American Athletic","2019-09-30",7,-10,3,3,-9.68416895883252,0.942167392934952,-11.6222992777883,3.27497514697399,-1.62229927778832,1.62229927778832,"EB_features"
2019,"401117875",6,"2019-10-05",FALSE,2132,2116,"American Athletic","American Athletic","2019-09-30",7,3,4,4,7.02595939468581,8.52730123523707,-0.430393981400688,3.27497514697399,-3.43039398140069,3.43039398140069,"EB_features"
2019,"401117519",6,"2019-10-05 02:00:00",FALSE,23,167,"Mountain West","Mountain West","2019-09-30",7,11,3,3,-8.17090263633282,-6.67391048490705,7.92503587431477,3.27497514697399,-3.07496412568523,3.07496412568523,"EB_features"
2019,"401110813",6,"2019-10-05 16:00:00",FALSE,99,328,"SEC","Mountain West","2019-09-30",7,36,3,3,16.5668049885022,6.99792216130656,22.526290128448,3.27497514697399,-13.473709871552,13.473709871552,"EB_features"
2019,"401112101",6,"2019-10-05 16:00:00",FALSE,2305,201,"Big 12","Big 12","2019-09-30",7,-25,4,3,-3.54174908696325,13.3404354802354,-21.5469813148377,3.27497514697399,3.45301868516227,3.45301868516227,"EB_features"
2019,"401112126",6,"2019-10-05 16:00:00",FALSE,2641,197,"Big 12","Big 12","2019-09-30",7,10,3,4,-0.947480066731685,2.9313714702554,-8.11353043094758,3.27497514697399,-18.1135304309476,18.1135304309476,"EB_features"
2019,"401112194",6,"2019-10-05 16:00:00",FALSE,130,2294,"Big Ten","Big Ten","2019-09-30",7,7,4,4,17.5950603564523,9.96234580933561,4.56705292263959,3.27497514697399,-2.43294707736041,2.43294707736041,"EB_features"
2019,"401112205",6,"2019-10-05 16:00:00",FALSE,164,120,"Big Ten","Big Ten","2019-09-30",7,-41,4,3,-7.01890335767209,2.95815568103159,-10.4383876937341,3.27497514697399,30.5616123062659,30.5616123062659,"EB_features"
2019,"401112260",6,"2019-10-05 16:00:00",FALSE,213,2509,"Big Ten","Big Ten","2019-09-30",7,28,3,4,12.9562848025343,0.851455109799422,26.0678395387468,3.27497514697399,-1.93216046125321,1.93216046125321,"EB_features"
2019,"401112269",6,"2019-10-05 16:00:00",FALSE,275,2309,"Big Ten","Mid-American","2019-09-30",7,48,4,3,4.95457686526233,-10.8602961980681,30.9686529368464,3.27497514697399,-17.0313470631536,17.0313470631536,"EB_features"
2019,"401114328",6,"2019-10-05 16:00:00",FALSE,349,2655,"FBS Independents","American Athletic","2019-09-30",7,-9,3,3,8.81518592297027,-3.92638119773705,9.08850721763083,3.27497514697399,18.0885072176308,18.0885072176308,"EB_features"
2019,"401117876",6,"2019-10-05 16:00:00",FALSE,41,58,"American Athletic","American Athletic","2019-09-30",7,-26,3,3,-22.027460774067,-6.14671463178637,-6.96294082201213,3.27497514697399,19.0370591779879,19.0370591779879,"EB_features"
2019,"401112473",6,"2019-10-05 16:30:00",FALSE,97,103,"ACC","ACC","2019-09-30",7,2,3,4,-12.8798239943912,2.40327310730188,-2.87172315508043,3.27497514697399,-4.87172315508043,4.87172315508043,"EB_features"
2019,"401112088",6,"2019-10-05 18:00:00",FALSE,66,2628,"Big 12","Big 12","2019-09-30",7,25,3,3,5.19280704789511,7.00312703221969,2.73467211541518,3.27497514697399,-22.2653278845848,22.2653278845848,"EB_features"
2019,"401119273",6,"2019-10-05 19:00:00",FALSE,2117,2199,"Mid-American","Mid-American","2019-09-30",7,26,4,3,-11.305827376007,-2.21293209240311,-8.35651942647416,3.27497514697399,-34.3565194264742,34.3565194264742,"EB_features"
2019,"401110812",6,"2019-10-05 19:30:00",FALSE,57,2,"SEC","SEC","2019-09-30",7,11,3,5,13.8505735962106,12.7470495930307,-1.32046724275321,3.27497514697399,-12.3204672427532,12.3204672427532,"EB_features"
2019,"401112077",6,"2019-10-05 19:30:00",FALSE,2306,239,"Big 12","Big 12","2019-09-30",7,-19,3,3,-1.9767570892854,1.4199245159289,1.93461982876116,3.27497514697399,20.9346198287612,20.9346198287612,"EB_features"
2019,"401112137",6,"2019-10-05 19:30:00",FALSE,277,251,"Big 12","Big 12","2019-09-30",7,-11,3,4,3.50960849431271,12.3750157243712,-10.1640142177353,3.27497514697399,0.835985782264739,0.835985782264739,"EB_features"
2019,"401112149",6,"2019-10-05 19:30:00",FALSE,135,356,"Big Ten","Big Ten","2019-09-30",7,23,3,4,5.14209697787521,-8.08100539597529,15.0833016186679,3.27497514697399,-7.91669838133215,7.91669838133215,"EB_features"
2019,"401112476",6,"2019-10-05 19:30:00",FALSE,2390,259,"ACC","ACC","2019-09-30",7,-7,3,3,3.91648375420248,2.2279664111823,10.2877170101833,3.27497514697399,17.2877170101833,17.2877170101833,"EB_features"
2019,"401114275",6,"2019-10-05 19:30:00",FALSE,2393,276,"Conference USA","Conference USA","2019-09-30",7,11,3,3,-2.33310677975474,1.33109405547891,-0.647750087594627,3.27497514697399,-11.6477500875946,11.6477500875946,"EB_features"
2019,"401114337",6,"2019-10-05 19:30:00",FALSE,87,189,"FBS Independents","Mid-American","2019-09-30",7,52,4,3,12.745675413448,-16.3955984035411,50.58378744779,3.27497514697399,-1.41621255221001,1.41621255221001,"EB_features"
2019,"401117516",6,"2019-10-05 19:30:00",FALSE,2426,2005,"American Athletic","Mountain West","2019-09-30",7,9,2,3,-5.05742126512898,1.84259214607829,-1.96521400683707,3.27497514697399,-10.9652140068371,10.9652140068371,"EB_features"
2019,"401119272",6,"2019-10-05 19:30:00",FALSE,2459,2050,"Mid-American","Mid-American","2019-09-30",7,-7,3,3,-5.10992117541794,-10.6876434223238,5.78052636125697,3.27497514697399,12.780526361257,12.780526361257,"EB_features"
2019,"401119274",6,"2019-10-05 19:30:00",FALSE,2084,195,"Mid-American","Mid-American","2019-09-30",7,-1,4,3,-3.99771420056328,1.2883625303315,-1.48682928961865,3.27497514697399,-0.486829289618648,0.486829289618648,"EB_features"
2019,"401119275",6,"2019-10-05 19:30:00",FALSE,2649,2711,"Mid-American","Mid-American","2019-09-30",7,7,3,4,-1.36451488085421,-6.84637039283449,6.81730542256319,3.27497514697399,-0.182694577436814,0.182694577436814,"EB_features"
2019,"401121949",6,"2019-10-05 19:30:00",FALSE,2247,2032,"Sun Belt","Sun Belt","2019-09-30",7,14,3,4,-10.3535995554645,-2.73607564997367,-8.45038550360326,3.27497514697399,-22.4503855036033,22.4503855036033,"EB_features"
2019,"401117877",6,"2019-10-05 19:45:00",FALSE,2433,235,"Sun Belt","American Athletic","2019-09-30",7,-19,3,3,-6.97832723966247,0.529586281922012,-12.4463897818974,3.27497514697399,6.55361021810261,6.55361021810261,"EB_features"
2019,"401110815",6,"2019-10-05 20:00:00",FALSE,142,2653,"SEC","Sun Belt","2019-09-30",7,32,3,3,7.20023921695188,-3.10950470903551,19.1449893100244,3.27497514697399,-12.8550106899756,12.8550106899756,"EB_features"
2019,"401112242",6,"2019-10-05 20:00:00",FALSE,158,77,"Big Ten","Big Ten","2019-09-30",7,3,5,4,3.67085348580834,0.0495727546307334,6.23892022834039,3.27497514697399,3.23892022834039,3.23892022834039,"EB_features"
2019,"401112475",6,"2019-10-05 20:00:00",FALSE,59,153,"ACC","ACC","2019-09-30",7,-16,3,5,-1.19156859247399,-5.4472899945335,-4.01518484176,3.27497514697399,11.98481515824,11.98481515824,"EB_features"
2019,"401114167",6,"2019-10-05 20:30:00",FALSE,38,12,"Pac-12","Pac-12","2019-09-30",7,-5,4,2,-1.68109879041973,-1.83804010259992,6.06808156130478,3.27497514697399,11.0680815613048,11.0680815613048,"EB_features"
2019,"401114276",6,"2019-10-05 22:00:00",FALSE,295,98,"Conference USA","Conference USA","2019-09-30",7,-17,3,3,-12.1888892149109,-8.76436335344285,-1.14394378171696,3.27497514697399,15.856056218283,15.856056218283,"EB_features"
2019,"401110816",6,"2019-10-05 23:00:00",FALSE,2633,61,"SEC","SEC","2019-09-30",7,-29,3,3,6.97802357946354,21.6235168752443,-26.0957211665363,3.27497514697399,2.90427883346371,2.90427883346371,"EB_features"
2019,"401114274",6,"2019-10-05 23:00:00",FALSE,2229,113,"Conference USA","FBS Independents","2019-09-30",7,44,3,4,-0.318799939193646,-13.7656873388046,20.3840782245248,3.27497514697399,-23.6159217754752,23.6159217754752,"EB_features"
2019,"401114277",6,"2019-10-05 23:00:00",FALSE,5,242,"Conference USA","Conference USA","2019-09-30",7,15,3,5,-0.250967602665379,-15.3319212549517,15.012406881368,3.27497514697399,0.0124068813679692,0.0124068813679692,"EB_features"
2019,"401110814",6,"2019-10-05 23:30:00",FALSE,145,238,"SEC","SEC","2019-09-30",7,25,4,4,2.54931436627663,1.79245324868169,8.50654045804963,3.27497514697399,-16.4934595419504,16.4934595419504,"EB_features"
2019,"401112216",6,"2019-10-05 23:30:00",FALSE,194,127,"Big Ten","Big Ten","2019-09-30",7,24,5,5,11.0584683025565,8.03207518191197,21.3861328560751,3.27497514697399,-2.6138671439249,2.6138671439249,"EB_features"
2019,"401117878",6,"2019-10-05 23:30:00",FALSE,2567,202,"American Athletic","American Athletic","2019-09-30",7,6,5,4,-6.30673256484266,-6.54235946269467,13.0077711508288,3.27497514697399,7.00777115082879,7.00777115082879,"EB_features"
2019,"401112474",6,"2019-10-06",FALSE,150,221,"ACC","ACC","2019-09-30",7,-3,3,4,0.203795535468849,2.77639162608274,5.82922847153938,3.27497514697399,8.82922847153938,8.82922847153938,"EB_features"
2019,"401114177",6,"2019-10-06",FALSE,2483,25,"Pac-12","Pac-12","2019-09-30",7,10,3,4,7.9123468511963,0.243854801480276,17.957600793418,3.27497514697399,7.95760079341804,7.95760079341804,"EB_features"
2019,"401114278",6,"2019-10-06",FALSE,2638,2636,"Conference USA","Conference USA","2019-09-30",7,-10,3,3,-12.7197756587711,-10.3000520687221,3.68536185194019,3.27497514697399,13.6853618519402,13.6853618519402,"EB_features"
2019,"401114342",6,"2019-10-06",FALSE,166,2335,"FBS Independents","FBS Independents","2019-09-30",7,-7,4,4,-13.5954050518902,-16.7512761089484,-0.59772273065257,3.27497514697399,6.40227726934743,6.40227726934743,"EB_features"
2019,"401114203",6,"2019-10-06 01:00:00",FALSE,26,204,"Pac-12","Pac-12","2019-09-30",7,-17,4,3,2.74205707381517,-8.81878577494816,12.1948006491675,3.27497514697399,29.1948006491675,29.1948006491675,"EB_features"
2019,"401117518",6,"2019-10-06 02:00:00",FALSE,36,21,"Mountain West","Mountain West","2019-09-30",7,-14,4,3,-8.86348591992204,-1.5528050844529,-9.2846988747092,3.27497514697399,4.7153011252908,4.7153011252908,"EB_features"
2019,"401114209",6,"2019-10-06 02:30:00",FALSE,24,264,"Pac-12","Pac-12","2019-09-30",7,10,5,4,7.07121239730349,9.16702761898054,-8.23791707329201,3.27497514697399,-18.237917073292,18.237917073292,"EB_features"
2019,"401117517",6,"2019-10-06 02:30:00",FALSE,2439,68,"Mountain West","Mountain West","2019-09-30",7,-25,2,3,-9.78411561148177,3.69401360969254,-16.6259991073103,3.27497514697399,8.37400089268969,8.37400089268969,"EB_features"
2019,"401121950",7,"2019-10-10",FALSE,309,2026,"Sun Belt","Sun Belt","2019-10-07",8,-10,4,3,-5.85274785089568,1.50285088071843,0.525159993670906,3.27497514697399,10.5251599936709,10.5251599936709,"EB_features"
2019,"401112477",7,"2019-10-11",FALSE,152,183,"ACC","ACC","2019-10-07",8,6,4,4,3.19166743718374,4.14700024177745,3.27903024053771,3.27497514697399,-2.72096975946229,2.72096975946229,"EB_features"
2019,"401121951",7,"2019-10-11 01:15:00",FALSE,326,2433,"Sun Belt","Sun Belt","2019-10-07",8,-10,4,4,-12.0041823013576,-6.97832723966247,-0.386016634799287,3.27497514697399,9.61398336520071,9.61398336520071,"EB_features"
2019,"401112478",7,"2019-10-12",FALSE,2390,258,"ACC","ACC","2019-10-07",8,8,4,4,3.91648375420248,5.00144398378021,-1.39354499673709,3.27497514697399,-9.39354499673709,9.39354499673709,"EB_features"
2019,"401117522",7,"2019-10-12",FALSE,167,36,"Mountain West","Mountain West","2019-10-07",8,-14,4,4,-6.67391048490705,-8.86348591992204,0.744320650053026,3.27497514697399,14.744320650053,14.744320650053,"EB_features"
2019,"401114186",7,"2019-10-12 02:00:00",FALSE,2483,38,"Pac-12","Pac-12","2019-10-07",8,42,3,5,7.9123468511963,-1.68109879041973,21.0096410556218,3.27497514697399,-20.9903589443782,20.9903589443782,"EB_features"
2019,"401110817",7,"2019-10-12 16:00:00",FALSE,61,2579,"SEC","SEC","2019-10-07",8,-3,4,4,21.6235168752443,7.52995581447808,23.8387656238416,3.27497514697399,26.8387656238416,26.8387656238416,"EB_features"
2019,"401110821",7,"2019-10-12 16:00:00",FALSE,2633,344,"SEC","SEC","2019-10-07",8,10,4,5,6.97802357946354,13.3737687725695,-8.28669771546281,3.27497514697399,-18.2866977154628,18.2866977154628,"EB_features"
2019,"401112118",7,"2019-10-12 16:00:00",TRUE,251,201,"Big 12","Big 12","2019-10-07",8,-7,5,4,12.3750157243712,13.3404354802354,-5.63902201971846,3.27497514697399,1.36097798028154,1.36097798028154,"EB_features"
2019,"401112150",7,"2019-10-12 16:00:00",FALSE,356,130,"Big Ten","Big Ten","2019-10-07",8,-17,5,5,-8.08100539597529,17.5950603564523,-21.018991408632,3.27497514697399,-4.01899140863199,4.01899140863199,"EB_features"
2019,"401112162",7,"2019-10-12 16:00:00",FALSE,84,164,"Big Ten","Big Ten","2019-10-07",8,35,4,5,1.74026175898608,-7.01890335767209,19.3954928468155,3.27497514697399,-15.6045071531845,15.6045071531845,"EB_features"
2019,"401112206",7,"2019-10-12 16:00:00",FALSE,2509,120,"Big Ten","Big Ten","2019-10-07",8,26,5,4,0.851455109799422,2.95815568103159,-4.40261021543827,3.27497514697399,-30.4026102154383,30.4026102154383,"EB_features"
2019,"401117881",7,"2019-10-12 16:00:00",FALSE,218,235,"American Athletic","American Athletic","2019-10-07",8,2,4,4,0.942167392934952,0.529586281922012,-3.06089460564492,3.27497514697399,-5.06089460564492,5.06089460564492,"EB_features"
2019,"401119278",7,"2019-10-12 16:00:00",FALSE,2711,193,"Mid-American","Mid-American","2019-10-07",8,22,5,4,-6.84637039283449,-5.55633988755197,8.48163911827866,3.27497514697399,-13.5183608817213,13.5183608817213,"EB_features"
2019,"401119280",7,"2019-10-12 16:00:00",FALSE,189,2649,"Mid-American","Mid-American","2019-10-07",8,13,4,4,-16.3955984035411,-1.36451488085421,-25.0916421538909,3.27497514697399,-38.0916421538909,38.0916421538909,"EB_features"
2019,"401112480",7,"2019-10-12 16:30:00",FALSE,150,59,"ACC","ACC","2019-10-07",8,18,3,4,0.203795535468849,-1.19156859247399,17.9849871288276,3.27497514697399,-0.0150128711723596,0.0150128711723596,"EB_features"
2019,"401119276",7,"2019-10-12 18:00:00",FALSE,2199,2050,"Mid-American","Mid-American","2019-10-07",8,-6,4,4,-2.21293209240311,-10.6876434223238,6.68433956183103,3.27497514697399,12.684339561831,12.684339561831,"EB_features"
2019,"401114283",7,"2019-10-12 18:30:00",FALSE,276,295,"Conference USA","Conference USA","2019-10-07",8,14,4,4,1.33109405547891,-12.1888892149109,12.5492775423404,3.27497514697399,-1.45072245765963,1.45072245765963,"EB_features"
2019,"401114343",7,"2019-10-12 19:00:00",FALSE,2117,166,"Mid-American","FBS Independents","2019-10-07",8,14,5,5,-11.305827376007,-13.5954050518902,11.5143193474802,3.27497514697399,-2.48568065251979,2.48568065251979,"EB_features"
2019,"401110822",7,"2019-10-12 19:30:00",FALSE,245,333,"SEC","SEC","2019-10-07",8,-19,4,5,12.7428040590843,25.0236882821226,-16.5351073880241,3.27497514697399,2.46489261197594,2.46489261197594,"EB_features"
2019,"401112217",7,"2019-10-12 19:30:00",FALSE,275,127,"Big Ten","Big Ten","2019-10-07",8,38,5,6,4.95457686526233,8.03207518191197,12.0997481609688,3.27497514697399,-25.9002518390312,25.9002518390312,"EB_features"
2019,"401112479",7,"2019-10-12 19:30:00",FALSE,228,52,"ACC","ACC","2019-10-07",8,31,5,5,24.5150743276469,-0.844164196345785,29.7712257793747,3.27497514697399,-1.22877422062527,1.22877422062527,"EB_features"
2019,"401114157",7,"2019-10-12 19:30:00",FALSE,9,265,"Pac-12","Pac-12","2019-10-07",8,4,4,4,1.79304302988482,6.49137083855521,2.13860925799774,3.27497514697399,-1.86139074200226,1.86139074200226,"EB_features"
2019,"401117214",7,"2019-10-12 19:30:00",FALSE,58,252,"American Athletic","FBS Independents","2019-10-07",8,4,4,5,-6.14671463178637,1.39761226575117,-7.39202603202864,3.27497514697399,-11.3920260320286,11.3920260320286,"EB_features"
2019,"401117879",7,"2019-10-12 19:30:00",FALSE,248,2132,"American Athletic","American Athletic","2019-10-07",8,-15,4,5,-3.69837456575616,7.02595939468581,-5.1525561988562,3.27497514697399,9.8474438011438,9.8474438011438,"EB_features"
2019,"401119277",7,"2019-10-12 19:30:00",FALSE,2006,2309,"Mid-American","Mid-American","2019-10-07",8,-23,5,4,-11.4696998989835,-10.8602961980681,-8.11279972050129,3.27497514697399,14.8872002794987,14.8872002794987,"EB_features"
2019,"401119279",7,"2019-10-12 19:30:00",FALSE,195,2459,"Mid-American","Mid-American","2019-10-07",8,-3,4,4,1.2883625303315,-5.10992117541794,10.3699929828022,3.27497514697399,13.3699929828022,13.3699929828022,"EB_features"
2019,"401117880",7,"2019-10-12 19:45:00",FALSE,2655,41,"American Athletic","American Athletic","2019-10-07",8,42,4,4,-3.92638119773705,-22.027460774067,33.133638354077,3.27497514697399,-8.86636164592304,8.86636164592304,"EB_features"
2019,"401110823",7,"2019-10-12 20:00:00",FALSE,238,2439,"SEC","Mountain West","2019-10-07",8,-24,5,3,1.79245324868169,-9.78411561148177,16.565159780694,3.27497514697399,40.565159780694,40.565159780694,"EB_features"
2019,"401112078",7,"2019-10-12 20:00:00",FALSE,239,2641,"Big 12","Big 12","2019-10-07",8,3,4,4,1.4199245159289,-0.947480066731685,11.9805364019598,3.27497514697399,8.98053640195977,8.98053640195977,"EB_features"
2019,"401112089",7,"2019-10-12 20:00:00",FALSE,277,66,"Big 12","Big 12","2019-10-07",8,-24,4,4,3.50960849431271,5.19280704789511,-8.25683609702136,3.27497514697399,15.7431639029786,15.7431639029786,"EB_features"
2019,"401114280",7,"2019-10-12 20:00:00",FALSE,2226,2393,"Conference USA","Conference USA","2019-10-07",8,15,4,4,-2.3224843884515,-2.33310677975474,8.66711662773985,3.27497514697399,-6.33288337226015,6.33288337226015,"EB_features"
2019,"401117524",7,"2019-10-12 20:00:00",FALSE,2440,23,"Mountain West","Mountain West","2019-10-07",8,3,4,4,-2.77007576739474,-8.17090263633282,-2.59572954161984,3.27497514697399,-5.59572954161984,5.59572954161984,"EB_features"
2019,"401121952",7,"2019-10-12 21:00:00",FALSE,324,2247,"Sun Belt","Sun Belt","2019-10-07",8,-10,4,4,-10.7365912939445,-10.3535995554645,6.95200991286801,3.27497514697399,16.952009912868,16.952009912868,"EB_features"
2019,"401114284",7,"2019-10-12 22:00:00",FALSE,2636,5,"Conference USA","Conference USA","2019-10-07",8,-19,3,4,-10.3000520687221,-0.250967602665379,-15.5767311902424,3.27497514697399,3.42326880975762,3.42326880975762,"EB_features"
2019,"401110820",7,"2019-10-12 23:00:00",FALSE,142,145,"SEC","SEC","2019-10-07",8,11,4,5,7.20023921695188,2.54931436627663,12.1962992990078,3.27497514697399,1.19629929900782,1.19629929900782,"EB_features"
2019,"401114279",7,"2019-10-12 23:00:00",FALSE,2229,2429,"Conference USA","Conference USA","2019-10-07",8,25,4,4,-0.318799939193646,-7.34682161535516,7.62341941177375,3.27497514697399,-17.3765805882262,17.3765805882262,"EB_features"
2019,"401114281",7,"2019-10-12 23:00:00",FALSE,2348,113,"Conference USA","FBS Independents","2019-10-07",8,48,4,5,-3.82961807414044,-13.7656873388046,27.3943476105057,3.27497514697399,-20.6056523894943,20.6056523894943,"EB_features"
2019,"401114282",7,"2019-10-12 23:00:00",FALSE,2572,249,"Conference USA","Conference USA","2019-10-07",8,18,4,4,-0.0378719978599281,-1.877266865863,4.17863870377973,3.27497514697399,-13.8213612962203,13.8213612962203,"EB_features"
2019,"401114285",7,"2019-10-12 23:00:00",FALSE,98,349,"Conference USA","FBS Independents","2019-10-07",8,9,4,4,-8.76436335344285,8.81518592297027,-8.11183179612609,3.27497514697399,-17.1118317961261,17.1118317961261,"EB_features"
2019,"401117520",7,"2019-10-12 23:00:00",FALSE,2005,278,"Mountain West","Mountain West","2019-10-07",8,19,4,3,1.84259214607829,5.6774932365273,0.888196904613855,3.27497514697399,-18.1118030953861,18.1118030953861,"EB_features"
2019,"401110818",7,"2019-10-12 23:30:00",FALSE,96,8,"SEC","SEC","2019-10-07",8,4,5,4,10.0466423778468,-3.00396604812486,13.4417959389391,3.27497514697399,9.44179593893912,9.44179593893912,"EB_features"
2019,"401112195",7,"2019-10-12 23:30:00",FALSE,2294,213,"Big Ten","Big Ten","2019-10-07",8,-5,5,4,9.96234580933561,12.9562848025343,-3.98007248121199,3.27497514697399,1.01992751878801,1.01992751878801,"EB_features"
2019,"401112233",7,"2019-10-12 23:30:00",FALSE,135,158,"Big Ten","Big Ten","2019-10-07",8,27,4,6,5.14209697787521,3.67085348580834,7.70409420357028,3.27497514697399,-19.2959057964297,19.2959057964297,"EB_features"
2019,"401112481",7,"2019-10-12 23:30:00",FALSE,154,97,"ACC","ACC","2019-10-07",8,-3,4,4,-1.60531785653816,-12.8798239943912,12.8748343609364,3.27497514697399,15.8748343609364,15.8748343609364,"EB_features"
2019,"401114222",7,"2019-10-12 23:30:00",FALSE,87,30,"FBS Independents","Pac-12","2019-10-07",8,3,5,5,12.745675413448,9.00335101286609,11.4089050084861,3.27497514697399,8.40890500848613,8.40890500848613,"EB_features"
2019,"401117882",7,"2019-10-12 23:30:00",FALSE,202,2426,"American Athletic","American Athletic","2019-10-07",8,-28,5,3,-6.54235946269467,-5.05742126512898,-0.257567775354844,3.27497514697399,27.7424322246452,27.7424322246452,"EB_features"
2019,"401110819",7,"2019-10-13",FALSE,99,57,"SEC","SEC","2019-10-07",8,14,4,4,16.5668049885022,13.8505735962106,11.831287063419,3.27497514697399,-2.16871293658096,2.16871293658096,"EB_features"
2019,"401114204",7,"2019-10-13",FALSE,204,254,"Pac-12","Pac-12","2019-10-07",8,-45,3,4,-8.81878577494816,9.04013424347836,-17.2679916823557,3.27497514697399,27.7320083176443,27.7320083176443,"EB_features"
2019,"401117521",7,"2019-10-13 02:15:00",FALSE,68,62,"Mountain West","Mountain West","2019-10-07",8,22,3,4,3.69401360969254,-5.17046511214773,8.08334316307083,3.27497514697399,-13.9166568369292,13.9166568369292,"EB_features"
2019,"401117523",7,"2019-10-13 02:30:00",FALSE,21,2751,"Mountain West","Mountain West","2019-10-07",8,4,3,4,-1.5528050844529,-3.13715900088571,2.7690051549981,3.27497514697399,-1.2309948450019,1.2309948450019,"EB_features"
2019,"401114168",7,"2019-10-13 03:00:00",FALSE,12,264,"Pac-12","Pac-12","2019-10-07",8,-24,4,4,-1.83804010259992,9.16702761898054,-10.8242120496343,3.27497514697399,13.1757879503657,13.1757879503657,"EB_features"
2019,"401121953",8,"2019-10-17",FALSE,2653,6,"Sun Belt","Sun Belt","2019-10-14",9,24,4,5,-3.10950470903551,-13.7137604971302,15.8118929132758,3.27497514697399,-8.18810708672417,8.18810708672417,"EB_features"
2019,"401121954",8,"2019-10-17 23:30:00",FALSE,2032,309,"Sun Belt","Sun Belt","2019-10-14",9,-17,5,5,-2.73607564997367,-5.85274785089568,-1.42111267547525,3.27497514697399,15.5788873245248,15.5788873245248,"EB_features"
2019,"401114210",8,"2019-10-18 01:00:00",FALSE,24,26,"Pac-12","Pac-12","2019-10-14",9,-18,6,6,7.07121239730349,2.74205707381517,10.4183523863242,3.27497514697399,28.4183523863242,28.4183523863242,"EB_features"
2019,"401114288",8,"2019-10-18 22:30:00",FALSE,2226,276,"Conference USA","Conference USA","2019-10-14",9,-5,5,5,-2.3224843884515,1.33109405547891,7.8881338889323,3.27497514697399,12.8881338889323,12.8881338889323,"EB_features"
2019,"401112483",8,"2019-10-18 23:00:00",FALSE,183,221,"ACC","ACC","2019-10-14",9,-7,5,5,4.14700024177745,2.77639162608274,-2.50588050108992,3.27497514697399,4.49411949891008,4.49411949891008,"EB_features"
2019,"401112248",8,"2019-10-19 00:30:00",FALSE,77,194,"Big Ten","Big Ten","2019-10-14",9,-49,5,6,0.0495727546307334,11.0584683025565,-26.3751666085545,3.27497514697399,22.6248333914455,22.6248333914455,"EB_features"
2019,"401117528",8,"2019-10-19 02:00:00",FALSE,278,2439,"Mountain West","Mountain West","2019-10-14",9,29,4,5,5.6774932365273,-9.78411561148177,19.4790582794926,3.27497514697399,-9.52094172050737,9.52094172050737,"EB_features"
2019,"401110825",8,"2019-10-19 16:00:00",FALSE,8,2,"SEC","SEC","2019-10-14",9,-41,5,6,-3.00396604812486,12.7470495930307,-18.9763887168566,3.27497514697399,22.0236112831434,22.0236112831434,"EB_features"
2019,"401110829",8,"2019-10-19 16:00:00",FALSE,2579,57,"SEC","SEC","2019-10-14",9,-11,5,4,7.52995581447808,13.8505735962106,-5.06045240403522,3.27497514697399,5.93954759596478,5.93954759596478,"EB_features"
2019,"401112090",8,"2019-10-19 16:00:00",FALSE,2641,66,"Big 12","Big 12","2019-10-14",9,-10,5,5,-0.947480066731685,5.19280704789511,-12.0242312089774,3.27497514697399,-2.02423120897742,2.02423120897742,"EB_features"
2019,"401112119",8,"2019-10-19 16:00:00",FALSE,201,277,"Big 12","Big 12","2019-10-14",9,38,5,5,13.3404354802354,3.50960849431271,23.7175448435791,3.27497514697399,-14.2824551564209,14.2824551564209,"EB_features"
2019,"401112151",8,"2019-10-19 16:00:00",FALSE,356,275,"Big Ten","Big Ten","2019-10-14",9,1,6,6,-8.08100539597529,4.95457686526233,-27.657029609656,3.27497514697399,-28.657029609656,28.657029609656,"EB_features"
2019,"401112196",8,"2019-10-19 16:00:00",FALSE,2294,2509,"Big Ten","Big Ten","2019-10-14",9,6,6,6,9.96234580933561,0.851455109799422,17.5169289863171,3.27497514697399,11.5169289863171,11.5169289863171,"EB_features"
2019,"401112484",8,"2019-10-19 16:00:00",FALSE,103,152,"ACC","ACC","2019-10-14",9,21,5,5,2.40327310730188,3.19166743718374,-0.0317054533629353,3.27497514697399,-21.0317054533629,21.0317054533629,"EB_features"
2019,"401112485",8,"2019-10-19 16:00:00",FALSE,97,228,"ACC","ACC","2019-10-14",9,-35,5,6,-12.8798239943912,24.5150743276469,-28.7855722223848,3.27497514697399,6.21442777761519,6.21442777761519,"EB_features"
2019,"401112488",8,"2019-10-19 16:00:00",FALSE,2390,59,"ACC","ACC","2019-10-14",9,-7,5,5,3.91648375420248,-1.19156859247399,13.3210574275356,3.27497514697399,20.3210574275356,20.3210574275356,"EB_features"
2019,"401117886",8,"2019-10-19 16:00:00",FALSE,41,248,"American Athletic","American Athletic","2019-10-14",9,-7,5,5,-22.027460774067,-3.69837456575616,-23.5272001778521,3.27497514697399,-16.5272001778521,16.5272001778521,"EB_features"
2019,"401119283",8,"2019-10-19 16:00:00",FALSE,195,2309,"Mid-American","Mid-American","2019-10-14",9,7,5,5,1.2883625303315,-10.8602961980681,7.95500221585093,3.27497514697399,0.955002215850926,0.955002215850926,"EB_features"
2019,"401119282",8,"2019-10-19 18:00:00",FALSE,189,2117,"Mid-American","Mid-American","2019-10-14",9,-18,5,6,-16.3955984035411,-11.305827376007,-11.7591955908391,3.27497514697399,6.24080440916093,6.24080440916093,"EB_features"
2019,"401119285",8,"2019-10-19 18:00:00",FALSE,2050,2649,"Mid-American","Mid-American","2019-10-14",9,38,5,5,-10.6876434223238,-1.36451488085421,-0.0499635703630679,3.27497514697399,-38.0499635703631,38.0499635703631,"EB_features"
2019,"401112109",8,"2019-10-19 18:30:00",FALSE,2306,2628,"Big 12","Big 12","2019-10-14",9,7,4,4,-1.9767570892854,7.00312703221969,-4.2043758217537,3.27497514697399,-11.2043758217537,11.2043758217537,"EB_features"
2019,"401114178",8,"2019-10-19 18:30:00",FALSE,25,204,"Pac-12","Pac-12","2019-10-14",9,-4,5,4,0.243854801480276,-8.81878577494816,12.0685400399193,3.27497514697399,16.0685400399193,16.0685400399193,"EB_features"
2019,"401119284",8,"2019-10-19 18:30:00",FALSE,193,2459,"Mid-American","Mid-American","2019-10-14",9,3,5,5,-5.55633988755197,-5.10992117541794,2.0337950717465,3.27497514697399,-0.966204928253503,0.966204928253503,"EB_features"
2019,"401117526",8,"2019-10-19 19:00:00",FALSE,2751,167,"Mountain West","Mountain West","2019-10-14",9,13,4,5,-3.13715900088571,-6.67391048490705,20.9466481836091,3.27497514697399,7.94664818360911,7.94664818360911,"EB_features"
2019,"401121956",8,"2019-10-19 19:00:00",FALSE,290,324,"Sun Belt","Sun Belt","2019-10-14",9,3,4,5,0.480795283976145,-10.7365912939445,8.24385945707478,3.27497514697399,5.24385945707478,5.24385945707478,"EB_features"
2019,"401110828",8,"2019-10-19 19:30:00",FALSE,344,99,"SEC","SEC","2019-10-14",9,-23,6,4,13.3737687725695,16.5668049885022,-14.1843899208012,3.27497514697399,8.8156100791988,8.8156100791988,"EB_features"
2019,"401112163",8,"2019-10-19 19:30:00",FALSE,120,84,"Big Ten","Big Ten","2019-10-14",9,-6,5,5,2.95815568103159,1.74026175898608,3.13132353575597,3.27497514697399,9.13132353575597,9.13132353575597,"EB_features"
2019,"401112234",8,"2019-10-19 19:30:00",FALSE,164,135,"Big Ten","Big Ten","2019-10-14",9,-35,6,5,-7.01890335767209,5.14209697787521,-22.3970087247268,3.27497514697399,12.6029912752732,12.6029912752732,"EB_features"
2019,"401112486",8,"2019-10-19 19:30:00",FALSE,258,150,"ACC","ACC","2019-10-14",9,34,5,5,5.00144398378021,0.203795535468849,2.44500716070131,3.27497514697399,-31.5549928392987,31.5549928392987,"EB_features"
2019,"401112489",8,"2019-10-19 19:30:00",FALSE,259,153,"ACC","ACC","2019-10-14",9,2,4,6,2.2279664111823,-5.4472899945335,-1.27676307314411,3.27497514697399,-3.27676307314411,3.27676307314411,"EB_features"
2019,"401114196",8,"2019-10-19 19:30:00",FALSE,264,2483,"Pac-12","Pac-12","2019-10-14",9,-4,5,5,9.16702761898054,7.9123468511963,-3.05559728723021,3.27497514697399,0.944402712769794,0.944402712769794,"EB_features"
2019,"401114289",8,"2019-10-19 19:30:00",FALSE,2348,2572,"Conference USA","Conference USA","2019-10-14",9,15,5,5,-3.82961807414044,-0.0378719978599281,3.57866147937772,3.27497514697399,-11.4213385206223,11.4213385206223,"EB_features"
2019,"401117883",8,"2019-10-19 19:30:00",FALSE,2426,58,"American Athletic","American Athletic","2019-10-14",9,32,4,5,-5.05742126512898,-6.14671463178637,16.224671340773,3.27497514697399,-15.775328659227,15.775328659227,"EB_features"
2019,"401117885",8,"2019-10-19 19:30:00",FALSE,2132,202,"American Athletic","American Athletic","2019-10-14",9,11,6,6,7.02595939468581,-6.54235946269467,20.3452691779018,3.27497514697399,9.34526917790176,9.34526917790176,"EB_features"
2019,"401117887",8,"2019-10-19 19:30:00",FALSE,2567,218,"American Athletic","American Athletic","2019-10-14",9,24,6,5,-6.30673256484266,0.942167392934952,6.63787141116995,3.27497514697399,-17.3621285888301,17.3621285888301,"EB_features"
2019,"401119281",8,"2019-10-19 19:30:00",FALSE,2006,2084,"Mid-American","Mid-American","2019-10-14",9,-21,6,5,-11.4696998989835,-3.99771420056328,-13.3147831464365,3.27497514697399,7.68521685356347,7.68521685356347,"EB_features"
2019,"401121955",8,"2019-10-19 19:30:00",FALSE,2026,2433,"Sun Belt","Sun Belt","2019-10-14",9,45,4,5,1.50285088071843,-6.97832723966247,17.5216504419188,3.27497514697399,-27.4783495580812,27.4783495580812,"EB_features"
2019,"401110830",8,"2019-10-19 20:00:00",FALSE,238,142,"SEC","SEC","2019-10-14",9,7,6,5,1.79245324868169,7.20023921695188,-18.1890760791897,3.27497514697399,-25.1890760791897,25.1890760791897,"EB_features"
2019,"401112079",8,"2019-10-19 20:00:00",FALSE,197,239,"Big 12","Big 12","2019-10-14",9,-18,5,5,2.9313714702554,1.4199245159289,2.51076058085748,3.27497514697399,20.5107605808575,20.5107605808575,"EB_features"
2019,"401114286",8,"2019-10-19 20:00:00",FALSE,98,2429,"Conference USA","Conference USA","2019-10-14",9,16,5,5,-8.76436335344285,-7.34682161535516,9.90606401784029,3.27497514697399,-6.09393598215971,6.09393598215971,"EB_features"
2019,"401114290",8,"2019-10-19 20:00:00",FALSE,249,2393,"Conference USA","Conference USA","2019-10-14",9,3,5,5,-1.877266865863,-2.33310677975474,6.01257523908264,3.27497514697399,3.01257523908264,3.01257523908264,"EB_features"
2019,"401114291",8,"2019-10-19 20:00:00",FALSE,5,295,"Conference USA","Conference USA","2019-10-14",9,24,5,5,-0.250967602665379,-12.1888892149109,17.0132524649337,3.27497514697399,-6.98674753506635,6.98674753506635,"EB_features"
2019,"401110826",8,"2019-10-19 22:00:00",FALSE,61,96,"SEC","SEC","2019-10-14",9,21,5,6,21.6235168752443,10.0466423778468,21.8851757897909,3.27497514697399,0.885175789790871,0.885175789790871,"EB_features"
2019,"401114158",8,"2019-10-19 22:00:00",FALSE,254,9,"Pac-12","Pac-12","2019-10-14",9,18,4,5,9.04013424347836,1.79304302988482,10.5462735208563,3.27497514697399,-7.45372647914369,7.45372647914369,"EB_features"
2019,"401114292",8,"2019-10-19 22:00:00",FALSE,2636,242,"Conference USA","Conference USA","2019-10-14",9,4,5,6,-10.3000520687221,-15.3319212549517,-2.87837143096358,3.27497514697399,-6.87837143096358,6.87837143096358,"EB_features"
2019,"401112102",8,"2019-10-19 23:00:00",FALSE,251,2305,"Big 12","Big 12","2019-10-14",9,2,6,5,12.3750157243712,-3.54174908696325,24.5859713605076,3.27497514697399,22.5859713605076,22.5859713605076,"EB_features"
2019,"401114187",8,"2019-10-19 23:00:00",FALSE,265,38,"Pac-12","Pac-12","2019-10-14",9,31,5,6,6.49137083855521,-1.68109879041973,10.8914931839963,3.27497514697399,-20.1085068160037,20.1085068160037,"EB_features"
2019,"401114287",8,"2019-10-19 23:00:00",FALSE,2229,2638,"Conference USA","Conference USA","2019-10-14",9,15,5,4,-0.318799939193646,-12.7197756587711,22.0559609115638,3.27497514697399,7.0559609115638,7.0559609115638,"EB_features"
2019,"401114329",8,"2019-10-19 23:00:00",FALSE,2247,349,"Sun Belt","FBS Independents","2019-10-14",9,7,5,5,-10.3535995554645,8.81518592297027,-9.98472954727816,3.27497514697399,-16.9847295472782,16.9847295472782,"EB_features"
2019,"401117529",8,"2019-10-19 23:00:00",FALSE,23,21,"Mountain West","Mountain West","2019-10-14",9,-10,5,4,-8.17090263633282,-1.5528050844529,-7.6046874303133,3.27497514697399,2.3953125696867,2.3953125696867,"EB_features"
2019,"401117884",8,"2019-10-19 23:00:00",FALSE,2116,151,"American Athletic","American Athletic","2019-10-14",9,13,5,4,8.52730123523707,-9.68416895883252,30.8114052380092,3.27497514697399,17.8114052380092,17.8114052380092,"EB_features"
2019,"401117888",8,"2019-10-19 23:00:00",FALSE,235,2655,"American Athletic","American Athletic","2019-10-14",9,30,5,5,0.529586281922012,-3.92638119773705,4.76387379837853,3.27497514697399,-25.2361262016215,25.2361262016215,"EB_features"
2019,"401119286",8,"2019-10-19 23:00:00",FALSE,2199,2711,"Mid-American","Mid-American","2019-10-14",9,7,5,6,-2.21293209240311,-6.84637039283449,-1.58941812212139,3.27497514697399,-8.58941812212139,8.58941812212139,"EB_features"
2019,"401110827",8,"2019-10-19 23:30:00",FALSE,145,245,"SEC","SEC","2019-10-14",9,-7,6,5,2.54931436627663,12.7428040590843,-4.31479792774113,3.27497514697399,2.68520207225887,2.68520207225887,"EB_features"
2019,"401112226",8,"2019-10-19 23:30:00",FALSE,213,130,"Big Ten","Big Ten","2019-10-14",9,7,5,6,12.9562848025343,17.5950603564523,9.64940631897557,3.27497514697399,2.64940631897557,2.64940631897557,"EB_features"
2019,"401112487",8,"2019-10-19 23:30:00",FALSE,154,52,"ACC","ACC","2019-10-14",9,2,5,6,-1.60531785653816,-0.844164196345785,3.63310548562512,3.27497514697399,1.63310548562512,1.63310548562512,"EB_features"
2019,"401110824",8,"2019-10-20 01:00:00",FALSE,333,2633,"SEC","SEC","2019-10-14",9,22,6,5,25.0236882821226,6.97802357946354,35.8391632460704,3.27497514697399,13.8391632460704,13.8391632460704,"EB_features"
2019,"401114169",8,"2019-10-20 01:30:00",FALSE,30,12,"Pac-12","Pac-12","2019-10-14",9,27,6,4,9.00335101286609,-1.83804010259992,13.8081917376564,3.27497514697399,-13.1918082623436,13.1918082623436,"EB_features"
2019,"401117215",8,"2019-10-20 02:15:00",FALSE,252,68,"FBS Independents","Mountain West","2019-10-14",9,3,6,4,1.39761226575117,3.69401360969254,-5.01542265985993,3.27497514697399,-8.01542265985993,8.01542265985993,"EB_features"
2019,"401117527",8,"2019-10-20 02:15:00",FALSE,328,2440,"Mountain West","Mountain West","2019-10-14",9,26,4,5,6.99792216130656,-2.77007576739474,21.210412129748,3.27497514697399,-4.78958787025196,4.78958787025196,"EB_features"
2019,"401117525",8,"2019-10-20 03:00:00",FALSE,62,2005,"Mountain West","Mountain West","2019-10-14",9,-30,4,5,-5.17046511214773,1.84259214607829,-0.412942047502178,3.27497514697399,29.5870579524978,29.5870579524978,"EB_features"
2019,"401117889",9,"2019-10-24 23:30:00",FALSE,248,2567,"American Athletic","American Athletic","2019-10-21",10,-3,6,7,-3.69837456575616,-6.30673256484266,-2.68808132695849,3.27497514697399,0.311918673041514,0.311918673041514,"EB_features"
2019,"401114188",9,"2019-10-26 01:00:00",FALSE,38,30,"Pac-12","Pac-12","2019-10-21",10,-4,7,6,-1.68109879041973,9.00335101286609,-11.879093197864,3.27497514697399,-7.879093197864,7.879093197864,"EB_features"
2019,"401110835",9,"2019-10-26 16:00:00",FALSE,245,344,"SEC","SEC","2019-10-21",10,19,6,7,12.7428040590843,13.3737687725695,7.84207481589839,3.27497514697399,-11.1579251841016,11.1579251841016,"EB_features"
2019,"401112110",9,"2019-10-26 16:00:00",FALSE,2306,201,"Big 12","Big 12","2019-10-21",10,7,5,6,-1.9767570892854,13.3404354802354,-16.4666827899352,3.27497514697399,-23.4666827899352,23.4666827899352,"EB_features"
2019,"401112152",9,"2019-10-26 16:00:00",FALSE,2509,356,"Big Ten","Big Ten","2019-10-21",10,-18,7,7,0.851455109799422,-8.08100539597529,9.68937172635326,3.27497514697399,27.6893717263533,27.6893717263533,"EB_features"
2019,"401112197",9,"2019-10-26 16:00:00",FALSE,77,2294,"Big Ten","Big Ten","2019-10-21",10,-20,6,7,0.0495727546307334,9.96234580933561,-12.7912517405678,3.27497514697399,7.20874825943217,7.20874825943217,"EB_features"
2019,"401112254",9,"2019-10-26 16:00:00",FALSE,194,275,"Big Ten","Big Ten","2019-10-21",10,31,7,7,11.0584683025565,4.95457686526233,14.4162388093745,3.27497514697399,-16.5837611906255,16.5837611906255,"EB_features"
2019,"401112266",9,"2019-10-26 16:00:00",FALSE,164,2335,"Big Ten","FBS Independents","2019-10-21",10,10,7,5,-7.01890335767209,-16.7512761089484,-0.267940139919118,3.27497514697399,-10.2679401399191,10.2679401399191,"EB_features"
2019,"401112494",9,"2019-10-26 16:00:00",FALSE,221,2390,"ACC","ACC","2019-10-21",10,-4,6,6,2.77639162608274,3.91648375420248,7.22350952129118,3.27497514697399,11.2235095212912,11.2235095212912,"EB_features"
2019,"401114330",9,"2019-10-26 16:00:00",FALSE,349,23,"FBS Independents","Mountain West","2019-10-21",10,-5,6,6,8.81518592297027,-8.17090263633282,15.0093219752983,3.27497514697399,20.0093219752983,20.0093219752983,"EB_features"
2019,"401119288",9,"2019-10-26 16:00:00",FALSE,2711,189,"Mid-American","Mid-American","2019-10-21",10,39,7,6,-6.84637039283449,-16.3955984035411,25.0964666873144,3.27497514697399,-13.9035333126856,13.9035333126856,"EB_features"
2019,"401121957",9,"2019-10-26 16:00:00",FALSE,6,2026,"Sun Belt","Sun Belt","2019-10-21",10,-27,6,5,-13.7137604971302,1.50285088071843,-23.3526019004854,3.27497514697399,3.64739809951463,3.64739809951463,"EB_features"
2019,"401114298",9,"2019-10-26 17:00:00",FALSE,242,2572,"Conference USA","Conference USA","2019-10-21",10,-14,7,6,-15.3319212549517,-0.0378719978599281,-8.34876071750667,3.27497514697399,5.65123928249333,5.65123928249333,"EB_features"
2019,"401117533",9,"2019-10-26 18:00:00",FALSE,2751,2440,"Mountain West","Mountain West","2019-10-21",10,28,6,5,-3.13715900088571,-2.77007576739474,17.7542138945066,3.27497514697399,-10.2457861054934,10.2457861054934,"EB_features"
2019,"401119292",9,"2019-10-26 18:00:00",FALSE,2050,195,"Mid-American","Mid-American","2019-10-21",10,-13,6,6,-10.6876434223238,1.2883625303315,2.83367626733558,3.27497514697399,15.8336762673356,15.8336762673356,"EB_features"
2019,"401114297",9,"2019-10-26 18:30:00",FALSE,276,98,"Conference USA","Conference USA","2019-10-21",10,3,6,6,1.33109405547891,-8.76436335344285,3.18098092471484,3.27497514697399,0.180980924714836,0.180980924714836,"EB_features"
2019,"401114344",9,"2019-10-26 19:00:00",FALSE,290,166,"Sun Belt","FBS Independents","2019-10-21",10,34,5,7,0.480795283976145,-13.5954050518902,17.6020651947927,3.27497514697399,-16.3979348052073,16.3979348052073,"EB_features"
2019,"401110833",9,"2019-10-26 19:30:00",FALSE,99,2,"SEC","SEC","2019-10-21",10,3,6,7,16.5668049885022,12.7470495930307,8.50795564214283,3.27497514697399,5.50795564214283,5.50795564214283,"EB_features"
2019,"401112091",9,"2019-10-26 19:30:00",FALSE,66,197,"Big 12","Big 12","2019-10-21",10,-7,6,6,5.19280704789511,2.9313714702554,13.4599557967145,3.27497514697399,20.4599557967145,20.4599557967145,"EB_features"
2019,"401112132",9,"2019-10-26 19:30:00",FALSE,2628,251,"Big 12","Big 12","2019-10-21",10,10,5,7,7.00312703221969,12.3750157243712,-1.87051258911095,3.27497514697399,-11.8705125891109,11.8705125891109,"EB_features"
2019,"401112164",9,"2019-10-26 19:30:00",FALSE,158,84,"Big Ten","Big Ten","2019-10-21",10,-7,7,6,3.67085348580834,1.74026175898608,0.0274487378476835,3.27497514697399,7.02744873784768,7.02744873784768,"EB_features"
2019,"401112207",9,"2019-10-26 19:30:00",FALSE,135,120,"Big Ten","Big Ten","2019-10-21",10,42,6,6,5.14209697787521,2.95815568103159,12.1611175194391,3.27497514697399,-29.8388824805609,29.8388824805609,"EB_features"
2019,"401112218",9,"2019-10-26 19:30:00",FALSE,127,213,"Big Ten","Big Ten","2019-10-21",10,-21,7,6,8.03207518191197,12.9562848025343,-9.52096661855161,3.27497514697399,11.4790333814484,11.4790333814484,"EB_features"
2019,"401112492",9,"2019-10-26 19:30:00",FALSE,52,183,"ACC","ACC","2019-10-21",10,18,7,6,-0.844164196345785,4.14700024177745,5.03867014125879,3.27497514697399,-12.9613298587412,12.9613298587412,"EB_features"
2019,"401112493",9,"2019-10-26 19:30:00",FALSE,97,258,"ACC","ACC","2019-10-21",10,7,6,6,-12.8798239943912,5.00144398378021,-11.1332643915756,3.27497514697399,-18.1332643915756,18.1332643915756,"EB_features"
2019,"401114170",9,"2019-10-26 19:30:00",FALSE,24,12,"Pac-12","Pac-12","2019-10-21",10,10,7,5,7.07121239730349,-1.83804010259992,6.5647542403787,3.27497514697399,-3.4352457596213,3.4352457596213,"EB_features"
2019,"401114293",9,"2019-10-26 19:30:00",FALSE,2429,249,"Conference USA","Conference USA","2019-10-21",10,1,6,6,-7.34682161535516,-1.877266865863,-2.61393169071338,3.27497514697399,-3.61393169071338,3.61393169071338,"EB_features"
2019,"401114294",9,"2019-10-26 19:30:00",FALSE,2393,2229,"Conference USA","Conference USA","2019-10-21",10,33,6,6,-2.33310677975474,-0.318799939193646,-0.942515491937334,3.27497514697399,-33.9425154919373,33.9425154919373,"EB_features"
2019,"401114295",9,"2019-10-26 19:30:00",FALSE,295,2226,"Conference USA","Conference USA","2019-10-21",10,-38,6,6,-12.1888892149109,-2.3224843884515,-9.8405723021678,3.27497514697399,28.1594276978322,28.1594276978322,"EB_features"
2019,"401114357",9,"2019-10-26 19:30:00",FALSE,113,41,"FBS Independents","American Athletic","2019-10-21",10,-21,6,6,-13.7656873388046,-22.027460774067,-1.6643508632468,3.27497514697399,19.3356491367532,19.3356491367532,"EB_features"
2019,"401117890",9,"2019-10-26 19:30:00",FALSE,2426,2655,"American Athletic","American Athletic","2019-10-21",10,3,5,6,-5.05742126512898,-3.92638119773705,6.13551356940533,3.27497514697399,3.13551356940533,3.13551356940533,"EB_features"
2019,"401119287",9,"2019-10-26 19:30:00",FALSE,2459,2006,"Mid-American","Mid-American","2019-10-21",10,49,6,7,-5.10992117541794,-11.4696998989835,19.6158671220112,3.27497514697399,-29.3841328779888,29.3841328779888,"EB_features"
2019,"401119289",9,"2019-10-26 19:30:00",FALSE,2084,2117,"Mid-American","Mid-American","2019-10-21",10,23,6,7,-3.99771420056328,-11.305827376007,5.99431729787959,3.27497514697399,-17.0056827021204,17.0056827021204,"EB_features"
2019,"401119290",9,"2019-10-26 19:30:00",FALSE,2649,2199,"Mid-American","Mid-American","2019-10-21",10,3,6,6,-1.36451488085421,-2.21293209240311,1.11441750569124,3.27497514697399,-1.88558249430876,1.88558249430876,"EB_features"
2019,"401119291",9,"2019-10-26 19:30:00",FALSE,2309,193,"Mid-American","Mid-American","2019-10-21",10,-7,6,6,-10.8602961980681,-5.55633988755197,4.21656301882245,3.27497514697399,11.2165630188225,11.2165630188225,"EB_features"
2019,"401117892",9,"2019-10-26 19:45:00",FALSE,151,58,"American Athletic","American Athletic","2019-10-21",10,-25,5,6,-9.68416895883252,-6.14671463178637,1.80929093573825,3.27497514697399,26.8092909357383,26.8092909357383,"EB_features"
2019,"401110834",9,"2019-10-26 20:00:00",FALSE,2633,2579,"SEC","SEC","2019-10-21",10,20,5,6,6.97802357946354,7.52995581447808,-5.11848356032051,3.27497514697399,-25.1184835603205,25.1184835603205,"EB_features"
2019,"401112491",9,"2019-10-26 20:00:00",FALSE,153,150,"ACC","ACC","2019-10-21",10,3,7,6,-5.4472899945335,0.203795535468849,1.9215002210529,3.27497514697399,-1.0784997789471,1.0784997789471,"EB_features"
2019,"401117532",9,"2019-10-26 20:00:00",FALSE,167,62,"Mountain West","Mountain West","2019-10-21",10,-14,6,5,-6.67391048490705,-5.17046511214773,-10.8181620273158,3.27497514697399,3.18183797268419,3.18183797268419,"EB_features"
2019,"401110831",9,"2019-10-26 23:00:00",FALSE,333,8,"SEC","SEC","2019-10-21",10,41,6,6,25.0236882821226,-3.00396604812486,39.7389726765393,3.27497514697399,-1.26102732346071,1.26102732346071,"EB_features"
2019,"401112103",9,"2019-10-26 23:00:00",FALSE,2305,2641,"Big 12","Big 12","2019-10-21",10,3,6,6,-3.54174908696325,-0.947480066731685,-0.394970265292625,3.27497514697399,-3.39497026529263,3.39497026529263,"EB_features"
2019,"401117891",9,"2019-10-26 23:00:00",FALSE,218,2116,"American Athletic","American Athletic","2019-10-21",10,-42,6,6,0.942167392934952,8.52730123523707,-9.00763235340342,3.27497514697399,32.9923676465966,32.9923676465966,"EB_features"
2019,"401117893",9,"2019-10-26 23:00:00",FALSE,202,235,"American Athletic","American Athletic","2019-10-21",10,-1,7,6,-6.54235946269467,0.529586281922012,-10.8916003135132,3.27497514697399,-9.89160031351322,9.89160031351322,"EB_features"
2019,"401121958",9,"2019-10-26 23:00:00",FALSE,2032,326,"Sun Belt","Sun Belt","2019-10-21",10,24,6,5,-2.73607564997367,-12.0041823013576,12.4658194593982,3.27497514697399,-11.5341805406018,11.5341805406018,"EB_features"
2019,"401121959",9,"2019-10-26 23:00:00",FALSE,2247,2653,"Sun Belt","Sun Belt","2019-10-21",10,19,6,5,-10.3535995554645,-3.10950470903551,0.545255776506423,3.27497514697399,-18.4547442234936,18.4547442234936,"EB_features"
2019,"401110832",9,"2019-10-26 23:30:00",FALSE,96,142,"SEC","SEC","2019-10-21",10,22,7,6,10.0466423778468,7.20023921695188,-2.14778490627143,3.27497514697399,-24.1477849062714,24.1477849062714,"EB_features"
2019,"401112227",9,"2019-10-26 23:30:00",FALSE,130,87,"Big Ten","FBS Independents","2019-10-21",10,31,7,6,17.5950603564523,12.745675413448,0.859993051656139,3.27497514697399,-30.1400069483439,30.1400069483439,"EB_features"
2019,"401112490",9,"2019-10-26 23:30:00",FALSE,228,103,"ACC","ACC","2019-10-21",10,52,7,6,24.5150743276469,2.40327310730188,31.2977089107492,3.27497514697399,-20.7022910892508,20.7022910892508,"EB_features"
2019,"401114159",9,"2019-10-26 23:30:00",FALSE,26,9,"Pac-12","Pac-12","2019-10-21",10,10,7,6,2.74205707381517,1.79304302988482,-1.28704116536083,3.27497514697399,-11.2870411653608,11.2870411653608,"EB_features"
2019,"401117531",9,"2019-10-26 23:30:00",FALSE,278,36,"Mountain West","Mountain West","2019-10-21",10,-10,5,6,5.6774932365273,-8.86348591992204,19.0014815077923,3.27497514697399,29.0014815077923,29.0014815077923,"EB_features"
2019,"401114296",9,"2019-10-27",FALSE,2638,2348,"Conference USA","Conference USA","2019-10-21",10,-21,5,6,-12.7197756587711,-3.82961807414044,-16.9832684279378,3.27497514697399,4.01673157206222,4.01673157206222,"EB_features"
2019,"401114179",9,"2019-10-27 02:00:00",FALSE,254,25,"Pac-12","Pac-12","2019-10-21",10,35,6,6,9.04013424347836,0.243854801480276,17.2625879501212,3.27497514697399,-17.7374120498788,17.7374120498788,"EB_features"
2019,"401117530",9,"2019-10-27 02:15:00",FALSE,2005,328,"Mountain West","Mountain West","2019-10-21",10,24,5,4,1.84259214607829,6.99792216130656,3.43055000142817,3.27497514697399,-20.5694499985718,20.5694499985718,"EB_features"
2019,"401114197",9,"2019-10-27 02:30:00",FALSE,2483,265,"Pac-12","Pac-12","2019-10-21",10,2,6,6,7.9123468511963,6.49137083855521,14.4201708320198,3.27497514697399,12.4201708320198,12.4201708320198,"EB_features"
2019,"401117534",9,"2019-10-27 02:30:00",FALSE,2439,21,"Mountain West","Mountain West","2019-10-21",10,-3,6,6,-9.78411561148177,-1.5528050844529,-13.057716248082,3.27497514697399,-10.057716248082,10.057716248082,"EB_features"
2019,"401112080",10,"2019-11-01",FALSE,239,277,"Big 12","Big 12","2019-10-28",11,3,6,6,1.4199245159289,3.50960849431271,14.6053258223579,3.27497514697399,11.6053258223579,11.6053258223579,"EB_features"
2019,"401121960",10,"2019-11-01",FALSE,2026,290,"Sun Belt","Sun Belt","2019-10-28",11,-3,6,6,1.50285088071843,0.480795283976145,14.5472764700546,3.27497514697399,17.5472764700546,17.5472764700546,"EB_features"
2019,"401117894",10,"2019-11-02",FALSE,41,2426,"American Athletic","American Athletic","2019-10-28",11,-46,7,6,-22.027460774067,-5.05742126512898,-24.5920398851073,3.27497514697399,21.4079601148927,21.4079601148927,"EB_features"
2019,"401110841",10,"2019-11-02 16:00:00",FALSE,245,2636,"SEC","Conference USA","2019-10-28",11,31,7,6,12.7428040590843,-10.3000520687221,35.8865431551872,3.27497514697399,4.88654315518719,4.88654315518719,"EB_features"
2019,"401112208",10,"2019-11-02 16:00:00",FALSE,120,130,"Big Ten","Big Ten","2019-10-28",11,-31,7,8,2.95815568103159,17.5950603564523,-17.1874471075239,3.27497514697399,13.8125528924761,13.8125528924761,"EB_features"
2019,"401112243",10,"2019-11-02 16:00:00",FALSE,2509,158,"Big Ten","Big Ten","2019-10-28",11,4,8,8,0.851455109799422,3.67085348580834,2.1957960276236,3.27497514697399,-1.8042039723764,1.8042039723764,"EB_features"
2019,"401112495",10,"2019-11-02 16:00:00",FALSE,183,103,"ACC","ACC","2019-10-28",11,-31,7,7,4.14700024177745,2.40327310730188,3.27179483181761,3.27497514697399,34.2717948318176,34.2717948318176,"EB_features"
2019,"401112500",10,"2019-11-02 16:00:00",FALSE,154,152,"ACC","ACC","2019-10-28",11,34,6,6,-1.60531785653816,3.19166743718374,5.91231800935985,3.27497514697399,-28.0876819906402,28.0876819906402,"EB_features"
2019,"401114300",10,"2019-11-02 16:00:00",FALSE,2229,295,"Conference USA","Conference USA","2019-10-28",11,7,7,7,-0.318799939193646,-12.1888892149109,14.2367805962911,3.27497514697399,7.23678059629107,7.23678059629107,"EB_features"
2019,"401114352",10,"2019-11-02 16:00:00",FALSE,113,2335,"FBS Independents","FBS Independents","2019-10-28",11,-42,7,6,-13.7656873388046,-16.7512761089484,-12.895612976184,3.27497514697399,29.104387023816,29.104387023816,"EB_features"
2019,"401117895",10,"2019-11-02 16:00:00",FALSE,2116,248,"American Athletic","American Athletic","2019-10-28",11,15,7,7,8.52730123523707,-3.69837456575616,18.7338431710929,3.27497514697399,3.73384317109294,3.73384317109294,"EB_features"
2019,"401119294",10,"2019-11-02 16:00:00",FALSE,2199,2084,"Mid-American","Mid-American","2019-10-28",11,-29,7,7,-2.21293209240311,-3.99771420056328,2.94923177635155,3.27497514697399,31.9492317763515,31.9492317763515,"EB_features"
2019,"401119295",10,"2019-11-02 16:00:00",FALSE,2117,2459,"Mid-American","Mid-American","2019-10-28",11,38,8,7,-11.305827376007,-5.10992117541794,-2.63175948186166,3.27497514697399,-40.6317594818617,40.6317594818617,"EB_features"
2019,"401119293",10,"2019-11-02 18:00:00",FALSE,189,2006,"Mid-American","Mid-American","2019-10-28",11,29,7,8,-16.3955984035411,-11.4696998989835,3.20507160757427,3.27497514697399,-25.7949283924257,25.7949283924257,"EB_features"
2019,"401112501",10,"2019-11-02 18:30:00",FALSE,87,259,"FBS Independents","ACC","2019-10-28",11,1,7,5,12.745675413448,2.2279664111823,21.4797407214236,3.27497514697399,20.4797407214236,20.4797407214236,"EB_features"
2019,"401121962",10,"2019-11-02 19:00:00",FALSE,324,2653,"Sun Belt","Sun Belt","2019-10-28",11,1,6,6,-10.7365912939445,-3.10950470903551,2.49784816237579,3.27497514697399,1.49784816237579,1.49784816237579,"EB_features"
2019,"401110838",10,"2019-11-02 19:30:00",TRUE,57,61,"SEC","SEC","2019-10-28",11,-7,6,6,13.8505735962106,21.6235168752443,-6.01044929980082,3.27497514697399,0.989550700199182,0.989550700199182,"EB_features"
2019,"401112104",10,"2019-11-02 19:30:00",FALSE,2305,2306,"Big 12","Big 12","2019-10-28",11,-28,7,6,-3.54174908696325,-1.9767570892854,-5.28559439527299,3.27497514697399,22.714405604727,22.714405604727,"EB_features"
2019,"401112127",10,"2019-11-02 19:30:00",FALSE,197,2628,"Big 12","Big 12","2019-10-28",11,7,7,6,2.9313714702554,7.00312703221969,0.328835050675111,3.27497514697399,-6.67116494932489,6.67116494932489,"EB_features"
2019,"401112153",10,"2019-11-02 19:30:00",FALSE,356,164,"Big Ten","Big Ten","2019-10-28",11,28,8,8,-8.08100539597529,-7.01890335767209,18.3828596710803,3.27497514697399,-9.61714032891967,9.61714032891967,"EB_features"
2019,"401112497",10,"2019-11-02 19:30:00",FALSE,52,2390,"ACC","ACC","2019-10-28",11,-17,8,7,-0.844164196345785,3.91648375420248,2.6151056575967,3.27497514697399,19.6151056575967,19.6151056575967,"EB_features"
2019,"401114299",10,"2019-11-02 19:30:00",FALSE,2429,2393,"Conference USA","Conference USA","2019-10-28",11,14,7,7,-7.34682161535516,-2.33310677975474,-3.51381565913318,3.27497514697399,-17.5138156591332,17.5138156591332,"EB_features"
2019,"401114302",10,"2019-11-02 19:30:00",FALSE,242,276,"Conference USA","Conference USA","2019-10-28",11,-13,8,7,-15.3319212549517,1.33109405547891,-8.12608677543854,3.27497514697399,4.87391322456146,4.87391322456146,"EB_features"
2019,"401114303",10,"2019-11-02 19:30:00",FALSE,249,2638,"Conference USA","Conference USA","2019-10-28",11,26,7,5,-1.877266865863,-12.7197756587711,19.2388912843541,3.27497514697399,-6.76110871564593,6.76110871564593,"EB_features"
2019,"401114331",10,"2019-11-02 19:30:00",FALSE,2005,349,"Mountain West","FBS Independents","2019-10-28",11,4,6,7,1.84259214607829,8.81518592297027,9.64760973435792,3.27497514697399,5.64760973435792,5.64760973435792,"EB_features"
2019,"401117538",10,"2019-11-02 19:30:00",FALSE,36,2439,"Mountain West","Mountain West","2019-10-28",11,20,7,6,-8.86348591992204,-9.78411561148177,8.86100592733656,3.27497514697399,-11.1389940726634,11.1389940726634,"EB_features"
2019,"401121961",10,"2019-11-02 19:30:00",FALSE,2433,2032,"Sun Belt","Sun Belt","2019-10-28",11,-7,6,7,-6.97832723966247,-2.73607564997367,-3.84202611497289,3.27497514697399,3.15797388502711,3.15797388502711,"EB_features"
2019,"401110836",10,"2019-11-02 20:00:00",FALSE,8,344,"SEC","SEC","2019-10-28",11,-30,7,8,-3.00396604812486,13.3737687725695,-8.21582240406127,3.27497514697399,21.7841775959387,21.7841775959387,"EB_features"
2019,"401112498",10,"2019-11-02 20:00:00",FALSE,59,221,"ACC","ACC","2019-10-28",11,-10,6,7,-1.19156859247399,2.77639162608274,-6.80289394030367,3.27497514697399,3.19710605969633,3.19710605969633,"EB_features"
2019,"401114227",10,"2019-11-02 20:00:00",FALSE,264,254,"Pac-12","Pac-12","2019-10-28",11,-5,7,6,9.16702761898054,9.04013424347836,-0.162744976042611,3.27497514697399,4.83725502395739,4.83725502395739,"EB_features"
2019,"401114301",10,"2019-11-02 20:00:00",FALSE,98,2226,"Conference USA","Conference USA","2019-10-28",11,-11,7,7,-8.76436335344285,-2.3224843884515,-2.66902788558525,3.27497514697399,8.33097211441475,8.33097211441475,"EB_features"
2019,"401117898",10,"2019-11-02 20:00:00",FALSE,2655,202,"American Athletic","American Athletic","2019-10-28",11,12,7,8,-3.92638119773705,-6.54235946269467,10.4156749681036,3.27497514697399,-1.58432503189639,1.58432503189639,"EB_features"
2019,"401114171",10,"2019-11-02 20:30:00",FALSE,12,204,"Pac-12","Pac-12","2019-10-28",11,-18,7,6,-1.83804010259992,-8.81878577494816,6.57269127926882,3.27497514697399,24.5726912792688,24.5726912792688,"EB_features"
2019,"401121963",10,"2019-11-02 21:00:00",FALSE,309,326,"Sun Belt","Sun Belt","2019-10-28",11,28,6,6,-5.85274785089568,-12.0041823013576,21.1877208695023,3.27497514697399,-6.81227913049766,6.81227913049766,"EB_features"
2019,"401110837",10,"2019-11-02 23:00:00",FALSE,2,145,"SEC","SEC","2019-10-28",11,6,8,7,12.7470495930307,2.54931436627663,21.6029779593496,3.27497514697399,15.6029779593496,15.6029779593496,"EB_features"
2019,"401110840",10,"2019-11-02 23:00:00",FALSE,2633,5,"SEC","Conference USA","2019-10-28",11,23,7,6,6.97802357946354,-0.250967602665379,7.87677478616468,3.27497514697399,-15.1232252138353,15.1232252138353,"EB_features"
2019,"401112165",10,"2019-11-02 23:00:00",FALSE,84,77,"Big Ten","Big Ten","2019-10-28",11,31,7,7,1.74026175898608,0.0495727546307334,10.6048280302248,3.27497514697399,-20.3951719697752,20.3951719697752,"EB_features"
2019,"401117896",10,"2019-11-02 23:00:00",FALSE,151,2132,"American Athletic","American Athletic","2019-10-28",11,-3,6,7,-9.68416895883252,7.02595939468581,-22.7826531354983,3.27497514697399,-19.7826531354983,19.7826531354983,"EB_features"
2019,"401110839",10,"2019-11-02 23:30:00",FALSE,2579,238,"SEC","SEC","2019-10-28",11,17,7,7,7.52995581447808,1.79245324868169,15.6901996002973,3.27497514697399,-1.3098003997027,1.3098003997027,"EB_features"
2019,"401112499",10,"2019-11-02 23:30:00",FALSE,153,258,"ACC","ACC","2019-10-28",11,-7,8,7,-5.4472899945335,5.00144398378021,-0.696712001749044,3.27497514697399,6.30328799825096,6.30328799825096,"EB_features"
2019,"401117897",10,"2019-11-02 23:30:00",FALSE,235,2567,"American Athletic","American Athletic","2019-10-28",11,6,7,8,0.529586281922012,-6.30673256484266,5.45346543260375,3.27497514697399,-0.546534567396255,0.546534567396255,"EB_features"
2019,"401114198",10,"2019-11-03",FALSE,30,2483,"Pac-12","Pac-12","2019-10-28",11,-32,8,6,9.00335101286609,7.9123468511963,-4.52433220893277,3.27497514697399,27.4756677910672,27.4756677910672,"EB_features"
2019,"401114189",10,"2019-11-03 01:00:00",FALSE,26,38,"Pac-12","Pac-12","2019-10-28",11,17,8,8,2.74205707381517,-1.68109879041973,7.10542879871834,3.27497514697399,-9.89457120128166,9.89457120128166,"EB_features"
2019,"401117216",10,"2019-11-03 02:00:00",FALSE,328,252,"Mountain West","FBS Independents","2019-10-28",11,-28,5,7,6.99792216130656,1.39761226575117,8.60271885555433,3.27497514697399,36.6027188555543,36.6027188555543,"EB_features"
2019,"401117535",10,"2019-11-03 02:30:00",FALSE,23,68,"Mountain West","Mountain West","2019-10-28",11,-10,7,6,-8.17090263633282,3.69401360969254,-11.7551365152035,3.27497514697399,-1.75513651520355,1.75513651520355,"EB_features"
2019,"401117536",10,"2019-11-03 02:30:00",FALSE,2440,167,"Mountain West","Mountain West","2019-10-28",11,11,7,7,-2.77007576739474,-6.67391048490705,3.70352845150511,3.27497514697399,-7.29647154849489,7.29647154849489,"EB_features"
2019,"401117537",10,"2019-11-03 03:59:00",FALSE,62,278,"Mountain West","Mountain West","2019-10-28",11,-3,7,6,-5.17046511214773,5.6774932365273,-1.80258729851177,3.27497514697399,1.19741270148823,1.19741270148823,"EB_features"
2019,"401119297",11,"2019-11-06",FALSE,2649,2309,"Mid-American","Mid-American","2019-11-04",12,2,7,7,-1.36451488085421,-10.8602961980681,5.99812135107672,3.27497514697399,3.99812135107672,3.99812135107672,"EB_features"
2019,"401119296",11,"2019-11-06 01:00:00",FALSE,2711,2050,"Mid-American","Mid-American","2019-11-04",12,4,8,7,-6.84637039283449,-10.6876434223238,6.25211523009416,3.27497514697399,2.25211523009416,2.25211523009416,"EB_features"
2019,"401119298",11,"2019-11-07 01:00:00",FALSE,195,193,"Mid-American","Mid-American","2019-11-04",12,-3,7,7,1.2883625303315,-5.55633988755197,9.62060891630589,3.27497514697399,12.6206089163059,12.6206089163059,"EB_features"
2019,"401121964",11,"2019-11-08 00:30:00",FALSE,324,309,"Sun Belt","Sun Belt","2019-11-04",12,-41,7,7,-10.7365912939445,-5.85274785089568,-8.58249525862622,3.27497514697399,32.4175047413738,32.4175047413738,"EB_features"
2019,"401117899",11,"2019-11-08 01:00:00",FALSE,58,218,"American Athletic","American Athletic","2019-11-04",12,-10,7,7,-6.14671463178637,0.942167392934952,-1.29977559856178,3.27497514697399,8.70022440143822,8.70022440143822,"EB_features"
2019,"401117900",11,"2019-11-09",FALSE,202,2116,"American Athletic","American Athletic","2019-11-04",12,3,9,8,-6.54235946269467,8.52730123523707,-15.4870014026986,3.27497514697399,-18.4870014026986,18.4870014026986,"EB_features"
2019,"401114205",11,"2019-11-09 03:30:00",FALSE,204,264,"Pac-12","Pac-12","2019-11-04",12,-12,7,8,-8.81878577494816,9.16702761898054,-13.3208838417513,3.27497514697399,-1.32088384175125,1.32088384175125,"EB_features"
2019,"401110843",11,"2019-11-09 17:00:00",FALSE,8,98,"SEC","Conference USA","2019-11-04",12,-26,8,8,-3.00396604812486,-8.76436335344285,2.617409004679,3.27497514697399,28.617409004679,28.617409004679,"EB_features"
2019,"401110844",11,"2019-11-09 17:00:00",FALSE,57,238,"SEC","SEC","2019-11-04",12,56,7,8,13.8505735962106,1.79245324868169,28.1350276025098,3.27497514697399,-27.8649723974902,27.8649723974902,"EB_features"
2019,"401112081",11,"2019-11-09 17:00:00",FALSE,2628,239,"Big 12","Big 12","2019-11-04",12,-6,7,7,7.00312703221969,1.4199245159289,3.59054840731282,3.27497514697399,9.59054840731282,9.59054840731282,"EB_features"
2019,"401112142",11,"2019-11-09 17:00:00",FALSE,277,2641,"Big 12","Big 12","2019-11-04",12,-21,7,7,3.50960849431271,-0.947480066731685,2.822160012284,3.27497514697399,23.822160012284,23.822160012284,"EB_features"
2019,"401112209",11,"2019-11-09 17:00:00",FALSE,194,120,"Big Ten","Big Ten","2019-11-04",12,59,8,8,11.0584683025565,2.95815568103159,39.5383223123029,3.27497514697399,-19.4616776876971,19.4616776876971,"EB_features"
2019,"401112235",11,"2019-11-09 17:00:00",FALSE,135,213,"Big Ten","Big Ten","2019-11-04",12,5,7,7,5.14209697787521,12.9562848025343,-7.46726694835534,3.27497514697399,-12.4672669483553,12.4672669483553,"EB_features"
2019,"401112249",11,"2019-11-09 17:00:00",FALSE,77,2509,"Big Ten","Big Ten","2019-11-04",12,-2,8,9,0.0495727546307334,0.851455109799422,-0.901659141886256,3.27497514697399,1.09834085811374,1.09834085811374,"EB_features"
2019,"401112502",11,"2019-11-09 17:00:00",FALSE,103,52,"ACC","ACC","2019-11-04",12,-7,8,9,2.40327310730188,-0.844164196345785,3.48470686517056,3.27497514697399,10.4847068651706,10.4847068651706,"EB_features"
2019,"401114332",11,"2019-11-09 17:00:00",FALSE,349,113,"FBS Independents","FBS Independents","2019-11-04",12,56,8,8,8.81518592297027,-13.7656873388046,38.9499110486098,3.27497514697399,-17.0500889513902,17.0500889513902,"EB_features"
2019,"401117902",11,"2019-11-09 17:00:00",FALSE,2567,151,"American Athletic","American Athletic","2019-11-04",12,8,9,7,-6.30673256484266,-9.68416895883252,21.8689553317917,3.27497514697399,13.8689553317917,13.8689553317917,"EB_features"
2019,"401112504",11,"2019-11-09 17:30:00",FALSE,258,59,"ACC","ACC","2019-11-04",12,5,8,7,5.00144398378021,-1.19156859247399,15.9063031664784,3.27497514697399,10.9063031664784,10.9063031664784,"EB_features"
2019,"401114307",11,"2019-11-09 19:00:00",FALSE,295,2636,"Conference USA","Conference USA","2019-11-04",12,-1,8,7,-12.1888892149109,-10.3000520687221,5.75881722482114,3.27497514697399,6.75881722482114,6.75881722482114,"EB_features"
2019,"401114190",11,"2019-11-09 20:00:00",FALSE,38,24,"Pac-12","Pac-12","2019-11-04",12,3,8,8,-1.68109879041973,7.07121239730349,-1.89156045267825,3.27497514697399,-4.89156045267825,4.89156045267825,"EB_features"
2019,"401114304",11,"2019-11-09 20:00:00",FALSE,2638,2429,"Conference USA","Conference USA","2019-11-04",12,-7,7,8,-12.7197756587711,-7.34682161535516,-9.15453502589835,3.27497514697399,-2.15453502589835,2.15453502589835,"EB_features"
2019,"401121967",11,"2019-11-09 20:00:00",FALSE,326,6,"Sun Belt","Sun Belt","2019-11-04",12,2,7,7,-12.0041823013576,-13.7137604971302,6.24100065653894,3.27497514697399,4.24100065653894,4.24100065653894,"EB_features"
2019,"401110842",11,"2019-11-09 20:30:00",FALSE,333,99,"SEC","SEC","2019-11-04",12,-5,8,7,25.0236882821226,16.5668049885022,8.02072520144835,3.27497514697399,13.0207252014484,13.0207252014484,"EB_features"
2019,"401112111",11,"2019-11-09 20:30:00",FALSE,251,2306,"Big 12","Big 12","2019-11-04",12,3,8,7,12.3750157243712,-1.9767570892854,8.44226867627888,3.27497514697399,5.44226867627888,5.44226867627888,"EB_features"
2019,"401112154",11,"2019-11-09 20:30:00",FALSE,127,356,"Big Ten","Big Ten","2019-11-04",12,-3,8,9,8.03207518191197,-8.08100539597529,13.9354073694994,3.27497514697399,16.9354073694994,16.9354073694994,"EB_features"
2019,"401112505",11,"2019-11-09 20:30:00",FALSE,2390,97,"ACC","ACC","2019-11-04",12,25,8,7,3.91648375420248,-12.8798239943912,11.8185978772216,3.27497514697399,-13.1814021227784,13.1814021227784,"EB_features"
2019,"401112506",11,"2019-11-09 20:30:00",FALSE,259,154,"ACC","ACC","2019-11-04",12,19,6,7,2.2279664111823,-1.60531785653816,0.449324547133723,3.27497514697399,-18.5506754528663,18.5506754528663,"EB_features"
2019,"401114160",11,"2019-11-09 20:30:00",FALSE,9,30,"Pac-12","Pac-12","2019-11-04",12,-5,7,8,1.79304302988482,9.00335101286609,-4.00526677259957,3.27497514697399,0.994733227400434,0.994733227400434,"EB_features"
2019,"401114308",11,"2019-11-09 20:30:00",FALSE,2572,5,"Conference USA","Conference USA","2019-11-04",12,35,7,7,-0.0378719978599281,-0.250967602665379,3.33729143411901,3.27497514697399,-31.662708565881,31.662708565881,"EB_features"
2019,"401117901",11,"2019-11-09 20:30:00",FALSE,2132,41,"American Athletic","American Athletic","2019-11-04",12,45,8,8,7.02595939468581,-22.027460774067,36.8346427268465,3.27497514697399,-8.16535727315345,8.16535727315345,"EB_features"
2019,"401121965",11,"2019-11-09 20:30:00",FALSE,2653,290,"Sun Belt","Sun Belt","2019-11-04",12,21,7,7,-3.10950470903551,0.480795283976145,-2.66935362884114,3.27497514697399,-23.6693536288411,23.6693536288411,"EB_features"
2019,"401110847",11,"2019-11-09 21:00:00",FALSE,145,166,"SEC","FBS Independents","2019-11-04",12,38,8,8,2.54931436627663,-13.5954050518902,28.4611925940388,3.27497514697399,-9.53880740596123,9.53880740596123,"EB_features"
2019,"401112198",11,"2019-11-09 21:00:00",FALSE,275,2294,"Big Ten","Big Ten","2019-11-04",12,2,8,8,4.95457686526233,9.96234580933561,8.74242252597727,3.27497514697399,6.74242252597727,6.74242252597727,"EB_features"
2019,"401114306",11,"2019-11-09 21:00:00",FALSE,2348,249,"Conference USA","Conference USA","2019-11-04",12,35,7,8,-3.82961807414044,-1.877266865863,7.12394976672155,3.27497514697399,-27.8760502332785,27.8760502332785,"EB_features"
2019,"401121966",11,"2019-11-09 22:00:00",FALSE,2433,2247,"Sun Belt","Sun Belt","2019-11-04",12,14,7,7,-6.97832723966247,-10.3535995554645,-3.35164290264077,3.27497514697399,-17.3516429026408,17.3516429026408,"EB_features"
2019,"401114305",11,"2019-11-09 23:00:00",FALSE,2226,2229,"Conference USA","Conference USA","2019-11-04",12,30,8,8,-2.3224843884515,-0.318799939193646,12.8288534041211,3.27497514697399,-17.1711465958789,17.1711465958789,"EB_features"
2019,"401110845",11,"2019-11-10",FALSE,61,142,"SEC","SEC","2019-11-04",12,27,7,7,21.6235168752443,7.20023921695188,19.4444873893417,3.27497514697399,-7.5555126106583,7.5555126106583,"EB_features"
2019,"401110848",11,"2019-11-10",FALSE,2579,2026,"SEC","Sun Belt","2019-11-04",12,-5,8,7,7.52995581447808,1.50285088071843,3.5112825723132,3.27497514697399,8.5112825723132,8.5112825723132,"EB_features"
2019,"401114180",11,"2019-11-10",FALSE,25,265,"Pac-12","Pac-12","2019-11-04",12,13,7,7,0.243854801480276,6.49137083855521,-4.66787203638686,3.27497514697399,-17.6678720363869,17.6678720363869,"EB_features"
2019,"401117540",11,"2019-11-10",FALSE,278,328,"Mountain West","Mountain West","2019-11-04",12,-2,6,6,5.6774932365273,6.99792216130656,1.69831666353152,3.27497514697399,3.69831666353152,3.69831666353152,"EB_features"
2019,"401110846",11,"2019-11-10 00:30:00",FALSE,96,2633,"SEC","SEC","2019-11-04",12,-4,8,8,10.0466423778468,6.97802357946354,5.31127002198436,3.27497514697399,9.31127002198436,9.31127002198436,"EB_features"
2019,"401111654",11,"2019-11-10 00:30:00",FALSE,150,87,"ACC","FBS Independents","2019-11-04",12,-31,7,8,0.203795535468849,12.745675413448,-7.53764434413765,3.27497514697399,23.4623556558623,23.4623556558623,"EB_features"
2019,"401112503",11,"2019-11-10 00:30:00",FALSE,152,228,"ACC","ACC","2019-11-04",12,-45,7,8,3.19166743718374,24.5150743276469,-29.7872377337068,3.27497514697399,15.2127622662932,15.2127622662932,"EB_features"
2019,"401114353",11,"2019-11-10 00:30:00",FALSE,252,2335,"FBS Independents","FBS Independents","2019-11-04",12,7,7,7,1.39761226575117,-16.7512761089484,16.3410110603642,3.27497514697399,9.34101106036423,9.34101106036423,"EB_features"
2019,"401112092",11,"2019-11-10 01:00:00",FALSE,201,66,"Big 12","Big 12","2019-11-04",12,1,7,7,13.3404354802354,5.19280704789511,10.6642323431068,3.27497514697399,9.66423234310685,9.66423234310685,"EB_features"
2019,"401117541",11,"2019-11-10 03:15:00",FALSE,68,2751,"Mountain West","Mountain West","2019-11-04",12,3,6,7,3.69401360969254,-3.13715900088571,9.37335802759877,3.27497514697399,6.37335802759877,6.37335802759877,"EB_features"
2019,"401117542",11,"2019-11-10 03:30:00",FALSE,21,2440,"Mountain West","Mountain West","2019-11-04",12,-4,7,7,-1.5528050844529,-2.77007576739474,20.2071152692428,3.27497514697399,24.2071152692428,24.2071152692428,"EB_features"
2019,"401117543",11,"2019-11-10 04:00:00",FALSE,62,23,"Mountain West","Mountain West","2019-11-04",12,2,7,7,-5.17046511214773,-8.17090263633282,7.76443372810804,3.27497514697399,5.76443372810804,5.76443372810804,"EB_features"
2019,"401119299",12,"2019-11-12 23:00:00",FALSE,2006,2199,"Mid-American","Mid-American","2019-11-11",13,-28,9,8,-11.4696998989835,-2.21293209240311,-17.1968558004989,3.27497514697399,10.8031441995011,10.8031441995011,"EB_features"
2019,"401119300",12,"2019-11-12 23:30:00",FALSE,195,2711,"Mid-American","Mid-American","2019-11-11",13,-3,8,9,1.2883625303315,-6.84637039283449,3.20145286153956,3.27497514697399,6.20145286153956,6.20145286153956,"EB_features"
2019,"401119301",12,"2019-11-14 01:00:00",FALSE,193,189,"Mid-American","Mid-American","2019-11-11",13,41,8,8,-5.55633988755197,-16.3955984035411,20.3832305706125,3.27497514697399,-20.6167694293875,20.6167694293875,"EB_features"
2019,"401119302",12,"2019-11-14 01:00:00",FALSE,2649,2459,"Mid-American","Mid-American","2019-11-11",13,-3,8,8,-1.36451488085421,-5.10992117541794,4.12537813657547,3.27497514697399,7.12537813657547,7.12537813657547,"EB_features"
2019,"401119303",12,"2019-11-15",FALSE,2309,2084,"Mid-American","Mid-American","2019-11-11",13,3,8,8,-10.8602961980681,-3.99771420056328,-3.89775873723119,3.27497514697399,-6.89775873723119,6.89775873723119,"EB_features"
2019,"401112507",12,"2019-11-15 01:00:00",FALSE,221,153,"ACC","ACC","2019-11-11",13,7,8,9,2.77639162608274,-5.4472899945335,5.33771734431485,3.27497514697399,-1.66228265568515,1.66228265568515,"EB_features"
2019,"401114309",12,"2019-11-16",FALSE,276,2348,"Conference USA","Conference USA","2019-11-11",13,21,8,8,1.33109405547891,-3.82961807414044,-0.874444385383747,3.27497514697399,-21.8744443853837,21.8744443853837,"EB_features"
2019,"401117547",12,"2019-11-16 02:30:00",FALSE,21,278,"Mountain West","Mountain West","2019-11-11",13,10,7,7,-1.5528050844529,5.6774932365273,2.52782379140291,3.27497514697399,-7.47217620859709,7.47217620859709,"EB_features"
2019,"401110851",12,"2019-11-16 17:00:00",FALSE,344,333,"SEC","SEC","2019-11-11",13,-31,9,9,13.3737687725695,25.0236882821226,-17.331176420507,3.27497514697399,13.668823579493,13.668823579493,"EB_features"
2019,"401110852",12,"2019-11-16 17:00:00",FALSE,142,57,"SEC","SEC","2019-11-11",13,-17,7,8,7.20023921695188,13.8505735962106,-9.4016154199203,3.27497514697399,7.5983845800797,7.5983845800797,"EB_features"
2019,"401112105",12,"2019-11-16 17:00:00",FALSE,197,2305,"Big 12","Big 12","2019-11-11",13,18,8,8,2.9313714702554,-3.54174908696325,16.3369747110097,3.27497514697399,-1.66302528899034,1.66302528899034,"EB_features"
2019,"401112133",12,"2019-11-16 17:00:00",FALSE,2641,2628,"Big 12","Big 12","2019-11-11",13,-2,8,8,-0.947480066731685,7.00312703221969,-3.73640667414197,3.27497514697399,-1.73640667414197,1.73640667414197,"EB_features"
2019,"401112166",12,"2019-11-16 17:00:00",FALSE,213,84,"Big Ten","Big Ten","2019-11-11",13,7,8,8,12.9562848025343,1.74026175898608,19.9980579322579,3.27497514697399,12.9980579322579,12.9980579322579,"EB_features"
2019,"401112219",12,"2019-11-16 17:00:00",FALSE,130,127,"Big Ten","Big Ten","2019-11-11",13,34,9,9,17.5950603564523,8.03207518191197,15.3480041207822,3.27497514697399,-18.6519958792178,18.6519958792178,"EB_features"
2019,"401112244",12,"2019-11-16 17:00:00",FALSE,158,275,"Big Ten","Big Ten","2019-11-11",13,-16,9,9,3.67085348580834,4.95457686526233,-15.8028761356764,3.27497514697399,0.197123864323604,0.197123864323604,"EB_features"
2019,"401112250",12,"2019-11-16 17:00:00",FALSE,77,113,"Big Ten","FBS Independents","2019-11-11",13,39,9,9,0.0495727546307334,-13.7656873388046,34.5240398938961,3.27497514697399,-4.47596010610394,4.47596010610394,"EB_features"
2019,"401117905",12,"2019-11-16 17:00:00",FALSE,218,2655,"American Athletic","American Athletic","2019-11-11",13,8,8,8,0.942167392934952,-3.92638119773705,-2.5569426937421,3.27497514697399,-10.5569426937421,10.5569426937421,"EB_features"
2019,"401114312",12,"2019-11-16 18:00:00",FALSE,5,2638,"Conference USA","Conference USA","2019-11-11",13,27,8,8,-0.250967602665379,-12.7197756587711,20.4481701129572,3.27497514697399,-6.55182988704276,6.55182988704276,"EB_features"
2019,"401114338",12,"2019-11-16 19:30:00",FALSE,87,2426,"FBS Independents","American Athletic","2019-11-11",13,32,8,7,12.745675413448,-5.05742126512898,10.1177565214475,3.27497514697399,-21.8822434785525,21.8822434785525,"EB_features"
2019,"401121969",12,"2019-11-16 20:00:00",FALSE,2032,324,"Sun Belt","Sun Belt","2019-11-11",13,1,8,8,-2.73607564997367,-10.7365912939445,10.3918052075522,3.27497514697399,9.39180520755223,9.39180520755223,"EB_features"
2019,"401121970",12,"2019-11-16 20:00:00",FALSE,290,2433,"Sun Belt","Sun Belt","2019-11-11",13,22,8,8,0.480795283976145,-6.97832723966247,11.2196820208655,3.27497514697399,-10.7803179791345,10.7803179791345,"EB_features"
2019,"401121972",12,"2019-11-16 20:00:00",FALSE,326,2653,"Sun Belt","Sun Belt","2019-11-11",13,-36,8,8,-12.0041823013576,-3.10950470903551,-7.73189202896648,3.27497514697399,28.2681079710335,28.2681079710335,"EB_features"
2019,"401110849",12,"2019-11-16 20:30:00",FALSE,2,61,"SEC","SEC","2019-11-11",13,-7,9,7,12.7470495930307,21.6235168752443,-0.246626728530747,3.27497514697399,6.75337327146925,6.75337327146925,"EB_features"
2019,"401110854",12,"2019-11-16 20:30:00",FALSE,238,96,"SEC","SEC","2019-11-11",13,-24,9,8,1.79245324868169,10.0466423778468,-11.9636348560602,3.27497514697399,12.0363651439398,12.0363651439398,"EB_features"
2019,"401112093",12,"2019-11-16 20:30:00",FALSE,66,251,"Big 12","Big 12","2019-11-11",13,2,7,9,5.19280704789511,12.3750157243712,4.47526292904803,3.27497514697399,2.47526292904803,2.47526292904803,"EB_features"
2019,"401112112",12,"2019-11-16 20:30:00",FALSE,2306,277,"Big 12","Big 12","2019-11-11",13,-4,8,8,-1.9767570892854,3.50960849431271,14.1075887110354,3.27497514697399,18.1075887110354,18.1075887110354,"EB_features"
2019,"401112255",12,"2019-11-16 20:30:00",FALSE,164,194,"Big Ten","Big Ten","2019-11-11",13,-35,9,9,-7.01890335767209,11.0584683025565,-49.6205099237947,3.27497514697399,-14.6205099237947,14.6205099237947,"EB_features"
2019,"401112508",12,"2019-11-16 20:30:00",FALSE,228,154,"ACC","ACC","2019-11-11",13,49,8,8,24.5150743276469,-1.60531785653816,30.7819248431672,3.27497514697399,-18.2180751568328,18.2180751568328,"EB_features"
2019,"401112511",12,"2019-11-16 20:30:00",FALSE,59,259,"ACC","ACC","2019-11-11",13,-45,8,7,-1.19156859247399,2.2279664111823,-2.91796767558602,3.27497514697399,42.082032324414,42.082032324414,"EB_features"
2019,"401117904",12,"2019-11-16 20:30:00",FALSE,248,235,"American Athletic","American Athletic","2019-11-11",13,-18,8,8,-3.69837456575616,0.529586281922012,-5.59742804386028,3.27497514697399,12.4025719561397,12.4025719561397,"EB_features"
2019,"401119304",12,"2019-11-16 20:30:00",FALSE,2050,2117,"Mid-American","Mid-American","2019-11-11",13,-1,8,9,-10.6876434223238,-11.305827376007,5.95794135576495,3.27497514697399,6.95794135576495,6.95794135576495,"EB_features"
2019,"401112199",12,"2019-11-16 21:00:00",FALSE,2294,135,"Big Ten","Big Ten","2019-11-11",13,4,9,8,9.96234580933561,5.14209697787521,4.87307535136105,3.27497514697399,0.873075351361048,0.873075351361048,"EB_features"
2019,"401112509",12,"2019-11-16 21:00:00",FALSE,150,183,"ACC","ACC","2019-11-11",13,-43,7,8,0.203795535468849,4.14700024177745,12.8708342012628,3.27497514697399,55.8708342012628,55.8708342012628,"EB_features"
2019,"401117546",12,"2019-11-16 21:00:00",FALSE,328,2751,"Mountain West","Mountain West","2019-11-11",13,5,7,7,6.99792216130656,-3.13715900088571,2.45848348286925,3.27497514697399,-2.54151651713075,2.54151651713075,"EB_features"
2019,"401117548",12,"2019-11-16 21:00:00",FALSE,2439,62,"Mountain West","Mountain West","2019-11-11",13,-14,8,8,-9.78411561148177,-5.17046511214773,-8.37117137175294,3.27497514697399,5.62882862824706,5.62882862824706,"EB_features"
2019,"401114231",12,"2019-11-16 21:30:00",FALSE,265,24,"Pac-12","Pac-12","2019-11-11",13,27,7,9,6.49137083855521,7.07121239730349,10.7090423451798,3.27497514697399,-16.2909576548202,16.2909576548202,"EB_features"
2019,"401114310",12,"2019-11-16 21:30:00",FALSE,2393,242,"Conference USA","Conference USA","2019-11-11",13,-3,8,9,-2.33310677975474,-15.3319212549517,12.7184794946498,3.27497514697399,15.7184794946498,15.7184794946498,"EB_features"
2019,"401121971",12,"2019-11-16 22:00:00",FALSE,6,309,"Sun Belt","Sun Belt","2019-11-11",13,-10,8,8,-13.7137604971302,-5.85274785089568,-21.178873416714,3.27497514697399,-11.1788734167141,11.1788734167141,"EB_features"
2019,"401114311",12,"2019-11-16 23:00:00",FALSE,2636,2572,"Conference USA","Conference USA","2019-11-11",13,-19,8,8,-10.3000520687221,-0.0378719978599281,-15.6751669525589,3.27497514697399,3.3248330474411,3.3248330474411,"EB_features"
2019,"401110850",12,"2019-11-17",FALSE,145,99,"SEC","SEC","2019-11-11",13,-21,9,8,2.54931436627663,16.5668049885022,-18.9119171261098,3.27497514697399,2.08808287389021,2.08808287389021,"EB_features"
2019,"401117544",12,"2019-11-17",FALSE,36,2005,"Mountain West","Mountain West","2019-11-11",13,-17,8,8,-8.86348591992204,1.84259214607829,-13.8912137369051,3.27497514697399,3.10878626309489,3.10878626309489,"EB_features"
2019,"401117903",12,"2019-11-17",FALSE,58,2132,"American Athletic","American Athletic","2019-11-11",13,-3,8,9,-6.14671463178637,7.02595939468581,-15.6671959123584,3.27497514697399,-12.6671959123584,12.6671959123584,"EB_features"
2019,"401110853",12,"2019-11-17 00:30:00",FALSE,245,2579,"SEC","SEC","2019-11-11",13,24,8,8,12.7428040590843,7.52995581447808,9.39648159340702,3.27497514697399,-14.603518406593,14.603518406593,"EB_features"
2019,"401112082",12,"2019-11-17 00:30:00",FALSE,239,201,"Big 12","Big 12","2019-11-11",13,-3,8,7,1.4199245159289,13.3404354802354,-7.68334170740443,3.27497514697399,-4.68334170740443,4.68334170740443,"EB_features"
2019,"401112512",12,"2019-11-17 00:30:00",FALSE,152,97,"ACC","ACC","2019-11-11",13,-14,7,8,3.19166743718374,-12.8798239943912,4.21649893349586,3.27497514697399,18.2164989334959,18.2164989334959,"EB_features"
2019,"401114161",12,"2019-11-17 00:30:00",FALSE,204,9,"Pac-12","Pac-12","2019-11-11",13,1,8,8,-8.81878577494816,1.79304302988482,-3.95588610578367,3.27497514697399,-4.95588610578367,4.95588610578367,"EB_features"
2019,"401121968",12,"2019-11-17 00:30:00",FALSE,2247,2026,"Sun Belt","Sun Belt","2019-11-11",13,-29,8,7,-10.3535995554645,1.50285088071843,-10.8924779864659,3.27497514697399,18.1075220135341,18.1075220135341,"EB_features"
2019,"401114216",12,"2019-11-17 01:00:00",FALSE,254,26,"Pac-12","Pac-12","2019-11-11",13,46,8,9,9.04013424347836,2.74205707381517,20.4052753823114,3.27497514697399,-25.5947246176886,25.5947246176886,"EB_features"
2019,"401117545",12,"2019-11-17 03:15:00",FALSE,68,167,"Mountain West","Mountain West","2019-11-11",13,33,7,8,3.69401360969254,-6.67391048490705,26.8588240918353,3.27497514697399,-6.14117590816469,6.14117590816469,"EB_features"
2019,"401114172",12,"2019-11-17 03:30:00",FALSE,2483,12,"Pac-12","Pac-12","2019-11-11",13,28,8,8,7.9123468511963,-1.83804010259992,27.8863441027936,3.27497514697399,-0.11365589720641,0.11365589720641,"EB_features"
2019,"401114181",12,"2019-11-17 04:00:00",FALSE,25,30,"Pac-12","Pac-12","2019-11-11",13,-24,7,10,0.243854801480276,9.00335101286609,-4.87464589088539,3.27497514697399,19.1253541091146,19.1253541091146,"EB_features"
2019,"401119305",13,"2019-11-20 00:30:00",FALSE,2459,2199,"Mid-American","Mid-American","2019-11-18",14,-28,9,9,-5.10992117541794,-2.21293209240311,2.63289114251741,3.27497514697399,30.6328911425174,30.6328911425174,"EB_features"
2019,"401119306",13,"2019-11-20 00:30:00",FALSE,189,195,"Mid-American","Mid-American","2019-11-18",14,-42,9,9,-16.3955984035411,1.2883625303315,-19.4142196284012,3.27497514697399,22.5857803715988,22.5857803715988,"EB_features"
2019,"401119307",13,"2019-11-21 00:30:00",FALSE,193,2006,"Mid-American","Mid-American","2019-11-18",14,3,9,10,-5.55633988755197,-11.4696998989835,26.8333722241767,3.27497514697399,23.8333722241767,23.8333722241767,"EB_features"
2019,"401119308",13,"2019-11-21 00:30:00",FALSE,2084,2649,"Mid-American","Mid-American","2019-11-18",14,19,9,9,-3.99771420056328,-1.36451488085421,8.52738725038604,3.27497514697399,-10.472612749614,10.472612749614,"EB_features"
2019,"401112513",13,"2019-11-22 01:00:00",FALSE,59,152,"ACC","ACC","2019-11-18",14,2,9,8,-1.19156859247399,3.19166743718374,0.563220651930368,3.27497514697399,-1.43677934806963,1.43677934806963,"EB_features"
2019,"401117550",13,"2019-11-23 02:30:00",FALSE,2751,36,"Mountain West","Mountain West","2019-11-18",14,10,9,8,-3.13715900088571,-8.86348591992204,13.8696129928484,3.27497514697399,3.86961299284839,3.86961299284839,"EB_features"
2019,"401112094",13,"2019-11-23 17:00:00",FALSE,66,2305,"Big 12","Big 12","2019-11-18",14,10,9,9,5.19280704789511,-3.54174908696325,22.6550012121268,3.27497514697399,12.6550012121268,12.6550012121268,"EB_features"
2019,"401112128",13,"2019-11-23 17:00:00",FALSE,277,197,"Big 12","Big 12","2019-11-18",14,-7,9,9,3.50960849431271,2.9313714702554,-6.2903645070427,3.27497514697399,0.709635492957303,0.709635492957303,"EB_features"
2019,"401112155",13,"2019-11-23 17:00:00",FALSE,2294,356,"Big Ten","Big Ten","2019-11-18",14,9,10,10,9.96234580933561,-8.08100539597529,19.1033891157731,3.27497514697399,10.1033891157731,10.1033891157731,"EB_features"
2019,"401112220",13,"2019-11-23 17:00:00",FALSE,164,127,"Big Ten","Big Ten","2019-11-18",14,-27,10,10,-7.01890335767209,8.03207518191197,-19.6184063566814,3.27497514697399,7.3815936433186,7.3815936433186,"EB_features"
2019,"401112236",13,"2019-11-23 17:00:00",FALSE,77,135,"Big Ten","Big Ten","2019-11-18",14,-16,10,9,0.0495727546307334,5.14209697787521,-14.873694965765,3.27497514697399,1.12630503423498,1.12630503423498,"EB_features"
2019,"401112256",13,"2019-11-23 17:00:00",FALSE,194,213,"Big Ten","Big Ten","2019-11-18",14,11,10,9,11.0584683025565,12.9562848025343,16.1105070310923,3.27497514697399,5.11050703109232,5.11050703109232,"EB_features"
2019,"401112520",13,"2019-11-23 17:00:00",FALSE,258,2335,"ACC","FBS Independents","2019-11-18",14,28,9,8,5.00144398378021,-16.7512761089484,21.0906284102327,3.27497514697399,-6.90937158976726,6.90937158976726,"EB_features"
2019,"401114358",13,"2019-11-23 17:00:00",FALSE,113,252,"FBS Independents","FBS Independents","2019-11-18",14,-32,10,9,-13.7656873388046,1.39761226575117,-34.3890218279464,3.27497514697399,-2.38902182794636,2.38902182794636,"EB_features"
2019,"401117906",13,"2019-11-23 17:00:00",FALSE,2655,2116,"American Athletic","American Athletic","2019-11-18",14,-3,9,9,-3.92638119773705,8.52730123523707,-7.80933967152024,3.27497514697399,-4.80933967152024,4.80933967152024,"EB_features"
2019,"401117908",13,"2019-11-23 17:00:00",FALSE,41,151,"American Athletic","American Athletic","2019-11-18",14,-7,9,8,-22.027460774067,-9.68416895883252,-9.32383966851274,3.27497514697399,-2.32383966851274,2.32383966851274,"EB_features"
2019,"401119309",13,"2019-11-23 17:00:00",FALSE,2309,2050,"Mid-American","Mid-American","2019-11-18",14,3,9,9,-10.8602961980681,-10.6876434223238,-0.585933553953031,3.27497514697399,-3.58593355395303,3.58593355395303,"EB_features"
2019,"401121976",13,"2019-11-23 19:00:00",FALSE,2247,6,"Sun Belt","Sun Belt","2019-11-18",14,13,8,9,-10.3535995554645,-13.7137604971302,14.1334793315083,3.27497514697399,1.13347933150829,1.13347933150829,"EB_features"
2019,"401183793",13,"2019-11-23 19:00:00",FALSE,167,2005,"Mountain West","Mountain West","2019-11-18",14,-22,8,8,-6.67391048490705,1.84259214607829,-20.2500070760075,3.27497514697399,1.74999292399248,1.74999292399248,"EB_features"
2019,"401112514",13,"2019-11-23 19:30:00",FALSE,87,103,"FBS Independents","ACC","2019-11-18",14,33,10,9,12.745675413448,2.40327310730188,20.904542837245,3.27497514697399,-12.095457162755,12.095457162755,"EB_features"
2019,"401121973",13,"2019-11-23 19:30:00",FALSE,2026,326,"Sun Belt","Sun Belt","2019-11-18",14,22,8,9,1.50285088071843,-12.0041823013576,29.6434228344412,3.27497514697399,7.64342283444117,7.64342283444117,"EB_features"
2019,"401121974",13,"2019-11-23 20:00:00",FALSE,2032,290,"Sun Belt","Sun Belt","2019-11-18",14,5,9,9,-2.73607564997367,0.480795283976145,0.196931636702307,3.27497514697399,-4.80306836329769,4.80306836329769,"EB_features"
2019,"401110857",13,"2019-11-23 20:30:00",FALSE,61,245,"SEC","SEC","2019-11-18",14,6,9,8,21.6235168752443,12.7428040590843,16.4140845048027,3.27497514697399,10.4140845048027,10.4140845048027,"EB_features"
2019,"401112083",13,"2019-11-23 20:30:00",FALSE,239,251,"Big 12","Big 12","2019-11-18",14,14,8,10,1.4199245159289,12.3750157243712,0.740048399265201,3.27497514697399,-13.2599516007348,13.2599516007348,"EB_features"
2019,"401112167",13,"2019-11-23 20:30:00",FALSE,84,130,"Big Ten","Big Ten","2019-11-18",14,-25,9,10,1.74026175898608,17.5950603564523,-11.4542700502037,3.27497514697399,13.5457299497963,13.5457299497963,"EB_features"
2019,"401112210",13,"2019-11-23 20:30:00",FALSE,120,158,"Big Ten","Big Ten","2019-11-18",14,-47,9,10,2.95815568103159,3.67085348580834,-1.08183547084629,3.27497514697399,45.9181645291537,45.9181645291537,"EB_features"
2019,"401112519",13,"2019-11-23 20:30:00",FALSE,259,221,"ACC","ACC","2019-11-18",14,28,8,9,2.2279664111823,2.77639162608274,3.62021542518326,3.27497514697399,-24.3797845748167,24.3797845748167,"EB_features"
2019,"401114217",13,"2019-11-23 20:30:00",FALSE,30,26,"Pac-12","Pac-12","2019-11-18",14,17,10,9,9.00335101286609,2.74205707381517,11.4028252841035,3.27497514697399,-5.59717471589654,5.59717471589654,"EB_features"
2019,"401114313",13,"2019-11-23 20:30:00",FALSE,2429,276,"Conference USA","Conference USA","2019-11-18",14,11,9,9,-7.34682161535516,1.33109405547891,-5.33050988678854,3.27497514697399,-16.3305098867885,16.3305098867885,"EB_features"
2019,"401114315",13,"2019-11-23 20:30:00",FALSE,5,2348,"Conference USA","Conference USA","2019-11-18",14,6,9,9,-0.250967602665379,-3.82961807414044,-0.119176059454481,3.27497514697399,-6.11917605945448,6.11917605945448,"EB_features"
2019,"401114317",13,"2019-11-23 20:30:00",FALSE,242,249,"Conference USA","Conference USA","2019-11-18",14,6,10,9,-15.3319212549517,-1.877266865863,-3.60699927385285,3.27497514697399,-9.60699927385285,9.60699927385285,"EB_features"
2019,"401114318",13,"2019-11-23 20:30:00",FALSE,2572,98,"Conference USA","Conference USA","2019-11-18",14,-18,9,9,-0.0378719978599281,-8.76436335344285,6.77482055232877,3.27497514697399,24.7748205523288,24.7748205523288,"EB_features"
2019,"401117911",13,"2019-11-23 20:30:00",FALSE,2426,2567,"American Athletic","American Athletic","2019-11-18",14,7,8,10,-5.05742126512898,-6.30673256484266,5.28113554153873,3.27497514697399,-1.71886445846127,1.71886445846127,"EB_features"
2019,"401112263",13,"2019-11-23 21:00:00",FALSE,275,2509,"Big Ten","Big Ten","2019-11-18",14,21,10,10,4.95457686526233,0.851455109799422,23.3125957759827,3.27497514697399,2.31259577598274,2.31259577598274,"EB_features"
2019,"401112516",13,"2019-11-23 21:00:00",FALSE,97,183,"ACC","ACC","2019-11-18",14,22,8,9,-12.8798239943912,4.14700024177745,-0.350978869481108,3.27497514697399,-22.3509788694811,22.3509788694811,"EB_features"
2019,"401114182",13,"2019-11-23 21:00:00",FALSE,24,25,"Pac-12","Pac-12","2019-11-18",14,-4,10,8,7.07121239730349,0.243854801480276,1.13225967305027,3.27497514697399,5.13225967305027,5.13225967305027,"EB_features"
2019,"401114319",13,"2019-11-23 21:00:00",FALSE,166,2638,"FBS Independents","Conference USA","2019-11-18",14,9,9,9,-13.5954050518902,-12.7197756587711,4.04798373251675,3.27497514697399,-4.95201626748325,4.95201626748325,"EB_features"
2019,"401117553",13,"2019-11-23 21:00:00",FALSE,2439,23,"Mountain West","Mountain West","2019-11-18",14,3,9,9,-9.78411561148177,-8.17090263633282,-5.34170404773542,3.27497514697399,-8.34170404773542,8.34170404773542,"EB_features"
2019,"401117909",13,"2019-11-23 21:00:00",FALSE,58,235,"American Athletic","American Athletic","2019-11-18",14,-39,8,9,-6.14671463178637,0.529586281922012,-14.4435892047158,3.27497514697399,24.5564107952842,24.5564107952842,"EB_features"
2019,"401114316",13,"2019-11-23 21:30:00",FALSE,2393,295,"Conference USA","Conference USA","2019-11-18",14,21,9,9,-2.33310677975474,-12.1888892149109,13.0184206007728,3.27497514697399,-7.98157939922719,7.98157939922719,"EB_features"
2019,"401121975",13,"2019-11-23 22:00:00",FALSE,2433,324,"Sun Belt","Sun Belt","2019-11-18",14,3,9,9,-6.97832723966247,-10.7365912939445,1.9987890156922,3.27497514697399,-1.0012109843078,1.0012109843078,"EB_features"
2019,"401121977",13,"2019-11-23 22:00:00",FALSE,309,2653,"Sun Belt","Sun Belt","2019-11-18",14,50,9,9,-5.85274785089568,-3.10950470903551,11.364368084968,3.27497514697399,-38.635631915032,38.635631915032,"EB_features"
2019,"401114314",13,"2019-11-23 23:00:00",FALSE,2636,2226,"Conference USA","Conference USA","2019-11-18",14,-14,9,9,-10.3000520687221,-2.3224843884515,-18.9946903462315,3.27497514697399,-4.99469034623147,4.99469034623147,"EB_features"
2019,"401110859",13,"2019-11-24",FALSE,99,8,"SEC","SEC","2019-11-18",14,36,8,9,16.5668049885022,-3.00396604812486,38.2107134634186,3.27497514697399,2.21071346341864,2.21071346341864,"EB_features"
2019,"401112113",13,"2019-11-24",FALSE,2641,2306,"Big 12","Big 12","2019-11-18",14,-3,9,9,-0.947480066731685,-1.9767570892854,-1.59697718911663,3.27497514697399,1.40302281088337,1.40302281088337,"EB_features"
2019,"401112517",13,"2019-11-24",FALSE,2229,2390,"Conference USA","ACC","2019-11-18",14,6,9,9,-0.318799939193646,3.91648375420248,-10.3996152234415,3.27497514697399,-16.3996152234415,16.3996152234415,"EB_features"
2019,"401117907",13,"2019-11-24",FALSE,2132,218,"American Athletic","American Athletic","2019-11-18",14,2,9,9,7.02595939468581,0.942167392934952,16.1333119366912,3.27497514697399,14.1333119366912,14.1333119366912,"EB_features"
2019,"401110861",13,"2019-11-24 00:30:00",FALSE,142,2633,"SEC","SEC","2019-11-18",14,-4,9,9,7.20023921695188,6.97802357946354,4.87208986594792,3.27497514697399,8.87208986594792,8.87208986594792,"EB_features"
2019,"401112515",13,"2019-11-24 00:30:00",FALSE,154,150,"ACC","ACC","2019-11-18",14,12,9,9,-1.60531785653816,0.203795535468849,5.45083116422831,3.27497514697399,-6.54916883577169,6.54916883577169,"EB_features"
2019,"401114162",13,"2019-11-24 00:30:00",FALSE,9,2483,"Pac-12","Pac-12","2019-11-18",14,3,8,8,1.79304302988482,7.9123468511963,-13.21393260511,3.27497514697399,-16.21393260511,16.21393260511,"EB_features"
2019,"401117910",13,"2019-11-24 00:30:00",FALSE,202,248,"American Athletic","American Athletic","2019-11-18",14,-10,10,9,-6.54235946269467,-3.69837456575616,1.87793656280825,3.27497514697399,11.8779365628083,11.8779365628083,"EB_features"
2019,"401112120",13,"2019-11-24 01:00:00",FALSE,201,2628,"Big 12","Big 12","2019-11-18",14,4,8,9,13.3404354802354,7.00312703221969,14.9205104604222,3.27497514697399,10.9205104604222,10.9205104604222,"EB_features"
2019,"401114206",13,"2019-11-24 02:00:00",FALSE,265,204,"Pac-12","Pac-12","2019-11-18",14,1,9,8,6.49137083855521,-8.81878577494816,15.947910065223,3.27497514697399,14.947910065223,14.947910065223,"EB_features"
2019,"401114173",13,"2019-11-24 03:00:00",FALSE,12,254,"Pac-12","Pac-12","2019-11-18",14,-28,8,8,-1.83804010259992,9.04013424347836,-20.2173200024334,3.27497514697399,7.78267999756664,7.78267999756664,"EB_features"
2019,"401114191",13,"2019-11-24 03:00:00",FALSE,38,264,"Pac-12","Pac-12","2019-11-18",14,6,10,9,-1.68109879041973,9.16702761898054,-13.0785894149814,3.27497514697399,-19.0785894149814,19.0785894149814,"EB_features"
2019,"401117549",13,"2019-11-24 03:30:00",FALSE,328,68,"Mountain West","Mountain West","2019-11-18",14,-35,9,8,6.99792216130656,3.69401360969254,-2.74180149363226,3.27497514697399,32.2581985063677,32.2581985063677,"EB_features"
2019,"401117551",13,"2019-11-24 03:30:00",FALSE,278,2440,"Mountain West","Mountain West","2019-11-18",14,-7,9,9,5.6774932365273,-2.77007576739474,17.0027803564156,3.27497514697399,24.0027803564156,24.0027803564156,"EB_features"
2019,"401117552",13,"2019-11-24 04:00:00",FALSE,62,21,"Mountain West","Mountain West","2019-11-18",14,3,10,9,-5.17046511214773,-1.5528050844529,0.0581805329667358,3.27497514697399,-2.94181946703326,2.94181946703326,"EB_features"
2019,"401119310",14,"2019-11-26 23:00:00",FALSE,2006,195,"Mid-American","Mid-American","2019-11-25",15,-49,11,10,-11.4696998989835,1.2883625303315,-22.7848318452469,3.27497514697399,26.2151681547531,26.2151681547531,"EB_features"
2019,"401119311",14,"2019-11-27",FALSE,2459,2711,"Mid-American","Mid-American","2019-11-25",15,3,10,10,-5.10992117541794,-6.84637039283449,-4.14936397203944,3.27497514697399,-7.14936397203944,7.14936397203944,"EB_features"
2019,"401110863",14,"2019-11-29 00:30:00",FALSE,344,145,"SEC","SEC","2019-11-25",15,1,10,10,13.3737687725695,2.54931436627663,7.04133376847724,3.27497514697399,6.04133376847724,6.04133376847724,"EB_features"
2019,"401112138",14,"2019-11-29 17:00:00",FALSE,251,2641,"Big 12","Big 12","2019-11-25",15,25,11,9,12.3750157243712,-0.947480066731685,13.2600858118071,3.27497514697399,-11.7399141881929,11.7399141881929,"EB_features"
2019,"401112521",14,"2019-11-29 17:00:00",FALSE,258,259,"ACC","ACC","2019-11-25",15,9,10,9,5.00144398378021,2.2279664111823,3.40537563956165,3.27497514697399,-5.59462436043835,5.59462436043835,"EB_features"
2019,"401119312",14,"2019-11-29 17:00:00",FALSE,2084,189,"Mid-American","Mid-American","2019-11-25",15,42,10,10,-3.99771420056328,-16.3955984035411,28.5253560085275,3.27497514697399,-13.4746439914725,13.4746439914725,"EB_features"
2019,"401119313",14,"2019-11-29 17:00:00",FALSE,2199,2309,"Mid-American","Mid-American","2019-11-25",15,-8,10,10,-2.21293209240311,-10.8602961980681,7.46702598340445,3.27497514697399,15.4670259834045,15.4670259834045,"EB_features"
2019,"401119314",14,"2019-11-29 17:00:00",FALSE,2050,193,"Mid-American","Mid-American","2019-11-25",15,14,10,10,-10.6876434223238,-5.55633988755197,4.84489965600283,3.27497514697399,-9.15510034399717,9.15510034399717,"EB_features"
2019,"401119315",14,"2019-11-29 17:00:00",FALSE,2117,2649,"Mid-American","Mid-American","2019-11-25",15,42,10,10,-11.305827376007,-1.36451488085421,4.91955217824716,3.27497514697399,-37.0804478217528,37.0804478217528,"EB_features"
2019,"401110864",14,"2019-11-29 19:30:00",FALSE,8,142,"SEC","SEC","2019-11-25",15,-10,9,9,-3.00396604812486,7.20023921695188,-11.2559050941941,3.27497514697399,-1.25590509419406,1.25590509419406,"EB_features"
2019,"401112200",14,"2019-11-29 19:30:00",FALSE,158,2294,"Big Ten","Big Ten","2019-11-25",15,-3,11,11,3.67085348580834,9.96234580933561,-7.7568136799711,3.27497514697399,-4.7568136799711,4.7568136799711,"EB_features"
2019,"401117554",14,"2019-11-29 20:30:00",FALSE,36,68,"Mountain West","Mountain West","2019-11-25",15,-7,10,9,-8.86348591992204,3.69401360969254,-13.3505333282599,3.27497514697399,-6.3505333282599,6.3505333282599,"EB_features"
2019,"401117913",14,"2019-11-29 20:30:00",FALSE,235,2132,"American Athletic","American Athletic","2019-11-25",15,10,10,10,0.529586281922012,7.02595939468581,4.81691142708711,3.27497514697399,-5.18308857291289,5.18308857291289,"EB_features"
2019,"401114232",14,"2019-11-29 21:00:00",FALSE,264,265,"Pac-12","Pac-12","2019-11-25",15,18,9,9,9.16702761898054,6.49137083855521,7.40142296317846,3.27497514697399,-10.5985770368215,10.5985770368215,"EB_features"
2019,"401112134",14,"2019-11-29 21:15:00",FALSE,2628,277,"Big 12","Big 12","2019-11-25",15,-3,9,10,7.00312703221969,3.50960849431271,13.3879860185534,3.27497514697399,16.3879860185534,16.3879860185534,"EB_features"
2019,"401121979",14,"2019-11-29 22:00:00",FALSE,6,2032,"Sun Belt","Sun Belt","2019-11-25",15,4,10,10,-13.7137604971302,-2.73607564997367,-9.4556453930516,3.27497514697399,-13.4556453930516,13.4556453930516,"EB_features"
2019,"401121978",14,"2019-11-29 23:00:00",FALSE,2653,2026,"Sun Belt","Sun Belt","2019-11-25",15,-35,10,10,-3.10950470903551,1.50285088071843,-11.394138371273,3.27497514697399,23.605861628727,23.605861628727,"EB_features"
2019,"401117912",14,"2019-11-30 01:00:00",FALSE,2116,58,"American Athletic","American Athletic","2019-11-25",15,27,10,10,8.52730123523707,-6.14671463178637,25.4759131392295,3.27497514697399,-1.52408686077047,1.52408686077047,"EB_features"
2019,"401110867",14,"2019-11-30 17:00:00",FALSE,59,61,"ACC","SEC","2019-11-25",15,-45,10,10,-1.19156859247399,21.6235168752443,-30.1908618280453,3.27497514697399,14.8091381719547,14.8091381719547,"EB_features"
2019,"401110868",14,"2019-11-30 17:00:00",FALSE,96,97,"SEC","ACC","2019-11-25",15,32,10,10,10.0466423778468,-12.8798239943912,13.0478887108346,3.27497514697399,-18.9521112891654,18.9521112891654,"EB_features"
2019,"401110870",14,"2019-11-30 17:00:00",FALSE,2579,228,"SEC","ACC","2019-11-25",15,-35,10,10,7.52995581447808,24.5150743276469,-22.3944985955863,3.27497514697399,12.6055014044137,12.6055014044137,"EB_features"
2019,"401112156",14,"2019-11-30 17:00:00",FALSE,356,77,"Big Ten","Big Ten","2019-11-25",15,-19,11,11,-8.08100539597529,0.0495727546307334,8.24566691352781,3.27497514697399,27.2456669135278,27.2456669135278,"EB_features"
2019,"401112168",14,"2019-11-30 17:00:00",FALSE,2509,84,"Big Ten","Big Ten","2019-11-25",15,-3,11,10,0.851455109799422,1.74026175898608,-2.33075888639302,3.27497514697399,0.669241113606978,0.669241113606978,"EB_features"
2019,"401112228",14,"2019-11-30 17:00:00",FALSE,130,194,"Big Ten","Big Ten","2019-11-25",15,-29,11,11,17.5950603564523,11.0584683025565,-8.32181694888074,3.27497514697399,20.6781830511193,20.6781830511193,"EB_features"
2019,"401114321",14,"2019-11-30 17:00:00",FALSE,276,2229,"Conference USA","Conference USA","2019-11-25",15,3,10,9,1.33109405547891,-0.318799939193646,9.32907613453901,3.27497514697399,6.32907613453901,6.32907613453901,"EB_features"
2019,"401117915",14,"2019-11-30 17:00:00",FALSE,151,202,"American Athletic","American Athletic","2019-11-25",15,-25,9,10,-9.68416895883252,-6.54235946269467,-6.32837891677458,3.27497514697399,18.6716210832254,18.6716210832254,"EB_features"
2019,"401121980",14,"2019-11-30 17:00:00",FALSE,324,326,"Sun Belt","Sun Belt","2019-11-25",15,3,10,10,-10.7365912939445,-12.0041823013576,10.8831442908653,3.27497514697399,7.88314429086527,7.88314429086527,"EB_features"
2019,"401112525",14,"2019-11-30 17:30:00",FALSE,183,154,"ACC","ACC","2019-11-25",15,9,10,9,4.14700024177745,-1.60531785653816,-0.687274055917453,3.27497514697399,-9.68727405591745,9.68727405591745,"EB_features"
2019,"401114320",14,"2019-11-30 19:00:00",FALSE,295,2429,"Conference USA","Conference USA","2019-11-25",15,-16,10,10,-12.1888892149109,-7.34682161535516,-4.7669205037194,3.27497514697399,11.2330794962806,11.2330794962806,"EB_features"
2019,"401114324",14,"2019-11-30 19:00:00",FALSE,98,2393,"Conference USA","Conference USA","2019-11-25",15,5,10,10,-8.76436335344285,-2.33310677975474,8.61940679962563,3.27497514697399,3.61940679962563,3.61940679962563,"EB_features"
2019,"401114346",14,"2019-11-30 19:00:00",FALSE,2335,166,"FBS Independents","FBS Independents","2019-11-25",15,21,9,10,-16.7512761089484,-13.5954050518902,11.7696486523116,3.27497514697399,-9.23035134768839,9.23035134768839,"EB_features"
2019,"401117556",14,"2019-11-30 19:00:00",FALSE,2005,2751,"Mountain West","Mountain West","2019-11-25",15,14,10,10,1.84259214607829,-3.13715900088571,10.4814581670578,3.27497514697399,-3.51854183294216,3.51854183294216,"EB_features"
2019,"401114326",14,"2019-11-30 20:00:00",FALSE,2638,242,"Conference USA","Conference USA","2019-11-25",15,-14,10,11,-12.7197756587711,-15.3319212549517,-5.99243671993938,3.27497514697399,8.00756328006062,8.00756328006062,"EB_features"
2019,"401117558",14,"2019-11-30 20:00:00",FALSE,2440,2439,"Mountain West","Mountain West","2019-11-25",15,-3,9,10,-2.77007576739474,-9.78411561148177,5.18780974674635,3.27497514697399,8.18780974674635,8.18780974674635,"EB_features"
2019,"401110865",14,"2019-11-30 20:30:00",FALSE,2,333,"SEC","SEC","2019-11-25",15,3,10,10,12.7470495930307,25.0236882821226,-6.69308190505188,3.27497514697399,-9.69308190505188,9.69308190505188,"EB_features"
2019,"401112084",14,"2019-11-30 20:30:00",FALSE,2305,239,"Big 12","Big 12","2019-11-25",15,-55,10,10,-3.54174908696325,1.4199245159289,-12.3108276718641,3.27497514697399,42.6891723281359,42.6891723281359,"EB_features"
2019,"401112221",14,"2019-11-30 20:30:00",FALSE,127,120,"Big Ten","Big Ten","2019-11-25",15,3,11,10,8.03207518191197,2.95815568103159,17.0834319413094,3.27497514697399,14.0834319413094,14.0834319413094,"EB_features"
2019,"401112237",14,"2019-11-30 20:30:00",FALSE,135,275,"Big Ten","Big Ten","2019-11-25",15,-21,10,11,5.14209697787521,4.95457686526233,-2.80805287210853,3.27497514697399,18.1919471278915,18.1919471278915,"EB_features"
2019,"401112261",14,"2019-11-30 20:30:00",FALSE,213,164,"Big Ten","Big Ten","2019-11-25",15,21,10,11,12.9562848025343,-7.01890335767209,41.9314032916822,3.27497514697399,20.9314032916822,20.9314032916822,"EB_features"
2019,"401112522",14,"2019-11-30 20:30:00",FALSE,221,103,"ACC","ACC","2019-11-25",15,-7,10,10,2.77639162608274,2.40327310730188,6.70841312132503,3.27497514697399,13.708413121325,13.708413121325,"EB_features"
2019,"401112523",14,"2019-11-30 20:30:00",FALSE,150,2390,"ACC","ACC","2019-11-25",15,10,9,9,0.203795535468849,3.91648375420248,-4.21609718907471,3.27497514697399,-14.2160971890747,14.2160971890747,"EB_features"
2019,"401114322",14,"2019-11-30 20:30:00",FALSE,2226,2572,"Conference USA","Conference USA","2019-11-25",15,17,10,10,-2.3224843884515,-0.0378719978599281,7.74936204443644,3.27497514697399,-9.25063795556356,9.25063795556356,"EB_features"
2019,"401114323",14,"2019-11-30 20:30:00",FALSE,2348,2636,"Conference USA","Conference USA","2019-11-25",15,14,10,10,-3.82961807414044,-10.3000520687221,20.330369741936,3.27497514697399,6.33036974193599,6.33036974193599,"EB_features"
2019,"401117914",14,"2019-11-30 20:30:00",FALSE,218,41,"American Athletic","American Athletic","2019-11-25",15,32,9,10,0.942167392934952,-22.027460774067,25.7540419842608,3.27497514697399,-6.2459580157392,6.2459580157392,"EB_features"
2019,"401110871",14,"2019-11-30 21:00:00",FALSE,2633,238,"SEC","SEC","2019-11-25",15,18,9,10,6.97802357946354,1.79245324868169,18.1635919823281,3.27497514697399,0.16359198232815,0.16359198232815,"EB_features"
2019,"401114199",14,"2019-11-30 21:00:00",FALSE,2483,204,"Pac-12","Pac-12","2019-11-25",15,14,9,9,7.9123468511963,-8.81878577494816,26.7821606655134,3.27497514697399,12.7821606655134,12.7821606655134,"EB_features"
2019,"401114212",14,"2019-11-30 21:00:00",FALSE,24,87,"Pac-12","FBS Independents","2019-11-25",15,-21,11,11,7.07121239730349,12.745675413448,-14.8500511028203,3.27497514697399,6.14994889717966,6.14994889717966,"EB_features"
2019,"401114325",14,"2019-11-30 21:00:00",FALSE,249,5,"Conference USA","Conference USA","2019-11-25",15,-5,10,10,-1.877266865863,-0.250967602665379,-1.1298070225631,3.27497514697399,3.8701929774369,3.8701929774369,"EB_features"
2019,"401117555",14,"2019-11-30 21:00:00",FALSE,167,328,"Mountain West","Mountain West","2019-11-25",15,-13,10,9,-6.67391048490705,6.99792216130656,-13.8508810605222,3.27497514697399,-0.850881060522237,0.850881060522237,"EB_features"
2019,"401117917",14,"2019-11-30 21:00:00",FALSE,2567,2655,"American Athletic","American Athletic","2019-11-25",15,17,11,10,-6.30673256484266,-3.92638119773705,4.82988314076226,3.27497514697399,-12.1701168592377,12.1701168592377,"EB_features"
2019,"401121981",14,"2019-11-30 23:00:00",FALSE,290,2247,"Sun Belt","Sun Belt","2019-11-25",15,28,10,10,0.480795283976145,-10.3535995554645,9.56226150435863,3.27497514697399,-18.4377384956414,18.4377384956414,"EB_features"
2019,"401110869",14,"2019-12-01",FALSE,99,245,"SEC","SEC","2019-11-25",15,43,9,10,16.5668049885022,12.7428040590843,16.0736116182247,3.27497514697399,-26.9263883817753,26.9263883817753,"EB_features"
2019,"401112095",14,"2019-12-01",FALSE,2306,66,"Big 12","Big 12","2019-11-25",15,10,9,10,-1.9767570892854,5.19280704789511,-3.53969982524969,3.27497514697399,-13.5396998252497,13.5396998252497,"EB_features"
2019,"401112524",14,"2019-12-01",FALSE,152,153,"ACC","ACC","2019-11-25",15,-31,10,10,3.19166743718374,-5.4472899945335,-5.56619650961309,3.27497514697399,25.4338034903869,25.4338034903869,"EB_features"
2019,"401117916",14,"2019-12-01",FALSE,248,2426,"American Athletic","American Athletic","2019-11-25",15,-15,9,9,-3.69837456575616,-5.05742126512898,-5.14930698893855,3.27497514697399,9.85069301106146,9.85069301106146,"EB_features"
2019,"401110866",14,"2019-12-01 00:30:00",FALSE,57,52,"SEC","ACC","2019-11-25",15,23,9,10,13.8505735962106,-0.844164196345785,24.2020888426824,3.27497514697399,1.20208884268236,1.20208884268236,"EB_features"
2019,"401114192",14,"2019-12-01 00:30:00",FALSE,254,38,"Pac-12","Pac-12","2019-11-25",15,30,9,10,9.04013424347836,-1.68109879041973,27.0781367251409,3.27497514697399,-2.92186327485909,2.92186327485909,"EB_features"
2019,"401121982",14,"2019-12-01 00:30:00",FALSE,309,2433,"Sun Belt","Sun Belt","2019-11-25",15,1,10,10,-5.85274785089568,-6.97832723966247,22.3398988515289,3.27497514697399,21.3398988515289,21.3398988515289,"EB_features"
2019,"401112121",14,"2019-12-01 01:00:00",FALSE,197,201,"Big 12","Big 12","2019-11-25",15,-18,10,9,2.9313714702554,13.3404354802354,-8.18902489794858,3.27497514697399,9.81097510205142,9.81097510205142,"EB_features"
2019,"401117218",14,"2019-12-01 02:00:00",FALSE,21,252,"Mountain West","FBS Independents","2019-11-25",15,10,9,10,-1.5528050844529,1.39761226575117,1.33299688930575,3.27497514697399,-8.66700311069425,8.66700311069425,"EB_features"
2019,"401114163",14,"2019-12-01 03:00:00",FALSE,9,12,"Pac-12","Pac-12","2019-11-25",15,10,9,9,1.79304302988482,-1.83804010259992,11.3435006815663,3.27497514697399,1.34350068156633,1.34350068156633,"EB_features"
2019,"401114183",14,"2019-12-01 03:30:00",FALSE,26,25,"Pac-12","Pac-12","2019-11-25",15,-10,11,10,2.74205707381517,0.243854801480276,0.764500246885229,3.27497514697399,10.7645002468852,10.7645002468852,"EB_features"
2019,"401117557",14,"2019-12-01 03:30:00",FALSE,23,278,"Mountain West","Mountain West","2019-11-25",15,1,10,9,-8.17090263633282,5.6774932365273,-5.20455251657426,3.27497514697399,-6.20455251657426,6.20455251657426,"EB_features"
2019,"401114334",14,"2019-12-01 04:59:00",FALSE,62,349,"Mountain West","FBS Independents","2019-11-25",15,21,10,9,-5.17046511214773,8.81518592297027,-3.03707636940541,3.27497514697399,-24.0370763694054,24.0370763694054,"EB_features"
2019,"401132973",15,"2019-12-07 01:00:00",TRUE,2483,254,"Pac-12","Pac-12","2019-12-02",16,22,11,10,7.9123468511963,9.04013424347836,-2.60410156931103,3.27497514697399,-24.604101569311,24.604101569311,"EB_features"
2019,"401132974",15,"2019-12-07 17:00:00",TRUE,201,239,"Big 12","Big 12","2019-12-02",16,7,10,11,13.3404354802354,1.4199245159289,5.00414712855054,3.27497514697399,-1.99585287144946,1.99585287144946,"EB_features"
2019,"401132982",15,"2019-12-07 17:00:00",TRUE,2117,193,"Mid-American","Mid-American","2019-12-02",16,-5,11,11,-11.305827376007,-5.55633988755197,2.7878955584863,3.27497514697399,7.7878955584863,7.7878955584863,"EB_features"
2019,"401132984",15,"2019-12-07 17:00:00",FALSE,2026,309,"Sun Belt","Sun Belt","2019-12-02",16,7,11,10,1.50285088071843,-5.85274785089568,5.74725371857603,3.27497514697399,-1.25274628142397,1.25274628142397,"EB_features"
2019,"401132980",15,"2019-12-07 18:30:00",FALSE,2226,5,"Conference USA","Conference USA","2019-12-02",16,43,11,11,-2.3224843884515,-0.250967602665379,10.6146344215186,3.27497514697399,-32.3853655784814,32.3853655784814,"EB_features"
2019,"401132976",15,"2019-12-07 20:30:00",FALSE,235,2132,"American Athletic","American Athletic","2019-12-02",16,5,11,12,0.529586281922012,7.02595939468581,6.37592375429391,3.27497514697399,1.37592375429391,1.37592375429391,"EB_features"
2019,"401132979",15,"2019-12-07 21:00:00",FALSE,68,62,"Mountain West","Mountain West","2019-12-02",16,21,11,11,3.69401360969254,-5.17046511214773,15.3636832079223,3.27497514697399,-5.63631679207771,5.63631679207771,"EB_features"
2019,"401132981",15,"2019-12-07 21:00:00",TRUE,99,61,"SEC","SEC","2019-12-02",16,27,10,11,16.5668049885022,21.6235168752443,0.969771268642557,3.27497514697399,-26.0302287313574,26.0302287313574,"EB_features"
2019,"401132975",15,"2019-12-08 00:30:00",TRUE,228,258,"ACC","ACC","2019-12-02",16,45,11,11,24.5150743276469,5.00144398378021,25.4651524877967,3.27497514697399,-19.5348475122033,19.5348475122033,"EB_features"
2019,"401132983",15,"2019-12-08 01:00:00",TRUE,275,194,"Big Ten","Big Ten","2019-12-02",16,-13,12,12,4.95457686526233,11.0584683025565,-13.9495770514547,3.27497514697399,-0.949577051454739,0.949577051454739,"EB_features"
2019,"401114335",15,"2019-12-14 20:00:00",TRUE,2426,349,"American Athletic","FBS Independents","2019-12-09",17,24,10,10,-5.05742126512898,8.81518592297027,5.66785445521067,3.27497514697399,-18.3321455447893,18.3321455447893,"EB_features"
2019,"401135260",1,"2019-12-20 19:00:00",TRUE,2429,2084,"Conference USA","Mid-American","2019-12-16",18,-22,11,11,-7.34682161535516,-3.99771420056328,-5.67784433472013,3.27497514697399,16.3221556652799,16.3221556652799,"EB_features"
2019,"401135261",1,"2019-12-21 00:30:00",TRUE,2309,328,"Mid-American","Mountain West","2019-12-16",18,10,11,11,-10.8602961980681,6.99792216130656,-7.57703459507711,3.27497514697399,-17.5770345950771,17.5770345950771,"EB_features"
2019,"401135263",1,"2019-12-21 19:00:00",TRUE,21,2117,"Mountain West","Mid-American","2019-12-16",18,37,11,12,-1.5528050844529,-11.305827376007,5.9439005819722,3.27497514697399,-31.0560994180278,31.0560994180278,"EB_features"
2019,"401147693",1,"2019-12-21 19:30:00",TRUE,290,2335,"Sun Belt","FBS Independents","2019-12-16",18,-7,11,10,0.480795283976145,-16.7512761089484,10.5616555930812,3.27497514697399,17.5616555930812,17.5616555930812,"EB_features"
2019,"401135264",1,"2019-12-21 20:30:00",FALSE,2226,2567,"Conference USA","American Athletic","2019-12-16",18,24,12,12,-2.3224843884515,-6.30673256484266,5.07182873774839,3.27497514697399,-18.9281712622516,18.9281712622516,"EB_features"
2019,"401135265",1,"2019-12-21 22:30:00",TRUE,2032,2229,"Sun Belt","Conference USA","2019-12-16",18,8,11,11,-2.73607564997367,-0.318799939193646,0.696337958179548,3.27497514697399,-7.30366204182045,7.30366204182045,"EB_features"
2019,"401135266",1,"2019-12-22 00:30:00",TRUE,264,68,"Pac-12","Mountain West","2019-12-16",18,31,11,12,9.16702761898054,3.69401360969254,3.3222725592666,3.27497514697399,-27.6777274407334,27.6777274407334,"EB_features"
2019,"401135267",1,"2019-12-22 02:00:00",TRUE,5,2026,"Conference USA","Sun Belt","2019-12-16",18,-14,12,12,-0.250967602665379,1.50285088071843,-14.9018187897459,3.27497514697399,-0.901818789745921,0.901818789745921,"EB_features"
2019,"401135268",1,"2019-12-23 19:30:00",TRUE,276,2116,"Conference USA","American Athletic","2019-12-23",19,-23,11,11,1.33109405547891,8.52730123523707,-14.3204515974252,3.27497514697399,8.67954840257483,8.67954840257483,"EB_features"
2019,"401135269",1,"2019-12-25 01:00:00",TRUE,252,62,"FBS Independents","Mountain West","2019-12-23",19,-4,11,13,1.39761226575117,-5.17046511214773,2.82443464882838,3.27497514697399,6.82443464882838,6.82443464882838,"EB_features"
2019,"401135270",1,"2019-12-26 21:00:00",TRUE,2390,2348,"ACC","Conference USA","2019-12-23",19,-14,11,11,3.91648375420248,-3.82961807414044,4.93016080699232,3.27497514697399,18.9301608069923,18.9301608069923,"EB_features"
2019,"401135271",1,"2019-12-27 01:00:00",TRUE,2199,221,"Mid-American","ACC","2019-12-23",19,-4,11,11,-2.21293209240311,2.77639162608274,-8.15976878785365,3.27497514697399,-4.15976878785365,4.15976878785365,"EB_features"
2019,"401135272",1,"2019-12-27 17:00:00",TRUE,218,153,"American Athletic","ACC","2019-12-23",19,-42,11,11,0.942167392934952,-5.4472899945335,-5.20257250410883,3.27497514697399,36.7974274958912,36.7974274958912,"EB_features"
2019,"401135273",1,"2019-12-27 20:20:00",TRUE,154,127,"ACC","Big Ten","2019-12-23",19,-6,11,12,-1.60531785653816,8.03207518191197,-5.85747399733631,3.27497514697399,0.142526002663693,0.142526002663693,"EB_features"
2019,"401135274",1,"2019-12-27 23:45:00",TRUE,245,197,"SEC","Big 12","2019-12-23",19,3,11,11,12.7428040590843,2.9313714702554,5.51386465419229,3.27497514697399,2.51386465419229,2.51386465419229,"EB_features"
2019,"401136253",1,"2019-12-28 01:00:00",TRUE,2294,30,"Big Ten","Pac-12","2019-12-23",19,25,12,12,9.96234580933561,9.00335101286609,2.87174734588188,3.27497514697399,-22.1282526541181,22.1282526541181,"EB_features"
2019,"401135275",1,"2019-12-28 03:15:00",TRUE,265,2005,"Pac-12","Mountain West","2019-12-23",19,-10,11,11,6.49137083855521,1.84259214607829,-0.796650827129855,3.27497514697399,9.20334917287014,9.20334917287014,"EB_features"
2019,"401135276",1,"2019-12-28 17:00:00",TRUE,66,87,"Big 12","FBS Independents","2019-12-23",19,-24,11,12,5.19280704789511,12.745675413448,-5.99764420422803,3.27497514697399,18.002355795772,18.002355795772,"EB_features"
2019,"401135277",1,"2019-12-28 17:00:00",TRUE,213,235,"Big Ten","American Athletic","2019-12-23",19,14,11,12,12.9562848025343,0.529586281922012,9.22454529125717,3.27497514697399,-4.77545470874283,4.77545470874283,"EB_features"
2019,"401135278",1,"2019-12-28 21:20:00",TRUE,99,201,"SEC","Big 12","2019-12-23",19,35,12,12,16.5668049885022,13.3404354802354,10.7777510941696,3.27497514697399,-24.2222489058304,24.2222489058304,"EB_features"
2019,"401135279",1,"2019-12-29 01:20:00",TRUE,194,228,"Big Ten","ACC","2019-12-23",19,-6,13,12,11.0584683025565,24.5150743276469,2.06272883048837,3.27497514697399,8.06272883048837,8.06272883048837,"EB_features"
2019,"401135280",1,"2019-12-30 17:30:00",TRUE,2711,98,"Mid-American","Conference USA","2019-12-30",20,-3,11,11,-6.84637039283449,-8.76436335344285,-2.29863359288181,3.27497514697399,0.701366407118193,0.701366407118193,"EB_features"
2019,"401135281",1,"2019-12-30 21:00:00",TRUE,97,344,"ACC","SEC","2019-12-30",20,10,11,11,-12.8798239943912,13.3737687725695,-12.6111071414163,3.27497514697399,-22.6111071414163,22.6111071414163,"EB_features"
2019,"401136254",1,"2019-12-30 21:00:00",TRUE,356,25,"Big Ten","Pac-12","2019-12-30",20,-15,12,11,-8.08100539597529,0.243854801480276,-3.96240562998307,3.27497514697399,11.0375943700169,11.0375943700169,"EB_features"
2019,"401135282",1,"2019-12-31 01:00:00",TRUE,258,57,"ACC","SEC","2019-12-30",20,-8,12,10,5.00144398378021,13.8505735962106,-16.1185079218244,3.27497514697399,-8.11850792182442,8.11850792182442,"EB_features"
2019,"401135283",1,"2019-12-31 17:00:00",TRUE,96,259,"SEC","ACC","2019-12-30",20,7,11,10,10.0466423778468,2.2279664111823,2.56023336787282,3.27497514697399,-4.43976663212718,4.43976663212718,"EB_features"
2019,"401136255",1,"2019-12-31 19:00:00",TRUE,9,52,"Pac-12","ACC","2019-12-30",20,6,11,11,1.79304302988482,-0.844164196345785,3.87219021906075,3.27497514697399,-2.12780978093925,2.12780978093925,"EB_features"
2019,"401135284",1,"2019-12-31 20:45:00",TRUE,2306,2426,"Big 12","American Athletic","2019-12-30",20,-3,11,11,-1.9767570892854,-5.05742126512898,-0.537624361629481,3.27497514697399,2.46237563837052,2.46237563837052,"EB_features"
2019,"401147695",1,"2019-12-31 21:30:00",TRUE,2247,2751,"Sun Belt","Mountain West","2019-12-30",20,-21,11,11,-10.3535995554645,-3.13715900088571,-11.0797823698085,3.27497514697399,9.92021763019152,9.92021763019152,"EB_features"
2019,"401135285",1,"2020-01-01 00:30:00",TRUE,251,254,"Big 12","Pac-12","2019-12-30",20,28,12,12,12.3750157243712,9.04013424347836,-7.32483551869465,3.27497514697399,-35.3248355186947,35.3248355186947,"EB_features"
2019,"401135286",1,"2020-01-01 18:00:00",TRUE,333,130,"SEC","Big Ten","2019-12-30",20,19,11,12,25.0236882821226,17.5950603564523,10.0303817530376,3.27497514697399,-8.96961824696239,8.96961824696239,"EB_features"
2019,"401135287",1,"2020-01-01 18:00:00",TRUE,2,135,"SEC","Big Ten","2019-12-30",20,-7,11,11,12.7470495930307,5.14209697787521,9.4752797199645,3.27497514697399,16.4752797199645,16.4752797199645,"EB_features"
2019,"401135288",1,"2020-01-01 22:10:00",TRUE,275,2483,"Big Ten","Pac-12","2019-12-30",20,-1,13,12,4.95457686526233,7.9123468511963,0.88858044947581,3.27497514697399,1.88858044947581,1.88858044947581,"EB_features"
2019,"401135289",1,"2020-01-02 01:45:00",TRUE,239,61,"Big 12","SEC","2019-12-30",20,-12,12,12,1.4199245159289,21.6235168752443,-11.5282220980892,3.27497514697399,0.47177790191077,0.47177790191077,"EB_features"
2019,"401135290",1,"2020-01-02 20:00:00",TRUE,2132,103,"American Athletic","ACC","2019-12-30",20,32,13,11,7.02595939468581,2.40327310730188,7.57430850591608,3.27497514697399,-24.4256914940839,24.4256914940839,"EB_features"
2019,"401135291",1,"2020-01-03",TRUE,2633,84,"SEC","Big Ten","2019-12-30",20,1,11,11,6.97802357946354,1.74026175898608,0.58355744412493,3.27497514697399,-0.41644255587507,0.41644255587507,"EB_features"
2019,"401135292",1,"2020-01-03 20:30:00",TRUE,2440,195,"Mountain West","Mid-American","2019-12-30",20,-9,11,11,-2.77007576739474,1.2883625303315,-11.9409329227472,3.27497514697399,-2.94093292274721,2.94093292274721,"EB_features"
2019,"401135293",1,"2020-01-04 16:30:00",TRUE,2655,2572,"American Athletic","Conference USA","2019-12-30",20,17,11,11,-3.92638119773705,-0.0378719978599281,2.80702318224347,3.27497514697399,-14.1929768177565,14.1929768177565,"EB_features"
2019,"401135294",1,"2020-01-07 00:30:00",TRUE,193,309,"Mid-American","Sun Belt","2020-01-06",21,-10,12,12,-5.55633988755197,-5.85274785089568,-13.795312208727,3.27497514697399,-3.795312208727,3.795312208727,"EB_features"
2019,"401135295",1,"2020-01-14 01:00:00",TRUE,99,228,"SEC","ACC","2020-01-13",22,17,13,13,16.5668049885022,24.5150743276469,-1.74464345116228,3.27497514697399,-18.7446434511623,18.7446434511623,"EB_features"
2021,"401282714",1,"2021-08-28 17:20:00",FALSE,356,158,"Big Ten","Big Ten","2021-08-23",1,8,0,0,-8.94468489327399,1.3931048974137,-8.77309739724772,3.47071196570901,-16.7730973972477,16.7730973972477,"EB_features"
2021,"401286187",1,"2021-08-28 18:00:00",FALSE,278,41,"Mountain West","FBS Independents","2021-08-23",1,45,0,0,-1.1916679516895,-8.57858041221397,12.2195789652086,3.47071196570901,-32.7804210347914,32.7804210347914,"EB_features"
2021,"401309833",1,"2021-08-28 19:30:00",FALSE,26,62,"Pac-12","Mountain West","2021-08-23",1,34,0,0,5.01575859670998,1.06864826143635,8.14556679040086,3.47071196570901,-25.8544332095991,25.8544332095991,"EB_features"
2021,"401282049",1,"2021-08-29 01:30:00",FALSE,166,2638,"FBS Independents","Conference USA","2021-08-23",1,-27,0,0,0.551136941560795,-7.76224323612962,13.3168632338568,3.47071196570901,40.3168632338568,40.3168632338568,"EB_features"
2021,"401300995",1,"2021-09-02 23:00:00",FALSE,2116,68,"American Athletic","Mountain West","2021-08-30",2,5,0,0,-1.41789586201963,2.90610370858576,-1.65052066717831,3.47071196570901,-6.65052066717831,6.65052066717831,"EB_features"
2021,"401282607",1,"2021-09-02 23:30:00",FALSE,152,58,"ACC","American Athletic","2021-08-30",2,45,0,0,1.32704921205645,-8.85819096710433,15.533845536282,3.47071196570901,-29.466154463718,29.466154463718,"EB_features"
2021,"401300993",1,"2021-09-02 23:30:00",FALSE,2026,151,"Sun Belt","American Athletic","2021-08-30",2,14,0,0,1.9454458581554,-1.15033687933892,7.13727652491072,3.47071196570901,-6.86272347508928,6.86272347508928,"EB_features"
2021,"401281952",1,"2021-09-03",FALSE,2633,189,"SEC","Mid-American","2021-08-30",2,32,0,0,-3.32533283464779,-14.6577042853372,16.8924779797019,3.47071196570901,-15.1075220202981,15.1075220202981,"EB_features"
2021,"401282789",1,"2021-09-03",FALSE,135,194,"Big Ten","Big Ten","2021-08-30",2,-14,0,0,-0.157723426612563,15.2273406706156,-14.7509578164544,3.47071196570901,-0.750957816454434,0.750957816454434,"EB_features"
2021,"401309937",1,"2021-09-03 22:00:00",FALSE,259,153,"ACC","ACC","2021-08-30",2,7,0,0,2.03362599757901,6.41421545436958,-1.71754425658684,3.47071196570901,-8.71754425658684,8.71754425658684,"EB_features"
2021,"401282052",1,"2021-09-03 23:00:00",FALSE,2429,150,"Conference USA","ACC","2021-08-30",2,3,0,0,-5.09415429995196,-10.0190481072341,9.303628104465,3.47071196570901,6.303628104465,6.303628104465,"EB_features"
2021,"401282608",1,"2021-09-03 23:00:00",FALSE,154,295,"ACC","Conference USA","2021-08-30",2,32,0,0,2.71423195078509,-9.22904974192734,17.6160241818065,3.47071196570901,-14.3839758181935,14.3839758181935,"EB_features"
2021,"401282782",1,"2021-09-04 01:00:00",FALSE,77,127,"Big Ten","Big Ten","2021-08-30",2,-17,0,0,-2.80482486823813,-6.07380558154806,7.3424077029355,3.47071196570901,24.3424077029355,24.3424077029355,"EB_features"
2021,"401281947",1,"2021-09-04 16:00:00",FALSE,96,2433,"SEC","Sun Belt","2021-08-30",2,35,0,0,2.49150113239394,-11.7907162344869,20.3861987632758,3.47071196570901,-14.6138012367242,14.6138012367242,"EB_features"
2021,"401282772",1,"2021-09-04 16:00:00",FALSE,130,2711,"Big Ten","Mid-American","2021-08-30",2,33,0,0,3.30988414179218,2.26153687083892,4.71234720802067,3.47071196570901,-28.2876527919793,28.2876527919793,"EB_features"
2021,"401282815",1,"2021-09-04 16:00:00",FALSE,275,213,"Big Ten","Big Ten","2021-08-30",2,-6,0,0,5.70742342439544,8.64900941751815,-0.0132259798063634,3.47071196570901,5.98677402019364,5.98677402019364,"EB_features"
2021,"401282822",1,"2021-09-04 16:00:00",FALSE,164,218,"Big Ten","American Athletic","2021-08-30",2,47,0,0,-3.08304447650851,-12.4016869791321,14.5074697866551,3.47071196570901,-32.4925302133449,32.4925302133449,"EB_features"
2021,"401287889",1,"2021-09-04 16:00:00",TRUE,2306,24,"Big 12","Pac-12","2021-08-30",2,17,0,0,0.981345287121864,-0.445733767028505,1.69019531627789,3.47071196570901,-15.3098046837221,15.3098046837221,"EB_features"
2021,"401287894",1,"2021-09-04 16:00:00",FALSE,201,2655,"Big 12","American Athletic","2021-08-30",2,5,0,0,14.6597753678614,1.16072749115295,19.45863318778,3.47071196570901,14.45863318778,14.45863318778,"EB_features"
2021,"401309601",1,"2021-09-04 16:00:00",FALSE,2247,349,"Sun Belt","FBS Independents","2021-08-30",2,-33,0,0,-1.02113600076747,5.25196622703032,-3.95898716211452,3.47071196570901,29.0410128378855,29.0410128378855,"EB_features"
2021,"401281943",1,"2021-09-04 18:00:00",FALSE,8,242,"SEC","Conference USA","2021-08-30",2,21,0,0,-2.60501662066374,-2.9496763695336,3.87891800836315,3.47071196570901,-17.1210819916368,17.1210819916368,"EB_features"
2021,"401309838",1,"2021-09-04 18:00:00",FALSE,2483,278,"Pac-12","Mountain West","2021-08-30",2,7,0,1,6.78059350929577,-1.1916679516895,7.44944759180482,3.47071196570901,0.44944759180482,0.44944759180482,"EB_features"
2021,"401281942",1,"2021-09-04 19:30:00",TRUE,2390,333,"ACC","SEC","2021-08-30",2,-31,0,0,8.07864162700281,23.0654065428922,-17.7499345907469,3.47071196570901,13.2500654092531,13.2500654092531,"EB_features"
2021,"401282174",1,"2021-09-04 19:30:00",FALSE,2426,276,"American Athletic","Conference USA","2021-08-30",2,-42,0,0,-5.29596051212239,-0.918638343031635,-1.71367456601077,3.47071196570901,40.2863254339892,40.2863254339892,"EB_features"
2021,"401282723",1,"2021-09-04 19:30:00",FALSE,2294,84,"Big Ten","Big Ten","2021-08-30",2,28,0,0,8.90130863693626,5.43478534249784,7.5763719983386,3.47071196570901,-20.4236280016614,20.4236280016614,"EB_features"
2021,"401282764",1,"2021-09-04 19:30:00",FALSE,120,277,"Big Ten","Big 12","2021-08-30",2,6,0,0,1.0995655793019,3.24943372073509,0.924464052744714,3.47071196570901,-5.07553594725529,5.07553594725529,"EB_features"
2021,"401300996",1,"2021-09-04 19:30:00",FALSE,2132,193,"American Athletic","Mid-American","2021-08-30",2,35,0,0,7.61695090820875,1.98692118850505,10.1387727399693,3.47071196570901,-24.8612272600307,24.8612272600307,"EB_features"
2021,"401281949",1,"2021-09-04 20:00:00",FALSE,344,2348,"SEC","Conference USA","2021-08-30",2,1,0,0,1.06027234795373,-6.96483888832467,12.9754449969441,3.47071196570901,11.9754449969441,11.9754449969441,"EB_features"
2021,"401281950",1,"2021-09-04 20:00:00",FALSE,142,2117,"SEC","Mid-American","2021-08-30",2,10,0,0,-2.53765815234682,1.27486102193852,-1.04473658835388,3.47071196570901,-11.0447365883539,11.0447365883539,"EB_features"
2021,"401282612",1,"2021-09-04 20:00:00",FALSE,221,113,"ACC","FBS Independents","2021-08-30",2,44,0,0,0.364911222214712,-13.6711221968781,20.0946248982653,3.47071196570901,-23.9053751017347,23.9053751017347,"EB_features"
2021,"401287892",1,"2021-09-04 20:30:00",FALSE,251,309,"Big 12","Sun Belt","2021-08-30",2,20,0,0,10.0206100465215,3.88411473416447,10.7386174157558,3.47071196570901,-9.26138258424419,9.26138258424419,"EB_features"
2021,"401309842",1,"2021-09-04 21:00:00",FALSE,30,23,"Pac-12","Mountain West","2021-08-30",2,23,0,0,7.00481137326281,2.28699164444143,9.05837495151658,3.47071196570901,-13.9416250484834,13.9416250484834,"EB_features"
2021,"401281944",1,"2021-09-04 23:00:00",FALSE,2,2006,"SEC","Mid-American","2021-08-30",2,50,0,0,4.10878852754759,-11.3374944868829,21.7648878412258,3.47071196570901,-28.2351121587742,28.2351121587742,"EB_features"
2021,"401282611",1,"2021-09-04 23:00:00",FALSE,195,183,"Mid-American","ACC","2021-08-30",2,-20,0,0,-3.17677857646065,-5.62735692403098,6.37311322595409,3.47071196570901,26.3731132259541,26.3731132259541,"EB_features"
2021,"401282819",1,"2021-09-04 23:00:00",FALSE,2509,204,"Big Ten","Pac-12","2021-08-30",2,9,0,0,0.058771961757641,-3.68405679341088,7.90362099987766,3.47071196570901,-1.09637900012234,1.09637900012234,"EB_features"
2021,"401287886",1,"2021-09-04 23:00:00",TRUE,248,2641,"American Athletic","Big 12","2021-08-30",2,-17,0,0,-2.32824384872026,-4.40861755307493,2.46394050909911,3.47071196570901,19.4639405090991,19.4639405090991,"EB_features"
2021,"401287893",1,"2021-09-04 23:00:00",FALSE,326,239,"Sun Belt","Big 12","2021-08-30",2,-9,0,0,-5.62888312059343,-0.767648251416817,-2.28680818239577,3.47071196570901,6.71319181760423,6.71319181760423,"EB_features"
2021,"401281945",1,"2021-09-04 23:30:00",FALSE,57,2226,"SEC","Conference USA","2021-08-30",2,21,0,0,7.59596666981328,-2.49573354264194,15.4230592325025,3.47071196570901,-5.57694076749751,5.57694076749751,"EB_features"
2021,"401281946",1,"2021-09-04 23:30:00",TRUE,228,61,"ACC","SEC","2021-08-30",2,-7,0,0,16.5360318920798,16.6784778180279,-0.16870924996077,3.47071196570901,6.83129075003923,6.83129075003923,"EB_features"
2021,"401282179",1,"2021-09-04 23:30:00",FALSE,356,2636,"Big Ten","Conference USA","2021-08-30",2,-7,1,0,-8.94468489327399,0.811033965638029,-5.28819149127299,3.47071196570901,1.71180850872701,1.71180850872701,"EB_features"
2021,"401282610",1,"2021-09-04 23:30:00",FALSE,59,2459,"ACC","Mid-American","2021-08-30",2,-1,0,0,-4.00151326766148,-4.31324802836936,3.83992250869688,3.47071196570901,4.83992250869688,4.83992250869688,"EB_features"
2021,"401282053",1,"2021-09-05",FALSE,245,2309,"SEC","Mid-American","2021-08-30",2,31,0,0,10.1246819310602,-0.0671504621243617,15.5416531831216,3.47071196570901,-15.4583468168784,15.4583468168784,"EB_features"
2021,"401282177",1,"2021-09-05",FALSE,6,2572,"Sun Belt","Conference USA","2021-08-30",2,24,0,0,-5.32199514460791,-11.2679703480379,10.5129703537876,3.47071196570901,-13.4870296462124,13.4870296462124,"EB_features"
2021,"401281948",1,"2021-09-05 00:30:00",FALSE,26,99,"Pac-12","SEC","2021-08-30",2,11,1,0,5.01575859670998,5.60745898456427,7.07898961687202,3.47071196570901,-3.92101038312798,3.92101038312798,"EB_features"
2021,"401309837",1,"2021-09-05 02:30:00",FALSE,25,2440,"Pac-12","Mountain West","2021-08-30",2,-5,0,0,0.559082346527878,3.8387259755377,-0.413612651551426,3.47071196570901,4.58638734844857,4.58638734844857,"EB_features"
2021,"401309841",1,"2021-09-05 02:30:00",TRUE,12,252,"Pac-12","FBS Independents","2021-08-30",2,-8,0,0,-11.7873922556592,10.1994112195118,-26.040598203427,3.47071196570901,-18.040598203427,18.040598203427,"EB_features"
2021,"401310699",1,"2021-09-05 02:30:00",FALSE,21,166,"Mountain West","FBS Independents","2021-08-30",2,18,0,0,1.71375477991808,0.551136941560795,4.84768629610624,3.47071196570901,-13.1523137038938,13.1523137038938,"EB_features"
2021,"401309840",1,"2021-09-05 03:00:00",FALSE,265,328,"Pac-12","Mountain West","2021-08-30",2,-3,0,0,-0.673454138029039,-12.0293422644877,16.9203305188615,3.47071196570901,19.9203305188615,19.9203305188615,"EB_features"
2021,"401282614",1,"2021-09-05 23:30:00",FALSE,52,87,"ACC","FBS Independents","2021-08-30",2,-3,0,0,-0.744521480158218,8.54038478066369,-7.52608952785903,3.47071196570901,-4.52608952785903,4.52608952785903,"EB_features"
2021,"401282055",1,"2021-09-07",TRUE,145,97,"SEC","ACC","2021-09-06",3,19,0,0,3.27679155510033,-0.287128423095006,4.22101413177931,3.47071196570901,-14.7789858682207,14.7789858682207,"EB_features"
2021,"401287896",2,"2021-09-10 23:30:00",FALSE,324,2305,"Sun Belt","Big 12","2021-09-06",3,27,0,0,7.11547226285526,-7.1628561884684,20.3815928328328,3.47071196570901,-6.61840716716721,6.61840716716721,"EB_features"
2021,"401282191",2,"2021-09-11 01:30:00",FALSE,68,2638,"Mountain West","Conference USA","2021-09-06",3,41,1,1,2.90610370858576,-7.76224323612962,8.27812730792978,3.47071196570901,-32.7218726920702,32.7218726920702,"EB_features"
2021,"401282624",2,"2021-09-11 15:00:00",FALSE,258,356,"ACC","Big Ten","2021-09-06",3,28,0,2,1.00987365656932,-8.94468489327399,12.7096600538846,3.47071196570901,-15.2903399461154,15.2903399461154,"EB_features"
2021,"401282193",2,"2021-09-11 15:30:00",FALSE,349,98,"FBS Independents","Conference USA","2021-09-06",3,3,1,0,5.25196622703032,-10.7399128349957,27.2512464164557,3.47071196570901,24.2512464164557,24.2512464164557,"EB_features"
2021,"401282065",2,"2021-09-11 16:00:00",FALSE,151,2579,"American Athletic","SEC","2021-09-06",3,-3,1,0,-1.15033687933892,-3.93666473408252,5.62697896423205,3.47071196570901,8.62697896423205,8.62697896423205,"EB_features"
2021,"401282066",2,"2021-09-11 16:00:00",FALSE,2633,221,"SEC","ACC","2021-09-06",3,-7,1,1,-3.32533283464779,0.364911222214712,-2.3662259663144,3.47071196570901,4.6337740336856,4.6337740336856,"EB_features"
2021,"401282790",2,"2021-09-11 16:00:00",FALSE,135,193,"Big Ten","Mid-American","2021-09-06",3,5,1,1,-0.157723426612563,1.98692118850505,5.199348174207,3.47071196570901,0.199348174206998,0.199348174206998,"EB_features"
2021,"401282809",2,"2021-09-11 16:00:00",FALSE,194,2483,"Big Ten","Pac-12","2021-09-06",3,-7,1,1,15.2273406706156,6.78059350929577,13.4267081431797,3.47071196570901,20.4267081431797,20.4267081431797,"EB_features"
2021,"401287899",2,"2021-09-11 16:00:00",FALSE,197,202,"Big 12","American Athletic","2021-09-06",3,5,0,0,6.25550770921011,-1.95977233086799,13.2006759822562,3.47071196570901,8.20067598225616,8.20067598225616,"EB_features"
2021,"401282059",2,"2021-09-11 17:00:00",FALSE,58,57,"American Athletic","SEC","2021-09-06",3,-22,1,1,-8.85819096710433,7.59596666981328,-21.8576802717577,3.47071196570901,0.142319728242263,0.142319728242263,"EB_features"
2021,"401309547",2,"2021-09-11 17:30:00",FALSE,2459,2751,"Mid-American","Mountain West","2021-09-06",3,-7,1,0,-4.31324802836936,1.58526979291553,-2.70868538177866,3.47071196570901,4.29131461822134,4.29131461822134,"EB_features"
2021,"401282186",2,"2021-09-11 18:00:00",FALSE,259,2393,"ACC","Conference USA","2021-09-06",3,21,1,0,2.03362599757901,-8.46632294544231,17.3595024540205,3.47071196570901,-3.64049754597946,3.64049754597946,"EB_features"
2021,"401282622",2,"2021-09-11 18:00:00",FALSE,183,164,"ACC","Big Ten","2021-09-06",3,-10,1,1,-5.62735692403098,-3.08304447650851,-0.562608355915653,3.47071196570901,9.43739164408435,9.43739164408435,"EB_features"
2021,"401282705",2,"2021-09-11 18:30:00",FALSE,87,2649,"FBS Independents","Mid-American","2021-09-06",3,3,0,0,8.54038478066369,3.97418296811912,8.8788026347556,3.47071196570901,5.8788026347556,5.8788026347556,"EB_features"
2021,"401282820",2,"2021-09-11 19:00:00",FALSE,41,2509,"FBS Independents","Big Ten","2021-09-06",3,-49,1,1,-8.57858041221397,0.058771961757641,-12.392435525235,3.47071196570901,36.607564474765,36.607564474765,"EB_features"
2021,"401282060",2,"2021-09-11 19:30:00",FALSE,61,5,"SEC","Conference USA","2021-09-06",3,49,1,0,16.6784778180279,1.60697571721314,22.4595555327775,3.47071196570901,-26.5404444672225,26.5404444672225,"EB_features"
2021,"401282067",2,"2021-09-11 19:30:00",TRUE,38,245,"Pac-12","SEC","2021-09-06",3,-3,0,0,-2.91440312112129,10.1246819310602,-15.4431532154098,3.47071196570901,-12.4431532154098,12.4431532154098,"EB_features"
2021,"401282183",2,"2021-09-11 19:30:00",FALSE,2226,290,"Conference USA","Sun Belt","2021-09-06",3,32,1,0,-2.49573354264194,0.841709202514688,-1.41155854939313,3.47071196570901,-33.4115585493931,33.4115585493931,"EB_features"
2021,"401282623",2,"2021-09-11 19:30:00",FALSE,113,103,"FBS Independents","ACC","2021-09-06",3,-17,1,0,-13.6711221968781,-0.472962100331364,-16.1450747786472,3.47071196570901,0.85492522135279,0.85492522135279,"EB_features"
2021,"401282797",2,"2021-09-11 19:30:00",FALSE,158,2084,"Big Ten","Mid-American","2021-09-06",3,25,1,0,1.3931048974137,3.23196408663578,-1.55161008038385,3.47071196570901,-26.5516100803838,26.5516100803838,"EB_features"
2021,"401282816",2,"2021-09-11 19:30:00",FALSE,213,2050,"Big Ten","Mid-American","2021-09-06",3,31,1,0,8.64900941751815,5.21934905301766,8.5305081728831,3.47071196570901,-22.4694918271169,22.4694918271169,"EB_features"
2021,"401287900",2,"2021-09-11 19:30:00",FALSE,2628,25,"Big 12","Pac-12","2021-09-06",3,2,0,0,7.40688559880539,0.559082346527878,11.5810720401078,3.47071196570901,9.5810720401078,9.5810720401078,"EB_features"
2021,"401300999",2,"2021-09-11 19:30:00",FALSE,2006,218,"Mid-American","American Athletic","2021-09-06",3,-21,1,1,-11.3374944868829,-12.4016869791321,5.44068355178306,3.47071196570901,26.4406835517831,26.4406835517831,"EB_features"
2021,"401301004",2,"2021-09-11 19:30:00",FALSE,2426,2005,"American Athletic","Mountain West","2021-09-06",3,-20,1,0,-5.29596051212239,6.50989938825096,-17.2262290259382,3.47071196570901,2.77377097406183,2.77377097406183,"EB_features"
2021,"401309546",2,"2021-09-11 20:00:00",FALSE,189,6,"Mid-American","Sun Belt","2021-09-06",3,-3,1,0,-14.6577042853372,-5.32199514460791,-10.1041794742569,3.47071196570901,-7.10417947425692,7.10417947425692,"EB_features"
2021,"401282754",2,"2021-09-11 20:30:00",FALSE,66,2294,"Big 12","Big Ten","2021-09-06",3,-10,0,1,9.94102346684575,8.90130863693626,1.29818516908397,3.47071196570901,11.298185169084,11.298185169084,"EB_features"
2021,"401282189",2,"2021-09-11 22:30:00",FALSE,242,248,"Conference USA","American Athletic","2021-09-06",3,-37,1,1,-2.9496763695336,-2.32824384872026,3.12517986984553,3.47071196570901,40.1251798698455,40.1251798698455,"EB_features"
2021,"401282057",2,"2021-09-11 23:00:00",FALSE,8,251,"SEC","Big 12","2021-09-06",3,19,1,1,-2.60501662066374,10.0206100465215,-10.1728019905007,3.47071196570901,-29.1728019905007,29.1728019905007,"EB_features"
2021,"401282064",2,"2021-09-11 23:00:00",FALSE,344,152,"SEC","ACC","2021-09-06",3,14,1,1,1.06027234795373,1.32704921205645,-3.75218485724792,3.47071196570901,-17.7521848572479,17.7521848572479,"EB_features"
2021,"401282182",2,"2021-09-11 23:00:00",FALSE,2229,326,"Conference USA","Sun Belt","2021-09-06",3,-6,0,1,-6.39960096415164,-5.62888312059343,3.67675909955468,3.47071196570901,9.67675909955468,9.67675909955468,"EB_features"
2021,"401282187",2,"2021-09-11 23:00:00",FALSE,2567,249,"American Athletic","Conference USA","2021-09-06",3,23,0,0,-3.82301676220533,-11.1720711478912,12.1747408459822,3.47071196570901,-10.8252591540178,10.8252591540178,"EB_features"
2021,"401282620",2,"2021-09-11 23:00:00",FALSE,2390,2026,"ACC","Sun Belt","2021-09-06",3,2,1,1,8.07864162700281,1.9454458581554,7.38257804151376,3.47071196570901,5.38257804151376,5.38257804151376,"EB_features"
2021,"401282825",2,"2021-09-11 23:00:00",FALSE,275,2199,"Big Ten","Mid-American","2021-09-06",3,27,1,0,5.70742342439544,2.13322456210376,6.70610447044662,3.47071196570901,-20.2938955295534,20.2938955295534,"EB_features"
2021,"401286295",2,"2021-09-11 23:00:00",FALSE,2653,2335,"Sun Belt","FBS Independents","2021-09-06",3,-8,0,0,-0.666958216082802,0.494215573972496,2.09544792856386,3.47071196570901,10.0954479285639,10.0954479285639,"EB_features"
2021,"401301003",2,"2021-09-11 23:00:00",FALSE,2032,235,"Sun Belt","American Athletic","2021-09-06",3,-5,0,0,-4.7860952957586,-2.51970391291573,0.786456956154395,3.47071196570901,5.7864569561544,5.7864569561544,"EB_features"
2021,"401310700",2,"2021-09-11 23:00:00",FALSE,167,166,"Mountain West","FBS Independents","2021-09-06",3,9,0,1,-3.66101522947865,0.551136941560795,5.20142568958434,3.47071196570901,-3.79857431041566,3.79857431041566,"EB_features"
2021,"401282061",2,"2021-09-11 23:30:00",FALSE,96,142,"SEC","SEC","2021-09-06",3,7,1,1,2.49150113239394,-2.53765815234682,10.0219615322932,3.47071196570901,3.02196153229315,3.02196153229315,"EB_features"
2021,"401282621",2,"2021-09-11 23:30:00",FALSE,153,2247,"ACC","Sun Belt","2021-09-06",3,42,1,1,6.41421545436958,-1.02113600076747,15.6641936141766,3.47071196570901,-26.3358063858234,26.3358063858234,"EB_features"
2021,"401282773",2,"2021-09-12",FALSE,130,264,"Big Ten","Pac-12","2021-09-06",3,21,1,0,3.30988414179218,4.86193254209079,6.34711500471786,3.47071196570901,-14.6528849952821,14.6528849952821,"EB_features"
2021,"401282068",2,"2021-09-12 02:00:00",FALSE,36,238,"Mountain West","SEC","2021-09-06",3,-3,0,0,-4.0843266165142,-11.4368310515203,12.1788269946682,3.47071196570901,15.1788269946682,15.1788269946682,"EB_features"
2021,"401309846",2,"2021-09-12 02:00:00",FALSE,12,21,"Pac-12","Mountain West","2021-09-06",3,-24,0,0,-11.7873922556592,1.71375477991808,-12.5196954455312,3.47071196570901,11.4803045544688,11.4803045544688,"EB_features"
2021,"401309848",2,"2021-09-12 02:15:00",FALSE,252,254,"FBS Independents","Pac-12","2021-09-06",3,9,0,0,10.1994112195118,0.542388291949964,14.9082387613573,3.47071196570901,5.90823876135726,5.90823876135726,"EB_features"
2021,"401309843",2,"2021-09-12 02:30:00",FALSE,30,24,"Pac-12","Pac-12","2021-09-06",3,-14,1,1,7.00481137326281,-0.445733767028505,17.1701821448672,3.47071196570901,31.1701821448672,31.1701821448672,"EB_features"
2021,"401309847",2,"2021-09-12 02:30:00",FALSE,9,2439,"Pac-12","Mountain West","2021-09-06",3,27,0,0,7.37127800899634,-9.8290103956775,23.8422862072754,3.47071196570901,-3.15771379272458,3.15771379272458,"EB_features"
2021,"401309844",2,"2021-09-12 03:00:00",FALSE,204,62,"Pac-12","Mountain West","2021-09-06",3,18,1,1,-3.68405679341088,1.06864826143635,1.96807407529976,3.47071196570901,-16.0319259247002,16.0319259247002,"EB_features"
2021,"401309606",3,"2021-09-17",FALSE,309,195,"Sun Belt","Mid-American","2021-09-13",4,35,1,1,3.88411473416447,-3.17677857646065,14.0468168855337,3.47071196570901,-20.9531831144663,20.9531831144663,"EB_features"
2021,"401282626",3,"2021-09-17 23:30:00",FALSE,97,2116,"ACC","American Athletic","2021-09-13",4,7,1,1,-0.287128423095006,-1.41789586201963,0.282087854004963,3.47071196570901,-6.71791214599504,6.71791214599504,"EB_features"
2021,"401282715",3,"2021-09-18 01:00:00",FALSE,356,120,"Big Ten","Big Ten","2021-09-13",4,-3,3,1,-8.94468489327399,1.0995655793019,-8.05370004175905,3.47071196570901,-5.05370004175905,5.05370004175905,"EB_features"
2021,"401282079",3,"2021-09-18 16:00:00",FALSE,245,167,"SEC","Mountain West","2021-09-13",4,34,2,1,10.1246819310602,-3.66101522947865,19.8683891807992,3.47071196570901,-14.1316108192008,14.1316108192008,"EB_features"
2021,"401282629",3,"2021-09-18 16:00:00",FALSE,2390,127,"ACC","Big Ten","2021-09-13",4,-21,2,1,8.07864162700281,-6.07380558154806,13.1385905541609,3.47071196570901,34.1385905541609,34.1385905541609,"EB_features"
2021,"401282632",3,"2021-09-18 16:00:00",FALSE,221,2711,"ACC","Mid-American","2021-09-13",4,-3,2,1,0.364911222214712,2.26153687083892,10.6213754657244,3.47071196570901,13.6213754657244,13.6213754657244,"EB_features"
2021,"401282634",3,"2021-09-18 16:00:00",FALSE,218,103,"American Athletic","ACC","2021-09-13",4,-25,2,1,-12.4016869791321,-0.472962100331364,-12.1384897925694,3.47071196570901,12.8615102074306,12.8615102074306,"EB_features"
2021,"401282636",3,"2021-09-18 16:00:00",FALSE,277,259,"Big 12","ACC","2021-09-13",4,6,1,2,3.24943372073509,2.03362599757901,1.4468435312517,3.47071196570901,-4.55315646874831,4.55315646874831,"EB_features"
2021,"401282725",3,"2021-09-18 16:00:00",FALSE,84,2132,"Big Ten","American Athletic","2021-09-13",4,-14,1,1,5.43478534249784,7.61695090820875,-6.32646614633496,3.47071196570901,7.67353385366504,7.67353385366504,"EB_features"
2021,"401282774",3,"2021-09-18 16:00:00",FALSE,130,2459,"Big Ten","Mid-American","2021-09-13",4,53,1,2,3.30988414179218,-4.31324802836936,17.0203514383768,3.47071196570901,-35.9796485616232,35.9796485616232,"EB_features"
2021,"401282798",3,"2021-09-18 16:00:00",FALSE,201,158,"Big 12","Big Ten","2021-09-13",4,7,1,2,14.6597753678614,1.3931048974137,16.1856546975638,3.47071196570901,9.18565469756376,9.18565469756376,"EB_features"
2021,"401286189",3,"2021-09-18 16:00:00",FALSE,349,41,"FBS Independents","FBS Independents","2021-09-13",4,31,2,2,5.25196622703032,-8.57858041221397,31.3009582500169,3.47071196570901,0.30095825001694,0.30095825001694,"EB_features"
2021,"401309552",3,"2021-09-18 16:00:00",FALSE,2084,324,"Mid-American","Sun Belt","2021-09-13",4,-3,1,1,3.23196408663578,7.11547226285526,-6.85572207656341,3.47071196570901,-3.85572207656341,3.85572207656341,"EB_features"
2021,"401282791",3,"2021-09-18 17:00:00",FALSE,38,135,"Pac-12","Big Ten","2021-09-13",4,-30,1,2,-2.91440312112129,-0.157723426612563,3.20252568382603,3.47071196570901,33.202525683826,33.202525683826,"EB_features"
2021,"401287905",3,"2021-09-18 18:00:00",FALSE,2306,2440,"Big 12","Mountain West","2021-09-13",4,21,1,1,0.981345287121864,3.8387259755377,1.57815596043717,3.47071196570901,-19.4218440395628,19.4218440395628,"EB_features"
2021,"401282706",3,"2021-09-18 18:30:00",FALSE,87,2509,"FBS Independents","Big Ten","2021-09-13",4,14,2,2,8.54038478066369,0.058771961757641,6.44365966799963,3.47071196570901,-7.55634033200037,7.55634033200037,"EB_features"
2021,"401282071",3,"2021-09-18 19:30:00",FALSE,57,333,"SEC","SEC","2021-09-13",4,-2,2,1,7.59596666981328,23.0654065428922,-15.2048786066193,3.47071196570901,-13.2048786066193,13.2048786066193,"EB_features"
2021,"401282199",3,"2021-09-18 19:30:00",FALSE,2348,2567,"Conference USA","American Athletic","2021-09-13",4,-2,1,1,-6.96483888832467,-3.82301676220533,0.464596590467587,3.47071196570901,2.46459659046759,2.46459659046759,"EB_features"
2021,"401282627",3,"2021-09-18 19:30:00",FALSE,228,59,"ACC","ACC","2021-09-13",4,6,1,1,16.5360318920798,-4.00151326766148,28.3438590081877,3.47071196570901,22.3438590081877,22.3438590081877,"EB_features"
2021,"401282635",3,"2021-09-18 19:30:00",FALSE,154,52,"ACC","ACC","2021-09-13",4,21,1,1,2.71423195078509,-0.744521480158218,9.35656360477154,3.47071196570901,-11.6434363952285,11.6434363952285,"EB_features"
2021,"401282755",3,"2021-09-18 19:30:00",FALSE,2294,2309,"Big Ten","Mid-American","2021-09-13",4,23,2,1,8.90130863693626,-0.0671504621243617,22.1162070988071,3.47071196570901,-0.883792901192923,0.883792901192923,"EB_features"
2021,"401282810",3,"2021-09-18 19:30:00",FALSE,194,202,"Big Ten","American Athletic","2021-09-13",4,21,2,1,15.2273406706156,-1.95977233086799,19.3112495515406,3.47071196570901,-1.68875044845943,1.68875044845943,"EB_features"
2021,"401286300",3,"2021-09-18 19:30:00",FALSE,113,2199,"FBS Independents","Mid-American","2021-09-13",4,-14,2,1,-13.6711221968781,2.13322456210376,-15.8576750682621,3.47071196570901,-1.85767506826213,1.85767506826213,"EB_features"
2021,"401287904",3,"2021-09-18 19:30:00",FALSE,2305,239,"Big 12","Big 12","2021-09-13",4,-38,1,1,-7.1628561884684,-0.767648251416817,-6.60201798397506,3.47071196570901,31.3979820160249,31.3979820160249,"EB_features"
2021,"401309852",3,"2021-09-18 19:30:00",FALSE,265,30,"Pac-12","Pac-12","2021-09-13",4,-31,1,1,-0.673454138029039,7.00481137326281,-11.2668852708364,3.47071196570901,19.7331147291636,19.7331147291636,"EB_features"
2021,"401282069",3,"2021-09-18 20:00:00",FALSE,8,290,"SEC","Sun Belt","2021-09-13",4,35,2,1,-2.60501662066374,0.841709202514688,11.2375510597924,3.47071196570901,-23.7624489402076,23.7624489402076,"EB_features"
2021,"401282076",3,"2021-09-18 20:00:00",FALSE,235,344,"American Athletic","SEC","2021-09-13",4,2,1,2,-2.51970391291573,1.06027234795373,-0.425398807335208,3.47071196570901,-2.42539880733521,2.42539880733521,"EB_features"
2021,"401282628",3,"2021-09-18 20:00:00",FALSE,150,77,"ACC","Big Ten","2021-09-13",4,7,1,1,-10.0190481072341,-2.80482486823813,0.0340462234549266,3.47071196570901,-6.96595377654507,6.96595377654507,"EB_features"
2021,"401309549",3,"2021-09-18 20:00:00",FALSE,2751,2050,"Mountain West","Mid-American","2021-09-13",4,33,1,1,1.58526979291553,5.21934905301766,3.65783693194606,3.47071196570901,-29.3421630680539,29.3421630680539,"EB_features"
2021,"401309553",3,"2021-09-18 20:00:00",FALSE,2649,36,"Mid-American","Mountain West","2021-09-13",4,-16,1,0,3.97418296811912,-4.0843266165142,13.8934790258454,3.47071196570901,29.8934790258454,29.8934790258454,"EB_features"
2021,"401309605",3,"2021-09-18 20:15:00",FALSE,264,2032,"Pac-12","Sun Belt","2021-09-13",4,49,0,1,4.86193254209079,-4.7860952957586,15.8619947037384,3.47071196570901,-33.1380052962616,33.1380052962616,"EB_features"
2021,"401282194",3,"2021-09-18 22:00:00",FALSE,2636,2393,"Conference USA","Conference USA","2021-09-13",4,14,1,1,0.811033965638029,-8.46632294544231,14.9804635499435,3.47071196570901,0.980463549943451,0.980463549943451,"EB_features"
2021,"401282200",3,"2021-09-18 22:00:00",FALSE,276,151,"Conference USA","American Athletic","2021-09-13",4,-4,1,2,-0.918638343031635,-1.15033687933892,12.614450964489,3.47071196570901,16.614450964489,16.614450964489,"EB_features"
2021,"401282201",3,"2021-09-18 22:00:00",FALSE,2335,295,"FBS Independents","Conference USA","2021-09-13",4,28,1,1,0.494215573972496,-9.22904974192734,19.0665984810663,3.47071196570901,-8.93340151893369,8.93340151893369,"EB_features"
2021,"401282072",3,"2021-09-18 23:00:00",FALSE,61,2579,"SEC","SEC","2021-09-13",4,27,2,1,16.6784778180279,-3.93666473408252,31.3094747901402,3.47071196570901,4.30947479014021,4.30947479014021,"EB_features"
2021,"401282196",3,"2021-09-18 23:00:00",FALSE,2247,2429,"Sun Belt","Conference USA","2021-09-13",4,11,2,1,-1.02113600076747,-5.09415429995196,0.071686157268485,3.47071196570901,-10.9283138427315,10.9283138427315,"EB_features"
2021,"401282197",3,"2021-09-18 23:00:00",FALSE,2641,2229,"Big 12","Conference USA","2021-09-13",4,33,1,1,-4.40861755307493,-6.39960096415164,11.9380759729165,3.47071196570901,-21.0619240270835,21.0619240270835,"EB_features"
2021,"401282203",3,"2021-09-18 23:00:00",FALSE,2572,2653,"Conference USA","Sun Belt","2021-09-13",4,-12,1,1,-11.2679703480379,-0.666958216082802,-9.92944887352752,3.47071196570901,2.07055112647248,2.07055112647248,"EB_features"
2021,"401309856",3,"2021-09-18 23:00:00",FALSE,21,254,"Mountain West","Pac-12","2021-09-13",4,2,1,0,1.71375477991808,0.542388291949964,5.7453863133823,3.47071196570901,3.7453863133823,3.7453863133823,"EB_features"
2021,"401282070",3,"2021-09-18 23:30:00",FALSE,213,2,"Big Ten","SEC","2021-09-13",4,8,2,1,8.64900941751815,4.10878852754759,9.6017365815288,3.47071196570901,1.6017365815288,1.6017365815288,"EB_features"
2021,"401282074",3,"2021-09-18 23:30:00",FALSE,99,2117,"SEC","Mid-American","2021-09-13",4,28,1,1,5.60745898456427,1.27486102193852,9.6818633117964,3.47071196570901,-18.3181366882036,18.3181366882036,"EB_features"
2021,"401282195",3,"2021-09-18 23:30:00",FALSE,249,5,"Conference USA","Conference USA","2021-09-13",4,-34,1,1,-11.1720711478912,1.60697571721314,-8.91887816290486,3.47071196570901,25.0811218370951,25.0811218370951,"EB_features"
2021,"401282631",3,"2021-09-18 23:30:00",FALSE,153,258,"ACC","ACC","2021-09-13",4,20,2,1,6.41421545436958,1.00987365656932,9.47170438871837,3.47071196570901,-10.5282956112816,10.5282956112816,"EB_features"
2021,"401310704",3,"2021-09-18 23:30:00",FALSE,2005,328,"Mountain West","Mountain West","2021-09-13",4,-4,1,1,6.50989938825096,-12.0293422644877,22.5835561198772,3.47071196570901,26.5835561198772,26.5835561198772,"EB_features"
2021,"401282075",3,"2021-09-19",FALSE,145,2655,"SEC","American Athletic","2021-09-13",4,40,1,1,3.27679155510033,1.16072749115295,6.030315321882,3.47071196570901,-33.969684678118,33.969684678118,"EB_features"
2021,"401282080",3,"2021-09-19",FALSE,238,24,"SEC","Pac-12","2021-09-13",4,-18,0,1,-11.4368310515203,-0.445733767028505,-6.99522368774084,3.47071196570901,11.0047763122592,11.0047763122592,"EB_features"
2021,"401282202",3,"2021-09-19",FALSE,251,242,"Big 12","Conference USA","2021-09-13",4,58,2,2,10.0206100465215,-2.9496763695336,23.9005778254605,3.47071196570901,-34.0994221745395,34.0994221745395,"EB_features"
2021,"401287903",3,"2021-09-19 01:00:00",FALSE,68,197,"Mountain West","Big 12","2021-09-13",4,-1,2,1,2.90610370858576,6.25550770921011,4.54358037187297,3.47071196570901,5.54358037187297,5.54358037187297,"EB_features"
2021,"401309854",3,"2021-09-19 02:15:00",FALSE,252,9,"FBS Independents","Pac-12","2021-09-13",4,10,1,0,10.1994112195118,7.37127800899634,3.81351301894535,3.47071196570901,-6.18648698105465,6.18648698105465,"EB_features"
2021,"401287906",3,"2021-09-19 02:30:00",FALSE,2439,66,"Mountain West","Big 12","2021-09-13",4,-45,0,1,-9.8290103956775,9.94102346684575,-18.0075702189485,3.47071196570901,26.9924297810515,26.9924297810515,"EB_features"
2021,"401309855",3,"2021-09-19 02:45:00",FALSE,26,278,"Pac-12","Mountain West","2021-09-13",4,-3,2,2,5.01575859670998,-1.1916679516895,10.5701456609738,3.47071196570901,13.5701456609738,13.5701456609738,"EB_features"
2021,"401310705",3,"2021-09-19 04:30:00",FALSE,62,23,"Mountain West","Mountain West","2021-09-13",4,-4,1,1,1.06864826143635,2.28699164444143,0.154298590777088,3.47071196570901,4.15429859077709,4.15429859077709,"EB_features"
2021,"401282208",4,"2021-09-23 23:30:00",FALSE,2026,276,"Sun Belt","Conference USA","2021-09-20",5,1,2,2,1.9454458581554,-0.918638343031635,4.13194609854272,3.47071196570901,3.13194609854272,3.13194609854272,"EB_features"
2021,"401282204",4,"2021-09-24 22:30:00",FALSE,2429,2393,"Conference USA","Conference USA","2021-09-20",5,3,2,2,-5.09415429995196,-8.46632294544231,5.40634090788375,3.47071196570901,2.40634090788375,2.40634090788375,"EB_features"
2021,"401282638",4,"2021-09-24 23:00:00",FALSE,258,154,"ACC","ACC","2021-09-20",5,-20,2,2,1.00987365656932,2.71423195078509,-1.06730432366967,3.47071196570901,18.9326956763303,18.9326956763303,"EB_features"
2021,"401282637",4,"2021-09-25",FALSE,183,2335,"ACC","FBS Independents","2021-09-20",5,3,2,2,-5.62735692403098,0.494215573972496,-4.32401563655978,3.47071196570901,-7.32401563655978,7.32401563655978,"EB_features"
2021,"401310707",4,"2021-09-25 02:00:00",FALSE,278,2439,"Mountain West","Mountain West","2021-09-20",5,8,2,1,-1.1916679516895,-9.8290103956775,19.3662145354864,3.47071196570901,11.3662145354864,11.3662145354864,"EB_features"
2021,"401282085",4,"2021-09-25 16:00:00",FALSE,344,99,"SEC","SEC","2021-09-20",5,-3,3,2,1.06027234795373,5.60745898456427,-3.74292888011674,3.47071196570901,-0.742928880116742,0.742928880116742,"EB_features"
2021,"401282086",4,"2021-09-25 16:00:00",FALSE,103,142,"ACC","SEC","2021-09-20",5,7,2,2,-0.472962100331364,-2.53765815234682,6.18043418692141,3.47071196570901,-0.819565813078586,0.819565813078586,"EB_features"
2021,"401282088",4,"2021-09-25 16:00:00",FALSE,238,61,"SEC","SEC","2021-09-20",5,-62,1,3,-11.4368310515203,16.6784778180279,-30.814205970677,3.47071196570901,31.185794029323,31.185794029323,"EB_features"
2021,"401282206",4,"2021-09-25 16:00:00",FALSE,2117,2229,"Mid-American","Conference USA","2021-09-20",5,4,2,2,1.27486102193852,-6.39960096415164,12.7200006603835,3.47071196570901,8.72000066038352,8.72000066038352,"EB_features"
2021,"401282707",4,"2021-09-25 16:00:00",TRUE,275,87,"Big Ten","FBS Independents","2021-09-20",5,-28,2,3,5.70742342439544,8.54038478066369,0.302357383744404,3.47071196570901,28.3023573837444,28.3023573837444,"EB_features"
2021,"401282792",4,"2021-09-25 16:00:00",FALSE,135,189,"Big Ten","Mid-American","2021-09-20",5,-4,3,2,-0.157723426612563,-14.6577042853372,25.8766683082645,3.47071196570901,29.8766683082645,29.8766683082645,"EB_features"
2021,"401282805",4,"2021-09-25 16:00:00",FALSE,77,195,"Big Ten","Mid-American","2021-09-20",5,29,2,2,-2.80482486823813,-3.17677857646065,7.36820609283207,3.47071196570901,-21.6317939071679,21.6317939071679,"EB_features"
2021,"401287910",4,"2021-09-25 16:00:00",FALSE,2628,2567,"Big 12","American Athletic","2021-09-20",5,-8,1,2,7.40688559880539,-3.82301676220533,13.3877095727683,3.47071196570901,21.3877095727683,21.3877095727683,"EB_features"
2021,"401287911",4,"2021-09-25 16:00:00",FALSE,251,2641,"Big 12","Big 12","2021-09-20",5,35,2,2,10.0206100465215,-4.40861755307493,11.1111703552116,3.47071196570901,-23.8888296447884,23.8888296447884,"EB_features"
2021,"401308834",4,"2021-09-25 16:00:00",FALSE,349,193,"FBS Independents","Mid-American","2021-09-20",5,13,3,2,5.25196622703032,1.98692118850505,11.5248104022683,3.47071196570901,-1.47518959773169,1.47518959773169,"EB_features"
2021,"401310706",4,"2021-09-25 16:00:00",FALSE,328,68,"Mountain West","Mountain West","2021-09-20",5,-24,2,2,-12.0293422644877,2.90610370858576,-11.1405294437174,3.47071196570901,12.8594705562826,12.8594705562826,"EB_features"
2021,"401286301",4,"2021-09-25 17:00:00",FALSE,324,113,"Sun Belt","FBS Independents","2021-09-20",5,50,2,3,7.11547226285526,-13.6711221968781,31.5665398038879,3.47071196570901,-18.4334601961121,18.4334601961121,"EB_features"
2021,"401309554",4,"2021-09-25 18:00:00",FALSE,2711,23,"Mid-American","Mountain West","2021-09-20",5,20,2,1,2.26153687083892,2.28699164444143,4.62832909553265,3.47071196570901,-15.3716709044674,15.3716709044674,"EB_features"
2021,"401309555",4,"2021-09-25 18:00:00",FALSE,2050,2649,"Mid-American","Mid-American","2021-09-20",5,-10,2,2,5.21934905301766,3.97418296811912,0.471710294922535,3.47071196570901,10.4717102949225,10.4717102949225,"EB_features"
2021,"401309557",4,"2021-09-25 18:00:00",FALSE,2199,326,"Mid-American","Sun Belt","2021-09-20",5,38,2,2,2.13322456210376,-5.62888312059343,8.4769862958322,3.47071196570901,-29.5230137041678,29.5230137041678,"EB_features"
2021,"401309861",4,"2021-09-25 18:30:00",FALSE,254,265,"Pac-12","Pac-12","2021-09-20",5,11,2,2,0.542388291949964,-0.673454138029039,12.4013506780821,3.47071196570901,1.40135067808207,1.40135067808207,"EB_features"
2021,"401282082",4,"2021-09-25 19:30:00",TRUE,8,245,"SEC","SEC","2021-09-20",5,10,3,3,-2.60501662066374,10.1246819310602,-7.30262716418933,3.47071196570901,-17.3026271641893,17.3026271641893,"EB_features"
2021,"401282213",4,"2021-09-25 19:30:00",FALSE,235,2636,"American Athletic","Conference USA","2021-09-20",5,-3,2,2,-2.51970391291573,0.811033965638029,0.00693238613728253,3.47071196570901,3.00693238613728,3.00693238613728,"EB_features"
2021,"401282640",4,"2021-09-25 19:30:00",FALSE,52,97,"ACC","ACC","2021-09-20",5,-8,2,2,-0.744521480158218,-0.287128423095006,3.33154803056462,3.47071196570901,11.3315480305646,11.3315480305646,"EB_features"
2021,"401282643",4,"2021-09-25 19:30:00",FALSE,152,228,"ACC","ACC","2021-09-20",5,6,2,2,1.32704921205645,16.5360318920798,-8.51275209447026,3.47071196570901,-14.5127520944703,14.5127520944703,"EB_features"
2021,"401282716",4,"2021-09-25 19:30:00",FALSE,2509,356,"Big Ten","Big Ten","2021-09-20",5,4,3,4,0.058771961757641,-8.94468489327399,17.1907687232602,3.47071196570901,13.1907687232602,13.1907687232602,"EB_features"
2021,"401282756",4,"2021-09-25 19:30:00",FALSE,2294,36,"Big Ten","Mountain West","2021-09-20",5,10,3,2,8.90130863693626,-4.0843266165142,21.5752786367234,3.47071196570901,11.5752786367234,11.5752786367234,"EB_features"
2021,"401282765",4,"2021-09-25 19:30:00",FALSE,120,2309,"Big Ten","Mid-American","2021-09-20",5,21,2,2,1.0995655793019,-0.0671504621243617,8.02531964361929,3.47071196570901,-12.9746803563807,12.9746803563807,"EB_features"
2021,"401282775",4,"2021-09-25 19:30:00",FALSE,130,164,"Big Ten","Big Ten","2021-09-20",5,7,3,2,3.30988414179218,-3.08304447650851,16.4329815399251,3.47071196570901,9.43298153992512,9.43298153992512,"EB_features"
2021,"401286190",4,"2021-09-25 19:30:00",FALSE,41,2751,"FBS Independents","Mountain West","2021-09-20",5,-2,3,2,-8.57858041221397,1.58526979291553,-23.6913481602049,3.47071196570901,-21.6913481602049,21.6913481602049,"EB_features"
2021,"401287907",4,"2021-09-25 19:30:00",FALSE,239,66,"Big 12","Big 12","2021-09-20",5,2,2,1,-0.767648251416817,9.94102346684575,-1.38342709047234,3.47071196570901,-3.38342709047234,3.38342709047234,"EB_features"
2021,"401282083",4,"2021-09-25 20:00:00",FALSE,2,2247,"SEC","Sun Belt","2021-09-20",5,10,2,3,4.10878852754759,-1.02113600076747,21.2341211489844,3.47071196570901,11.2341211489844,11.2341211489844,"EB_features"
2021,"401282639",4,"2021-09-25 20:00:00",FALSE,150,2305,"ACC","Big 12","2021-09-20",5,19,2,2,-10.0190481072341,-7.1628561884684,7.83972383070802,3.47071196570901,-11.160276169292,11.160276169292,"EB_features"
2021,"401301011",4,"2021-09-25 21:00:00",FALSE,202,2032,"American Athletic","Sun Belt","2021-09-20",5,7,2,2,-1.95977233086799,-4.7860952957586,14.0259791498866,3.47071196570901,7.02597914988659,7.02597914988659,"EB_features"
2021,"401282209",4,"2021-09-25 22:00:00",FALSE,295,2084,"Conference USA","Mid-American","2021-09-20",5,-1,2,2,-9.22904974192734,3.23196408663578,-10.7026390424053,3.47071196570901,-9.7026390424053,9.7026390424053,"EB_features"
2021,"401309610",4,"2021-09-25 22:00:00",FALSE,290,309,"Sun Belt","Sun Belt","2021-09-20",5,-8,2,2,0.841709202514688,3.88411473416447,-10.0804989492784,3.47071196570901,-2.08049894927836,2.08049894927836,"EB_features"
2021,"401309858",4,"2021-09-25 22:00:00",FALSE,24,26,"Pac-12","Pac-12","2021-09-20",5,-11,2,2,-0.445733767028505,5.01575859670998,-4.89490405043983,3.47071196570901,6.10509594956017,6.10509594956017,"EB_features"
2021,"401282084",4,"2021-09-25 23:00:00",FALSE,57,2633,"SEC","SEC","2021-09-20",5,24,3,2,7.59596666981328,-3.32533283464779,17.760198384031,3.47071196570901,-6.23980161596895,6.23980161596895,"EB_features"
2021,"401282087",4,"2021-09-25 23:00:00",FALSE,2579,96,"SEC","SEC","2021-09-20",5,-6,2,2,-3.93666473408252,2.49150113239394,-3.55743842519632,3.47071196570901,2.44256157480368,2.44256157480368,"EB_features"
2021,"401282205",4,"2021-09-25 23:00:00",FALSE,2348,249,"Conference USA","Conference USA","2021-09-20",5,7,2,2,-6.96483888832467,-11.1720711478912,15.8796453646224,3.47071196570901,8.8796453646224,8.8796453646224,"EB_features"
2021,"401282784",4,"2021-09-25 23:00:00",FALSE,127,158,"Big Ten","Big Ten","2021-09-20",5,3,2,3,-6.07380558154806,1.3931048974137,1.69793318102703,3.47071196570901,-1.30206681897297,1.30206681897297,"EB_features"
2021,"401287909",4,"2021-09-25 23:00:00",FALSE,197,2306,"Big 12","Big 12","2021-09-20",5,11,1,2,6.25550770921011,0.981345287121864,2.04914568672566,3.47071196570901,-8.95085431327434,8.95085431327434,"EB_features"
2021,"401301008",4,"2021-09-25 23:00:00",FALSE,248,2426,"American Athletic","American Athletic","2021-09-20",5,8,2,2,-2.32824384872026,-5.29596051212239,18.6228827816515,3.47071196570901,10.6228827816515,10.6228827816515,"EB_features"
2021,"401282081",4,"2021-09-25 23:30:00",FALSE,333,2572,"SEC","Conference USA","2021-09-20",5,49,2,2,23.0654065428922,-11.2679703480379,46.243528388887,3.47071196570901,-2.75647161111295,2.75647161111295,"EB_features"
2021,"401282641",4,"2021-09-25 23:30:00",TRUE,59,153,"ACC","ACC","2021-09-20",5,23,2,3,-4.00151326766148,6.41421545436958,-14.4962487422844,3.47071196570901,-37.4962487422844,37.4962487422844,"EB_features"
2021,"401282811",4,"2021-09-25 23:30:00",FALSE,194,2006,"Big Ten","Mid-American","2021-09-20",5,52,3,2,15.2273406706156,-11.3374944868829,41.4657677721015,3.47071196570901,-10.5342322278985,10.5342322278985,"EB_features"
2021,"401287908",4,"2021-09-25 23:30:00",FALSE,201,277,"Big 12","Big 12","2021-09-20",5,3,2,2,14.6597753678614,3.24943372073509,13.4657422900231,3.47071196570901,10.4657422900231,10.4657422900231,"EB_features"
2021,"401282207",4,"2021-09-26",FALSE,2005,2226,"Mountain West","Conference USA","2021-09-20",5,24,2,2,6.50989938825096,-2.49573354264194,7.06425609335172,3.47071196570901,-16.9357439066483,16.9357439066483,"EB_features"
2021,"401282211",4,"2021-09-26",FALSE,2655,5,"American Athletic","Conference USA","2021-09-20",5,-7,1,2,1.16072749115295,1.60697571721314,6.13239532470206,3.47071196570901,13.1323953247021,13.1323953247021,"EB_features"
2021,"401282214",4,"2021-09-26",FALSE,98,84,"Conference USA","Big Ten","2021-09-20",5,-2,1,2,-10.7399128349957,5.43478534249784,-7.46590154789668,3.47071196570901,-5.46590154789668,5.46590154789668,"EB_features"
2021,"401309611",4,"2021-09-26",FALSE,2433,2653,"Sun Belt","Sun Belt","2021-09-20",5,13,1,2,-11.7907162344869,-0.666958216082802,-11.0979956691647,3.47071196570901,-24.0979956691647,24.0979956691647,"EB_features"
2021,"401310708",4,"2021-09-26",FALSE,166,62,"FBS Independents","Mountain West","2021-09-20",5,-20,3,2,0.551136941560795,1.06864826143635,0.356668210801952,3.47071196570901,20.356668210802,20.356668210802,"EB_features"
2021,"401282212",4,"2021-09-26 01:00:00",FALSE,2638,167,"Conference USA","Mountain West","2021-09-20",5,7,2,2,-7.76224323612962,-3.66101522947865,2.13526348107324,3.47071196570901,-4.86473651892676,4.86473651892676,"EB_features"
2021,"401309857",4,"2021-09-26 01:30:00",FALSE,264,25,"Pac-12","Pac-12","2021-09-20",5,7,2,2,4.86193254209079,0.559082346527878,11.8563830778701,3.47071196570901,4.85638307787008,4.85638307787008,"EB_features"
2021,"401301009",4,"2021-09-26 02:15:00",FALSE,252,58,"FBS Independents","American Athletic","2021-09-20",5,8,2,2,10.1994112195118,-8.85819096710433,27.3901318813719,3.47071196570901,19.3901318813719,19.3901318813719,"EB_features"
2021,"401309859",4,"2021-09-26 02:30:00",FALSE,2483,12,"Pac-12","Pac-12","2021-09-20",5,22,2,2,6.78059350929577,-11.7873922556592,27.5230777905968,3.47071196570901,5.52307779059677,5.52307779059677,"EB_features"
2021,"401309860",4,"2021-09-26 02:30:00",FALSE,30,204,"Pac-12","Pac-12","2021-09-20",5,-18,3,2,7.00481137326281,-3.68405679341088,14.2428187752642,3.47071196570901,32.2428187752642,32.2428187752642,"EB_features"
2021,"401309862",4,"2021-09-26 02:30:00",FALSE,9,38,"Pac-12","Pac-12","2021-09-20",5,22,1,2,7.37127800899634,-2.91440312112129,18.2411257818614,3.47071196570901,-3.75887421813859,3.75887421813859,"EB_features"
2021,"401282646",5,"2021-09-30 23:30:00",FALSE,2390,258,"ACC","ACC","2021-09-27",6,-2,3,3,8.07864162700281,1.00987365656932,5.7120907976851,3.47071196570901,7.7120907976851,7.7120907976851,"EB_features"
2021,"401301012",5,"2021-10-01 23:30:00",FALSE,202,248,"American Athletic","American Athletic","2021-09-27",6,-35,3,3,-1.95977233086799,-2.32824384872026,3.49750490219176,3.47071196570901,38.4975049021918,38.4975049021918,"EB_features"
2021,"401282759",5,"2021-10-02",FALSE,120,2294,"Big Ten","Big Ten","2021-09-27",6,-37,3,4,1.0995655793019,8.90130863693626,-7.37206138404647,3.47071196570901,29.6279386159535,29.6279386159535,"EB_features"
2021,"401309912",5,"2021-10-02 01:00:00",FALSE,328,252,"Mountain West","FBS Independents","2021-09-27",6,-14,3,3,-12.0293422644877,10.1994112195118,-15.1984393909424,3.47071196570901,-1.19843939094238,1.19843939094238,"EB_features"
2021,"401282090",5,"2021-10-02 16:00:00",FALSE,61,8,"SEC","SEC","2021-09-27",6,37,4,4,16.6784778180279,-2.60501662066374,22.5050482163775,3.47071196570901,-14.4949517836225,14.4949517836225,"EB_features"
2021,"401282093",5,"2021-10-02 16:00:00",FALSE,142,2633,"SEC","SEC","2021-09-27",6,-38,3,3,-2.53765815234682,-3.32533283464779,4.33975260197285,3.47071196570901,42.3397526019728,42.3397526019728,"EB_features"
2021,"401282219",5,"2021-10-02 16:00:00",FALSE,356,2429,"Big Ten","Conference USA","2021-09-27",6,10,5,3,-8.94468489327399,-5.09415429995196,4.34500023581158,3.47071196570901,-5.65499976418842,5.65499976418842,"EB_features"
2021,"401282649",5,"2021-10-02 16:00:00",FALSE,59,221,"ACC","ACC","2021-09-27",6,-31,3,3,-4.00151326766148,0.364911222214712,1.458653308953,3.47071196570901,32.458653308953,32.458653308953,"EB_features"
2021,"401282650",5,"2021-10-02 16:00:00",FALSE,153,150,"ACC","ACC","2021-09-27",6,31,4,3,6.41421545436958,-10.0190481072341,18.5393604348452,3.47071196570901,-12.4606395651548,12.4606395651548,"EB_features"
2021,"401282776",5,"2021-10-02 16:00:00",FALSE,275,130,"Big Ten","Big Ten","2021-09-27",6,-21,3,4,5.70742342439544,3.30988414179218,-6.46927630414622,3.47071196570901,14.5307236958538,14.5307236958538,"EB_features"
2021,"401282793",5,"2021-10-02 16:00:00",FALSE,2509,135,"Big Ten","Big Ten","2021-09-27",6,-7,4,4,0.058771961757641,-0.157723426612563,7.15609866504542,3.47071196570901,14.1560986650454,14.1560986650454,"EB_features"
2021,"401286302",5,"2021-10-02 16:00:00",FALSE,113,2649,"FBS Independents","Mid-American","2021-09-27",6,-38,4,3,-13.6711221968781,3.97418296811912,-20.9354303571541,3.47071196570901,17.0645696428459,17.0645696428459,"EB_features"
2021,"401287915",5,"2021-10-02 16:00:00",FALSE,2628,251,"Big 12","Big 12","2021-09-27",6,-5,2,4,7.40688559880539,10.0206100465215,-9.53034509065168,3.47071196570901,-4.53034509065168,4.53034509065168,"EB_features"
2021,"401301015",5,"2021-10-02 16:00:00",FALSE,218,235,"American Athletic","American Athletic","2021-09-27",6,3,3,3,-12.4016869791321,-2.51970391291573,-11.5431957082837,3.47071196570901,-14.5431957082837,14.5431957082837,"EB_features"
2021,"401309561",5,"2021-10-02 16:00:00",FALSE,2084,2711,"Mid-American","Mid-American","2021-09-27",6,-7,3,3,3.23196408663578,2.26153687083892,-0.715328310370941,3.47071196570901,6.28467168962906,6.28467168962906,"EB_features"
2021,"401282651",5,"2021-10-02 16:30:00",FALSE,154,97,"ACC","ACC","2021-09-27",6,3,3,3,2.71423195078509,-0.287128423095006,12.4762690218987,3.47071196570901,9.47626902189873,9.47626902189873,"EB_features"
2021,"401309612",5,"2021-10-02 18:00:00",FALSE,2247,2026,"Sun Belt","Sun Belt","2021-09-27",6,-29,4,3,-1.02113600076747,1.9454458581554,-7.98786543919255,3.47071196570901,21.0121345608074,21.0121345608074,"EB_features"
2021,"401309867",5,"2021-10-02 18:00:00",FALSE,38,30,"Pac-12","Pac-12","2021-09-27",6,-23,2,3,-2.91440312112129,7.00481137326281,-11.9552201073299,3.47071196570901,11.0447798926701,11.0447798926701,"EB_features"
2021,"401282708",5,"2021-10-02 18:30:00",FALSE,87,2132,"FBS Independents","American Athletic","2021-09-27",6,-11,4,2,8.54038478066369,7.61695090820875,1.09933779627551,3.47071196570901,12.0993377962755,12.0993377962755,"EB_features"
2021,"401309558",5,"2021-10-02 18:30:00",FALSE,2459,2199,"Mid-American","Mid-American","2021-09-27",6,7,3,3,-4.31324802836936,2.13322456210376,-6.28252491142887,3.47071196570901,-13.2825249114289,13.2825249114289,"EB_features"
2021,"401309614",5,"2021-10-02 18:30:00",FALSE,324,2433,"Sun Belt","Sun Belt","2021-09-27",6,53,3,1,7.11547226285526,-11.7907162344869,30.237314680058,3.47071196570901,-22.762685319942,22.762685319942,"EB_features"
2021,"401282089",5,"2021-10-02 19:30:00",FALSE,333,145,"SEC","SEC","2021-09-27",6,21,3,2,23.0654065428922,3.27679155510033,18.9346649979125,3.47071196570901,-2.06533500208746,2.06533500208746,"EB_features"
2021,"401282094",5,"2021-10-02 19:30:00",FALSE,2579,2653,"SEC","Sun Belt","2021-09-27",6,9,3,2,-3.93666473408252,-0.666958216082802,3.58847629378511,3.47071196570901,-5.41152370621489,5.41152370621489,"EB_features"
2021,"401282215",5,"2021-10-02 19:30:00",FALSE,2226,2229,"Conference USA","Conference USA","2021-09-27",6,37,2,3,-2.49573354264194,-6.39960096415164,16.3218483062025,3.47071196570901,-20.6781516937975,20.6781516937975,"EB_features"
2021,"401282648",5,"2021-10-02 19:30:00",FALSE,52,183,"ACC","ACC","2021-09-27",6,3,3,3,-0.744521480158218,-5.62735692403098,4.38124406692978,3.47071196570901,1.38124406692978,1.38124406692978,"EB_features"
2021,"401282813",5,"2021-10-02 19:30:00",FALSE,164,194,"Big Ten","Big Ten","2021-09-27",6,-39,3,4,-3.08304447650851,15.2273406706156,-8.13888519088065,3.47071196570901,30.8611148091194,30.8611148091194,"EB_features"
2021,"401287913",5,"2021-10-02 19:30:00",FALSE,2306,201,"Big 12","Big 12","2021-09-27",6,-6,3,3,0.981345287121864,14.6597753678614,-1.75525923769496,3.47071196570901,4.24474076230504,4.24474076230504,"EB_features"
2021,"401287916",5,"2021-10-02 19:30:00",FALSE,277,2641,"Big 12","Big 12","2021-09-27",6,-3,3,3,3.24943372073509,-4.40861755307493,8.90198362572494,3.47071196570901,11.9019836257249,11.9019836257249,"EB_features"
2021,"401301013",5,"2021-10-02 19:30:00",FALSE,2426,2116,"American Athletic","American Athletic","2021-09-27",6,4,3,2,-5.29596051212239,-1.41789586201963,-9.73285372193263,3.47071196570901,-13.7328537219326,13.7328537219326,"EB_features"
2021,"401301014",5,"2021-10-02 19:30:00",FALSE,151,2655,"American Athletic","American Athletic","2021-09-27",6,23,3,2,-1.15033687933892,1.16072749115295,3.57582027553957,3.47071196570901,-19.4241797244604,19.4241797244604,"EB_features"
2021,"401308835",5,"2021-10-02 19:30:00",FALSE,193,2117,"Mid-American","Mid-American","2021-09-27",6,11,3,3,1.98692118850505,1.27486102193852,6.17491783847519,3.47071196570901,-4.82508216152481,4.82508216152481,"EB_features"
2021,"401309560",5,"2021-10-02 19:30:00",FALSE,2006,195,"Mid-American","Mid-American","2021-09-27",6,-17,3,3,-11.3374944868829,-3.17677857646065,-6.51882828061066,3.47071196570901,10.4811717193893,10.4811717193893,"EB_features"
2021,"401309562",5,"2021-10-02 19:30:00",FALSE,2309,189,"Mid-American","Mid-American","2021-09-27",6,7,3,3,-0.0671504621243617,-14.6577042853372,13.162551571184,3.47071196570901,6.16255157118402,6.16255157118402,"EB_features"
2021,"401309864",5,"2021-10-02 19:30:00",FALSE,24,2483,"Pac-12","Pac-12","2021-09-27",6,7,4,2,-0.445733767028505,6.78059350929577,-5.71403203316622,3.47071196570901,-12.7140320331662,12.7140320331662,"EB_features"
2021,"401310711",5,"2021-10-02 19:30:00",FALSE,68,2440,"Mountain West","Mountain West","2021-09-27",6,-10,4,2,2.90610370858576,3.8387259755377,8.84278201769098,3.47071196570901,18.842782017691,18.842782017691,"EB_features"
2021,"401301016",5,"2021-10-02 20:00:00",FALSE,2567,58,"American Athletic","American Athletic","2021-09-27",6,24,3,2,-3.82301676220533,-8.85819096710433,18.2035752656293,3.47071196570901,-5.79642473437072,5.79642473437072,"EB_features"
2021,"401309613",5,"2021-10-02 20:00:00",FALSE,290,2032,"Sun Belt","Sun Belt","2021-09-27",6,26,3,3,0.841709202514688,-4.7860952957586,6.70861688973651,3.47071196570901,-19.2913831102635,19.2913831102635,"EB_features"
2021,"401309559",5,"2021-10-02 21:00:00",FALSE,2050,349,"Mid-American","FBS Independents","2021-09-27",6,12,3,4,5.21934905301766,5.25196622703032,-7.96959706933602,3.47071196570901,-19.969597069336,19.969597069336,"EB_features"
2021,"401309863",5,"2021-10-02 21:30:00",FALSE,25,265,"Pac-12","Pac-12","2021-09-27",6,-15,2,3,0.559082346527878,-0.673454138029039,10.9887964466452,3.47071196570901,25.9887964466452,25.9887964466452,"EB_features"
2021,"401282091",5,"2021-10-02 22:00:00",FALSE,96,57,"SEC","SEC","2021-09-27",6,7,3,4,2.49150113239394,7.59596666981328,-4.40416625115284,3.47071196570901,-11.4041662511528,11.4041662511528,"EB_features"
2021,"401282220",5,"2021-10-02 22:00:00",FALSE,152,2348,"ACC","Conference USA","2021-09-27",6,7,3,3,1.32704921205645,-6.96483888832467,16.2909134648898,3.47071196570901,9.29091346488983,9.29091346488983,"EB_features"
2021,"401282222",5,"2021-10-02 22:00:00",FALSE,2636,2439,"Conference USA","Mountain West","2021-09-27",6,7,3,3,0.811033965638029,-9.8290103956775,19.1324506140667,3.47071196570901,12.1324506140667,12.1324506140667,"EB_features"
2021,"401282218",5,"2021-10-02 22:30:00",FALSE,242,2572,"Conference USA","Conference USA","2021-09-27",6,5,3,3,-2.9496763695336,-11.2679703480379,5.16353909771072,3.47071196570901,0.163539097710724,0.163539097710724,"EB_features"
2021,"401310710",5,"2021-10-02 22:30:00",FALSE,167,2005,"Mountain West","Mountain West","2021-09-27",6,-28,2,2,-3.66101522947865,6.50989938825096,-7.13628097179483,3.47071196570901,20.8637190282052,20.8637190282052,"EB_features"
2021,"401282095",5,"2021-10-02 23:00:00",FALSE,245,344,"SEC","SEC","2021-09-27",6,-4,4,4,10.1246819310602,1.06027234795373,13.0645349792971,3.47071196570901,17.0645349792971,17.0645349792971,"EB_features"
2021,"401282216",5,"2021-10-02 23:00:00",FALSE,2393,276,"Conference USA","Conference USA","2021-09-27",6,6,3,3,-8.46632294544231,-0.918638343031635,-10.0873934373763,3.47071196570901,-16.0873934373763,16.0873934373763,"EB_features"
2021,"401282221",5,"2021-10-02 23:00:00",FALSE,5,2335,"Conference USA","FBS Independents","2021-09-27",6,-24,2,3,1.60697571721314,0.494215573972496,2.21874918177509,3.47071196570901,26.2187491817751,26.2187491817751,"EB_features"
2021,"401287912",5,"2021-10-02 23:00:00",FALSE,66,2305,"Big 12","Big 12","2021-09-27",6,52,3,3,9.94102346684575,-7.1628561884684,31.4581566585929,3.47071196570901,-20.5418433414071,20.5418433414071,"EB_features"
2021,"401287914",5,"2021-10-02 23:00:00",FALSE,197,239,"Big 12","Big 12","2021-09-27",6,10,3,3,6.25550770921011,-0.767648251416817,6.25623774845171,3.47071196570901,-3.74376225154829,3.74376225154829,"EB_features"
2021,"401282096",5,"2021-10-02 23:30:00",FALSE,238,41,"SEC","FBS Independents","2021-09-27",6,2,3,4,-11.4368310515203,-8.57858041221397,6.81161094970982,3.47071196570901,4.81161094970982,4.81161094970982,"EB_features"
2021,"401282223",5,"2021-10-02 23:30:00",FALSE,127,98,"Big Ten","Conference USA","2021-09-27",6,17,3,1,-6.07380558154806,-10.7399128349957,14.3774626651213,3.47071196570901,-2.6225373348787,2.6225373348787,"EB_features"
2021,"401282647",5,"2021-10-02 23:30:00",FALSE,228,103,"ACC","ACC","2021-09-27",6,6,3,3,16.5360318920798,-0.472962100331364,17.3238835248984,3.47071196570901,11.3238835248984,11.3238835248984,"EB_features"
2021,"401282729",5,"2021-10-02 23:30:00",FALSE,213,84,"Big Ten","Big Ten","2021-09-27",6,24,3,2,8.64900941751815,5.43478534249784,14.475459335214,3.47071196570901,-9.52454066478595,9.52454066478595,"EB_features"
2021,"401282800",5,"2021-10-02 23:30:00",FALSE,158,77,"Big Ten","Big Ten","2021-09-27",6,49,4,3,1.3931048974137,-2.80482486823813,11.1806640073733,3.47071196570901,-37.8193359926267,37.8193359926267,"EB_features"
2021,"401309615",5,"2021-10-03",FALSE,6,309,"Sun Belt","Sun Belt","2021-09-27",6,-2,2,3,-5.32199514460791,3.88411473416447,-7.16855807772449,3.47071196570901,-5.16855807772449,5.16855807772449,"EB_features"
2021,"401282092",5,"2021-10-03 01:00:00",FALSE,99,2,"SEC","SEC","2021-09-27",6,-5,3,3,5.60745898456427,4.10878852754759,4.63877979569067,3.47071196570901,9.63877979569067,9.63877979569067,"EB_features"
2021,"401282217",5,"2021-10-03 01:00:00",FALSE,2638,295,"Conference USA","Conference USA","2021-09-27",6,7,2,3,-7.76224323612962,-9.22904974192734,8.9588207824267,3.47071196570901,1.9588207824267,1.9588207824267,"EB_features"
2021,"401309865",5,"2021-10-03 01:00:00",FALSE,204,264,"Pac-12","Pac-12","2021-09-27",6,3,2,2,-3.68405679341088,4.86193254209079,-7.56422765387326,3.47071196570901,-10.5642276538733,10.5642276538733,"EB_features"
2021,"401309866",5,"2021-10-03 02:30:00",FALSE,26,9,"Pac-12","Pac-12","2021-09-27",6,-19,4,2,5.01575859670998,7.37127800899634,5.35806643173126,3.47071196570901,24.3580664317313,24.3580664317313,"EB_features"
2021,"401310713",5,"2021-10-03 02:30:00",FALSE,23,166,"Mountain West","FBS Independents","2021-09-27",6,6,3,3,2.28699164444143,0.551136941560795,10.0594578314838,3.47071196570901,4.05945783148381,4.05945783148381,"EB_features"
2021,"401310712",5,"2021-10-03 03:00:00",FALSE,62,278,"Mountain West","Mountain West","2021-09-27",6,3,3,4,1.06864826143635,-1.1916679516895,-6.33451218564289,3.47071196570901,-9.33451218564289,9.33451218564289,"EB_features"
2021,"401301017",6,"2021-10-07 23:30:00",FALSE,2655,248,"American Athletic","American Athletic","2021-10-04",7,-18,4,4,1.16072749115295,-2.32824384872026,-4.65732007702032,3.47071196570901,13.3426799229797,13.3426799229797,"EB_features"
2021,"401309616",6,"2021-10-07 23:30:00",FALSE,2032,324,"Sun Belt","Sun Belt","2021-10-04",7,-32,4,4,-4.7860952957586,7.11547226285526,-23.2168016499867,3.47071196570901,8.78319835001333,8.78319835001333,"EB_features"
2021,"401282224",6,"2021-10-08 23:00:00",FALSE,2229,2429,"Conference USA","Conference USA","2021-10-04",7,-12,4,4,-6.39960096415164,-5.09415429995196,-1.66052097317118,3.47071196570901,10.3394790268288,10.3394790268288,"EB_features"
2021,"401301018",6,"2021-10-08 23:00:00",FALSE,2132,218,"American Athletic","American Athletic","2021-10-04",7,49,3,4,7.61695090820875,-12.4016869791321,35.7875391437478,3.47071196570901,-13.2124608562522,13.2124608562522,"EB_features"
2021,"401309868",6,"2021-10-09 02:30:00",FALSE,9,24,"Pac-12","Pac-12","2021-10-04",7,18,3,5,7.37127800899634,-0.445733767028505,8.6293964434811,3.47071196570901,-9.3706035565189,9.3706035565189,"EB_features"
2021,"401282098",6,"2021-10-09 16:00:00",FALSE,57,238,"SEC","SEC","2021-10-04",7,42,5,4,7.59596666981328,-11.4368310515203,31.7397940131679,3.47071196570901,-10.2602059868321,10.2602059868321,"EB_features"
2021,"401282100",6,"2021-10-09 16:00:00",FALSE,145,8,"SEC","SEC","2021-10-04",7,1,3,5,3.27679155510033,-2.60501662066374,7.56139056275013,3.47071196570901,6.56139056275013,6.56139056275013,"EB_features"
2021,"401282102",6,"2021-10-09 16:00:00",FALSE,2633,2579,"SEC","SEC","2021-10-04",7,25,4,4,-3.32533283464779,-3.93666473408252,7.73963237179352,3.47071196570901,-17.2603676282065,17.2603676282065,"EB_features"
2021,"401282769",6,"2021-10-09 16:00:00",FALSE,194,120,"Big Ten","Big Ten","2021-10-04",7,49,5,4,15.2273406706156,1.0995655793019,22.5195686474468,3.47071196570901,-26.4804313525532,26.4804313525532,"EB_features"
2021,"401282788",6,"2021-10-09 16:00:00",FALSE,164,127,"Big Ten","Big Ten","2021-10-04",7,-18,4,4,-3.08304447650851,-6.07380558154806,2.48340108702328,3.47071196570901,20.4834010870233,20.4834010870233,"EB_features"
2021,"401287917",6,"2021-10-09 16:00:00",FALSE,239,277,"Big 12","Big 12","2021-10-04",7,25,4,4,-0.767648251416817,3.24943372073509,4.7975664143827,3.47071196570901,-20.2024335856173,20.2024335856173,"EB_features"
2021,"401287918",6,"2021-10-09 16:00:00",TRUE,251,201,"Big 12","Big 12","2021-10-04",7,-7,5,4,10.0206100465215,14.6597753678614,4.42488011265362,3.47071196570901,11.4248801126536,11.4248801126536,"EB_features"
2021,"401309564",6,"2021-10-09 16:00:00",FALSE,2649,2459,"Mid-American","Mid-American","2021-10-04",7,-2,4,4,3.97418296811912,-4.31324802836936,15.3001147168831,3.47071196570901,17.3001147168831,17.3001147168831,"EB_features"
2021,"401309566",6,"2021-10-09 16:00:00",FALSE,189,2006,"Mid-American","Mid-American","2021-10-04",7,-15,4,4,-14.6577042853372,-11.3374944868829,14.9513274517427,3.47071196570901,29.9513274517427,29.9513274517427,"EB_features"
2021,"401282652",6,"2021-10-09 16:30:00",FALSE,150,59,"ACC","ACC","2021-10-04",7,-4,4,4,-10.0190481072341,-4.00151326766148,-5.1206995177392,3.47071196570901,-1.1206995177392,1.1206995177392,"EB_features"
2021,"401282226",6,"2021-10-09 18:00:00",FALSE,276,295,"Conference USA","Conference USA","2021-10-04",7,7,4,3,-0.918638343031635,-9.22904974192734,18.6717414982051,3.47071196570901,11.6717414982051,11.6717414982051,"EB_features"
2021,"401282653",6,"2021-10-09 19:00:00",FALSE,97,258,"ACC","ACC","2021-10-04",7,-1,4,4,-0.287128423095006,1.00987365656932,4.07231853090727,3.47071196570901,5.07231853090727,5.07231853090727,"EB_features"
2021,"401282097",6,"2021-10-09 19:30:00",FALSE,2,61,"SEC","SEC","2021-10-04",7,-24,3,5,4.10878852754759,16.6784778180279,-18.4100565438364,3.47071196570901,5.58994345616361,5.58994345616361,"EB_features"
2021,"401282225",6,"2021-10-09 19:30:00",FALSE,5,2226,"Conference USA","Conference USA","2021-10-04",7,17,4,4,1.60697571721314,-2.49573354264194,1.10157401721612,3.47071196570901,-15.8984259827839,15.8984259827839,"EB_features"
2021,"401282229",6,"2021-10-09 19:30:00",FALSE,2335,2393,"FBS Independents","Conference USA","2021-10-04",7,28,4,4,0.494215573972496,-8.46632294544231,17.4553298807504,3.47071196570901,-10.5446701192496,10.5446701192496,"EB_features"
2021,"401282654",6,"2021-10-09 19:30:00",FALSE,153,52,"ACC","ACC","2021-10-04",7,-10,5,4,6.41421545436958,-0.744521480158218,13.8667722925966,3.47071196570901,23.8667722925966,23.8667722925966,"EB_features"
2021,"401282655",6,"2021-10-09 19:30:00",FALSE,183,154,"ACC","ACC","2021-10-04",7,-3,4,4,-5.62735692403098,2.71423195078509,-8.28725781140343,3.47071196570901,-5.28725781140343,5.28725781140343,"EB_features"
2021,"401282718",6,"2021-10-09 19:30:00",FALSE,356,275,"Big Ten","Big Ten","2021-10-04",7,-24,6,4,-8.94468489327399,5.70742342439544,-7.47778334893228,3.47071196570901,16.5222166510677,16.5222166510677,"EB_features"
2021,"401286191",6,"2021-10-09 19:30:00",FALSE,113,41,"FBS Independents","FBS Independents","2021-10-04",7,14,5,5,-13.6711221968781,-8.57858041221397,-0.786741031632119,3.47071196570901,-14.7867410316321,14.7867410316321,"EB_features"
2021,"401301021",6,"2021-10-09 19:30:00",FALSE,2426,2567,"American Athletic","American Athletic","2021-10-04",7,-7,4,4,-5.29596051212239,-3.82301676220533,-8.05578960871832,3.47071196570901,-1.05578960871832,1.05578960871832,"EB_features"
2021,"401308836",6,"2021-10-09 19:30:00",FALSE,2199,193,"Mid-American","Mid-American","2021-10-04",7,1,4,4,2.13322456210376,1.98692118850505,4.32572684458552,3.47071196570901,3.32572684458552,3.32572684458552,"EB_features"
2021,"401309563",6,"2021-10-09 19:30:00",FALSE,2711,2050,"Mid-American","Mid-American","2021-10-04",7,-25,4,4,2.26153687083892,5.21934905301766,9.22926021872759,3.47071196570901,34.2292602187276,34.2292602187276,"EB_features"
2021,"401309567",6,"2021-10-09 19:30:00",FALSE,195,2117,"Mid-American","Mid-American","2021-10-04",7,-3,4,4,-3.17677857646065,1.27486102193852,-4.08823993451551,3.47071196570901,-1.08823993451551,1.08823993451551,"EB_features"
2021,"401309913",6,"2021-10-09 19:30:00",FALSE,252,68,"FBS Independents","Mountain West","2021-10-04",7,-9,5,5,10.1994112195118,2.90610370858576,4.82400102711364,3.47071196570901,13.8240010271136,13.8240010271136,"EB_features"
2021,"401310715",6,"2021-10-09 19:30:00",FALSE,36,23,"Mountain West","Mountain West","2021-10-04",7,18,3,3,-4.0843266165142,2.28699164444143,3.85030416782992,3.47071196570901,-14.1496958321701,14.1496958321701,"EB_features"
2021,"401282101",6,"2021-10-09 20:00:00",FALSE,142,249,"SEC","Conference USA","2021-10-04",7,13,4,3,-2.53765815234682,-11.1720711478912,14.3694037904695,3.47071196570901,1.36940379046952,1.36940379046952,"EB_features"
2021,"401282758",6,"2021-10-09 20:00:00",FALSE,2294,213,"Big Ten","Big Ten","2021-10-04",7,3,5,4,8.90130863693626,8.64900941751815,6.63949959444565,3.47071196570901,3.63949959444565,3.63949959444565,"EB_features"
2021,"401309869",6,"2021-10-09 20:00:00",FALSE,265,204,"Pac-12","Pac-12","2021-10-04",7,7,4,3,-0.673454138029039,-3.68405679341088,-3.7865400926135,3.47071196570901,-10.7865400926135,10.7865400926135,"EB_features"
2021,"401301019",6,"2021-10-09 22:00:00",FALSE,2116,151,"American Athletic","American Athletic","2021-10-04",7,4,3,4,-1.41789586201963,-1.15033687933892,0.805620645443876,3.47071196570901,-3.19437935455612,3.19437935455612,"EB_features"
2021,"401282227",6,"2021-10-09 23:00:00",FALSE,2572,2638,"Conference USA","Conference USA","2021-10-04",7,-13,4,3,-11.2679703480379,-7.76224323612962,-5.34729216852313,3.47071196570901,7.65270783147687,7.65270783147687,"EB_features"
2021,"401282228",6,"2021-10-09 23:00:00",FALSE,98,2636,"Conference USA","Conference USA","2021-10-04",7,-6,3,4,-10.7399128349957,0.811033965638029,-5.43063720946412,3.47071196570901,0.569362790535883,0.569362790535883,"EB_features"
2021,"401287919",6,"2021-10-09 23:00:00",FALSE,2641,2628,"Big 12","Big 12","2021-10-04",7,-21,4,3,-4.40861755307493,7.40688559880539,0.407581647244431,3.47071196570901,21.4075816472444,21.4075816472444,"EB_features"
2021,"401309565",6,"2021-10-09 23:00:00",FALSE,2309,2084,"Mid-American","Mid-American","2021-10-04",7,10,4,4,-0.0671504621243617,3.23196408663578,-1.80901763905174,3.47071196570901,-11.8090176390517,11.8090176390517,"EB_features"
2021,"401309617",6,"2021-10-09 23:00:00",FALSE,2653,290,"Sun Belt","Sun Belt","2021-10-04",7,3,4,4,-0.666958216082802,0.841709202514688,3.64468340277116,3.47071196570901,0.644683402771161,0.644683402771161,"EB_features"
2021,"401309619",6,"2021-10-09 23:00:00",FALSE,326,6,"Sun Belt","Sun Belt","2021-10-04",7,2,3,2,-5.62888312059343,-5.32199514460791,-2.4433784039859,3.47071196570901,-4.4433784039859,4.4433784039859,"EB_features"
2021,"401310714",6,"2021-10-09 23:00:00",FALSE,2005,2751,"Mountain West","Mountain West","2021-10-04",7,10,4,3,6.50989938825096,1.58526979291553,8.54955670559633,3.47071196570901,-1.45044329440367,1.45044329440367,"EB_features"
2021,"401282099",6,"2021-10-09 23:30:00",FALSE,96,99,"SEC","SEC","2021-10-04",7,21,4,3,2.49150113239394,5.60745898456427,1.38121729221139,3.47071196570901,-19.6187827077886,19.6187827077886,"EB_features"
2021,"401282656",6,"2021-10-09 23:30:00",FALSE,259,87,"ACC","FBS Independents","2021-10-04",7,-3,3,5,2.03362599757901,8.54038478066369,-2.74912458692447,3.47071196570901,0.250875413075534,0.250875413075534,"EB_features"
2021,"401282778",6,"2021-10-09 23:30:00",FALSE,158,130,"Big Ten","Big Ten","2021-10-04",7,-3,5,5,1.3931048974137,3.30988414179218,-6.30246779484084,3.47071196570901,-3.30246779484084,3.30246779484084,"EB_features"
2021,"401282103",6,"2021-10-10",FALSE,245,333,"SEC","SEC","2021-10-04",7,3,5,4,10.1246819310602,23.0654065428922,-15.1595764856872,3.47071196570901,-18.1595764856872,18.1595764856872,"EB_features"
2021,"401309618",6,"2021-10-10",FALSE,2433,2247,"Sun Belt","Sun Belt","2021-10-04",7,-34,3,5,-11.7907162344869,-1.02113600076747,-2.20040765176542,3.47071196570901,31.7995923482346,31.7995923482346,"EB_features"
2021,"401309871",6,"2021-10-10",FALSE,30,254,"Pac-12","Pac-12","2021-10-04",7,-16,5,3,7.00481137326281,0.542388291949964,9.02437696593037,3.47071196570901,25.0243769659304,25.0243769659304,"EB_features"
2021,"401301020",6,"2021-10-10 01:00:00",FALSE,202,235,"American Athletic","American Athletic","2021-10-04",7,6,4,4,-1.95977233086799,-2.51970391291573,2.29409618944023,3.47071196570901,-3.70590381055977,3.70590381055977,"EB_features"
2021,"401310716",6,"2021-10-10 01:00:00",FALSE,21,167,"Mountain West","Mountain West","2021-10-04",7,24,3,4,1.71375477991808,-3.66101522947865,17.1314447406933,3.47071196570901,-6.86855525930669,6.86855525930669,"EB_features"
2021,"401309870",6,"2021-10-10 02:30:00",FALSE,12,26,"Pac-12","Pac-12","2021-10-04",7,-18,3,4,-11.7873922556592,5.01575859670998,-19.5849850490114,3.47071196570901,-1.58498504901138,1.58498504901138,"EB_features"
2021,"401310717",6,"2021-10-10 02:30:00",FALSE,2440,166,"Mountain West","FBS Independents","2021-10-04",7,27,3,4,3.8387259755377,0.551136941560795,19.2004107150651,3.47071196570901,-7.79958928493486,7.79958928493486,"EB_features"
2021,"401309620",7,"2021-10-12 23:30:00",FALSE,309,2026,"Sun Belt","Sun Belt","2021-10-11",8,28,4,4,3.88411473416447,1.9454458581554,3.25881546500222,3.47071196570901,-24.7411845349978,24.7411845349978,"EB_features"
2021,"401301022",7,"2021-10-14 23:30:00",FALSE,235,2426,"American Athletic","American Athletic","2021-10-11",8,18,4,5,-2.51970391291573,-5.29596051212239,8.82439323568282,3.47071196570901,-9.17560676431718,9.17560676431718,"EB_features"
2021,"401309621",7,"2021-10-14 23:30:00",FALSE,6,290,"Sun Belt","Sun Belt","2021-10-11",8,27,4,5,-5.32199514460791,0.841709202514688,4.20715248002464,3.47071196570901,-22.7928475199754,22.7928475199754,"EB_features"
2021,"401282231",7,"2021-10-15 23:00:00",FALSE,249,276,"Conference USA","Conference USA","2021-10-11",8,-28,4,5,-11.1720711478912,-0.918638343031635,-14.3064097169034,3.47071196570901,13.6935902830966,13.6935902830966,"EB_features"
2021,"401282657",7,"2021-10-15 23:00:00",FALSE,183,228,"ACC","ACC","2021-10-11",8,-3,5,4,-5.62735692403098,16.5360318920798,-12.3685587835938,3.47071196570901,-9.3685587835938,9.3685587835938,"EB_features"
2021,"401309872",7,"2021-10-16 02:30:00",FALSE,2483,25,"Pac-12","Pac-12","2021-10-11",8,7,4,4,6.78059350929577,0.559082346527878,14.1309347233801,3.47071196570901,7.13093472338007,7.13093472338007,"EB_features"
2021,"401310723",7,"2021-10-16 02:30:00",FALSE,23,21,"Mountain West","Mountain West","2021-10-11",8,-6,5,3,2.28699164444143,1.71375477991808,-4.3129040269478,3.47071196570901,1.6870959730522,1.6870959730522,"EB_features"
2021,"401282104",7,"2021-10-16 16:00:00",FALSE,8,2,"SEC","SEC","2021-10-11",8,-15,6,5,-2.60501662066374,4.10878852754759,3.53379800876303,3.47071196570901,18.533798008763,18.533798008763,"EB_features"
2021,"401282106",7,"2021-10-16 16:00:00",FALSE,99,57,"SEC","SEC","2021-10-11",8,7,5,6,5.60745898456427,7.59596666981328,-5.63356489856286,3.47071196570901,-12.6335648985629,12.6335648985629,"EB_features"
2021,"401282108",7,"2021-10-16 16:00:00",FALSE,142,245,"SEC","SEC","2021-10-11",8,-21,5,5,-2.53765815234682,10.1246819310602,-11.0451232343709,3.47071196570901,9.95487676562906,9.95487676562906,"EB_features"
2021,"401282731",7,"2021-10-16 16:00:00",FALSE,84,127,"Big Ten","Big Ten","2021-10-11",8,-5,4,5,5.43478534249784,-6.07380558154806,-0.0193712623437374,3.47071196570901,4.98062873765626,4.98062873765626,"EB_features"
2021,"401282796",7,"2021-10-16 16:00:00",FALSE,135,158,"Big Ten","Big Ten","2021-10-11",8,7,5,6,-0.157723426612563,1.3931048974137,-1.76078182291866,3.47071196570901,-8.76078182291866,8.76078182291866,"EB_features"
2021,"401282807",7,"2021-10-16 16:00:00",FALSE,77,164,"Big Ten","Big Ten","2021-10-11",8,14,4,5,-2.80482486823813,-3.08304447650851,-4.77107916148562,3.47071196570901,-18.7710791614856,18.7710791614856,"EB_features"
2021,"401287924",7,"2021-10-16 16:00:00",FALSE,251,197,"Big 12","Big 12","2021-10-11",8,-8,6,4,10.0206100465215,6.25550770921011,10.5691993047709,3.47071196570901,18.5691993047709,18.5691993047709,"EB_features"
2021,"401301023",7,"2021-10-16 16:00:00",FALSE,2132,2116,"American Athletic","American Athletic","2021-10-11",8,35,4,4,7.61695090820875,-1.41789586201963,22.2110416814767,3.47071196570901,-12.7889583185233,12.7889583185233,"EB_features"
2021,"401301024",7,"2021-10-16 16:00:00",FALSE,58,202,"American Athletic","American Athletic","2021-10-11",8,-1,4,4,-8.85819096710433,-1.95977233086799,-4.43466480726965,3.47071196570901,-3.43466480726965,3.43466480726965,"EB_features"
2021,"401309571",7,"2021-10-16 16:00:00",FALSE,2084,195,"Mid-American","Mid-American","2021-10-11",8,1,5,5,3.23196408663578,-3.17677857646065,13.9929889821671,3.47071196570901,12.9929889821671,12.9929889821671,"EB_features"
2021,"401282660",7,"2021-10-16 16:30:00",FALSE,258,150,"ACC","ACC","2021-10-11",8,48,5,5,1.00987365656932,-10.0190481072341,14.7073264438177,3.47071196570901,-33.2926735561823,33.2926735561823,"EB_features"
2021,"401309568",7,"2021-10-16 18:00:00",FALSE,2199,2050,"Mid-American","Mid-American","2021-10-11",8,-7,5,5,2.13322456210376,5.21934905301766,1.28708929684827,3.47071196570901,8.28708929684827,8.28708929684827,"EB_features"
2021,"401308837",7,"2021-10-16 18:30:00",FALSE,193,2006,"Mid-American","Mid-American","2021-10-11",8,13,5,5,1.98692118850505,-11.3374944868829,24.4898764290186,3.47071196570901,11.4898764290186,11.4898764290186,"EB_features"
2021,"401309622",7,"2021-10-16 19:00:00",FALSE,326,2653,"Sun Belt","Sun Belt","2021-10-11",8,-3,4,5,-5.62888312059343,-0.666958216082802,-1.00125589582255,3.47071196570901,1.99874410417745,1.99874410417745,"EB_features"
2021,"401282105",7,"2021-10-16 19:30:00",FALSE,61,96,"SEC","SEC","2021-10-11",8,17,6,5,16.6784778180279,2.49150113239394,24.6692892228737,3.47071196570901,7.66928922287373,7.66928922287373,"EB_features"
2021,"401282232",7,"2021-10-16 19:30:00",FALSE,295,98,"Conference USA","Conference USA","2021-10-11",8,-23,5,4,-9.22904974192734,-10.7399128349957,0.671827368954298,3.47071196570901,23.6718273689543,23.6718273689543,"EB_features"
2021,"401282234",7,"2021-10-16 19:30:00",FALSE,2572,5,"Conference USA","Conference USA","2021-10-11",8,-34,5,5,-11.2679703480379,1.60697571721314,-15.1137528083615,3.47071196570901,18.8862471916385,18.8862471916385,"EB_features"
2021,"401282659",7,"2021-10-16 19:30:00",FALSE,153,2390,"ACC","ACC","2021-10-11",8,3,6,4,6.41421545436958,8.07864162700281,7.12045733458004,3.47071196570901,4.12045733458004,4.12045733458004,"EB_features"
2021,"401282661",7,"2021-10-16 19:30:00",FALSE,259,221,"ACC","ACC","2021-10-11",8,-21,4,4,2.03362599757901,0.364911222214712,-0.728366220299447,3.47071196570901,20.2716337797006,20.2716337797006,"EB_features"
2021,"401282760",7,"2021-10-16 19:30:00",FALSE,2294,2509,"Big Ten","Big Ten","2021-10-11",8,-17,6,5,8.90130863693626,0.058771961757641,17.7381169099576,3.47071196570901,34.7381169099576,34.7381169099576,"EB_features"
2021,"401287920",7,"2021-10-16 19:30:00",FALSE,239,252,"Big 12","FBS Independents","2021-10-11",8,14,5,6,-0.767648251416817,10.1994112195118,3.90878757186794,3.47071196570901,-10.0912124281321,10.0912124281321,"EB_features"
2021,"401309569",7,"2021-10-16 19:30:00",FALSE,2117,2649,"Mid-American","Mid-American","2021-10-11",8,3,5,5,1.27486102193852,3.97418296811912,-6.82762971625605,3.47071196570901,-9.82762971625604,9.82762971625604,"EB_features"
2021,"401309570",7,"2021-10-16 19:30:00",FALSE,2459,189,"Mid-American","Mid-American","2021-10-11",8,8,5,5,-4.31324802836936,-14.6577042853372,14.5714819104889,3.47071196570901,6.57148191048894,6.57148191048894,"EB_features"
2021,"401309572",7,"2021-10-16 19:30:00",FALSE,2711,2309,"Mid-American","Mid-American","2021-10-11",8,33,5,5,2.26153687083892,-0.0671504621243617,9.82977727951523,3.47071196570901,-23.1702227204848,23.1702227204848,"EB_features"
2021,"401309875",7,"2021-10-16 19:30:00",FALSE,38,12,"Pac-12","Pac-12","2021-10-11",8,34,4,3,-2.91440312112129,-11.7873922556592,8.11665327780213,3.47071196570901,-25.8833467221979,25.8833467221979,"EB_features"
2021,"401310721",7,"2021-10-16 19:30:00",FALSE,2751,278,"Mountain West","Mountain West","2021-10-11",8,-17,4,5,1.58526979291553,-1.1916679516895,4.7593539699147,3.47071196570901,21.7593539699147,21.7593539699147,"EB_features"
2021,"401282109",7,"2021-10-16 20:00:00",FALSE,2579,238,"SEC","SEC","2021-10-11",8,1,5,5,-3.93666473408252,-11.4368310515203,17.2987739986913,3.47071196570901,16.2987739986913,16.2987739986913,"EB_features"
2021,"401287921",7,"2021-10-16 20:00:00",FALSE,2305,2641,"Big 12","Big 12","2021-10-11",8,-27,4,5,-7.1628561884684,-4.40861755307493,-12.1686044198164,3.47071196570901,14.8313955801836,14.8313955801836,"EB_features"
2021,"401282233",7,"2021-10-16 22:00:00",FALSE,2636,242,"Conference USA","Conference USA","2021-10-11",8,45,5,4,0.811033965638029,-2.9496763695336,17.9639008408489,3.47071196570901,-27.0360991591511,27.0360991591511,"EB_features"
2021,"401282107",7,"2021-10-16 23:00:00",FALSE,344,333,"SEC","SEC","2021-10-11",8,-40,5,4,1.06027234795373,23.0654065428922,-21.0365505780238,3.47071196570901,18.9634494219762,18.9634494219762,"EB_features"
2021,"401286296",7,"2021-10-16 23:00:00",FALSE,2433,2335,"Sun Belt","FBS Independents","2021-10-11",8,3,3,5,-11.7907162344869,0.494215573972496,-19.4400560082066,3.47071196570901,-22.4400560082066,22.4400560082066,"EB_features"
2021,"401310719",7,"2021-10-16 23:00:00",FALSE,167,36,"Mountain West","Mountain West","2021-10-11",8,-29,4,4,-3.66101522947865,-4.0843266165142,-6.41868103560315,3.47071196570901,22.5813189643968,22.5813189643968,"EB_features"
2021,"401310720",7,"2021-10-16 23:00:00",FALSE,2439,328,"Mountain West","Mountain West","2021-10-11",8,-4,4,4,-9.8290103956775,-12.0293422644877,-0.0513296822517271,3.47071196570901,3.94867031774827,3.94867031774827,"EB_features"
2021,"401282110",7,"2021-10-16 23:30:00",FALSE,2633,145,"SEC","SEC","2021-10-11",8,-5,5,4,-3.32533283464779,3.27679155510033,-1.91336438642432,3.47071196570901,3.08663561357568,3.08663561357568,"EB_features"
2021,"401282658",7,"2021-10-16 23:30:00",FALSE,103,152,"ACC","ACC","2021-10-11",8,-26,4,4,-0.472962100331364,1.32704921205645,0.44585981652996,3.47071196570901,26.44585981653,26.44585981653,"EB_features"
2021,"401287922",7,"2021-10-16 23:30:00",FALSE,2306,66,"Big 12","Big 12","2021-10-11",8,-13,4,4,0.981345287121864,9.94102346684575,-6.14439868014301,3.47071196570901,6.85560131985699,6.85560131985699,"EB_features"
2021,"401287923",7,"2021-10-16 23:30:00",FALSE,201,2628,"Big 12","Big 12","2021-10-11",8,21,5,4,14.6597753678614,7.40688559880539,9.66249824292264,3.47071196570901,-11.3375017570774,11.3375017570774,"EB_features"
2021,"401309873",7,"2021-10-16 23:30:00",FALSE,265,24,"Pac-12","Pac-12","2021-10-11",8,3,5,6,-0.673454138029039,-0.445733767028505,-1.58821743413821,3.47071196570901,-4.58821743413821,4.58821743413821,"EB_features"
2021,"401282826",7,"2021-10-17",FALSE,275,349,"Big Ten","FBS Independents","2021-10-11",8,6,5,5,5.70742342439544,5.25196622703032,3.20351725480483,3.47071196570901,-2.79648274519517,2.79648274519517,"EB_features"
2021,"401309874",7,"2021-10-17 00:30:00",FALSE,264,26,"Pac-12","Pac-12","2021-10-11",8,-7,4,5,4.86193254209079,5.01575859670998,3.36738257443807,3.47071196570901,10.3673825744381,10.3673825744381,"EB_features"
2021,"401282230",7,"2021-10-17 01:00:00",FALSE,2638,2348,"Conference USA","Conference USA","2021-10-11",8,16,5,4,-7.76224323612962,-6.96483888832467,2.10073143134076,3.47071196570901,-13.8992685686592,13.8992685686592,"EB_features"
2021,"401310718",7,"2021-10-17 01:00:00",FALSE,68,2005,"Mountain West","Mountain West","2021-10-11",8,-7,6,5,2.90610370858576,6.50989938825096,1.92548628020701,3.47071196570901,8.92548628020701,8.92548628020701,"EB_features"
2021,"401309876",7,"2021-10-17 02:00:00",FALSE,254,9,"Pac-12","Pac-12","2021-10-11",8,14,3,5,0.542388291949964,7.37127800899634,-6.05830373818724,3.47071196570901,-20.0583037381872,20.0583037381872,"EB_features"
2021,"401310722",7,"2021-10-17 02:30:00",FALSE,2440,62,"Mountain West","Mountain West","2021-10-11",8,17,3,5,3.8387259755377,1.06864826143635,11.3933042903275,3.47071196570901,-5.60669570967252,5.60669570967252,"EB_features"
2021,"401309623",8,"2021-10-20 23:30:00",FALSE,2026,324,"Sun Belt","Sun Belt","2021-10-18",9,3,5,5,1.9454458581554,7.11547226285526,-6.33163847581287,3.47071196570901,-9.33163847581287,9.33163847581287,"EB_features"
2021,"401282235",8,"2021-10-21 23:30:00",FALSE,2429,2226,"Conference USA","Conference USA","2021-10-18",9,-29,5,5,-5.09415429995196,-2.49573354264194,-5.05529631504319,3.47071196570901,23.9447036849568,23.9447036849568,"EB_features"
2021,"401301025",8,"2021-10-21 23:30:00",FALSE,2567,2655,"American Athletic","American Athletic","2021-10-18",9,29,5,5,-3.82301676220533,1.16072749115295,10.264406068492,3.47071196570901,-18.735593931508,18.735593931508,"EB_features"
2021,"401309624",8,"2021-10-21 23:30:00",FALSE,2032,309,"Sun Belt","Sun Belt","2021-10-18",9,-1,5,5,-4.7860952957586,3.88411473416447,-19.3985303196951,3.47071196570901,-18.3985303196951,18.3985303196951,"EB_features"
2021,"401310729",8,"2021-10-22 03:00:00",FALSE,2439,23,"Mountain West","Mountain West","2021-10-18",9,-7,5,6,-9.8290103956775,2.28699164444143,-4.54639078906785,3.47071196570901,2.45360921093215,2.45360921093215,"EB_features"
2021,"401282239",8,"2021-10-22 22:00:00",FALSE,41,2393,"FBS Independents","Conference USA","2021-10-18",9,-31,6,5,-8.57858041221397,-8.46632294544231,-6.18522006104832,3.47071196570901,24.8147799389517,24.8147799389517,"EB_features"
2021,"401301026",8,"2021-10-22 23:00:00",FALSE,2116,235,"American Athletic","American Athletic","2021-10-18",9,17,5,6,-1.41789586201963,-2.51970391291573,5.14352870362685,3.47071196570901,-11.8564712963731,11.8564712963731,"EB_features"
2021,"401310725",8,"2021-10-23 01:30:00",FALSE,328,36,"Mountain West","Mountain West","2021-10-18",9,2,5,5,-12.0293422644877,-4.0843266165142,-6.93713076574193,3.47071196570901,-8.93713076574193,8.93713076574193,"EB_features"
2021,"401309877",8,"2021-10-23 02:30:00",FALSE,12,264,"Pac-12","Pac-12","2021-10-18",9,-5,5,4,-11.7873922556592,4.86193254209079,-19.4865023803072,3.47071196570901,-14.4865023803072,14.4865023803072,"EB_features"
2021,"401282662",8,"2021-10-23 16:00:00",FALSE,349,154,"FBS Independents","ACC","2021-10-18",9,-14,5,5,5.25196622703032,2.71423195078509,1.35738048854654,3.47071196570901,15.3573804885465,15.3573804885465,"EB_features"
2021,"401282663",8,"2021-10-23 16:00:00",FALSE,52,113,"ACC","FBS Independents","2021-10-18",9,56,5,6,-0.744521480158218,-13.6711221968781,24.8252596071153,3.47071196570901,-31.1747403928847,31.1747403928847,"EB_features"
2021,"401282717",8,"2021-10-23 16:00:00",FALSE,213,356,"Big Ten","Big Ten","2021-10-18",9,-2,5,7,8.64900941751815,-8.94468489327399,26.6260146201668,3.47071196570901,28.6260146201668,28.6260146201668,"EB_features"
2021,"401282779",8,"2021-10-23 16:00:00",FALSE,130,77,"Big Ten","Big Ten","2021-10-18",9,26,6,5,3.30988414179218,-2.80482486823813,26.3563147077545,3.47071196570901,0.356314707754528,0.356314707754528,"EB_features"
2021,"401287926",8,"2021-10-23 16:00:00",FALSE,2305,201,"Big 12","Big 12","2021-10-18",9,-12,5,6,-7.1628561884684,14.6597753678614,-28.8655613083782,3.47071196570901,-16.8655613083782,16.8655613083782,"EB_features"
2021,"401287928",8,"2021-10-23 16:00:00",FALSE,2641,2306,"Big 12","Big 12","2021-10-18",9,-1,6,5,-4.40861755307493,0.981345287121864,-2.87403114697423,3.47071196570901,-1.87403114697423,1.87403114697423,"EB_features"
2021,"401301027",8,"2021-10-23 16:00:00",FALSE,2426,2132,"American Athletic","American Athletic","2021-10-18",9,-7,6,5,-5.29596051212239,7.61695090820875,-26.6227160664633,3.47071196570901,-19.6227160664633,19.6227160664633,"EB_features"
2021,"401309574",8,"2021-10-23 16:00:00",FALSE,189,2199,"Mid-American","Mid-American","2021-10-18",9,-31,6,6,-14.6577042853372,2.13322456210376,-10.9473699927586,3.47071196570901,20.0526300072414,20.0526300072414,"EB_features"
2021,"401309577",8,"2021-10-23 16:00:00",FALSE,2117,2459,"Mid-American","Mid-American","2021-10-18",9,-1,6,6,1.27486102193852,-4.31324802836936,4.28816303712064,3.47071196570901,5.28816303712064,5.28816303712064,"EB_features"
2021,"401282668",8,"2021-10-23 16:30:00",FALSE,259,183,"ACC","ACC","2021-10-18",9,-5,5,6,2.03362599757901,-5.62735692403098,6.78809830994488,3.47071196570901,11.7880983099449,11.7880983099449,"EB_features"
2021,"401309576",8,"2021-10-23 17:00:00",FALSE,195,2309,"Mid-American","Mid-American","2021-10-18",9,-7,6,6,-3.17677857646065,-0.0671504621243617,0.573706827124823,3.47071196570901,7.57370682712482,7.57370682712482,"EB_features"
2021,"401309625",8,"2021-10-23 18:00:00",FALSE,2247,326,"Sun Belt","Sun Belt","2021-10-18",9,12,6,5,-1.02113600076747,-5.62888312059343,5.97493906838196,3.47071196570901,-6.02506093161804,6.02506093161804,"EB_features"
2021,"401282821",8,"2021-10-23 19:00:00",FALSE,2509,275,"Big Ten","Big Ten","2021-10-18",9,-17,6,5,0.058771961757641,5.70742342439544,4.15779231054379,3.47071196570901,21.1577923105438,21.1577923105438,"EB_features"
2021,"401282113",8,"2021-10-23 19:30:00",FALSE,145,99,"SEC","SEC","2021-10-18",9,14,5,6,3.27679155510033,5.60745898456427,7.41258607747004,3.47071196570901,-6.58741392252996,6.58741392252996,"EB_features"
2021,"401282238",8,"2021-10-23 19:30:00",FALSE,5,242,"Conference USA","Conference USA","2021-10-18",9,-6,6,5,1.60697571721314,-2.9496763695336,23.5683301676385,3.47071196570901,29.5683301676385,29.5683301676385,"EB_features"
2021,"401282666",8,"2021-10-23 19:30:00",FALSE,221,228,"ACC","ACC","2021-10-18",9,10,5,5,0.364911222214712,16.5360318920798,1.12385593892432,3.47071196570901,-8.87614406107568,8.87614406107568,"EB_features"
2021,"401282767",8,"2021-10-23 19:30:00",FALSE,135,120,"Big Ten","Big Ten","2021-10-18",9,18,6,5,-0.157723426612563,1.0995655793019,10.860578618381,3.47071196570901,-7.13942138161905,7.13942138161905,"EB_features"
2021,"401287925",8,"2021-10-23 19:30:00",FALSE,66,197,"Big 12","Big 12","2021-10-18",9,3,5,5,9.94102346684575,6.25550770921011,9.59072284340367,3.47071196570901,6.59072284340367,6.59072284340367,"EB_features"
2021,"401308838",8,"2021-10-23 19:30:00",FALSE,2050,193,"Mid-American","Mid-American","2021-10-18",9,-7,6,6,5.21934905301766,1.98692118850505,7.6227077458309,3.47071196570901,14.6227077458309,14.6227077458309,"EB_features"
2021,"401309573",8,"2021-10-23 19:30:00",FALSE,2649,2711,"Mid-American","Mid-American","2021-10-18",9,19,6,6,3.97418296811912,2.26153687083892,3.89653071056382,3.47071196570901,-15.1034692894362,15.1034692894362,"EB_features"
2021,"401309575",8,"2021-10-23 19:30:00",FALSE,2006,2084,"Mid-American","Mid-American","2021-10-18",9,-35,6,6,-11.3374944868829,3.23196408663578,-12.7035063058751,3.47071196570901,22.2964936941249,22.2964936941249,"EB_features"
2021,"401309878",8,"2021-10-23 19:30:00",FALSE,25,38,"Pac-12","Pac-12","2021-10-18",9,23,5,5,0.559082346527878,-2.91440312112129,8.347726513275,3.47071196570901,-14.652273486725,14.652273486725,"EB_features"
2021,"401309879",8,"2021-10-23 19:30:00",FALSE,26,2483,"Pac-12","Pac-12","2021-10-18",9,-3,6,5,5.01575859670998,6.78059350929577,2.46615886784235,3.47071196570901,5.46615886784235,5.46615886784235,"EB_features"
2021,"401309881",8,"2021-10-23 19:30:00",FALSE,265,252,"Pac-12","FBS Independents","2021-10-18",9,-2,6,7,-0.673454138029039,10.1994112195118,-4.68101511498209,3.47071196570901,-2.68101511498209,2.68101511498209,"EB_features"
2021,"401310726",8,"2021-10-23 19:30:00",FALSE,2751,167,"Mountain West","Mountain West","2021-10-18",9,-11,5,6,1.58526979291553,-3.66101522947865,17.7303724989425,3.47071196570901,28.7303724989425,28.7303724989425,"EB_features"
2021,"401282115",8,"2021-10-23 20:00:00",FALSE,238,344,"SEC","SEC","2021-10-18",9,-39,6,6,-11.4368310515203,1.06027234795373,-12.9477182909251,3.47071196570901,26.0522817090749,26.0522817090749,"EB_features"
2021,"401282240",8,"2021-10-23 20:00:00",FALSE,249,2335,"Conference USA","FBS Independents","2021-10-18",9,-9,5,6,-11.1720711478912,0.494215573972496,-19.0657703578803,3.47071196570901,-10.0657703578803,10.0657703578803,"EB_features"
2021,"401282664",8,"2021-10-23 20:00:00",FALSE,97,103,"ACC","ACC","2021-10-18",9,14,5,5,-0.287128423095006,-0.472962100331364,5.56156236753702,3.47071196570901,-8.43843763246298,8.43843763246298,"EB_features"
2021,"401301028",8,"2021-10-23 20:00:00",FALSE,248,151,"American Athletic","American Athletic","2021-10-18",9,7,5,5,-2.32824384872026,-1.15033687933892,7.87478002138068,3.47071196570901,0.874780021380676,0.874780021380676,"EB_features"
2021,"401282111",8,"2021-10-23 23:00:00",FALSE,333,2633,"SEC","SEC","2021-10-18",9,28,6,6,23.0654065428922,-3.32533283464779,26.2518720038336,3.47071196570901,-1.74812799616637,1.74812799616637,"EB_features"
2021,"401282236",8,"2021-10-23 23:00:00",FALSE,2229,98,"Conference USA","Conference USA","2021-10-18",9,-15,5,5,-6.39960096415164,-10.7399128349957,-6.86563823950883,3.47071196570901,8.13436176049117,8.13436176049117,"EB_features"
2021,"401282237",8,"2021-10-23 23:00:00",FALSE,2348,2636,"Conference USA","Conference USA","2021-10-18",9,-29,4,6,-6.96483888832467,0.811033965638029,-4.93327108741376,3.47071196570901,24.0667289125862,24.0667289125862,"EB_features"
2021,"401301029",8,"2021-10-23 23:00:00",FALSE,58,218,"American Athletic","American Athletic","2021-10-18",9,20,5,5,-8.85819096710433,-12.4016869791321,8.34538790008706,3.47071196570901,-11.6546120999129,11.6546120999129,"EB_features"
2021,"401309626",8,"2021-10-23 23:00:00",FALSE,2433,6,"Sun Belt","Sun Belt","2021-10-18",9,10,5,5,-11.7907162344869,-5.32199514460791,-10.920156376573,3.47071196570901,-20.920156376573,20.920156376573,"EB_features"
2021,"401310724",8,"2021-10-23 23:00:00",FALSE,2005,21,"Mountain West","Mountain West","2021-10-18",9,-6,5,5,6.50989938825096,1.71375477991808,7.34523880403956,3.47071196570901,13.3452388040396,13.3452388040396,"EB_features"
2021,"401310727",8,"2021-10-23 23:00:00",FALSE,278,2440,"Mountain West","Mountain West","2021-10-18",9,2,6,4,-1.1916679516895,3.8387259755377,2.34154091324769,3.47071196570901,0.341540913247686,0.341540913247686,"EB_features"
2021,"401282114",8,"2021-10-23 23:30:00",FALSE,245,2579,"SEC","SEC","2021-10-18",9,30,7,6,10.1246819310602,-3.93666473408252,18.4988506175401,3.47071196570901,-11.5011493824599,11.5011493824599,"EB_features"
2021,"401282665",8,"2021-10-23 23:30:00",FALSE,2390,152,"ACC","ACC","2021-10-18",9,1,5,5,8.07864162700281,1.32704921205645,-1.58917468304407,3.47071196570901,-2.58917468304407,2.58917468304407,"EB_features"
2021,"401282667",8,"2021-10-23 23:30:00",FALSE,258,59,"ACC","ACC","2021-10-18",9,8,6,5,1.00987365656932,-4.00151326766148,9.86912832664586,3.47071196570901,1.86912832664586,1.86912832664586,"EB_features"
2021,"401282709",8,"2021-10-23 23:30:00",FALSE,87,30,"FBS Independents","Pac-12","2021-10-18",9,15,6,6,8.54038478066369,7.00481137326281,9.47245288240029,3.47071196570901,-5.52754711759971,5.52754711759971,"EB_features"
2021,"401282730",8,"2021-10-23 23:30:00",FALSE,84,194,"Big Ten","Big Ten","2021-10-18",9,-47,5,6,5.43478534249784,15.2273406706156,-17.0858226133476,3.47071196570901,29.9141773866524,29.9141773866524,"EB_features"
2021,"401287927",8,"2021-10-23 23:30:00",FALSE,2628,277,"Big 12","Big 12","2021-10-18",9,-12,5,5,7.40688559880539,3.24943372073509,7.99004133988025,3.47071196570901,19.9900413398802,19.9900413398802,"EB_features"
2021,"401309880",8,"2021-10-23 23:30:00",FALSE,204,254,"Pac-12","Pac-12","2021-10-18",9,8,5,4,-3.68405679341088,0.542388291949964,1.17211298219701,3.47071196570901,-6.82788701780299,6.82788701780299,"EB_features"
2021,"401310728",8,"2021-10-24 03:59:00",FALSE,62,166,"Mountain West","FBS Independents","2021-10-18",9,14,5,6,1.06864826143635,0.551136941560795,12.0798622398157,3.47071196570901,-1.9201377601843,1.9201377601843,"EB_features"
2021,"401301033",9,"2021-10-28 23:30:00",FALSE,151,58,"American Athletic","American Athletic","2021-10-25",10,15,6,6,-1.15033687933892,-8.85819096710433,14.9070659425022,3.47071196570901,-0.0929340574978248,0.0929340574978248,"EB_features"
2021,"401309627",9,"2021-10-28 23:30:00",FALSE,324,2653,"Sun Belt","Sun Belt","2021-10-25",10,7,6,6,7.11547226285526,-0.666958216082802,22.559326547256,3.47071196570901,15.559326547256,15.559326547256,"EB_features"
2021,"401301030",9,"2021-10-29 23:30:00",FALSE,202,2426,"American Athletic","American Athletic","2021-10-25",10,-3,6,7,-1.95977233086799,-5.29596051212239,8.30460038931455,3.47071196570901,11.3046003893145,11.3046003893145,"EB_features"
2021,"401310734",9,"2021-10-30 02:00:00",FALSE,2440,2439,"Mountain West","Mountain West","2021-10-25",10,31,6,6,3.8387259755377,-9.8290103956775,21.983339753727,3.47071196570901,-9.016660246273,9.016660246273,"EB_features"
2021,"401282671",9,"2021-10-30 16:00:00",FALSE,59,259,"ACC","ACC","2021-10-25",10,-9,6,6,-4.00151326766148,2.03362599757901,0.178472317193209,3.47071196570901,9.17847231719321,9.17847231719321,"EB_features"
2021,"401282674",9,"2021-10-30 16:00:00",FALSE,221,2390,"ACC","ACC","2021-10-25",10,-4,6,6,0.364911222214712,8.07864162700281,11.0143621327106,3.47071196570901,15.0143621327106,15.0143621327106,"EB_features"
2021,"401282719",9,"2021-10-30 16:00:00",FALSE,356,164,"Big Ten","Big Ten","2021-10-25",10,-6,8,6,-8.94468489327399,-3.08304447650851,-0.542544196415595,3.47071196570901,5.4574558035844,5.4574558035844,"EB_features"
2021,"401282726",9,"2021-10-30 16:00:00",FALSE,120,84,"Big Ten","Big Ten","2021-10-25",10,3,6,6,1.0995655793019,5.43478534249784,2.0603521753013,3.47071196570901,-0.939647824698695,0.939647824698695,"EB_features"
2021,"401282763",9,"2021-10-30 16:00:00",FALSE,275,2294,"Big Ten","Big Ten","2021-10-25",10,20,7,7,5.70742342439544,8.90130863693626,-2.18942988263055,3.47071196570901,-22.1894298826305,22.1894298826305,"EB_features"
2021,"401282777",9,"2021-10-30 16:00:00",FALSE,127,130,"Big Ten","Big Ten","2021-10-25",10,4,6,7,-6.07380558154806,3.30988414179218,-7.27670684444621,3.47071196570901,-11.2767068444462,11.2767068444462,"EB_features"
2021,"401286297",9,"2021-10-30 16:00:00",FALSE,2335,113,"FBS Independents","FBS Independents","2021-10-25",10,45,7,7,0.494215573972496,-13.6711221968781,31.6898752700885,3.47071196570901,-13.3101247299115,13.3101247299115,"EB_features"
2021,"401287929",9,"2021-10-30 16:00:00",FALSE,239,251,"Big 12","Big 12","2021-10-25",10,7,6,7,-0.767648251416817,10.0206100465215,-1.840972425331,3.47071196570901,-8.840972425331,8.840972425331,"EB_features"
2021,"401301031",9,"2021-10-30 16:00:00",FALSE,218,2116,"American Athletic","American Athletic","2021-10-25",10,-42,6,6,-12.4016869791321,-1.41789586201963,-14.4720587546662,3.47071196570901,27.5279412453338,27.5279412453338,"EB_features"
2021,"401301032",9,"2021-10-30 16:00:00",FALSE,2655,2132,"American Athletic","American Athletic","2021-10-25",10,-19,6,6,1.16072749115295,7.61695090820875,-21.1977638454492,3.47071196570901,-2.19776384544919,2.19776384544919,"EB_features"
2021,"401309578",9,"2021-10-30 16:00:00",FALSE,2084,189,"Mid-American","Mid-American","2021-10-25",10,-12,7,7,3.23196408663578,-14.6577042853372,18.7202746270653,3.47071196570901,30.7202746270653,30.7202746270653,"EB_features"
2021,"401309631",9,"2021-10-30 16:00:00",FALSE,309,326,"Sun Belt","Sun Belt","2021-10-25",10,45,6,6,3.88411473416447,-5.62888312059343,20.0632563068951,3.47071196570901,-24.9367436931049,24.9367436931049,"EB_features"
2021,"401282246",9,"2021-10-30 18:00:00",FALSE,242,249,"Conference USA","Conference USA","2021-10-25",10,-6,6,6,-2.9496763695336,-11.1720711478912,6.07614630164184,3.47071196570901,12.0761463016418,12.0761463016418,"EB_features"
2021,"401287933",9,"2021-10-30 18:00:00",FALSE,277,66,"Big 12","Big 12","2021-10-25",10,7,6,6,3.24943372073509,9.94102346684575,-9.76916258916962,3.47071196570901,-16.7691625891696,16.7691625891696,"EB_features"
2021,"401282119",9,"2021-10-30 19:00:00",FALSE,238,142,"SEC","SEC","2021-10-25",10,-9,7,6,-11.4368310515203,-2.53765815234682,-7.36455758330312,3.47071196570901,1.63544241669688,1.63544241669688,"EB_features"
2021,"401309885",9,"2021-10-30 19:00:00",FALSE,9,265,"Pac-12","Pac-12","2021-10-25",10,-13,6,7,7.37127800899634,-0.673454138029039,15.3111884434885,3.47071196570901,28.3111884434885,28.3111884434885,"EB_features"
2021,"401310731",9,"2021-10-30 19:00:00",FALSE,328,62,"Mountain West","Mountain West","2021-10-25",10,20,6,6,-12.0293422644877,1.06864826143635,-0.748859020509713,3.47071196570901,-20.7488590205097,20.7488590205097,"EB_features"
2021,"401282117",9,"2021-10-30 19:30:00",TRUE,57,61,"SEC","SEC","2021-10-25",10,-27,7,7,7.59596666981328,16.6784778180279,-14.777388488645,3.47071196570901,12.222611511355,12.222611511355,"EB_features"
2021,"401282242",9,"2021-10-30 19:30:00",FALSE,276,2229,"Conference USA","Conference USA","2021-10-25",10,38,6,6,-0.918638343031635,-6.39960096415164,22.7323978575679,3.47071196570901,-15.2676021424321,15.2676021424321,"EB_features"
2021,"401282244",9,"2021-10-30 19:30:00",FALSE,295,2348,"Conference USA","Conference USA","2021-10-25",10,3,6,6,-9.22904974192734,-6.96483888832467,-0.939849872060004,3.47071196570901,-3.93984987206,3.93984987206,"EB_features"
2021,"401282245",9,"2021-10-30 19:30:00",FALSE,2393,2572,"Conference USA","Conference USA","2021-10-25",10,25,6,6,-8.46632294544231,-11.2679703480379,15.4787827476248,3.47071196570901,-9.52121725237525,9.52121725237525,"EB_features"
2021,"401282670",9,"2021-10-30 19:30:00",FALSE,228,52,"ACC","ACC","2021-10-25",10,10,6,6,16.5360318920798,-0.744521480158218,11.6104349929724,3.47071196570901,1.61043499297245,1.61043499297245,"EB_features"
2021,"401282675",9,"2021-10-30 19:30:00",FALSE,183,103,"ACC","ACC","2021-10-25",10,15,7,6,-5.62735692403098,-0.472962100331364,5.31119036242304,3.47071196570901,-9.68880963757696,9.68880963757696,"EB_features"
2021,"401282795",9,"2021-10-30 19:30:00",FALSE,77,135,"Big Ten","Big Ten","2021-10-25",10,-27,6,7,-2.80482486823813,-0.157723426612563,-7.39111453402848,3.47071196570901,19.6088854659715,19.6088854659715,"EB_features"
2021,"401282801",9,"2021-10-30 19:30:00",FALSE,158,2509,"Big Ten","Big Ten","2021-10-25",10,-5,7,7,1.3931048974137,0.058771961757641,6.17574965079989,3.47071196570901,11.1757496507999,11.1757496507999,"EB_features"
2021,"401287930",9,"2021-10-30 19:30:00",FALSE,2306,2628,"Big 12","Big 12","2021-10-25",10,19,6,6,0.981345287121864,7.40688559880539,5.50143426638586,3.47071196570901,-13.4985657336141,13.4985657336141,"EB_features"
2021,"401287931",9,"2021-10-30 19:30:00",FALSE,201,2641,"Big 12","Big 12","2021-10-25",10,31,7,7,14.6597753678614,-4.40861755307493,15.5616937256534,3.47071196570901,-15.4383062743466,15.4383062743466,"EB_features"
2021,"401309628",9,"2021-10-30 19:30:00",FALSE,2026,2433,"Sun Belt","Sun Belt","2021-10-25",10,31,6,6,1.9454458581554,-11.7907162344869,22.9639094847654,3.47071196570901,-8.03609051523458,8.03609051523458,"EB_features"
2021,"401309884",9,"2021-10-30 19:30:00",FALSE,2483,38,"Pac-12","Pac-12","2021-10-25",10,23,6,6,6.78059350929577,-2.91440312112129,19.6359255912229,3.47071196570901,-3.36407440877711,3.36407440877711,"EB_features"
2021,"401282241",9,"2021-10-30 20:00:00",FALSE,98,2429,"Conference USA","Conference USA","2021-10-25",10,32,6,6,-10.7399128349957,-5.09415429995196,8.90953040519624,3.47071196570901,-23.0904695948038,23.0904695948038,"EB_features"
2021,"401282676",9,"2021-10-30 20:00:00",FALSE,154,150,"ACC","ACC","2021-10-25",10,38,6,6,2.71423195078509,-10.0190481072341,27.6736921430888,3.47071196570901,-10.3263078569112,10.3263078569112,"EB_features"
2021,"401310732",9,"2021-10-30 20:00:00",FALSE,23,2751,"Mountain West","Mountain West","2021-10-25",10,6,7,6,2.28699164444143,1.58526979291553,1.06012996999238,3.47071196570901,-4.93987003000762,4.93987003000762,"EB_features"
2021,"401309629",9,"2021-10-30 21:00:00",FALSE,6,2032,"Sun Belt","Sun Belt","2021-10-25",10,18,6,6,-5.32199514460791,-4.7860952957586,12.1081190268921,3.47071196570901,-5.89188097310792,5.89188097310792,"EB_features"
2021,"401282243",9,"2021-10-30 22:00:00",FALSE,2226,2638,"Conference USA","Conference USA","2021-10-25",10,3,6,6,-2.49573354264194,-7.76224323612962,11.4248188743707,3.47071196570901,8.42481887437072,8.42481887437072,"EB_features"
2021,"401309630",9,"2021-10-30 22:00:00",FALSE,290,2247,"Sun Belt","Sun Belt","2021-10-25",10,-7,6,7,0.841709202514688,-1.02113600076747,2.58684856028943,3.47071196570901,9.58684856028943,9.58684856028943,"EB_features"
2021,"401282116",9,"2021-10-30 23:00:00",FALSE,2,145,"SEC","SEC","2021-10-25",10,11,6,6,4.10878852754759,3.27679155510033,1.69047731266427,3.47071196570901,-9.30952268733573,9.30952268733573,"EB_features"
2021,"401282118",9,"2021-10-30 23:00:00",FALSE,344,96,"SEC","SEC","2021-10-25",10,14,7,6,1.06027234795373,2.49150113239394,-1.55550076416768,3.47071196570901,-15.5555007641677,15.5555007641677,"EB_features"
2021,"401287932",9,"2021-10-30 23:00:00",FALSE,197,2305,"Big 12","Big 12","2021-10-25",10,52,6,6,6.25550770921011,-7.1628561884684,31.5618415462764,3.47071196570901,-20.4381584537236,20.4381584537236,"EB_features"
2021,"401301034",9,"2021-10-30 23:00:00",FALSE,248,2567,"American Athletic","American Athletic","2021-10-25",10,7,6,6,-2.32824384872026,-3.82301676220533,5.43920212572123,3.47071196570901,-1.56079787427877,1.56079787427877,"EB_features"
2021,"401309882",9,"2021-10-30 23:00:00",FALSE,25,204,"Pac-12","Pac-12","2021-10-25",10,14,6,6,0.559082346527878,-3.68405679341088,1.13907042569247,3.47071196570901,-12.8609295743075,12.8609295743075,"EB_features"
2021,"401309886",9,"2021-10-30 23:00:00",FALSE,30,12,"Pac-12","Pac-12","2021-10-25",10,7,7,6,7.00481137326281,-11.7873922556592,22.5680161267468,3.47071196570901,15.5680161267468,15.5680161267468,"EB_features"
2021,"401310730",9,"2021-10-30 23:00:00",FALSE,36,68,"Mountain West","Mountain West","2021-10-25",10,-9,6,7,-4.0843266165142,2.90610370858576,-2.12389568656586,3.47071196570901,6.87610431343414,6.87610431343414,"EB_features"
2021,"401282672",9,"2021-10-30 23:30:00",FALSE,152,97,"ACC","ACC","2021-10-25",10,15,6,6,1.32704921205645,-0.287128423095006,7.80472477849753,3.47071196570901,-7.19527522150247,7.19527522150247,"EB_features"
2021,"401282673",9,"2021-10-30 23:30:00",FALSE,87,153,"FBS Independents","ACC","2021-10-25",10,10,7,7,8.54038478066369,6.41421545436958,9.75335597326151,3.47071196570901,-0.246644026738487,0.246644026738487,"EB_features"
2021,"401282814",9,"2021-10-30 23:30:00",FALSE,194,213,"Big Ten","Big Ten","2021-10-25",10,9,7,6,15.2273406706156,8.64900941751815,15.2506376949175,3.47071196570901,6.2506376949175,6.2506376949175,"EB_features"
2021,"401309887",9,"2021-10-31 02:00:00",FALSE,254,26,"Pac-12","Pac-12","2021-10-25",10,20,6,8,0.542388291949964,5.01575859670998,1.79916314977116,3.47071196570901,-18.2008368502288,18.2008368502288,"EB_features"
2021,"401282669",9,"2021-10-31 02:15:00",FALSE,252,258,"FBS Independents","ACC","2021-10-25",10,17,8,7,10.1994112195118,1.00987365656932,4.72460653155775,3.47071196570901,-12.2753934684422,12.2753934684422,"EB_features"
2021,"401309883",9,"2021-10-31 02:30:00",FALSE,24,264,"Pac-12","Pac-12","2021-10-25",10,-7,7,6,-0.445733767028505,4.86193254209079,-0.640405100651587,3.47071196570901,6.35959489934841,6.35959489934841,"EB_features"
2021,"401310733",9,"2021-10-31 02:30:00",FALSE,21,278,"Mountain West","Mountain West","2021-10-25",10,-10,6,7,1.71375477991808,-1.1916679516895,5.59623528959922,3.47071196570901,15.5962352895992,15.5962352895992,"EB_features"
2021,"401309579",10,"2021-11-02 23:00:00",FALSE,2006,2050,"Mid-American","Mid-American","2021-11-01",11,-6,7,7,-11.3374944868829,5.21934905301766,-19.8325759252002,3.47071196570901,-13.8325759252002,13.8325759252002,"EB_features"
2021,"401308839",10,"2021-11-02 23:30:00",FALSE,195,193,"Mid-American","Mid-American","2021-11-01",11,2,7,7,-3.17677857646065,1.98692118850505,-8.20214201515192,3.47071196570901,-10.2021420151519,10.2021420151519,"EB_features"
2021,"401309580",10,"2021-11-02 23:30:00",FALSE,2649,2199,"Mid-American","Mid-American","2021-11-01",11,-3,7,7,3.97418296811912,2.13322456210376,6.68270547867593,3.47071196570901,9.68270547867593,9.68270547867593,"EB_features"
2021,"401309581",10,"2021-11-03 23:00:00",FALSE,2711,2117,"Mid-American","Mid-American","2021-11-01",11,-12,7,7,2.26153687083892,1.27486102193852,10.5230906604579,3.47071196570901,22.5230906604579,22.5230906604579,"EB_features"
2021,"401309582",10,"2021-11-03 23:00:00",FALSE,2309,2459,"Mid-American","Mid-American","2021-11-01",11,5,7,7,-0.0671504621243617,-4.31324802836936,1.6098756466553,3.47071196570901,-3.3901243533447,3.3901243533447,"EB_features"
2021,"401309632",10,"2021-11-04 23:30:00",FALSE,309,2247,"Sun Belt","Sun Belt","2021-11-01",11,4,7,8,3.88411473416447,-1.02113600076747,17.9314187334211,3.47071196570901,13.9314187334211,13.9314187334211,"EB_features"
2021,"401282677",10,"2021-11-05 23:30:00",FALSE,103,259,"ACC","ACC","2021-11-01",11,14,7,7,-0.472962100331364,2.03362599757901,-1.89400100479782,3.47071196570901,-15.8940010047978,15.8940010047978,"EB_features"
2021,"401309888",10,"2021-11-06 02:30:00",FALSE,24,254,"Pac-12","Pac-12","2021-11-01",11,-45,7,6,-0.445733767028505,0.542388291949964,-1.14789813897345,3.47071196570901,43.8521018610266,43.8521018610266,"EB_features"
2021,"401310253",10,"2021-11-06 15:30:00",TRUE,2005,349,"Mountain West","FBS Independents","2021-11-01",11,-7,7,7,6.50989938825096,5.25196622703032,3.39162063076701,3.47071196570901,10.391620630767,10.391620630767,"EB_features"
2021,"401282122",10,"2021-11-06 16:00:00",FALSE,61,142,"SEC","SEC","2021-11-01",11,37,8,7,16.6784778180279,-2.53765815234682,39.1151717763214,3.47071196570901,2.1151717763214,2.1151717763214,"EB_features"
2021,"401282124",10,"2021-11-06 16:00:00",FALSE,145,2335,"SEC","FBS Independents","2021-11-01",11,13,7,8,3.27679155510033,0.494215573972496,8.08675350973586,3.47071196570901,-4.91324649026414,4.91324649026414,"EB_features"
2021,"401282250",10,"2021-11-06 16:00:00",FALSE,5,2348,"Conference USA","Conference USA","2021-11-01",11,14,7,7,1.60697571721314,-6.96483888832467,11.9279866921154,3.47071196570901,-2.07201330788459,2.07201330788459,"EB_features"
2021,"401282678",10,"2021-11-06 16:00:00",FALSE,150,221,"ACC","ACC","2021-11-01",11,-25,7,7,-10.0190481072341,0.364911222214712,-20.3886172573466,3.47071196570901,4.61138274265339,4.61138274265339,"EB_features"
2021,"401282682",10,"2021-11-06 16:00:00",FALSE,153,154,"ACC","ACC","2021-11-01",11,3,8,7,6.41421545436958,2.71423195078509,-2.64759664618294,3.47071196570901,-5.64759664618294,5.64759664618294,"EB_features"
2021,"401282720",10,"2021-11-06 16:00:00",FALSE,135,356,"Big Ten","Big Ten","2021-11-01",11,-8,8,9,-0.157723426612563,-8.94468489327399,15.3454025376405,3.47071196570901,23.3454025376405,23.3454025376405,"EB_features"
2021,"401282799",10,"2021-11-06 16:00:00",FALSE,158,194,"Big Ten","Big Ten","2021-11-01",11,-9,8,8,1.3931048974137,15.2273406706156,-13.90638371326,3.47071196570901,-4.90638371326002,4.90638371326002,"EB_features"
2021,"401287935",10,"2021-11-06 16:00:00",FALSE,2305,2306,"Big 12","Big 12","2021-11-01",11,-25,7,7,-7.1628561884684,0.981345287121864,-22.8677387175971,3.47071196570901,2.13226128240293,2.13226128240293,"EB_features"
2021,"401301039",10,"2021-11-06 16:00:00",FALSE,235,2567,"American Athletic","American Athletic","2021-11-01",11,3,7,7,-2.51970391291573,-3.82301676220533,-3.51312776609092,3.47071196570901,-6.51312776609092,6.51312776609092,"EB_features"
2021,"401282681",10,"2021-11-06 16:30:00",FALSE,2390,59,"ACC","ACC","2021-11-01",11,3,7,7,8.07864162700281,-4.00151326766148,10.9941290069593,3.47071196570901,7.99412900695928,7.99412900695928,"EB_features"
2021,"401309633",10,"2021-11-06 18:00:00",FALSE,2032,2026,"Sun Belt","Sun Belt","2021-11-01",11,-34,7,7,-4.7860952957586,1.9454458581554,-16.1163962168531,3.47071196570901,17.8836037831469,17.8836037831469,"EB_features"
2021,"401282252",10,"2021-11-06 19:00:00",FALSE,2572,249,"Conference USA","Conference USA","2021-11-01",11,-24,7,7,-11.2679703480379,-11.1720711478912,-0.618771275919728,3.47071196570901,23.3812287240803,23.3812287240803,"EB_features"
2021,"401301035",10,"2021-11-06 19:00:00",FALSE,151,218,"American Athletic","American Athletic","2021-11-01",11,42,7,7,-1.15033687933892,-12.4016869791321,25.4522777046629,3.47071196570901,-16.5477222953371,16.5477222953371,"EB_features"
2021,"401309635",10,"2021-11-06 19:00:00",FALSE,326,2433,"Sun Belt","Sun Belt","2021-11-01",11,8,7,7,-5.62888312059343,-11.7907162344869,6.61229795572348,3.47071196570901,-1.38770204427652,1.38770204427652,"EB_features"
2021,"401309889",10,"2021-11-06 19:00:00",FALSE,12,25,"Pac-12","Pac-12","2021-11-01",11,7,7,7,-11.7873922556592,0.559082346527878,-11.2909165038967,3.47071196570901,-18.2909165038967,18.2909165038967,"EB_features"
2021,"401282126",10,"2021-11-06 19:30:00",FALSE,245,2,"SEC","SEC","2021-11-01",11,17,8,7,10.1246819310602,4.10878852754759,5.48237409877567,3.47071196570901,-11.5176259012243,11.5176259012243,"EB_features"
2021,"401282247",10,"2021-11-06 19:30:00",FALSE,2429,242,"Conference USA","Conference USA","2021-11-01",11,7,7,7,-5.09415429995196,-2.9496763695336,6.65260620529248,3.47071196570901,-0.347393794707519,0.347393794707519,"EB_features"
2021,"401282251",10,"2021-11-06 19:30:00",FALSE,98,2393,"Conference USA","Conference USA","2021-11-01",11,27,7,7,-10.7399128349957,-8.46632294544231,6.92242849108005,3.47071196570901,-20.07757150892,20.07757150892,"EB_features"
2021,"401282710",10,"2021-11-06 19:30:00",FALSE,87,2426,"FBS Independents","American Athletic","2021-11-01",11,28,8,8,8.54038478066369,-5.29596051212239,23.9153116834499,3.47071196570901,-4.08468831655008,4.08468831655008,"EB_features"
2021,"401282768",10,"2021-11-06 19:30:00",FALSE,120,213,"Big Ten","Big Ten","2021-11-01",11,-17,7,7,1.0995655793019,8.64900941751815,-12.9238511927358,3.47071196570901,4.0761488072642,4.0761488072642,"EB_features"
2021,"401282787",10,"2021-11-06 19:30:00",FALSE,2509,127,"Big Ten","Big Ten","2021-11-01",11,11,8,7,0.058771961757641,-6.07380558154806,2.50961487569801,3.47071196570901,-8.49038512430199,8.49038512430199,"EB_features"
2021,"401282824",10,"2021-11-06 19:30:00",FALSE,164,275,"Big Ten","Big Ten","2021-11-01",11,-49,7,8,-3.08304447650851,5.70742342439544,-7.45590865306455,3.47071196570901,41.5440913469355,41.5440913469355,"EB_features"
2021,"401287936",10,"2021-11-06 19:30:00",FALSE,2628,239,"Big 12","Big 12","2021-11-01",11,2,7,7,7.40688559880539,-0.767648251416817,-2.56840255199638,3.47071196570901,-4.56840255199638,4.56840255199638,"EB_features"
2021,"401287937",10,"2021-11-06 19:30:00",FALSE,277,197,"Big 12","Big 12","2021-11-01",11,-21,7,7,3.24943372073509,6.25550770921011,-5.06297210465278,3.47071196570901,15.9370278953472,15.9370278953472,"EB_features"
2021,"401301037",10,"2021-11-06 19:30:00",FALSE,2132,202,"American Athletic","American Athletic","2021-11-01",11,8,7,7,7.61695090820875,-1.95977233086799,25.6663665934415,3.47071196570901,17.6663665934415,17.6663665934415,"EB_features"
2021,"401309636",10,"2021-11-06 19:30:00",FALSE,2653,6,"Sun Belt","Sun Belt","2021-11-01",11,7,7,7,-0.666958216082802,-5.32199514460791,2.60918545718718,3.47071196570901,-4.39081454281282,4.39081454281282,"EB_features"
2021,"401310736",10,"2021-11-06 19:30:00",FALSE,2751,36,"Mountain West","Mountain West","2021-11-01",11,14,7,7,1.58526979291553,-4.0843266165142,0.855559262665592,3.47071196570901,-13.1444407373344,13.1444407373344,"EB_features"
2021,"401282121",10,"2021-11-06 20:00:00",FALSE,8,344,"SEC","SEC","2021-11-01",11,3,7,8,-2.60501662066374,1.06027234795373,4.58728306294922,3.47071196570901,1.58728306294922,1.58728306294922,"EB_features"
2021,"401282679",10,"2021-11-06 20:00:00",FALSE,52,152,"ACC","ACC","2021-11-01",11,-14,7,7,-0.744521480158218,1.32704921205645,-0.810547834921594,3.47071196570901,13.1894521650784,13.1894521650784,"EB_features"
2021,"401301036",10,"2021-11-06 20:00:00",FALSE,2116,2655,"American Athletic","American Athletic","2021-11-01",11,4,7,7,-1.41789586201963,1.16072749115295,12.3067246762798,3.47071196570901,8.30672467627979,8.30672467627979,"EB_features"
2021,"401310738",10,"2021-11-06 20:00:00",FALSE,166,328,"FBS Independents","Mountain West","2021-11-01",11,-22,7,7,0.551136941560795,-12.0293422644877,-2.28539118945087,3.47071196570901,19.7146088105491,19.7146088105491,"EB_features"
2021,"401282249",10,"2021-11-06 22:00:00",FALSE,2226,276,"Conference USA","Conference USA","2021-11-01",11,-15,7,7,-2.49573354264194,-0.918638343031635,-0.254783338606439,3.47071196570901,14.7452166613936,14.7452166613936,"EB_features"
2021,"401309634",10,"2021-11-06 22:00:00",FALSE,290,324,"Sun Belt","Sun Belt","2021-11-01",11,-20,7,7,0.841709202514688,7.11547226285526,-16.0269567856255,3.47071196570901,3.97304321437455,3.97304321437455,"EB_features"
2021,"401282120",10,"2021-11-06 23:00:00",FALSE,333,99,"SEC","SEC","2021-11-01",11,6,7,7,23.0654065428922,5.60745898456427,25.4526096950871,3.47071196570901,19.4526096950871,19.4526096950871,"EB_features"
2021,"401282123",10,"2021-11-06 23:00:00",FALSE,96,2633,"SEC","SEC","2021-11-01",11,-3,7,7,2.49150113239394,-3.32533283464779,6.44250565870665,3.47071196570901,9.44250565870665,9.44250565870665,"EB_features"
2021,"401282248",10,"2021-11-06 23:00:00",FALSE,2229,295,"Conference USA","Conference USA","2021-11-01",11,-23,7,7,-6.39960096415164,-9.22904974192734,-2.65970459112709,3.47071196570901,20.3402954088729,20.3402954088729,"EB_features"
2021,"401282757",10,"2021-11-06 23:00:00",FALSE,77,2294,"Big Ten","Big Ten","2021-11-01",11,-5,7,8,-2.80482486823813,8.90130863693626,-16.6377581360793,3.47071196570901,-11.6377581360793,11.6377581360793,"EB_features"
2021,"401309891",10,"2021-11-06 23:00:00",FALSE,38,204,"Pac-12","Pac-12","2021-11-01",11,3,7,7,-2.91440312112129,-3.68405679341088,-5.33285540262365,3.47071196570901,-8.33285540262365,8.33285540262365,"EB_features"
2021,"401310735",10,"2021-11-06 23:00:00",FALSE,278,68,"Mountain West","Mountain West","2021-11-01",11,-26,7,8,-1.1916679516895,2.90610370858576,-0.655105019869876,3.47071196570901,25.3448949801301,25.3448949801301,"EB_features"
2021,"401310737",10,"2021-11-06 23:00:00",FALSE,167,2439,"Mountain West","Mountain West","2021-11-01",11,-14,7,7,-3.66101522947865,-9.8290103956775,6.80188185491232,3.47071196570901,20.8018818549123,20.8018818549123,"EB_features"
2021,"401282125",10,"2021-11-06 23:30:00",FALSE,2579,57,"SEC","SEC","2021-11-01",11,23,7,8,-3.93666473408252,7.59596666981328,-13.9666260568922,3.47071196570901,-36.9666260568922,36.9666260568922,"EB_features"
2021,"401282680",10,"2021-11-06 23:30:00",FALSE,97,228,"ACC","ACC","2021-11-01",11,-6,7,7,-0.287128423095006,16.5360318920798,-5.49187865516465,3.47071196570901,0.508121344835351,0.508121344835351,"EB_features"
2021,"401282727",10,"2021-11-06 23:30:00",FALSE,130,84,"Big Ten","Big Ten","2021-11-01",11,22,8,7,3.30988414179218,5.43478534249784,20.9226488938272,3.47071196570901,-1.07735110617283,1.07735110617283,"EB_features"
2021,"401287934",10,"2021-11-06 23:30:00",FALSE,66,251,"Big 12","Big 12","2021-11-01",11,23,7,8,9.94102346684575,10.0206100465215,4.79148075411111,3.47071196570901,-18.2085192458889,18.2085192458889,"EB_features"
2021,"401301038",10,"2021-11-06 23:30:00",FALSE,58,248,"American Athletic","American Athletic","2021-11-01",11,-12,7,7,-8.85819096710433,-2.32824384872026,-12.8885725440065,3.47071196570901,-0.888572544006518,0.888572544006518,"EB_features"
2021,"401309890",10,"2021-11-06 23:30:00",FALSE,264,2483,"Pac-12","Pac-12","2021-11-01",11,-10,6,7,4.86193254209079,6.78059350929577,-1.21621216382544,3.47071196570901,8.78378783617456,8.78378783617456,"EB_features"
2021,"401310740",10,"2021-11-07 02:00:00",FALSE,2440,23,"Mountain West","Mountain West","2021-11-01",11,3,7,8,3.8387259755377,2.28699164444143,14.5178897779888,3.47071196570901,11.5178897779888,11.5178897779888,"EB_features"
2021,"401282253",10,"2021-11-07 02:15:00",FALSE,2638,2636,"Conference USA","Conference USA","2021-11-01",11,-21,7,7,-7.76224323612962,0.811033965638029,-7.50655451224138,3.47071196570901,13.4934454877586,13.4934454877586,"EB_features"
2021,"401309892",10,"2021-11-07 02:30:00",FALSE,9,30,"Pac-12","Pac-12","2021-11-01",11,15,7,8,7.37127800899634,7.00481137326281,7.11099377693139,3.47071196570901,-7.88900622306861,7.88900622306861,"EB_features"
2021,"401310739",10,"2021-11-07 03:00:00",FALSE,62,21,"Mountain West","Mountain West","2021-11-01",11,-7,8,6,1.06864826143635,1.71375477991808,-7.59442103182756,3.47071196570901,-0.594421031827562,0.594421031827562,"EB_features"
2021,"401308840",11,"2021-11-10",FALSE,193,2084,"Mid-American","Mid-American","2021-11-08",12,27,8,8,1.98692118850505,3.23196408663578,6.95565504469554,3.47071196570901,-20.0443449553045,20.0443449553045,"EB_features"
2021,"401309584",11,"2021-11-10",FALSE,2711,2006,"Mid-American","Mid-American","2021-11-08",12,5,8,8,2.26153687083892,-11.3374944868829,24.0024221668512,3.47071196570901,19.0024221668512,19.0024221668512,"EB_features"
2021,"401309583",11,"2021-11-10 01:00:00",FALSE,2199,195,"Mid-American","Mid-American","2021-11-08",12,-8,8,8,2.13322456210376,-3.17677857646065,15.9140410244011,3.47071196570901,23.9140410244011,23.9140410244011,"EB_features"
2021,"401309585",11,"2021-11-11",FALSE,189,2649,"Mid-American","Mid-American","2021-11-08",12,-32,8,8,-14.6577042853372,3.97418296811912,-14.2627338722838,3.47071196570901,17.7372661277162,17.7372661277162,"EB_features"
2021,"401309587",11,"2021-11-11",FALSE,2459,2050,"Mid-American","Mid-American","2021-11-08",12,1,8,8,-4.31324802836936,5.21934905301766,-2.45794028056833,3.47071196570901,-3.45794028056833,3.45794028056833,"EB_features"
2021,"401309586",11,"2021-11-11 01:00:00",FALSE,2117,2309,"Mid-American","Mid-American","2021-11-08",12,24,8,8,1.27486102193852,-0.0671504621243617,6.77658087994503,3.47071196570901,-17.223419120055,17.223419120055,"EB_features"
2021,"401282683",11,"2021-11-12 00:30:00",FALSE,221,153,"ACC","ACC","2021-11-08",12,7,8,9,0.364911222214712,6.41421545436958,6.677874464355,3.47071196570901,-0.322125535645004,0.322125535645004,"EB_features"
2021,"401301040",11,"2021-11-12 23:00:00",FALSE,58,2132,"American Athletic","American Athletic","2021-11-08",12,-17,8,8,-8.85819096710433,7.61695090820875,-23.4097248529625,3.47071196570901,-6.4097248529625,6.4097248529625,"EB_features"
2021,"401310742",11,"2021-11-13 02:00:00",FALSE,68,2751,"Mountain West","Mountain West","2021-11-08",12,10,9,8,2.90610370858576,1.58526979291553,14.9070105124167,3.47071196570901,4.90701051241668,4.90701051241668,"EB_features"
2021,"401282127",11,"2021-11-13 17:00:00",FALSE,333,166,"SEC","FBS Independents","2021-11-08",12,56,8,8,23.0654065428922,0.551136941560795,42.2141186890454,3.47071196570901,-13.7858813109546,13.7858813109546,"EB_features"
2021,"401282128",11,"2021-11-13 17:00:00",FALSE,2,344,"SEC","SEC","2021-11-08",12,-9,8,9,4.10878852754759,1.06027234795373,8.12556331929227,3.47071196570901,17.1255633192923,17.1255633192923,"EB_features"
2021,"401282684",11,"2021-11-13 17:00:00",FALSE,228,41,"ACC","FBS Independents","2021-11-08",12,37,8,7,16.5360318920798,-8.57858041221397,37.3688033229693,3.47071196570901,0.368803322969292,0.368803322969292,"EB_features"
2021,"401282687",11,"2021-11-13 17:00:00",FALSE,97,183,"ACC","ACC","2021-11-08",12,38,8,8,-0.287128423095006,-5.62735692403098,5.37831882252249,3.47071196570901,-32.6216811774775,32.6216811774775,"EB_features"
2021,"401282728",11,"2021-11-13 17:00:00",FALSE,84,164,"Big Ten","Big Ten","2021-11-08",12,-35,8,8,5.43478534249784,-3.08304447650851,5.69380410232733,3.47071196570901,40.6938041023273,40.6938041023273,"EB_features"
2021,"401282780",11,"2021-11-13 17:00:00",FALSE,213,130,"Big Ten","Big Ten","2021-11-08",12,-4,8,9,8.64900941751815,3.30988414179218,1.65474159330436,3.47071196570901,5.65474159330436,5.65474159330436,"EB_features"
2021,"401282806",11,"2021-11-13 17:00:00",FALSE,275,77,"Big Ten","Big Ten","2021-11-08",12,28,9,8,5.70742342439544,-2.80482486823813,24.2164227509987,3.47071196570901,-3.78357724900127,3.78357724900127,"EB_features"
2021,"401287938",11,"2021-11-13 17:00:00",FALSE,239,201,"Big 12","Big 12","2021-11-08",12,13,8,8,-0.767648251416817,14.6597753678614,-0.808191790940371,3.47071196570901,-13.8081917909404,13.8081917909404,"EB_features"
2021,"401287939",11,"2021-11-13 17:00:00",FALSE,2306,277,"Big 12","Big 12","2021-11-08",12,17,8,8,0.981345287121864,3.24943372073509,7.8315028775165,3.47071196570901,-9.1684971224835,9.1684971224835,"EB_features"
2021,"401301041",11,"2021-11-13 17:00:00",FALSE,2567,2116,"American Athletic","American Athletic","2021-11-08",12,27,8,8,-3.82301676220533,-1.41789586201963,5.04778429102603,3.47071196570901,-21.952215708974,21.952215708974,"EB_features"
2021,"401301042",11,"2021-11-13 17:00:00",FALSE,235,151,"American Athletic","American Athletic","2021-11-08",12,-1,8,8,-2.51970391291573,-1.15033687933892,-2.78651101579008,3.47071196570901,-1.78651101579008,1.78651101579008,"EB_features"
2021,"401301043",11,"2021-11-13 17:00:00",FALSE,218,248,"American Athletic","American Athletic","2021-11-08",12,-29,8,8,-12.4016869791321,-2.32824384872026,-24.2930994792756,3.47071196570901,4.70690052072442,4.70690052072442,"EB_features"
2021,"401282259",11,"2021-11-13 19:00:00",FALSE,242,98,"Conference USA","Conference USA","2021-11-08",12,-21,8,8,-2.9496763695336,-10.7399128349957,-11.0648229107065,3.47071196570901,9.93517708929354,9.93517708929354,"EB_features"
2021,"401309639",11,"2021-11-13 19:00:00",FALSE,324,2247,"Sun Belt","Sun Belt","2021-11-08",12,-2,8,9,7.11547226285526,-1.02113600076747,20.0974420740637,3.47071196570901,22.0974420740637,22.0974420740637,"EB_features"
2021,"401309896",11,"2021-11-13 19:00:00",FALSE,12,254,"Pac-12","Pac-12","2021-11-08",12,-9,8,8,-11.7873922556592,0.542388291949964,-18.654821708466,3.47071196570901,-9.65482170846599,9.65482170846599,"EB_features"
2021,"401309637",11,"2021-11-13 19:30:00",FALSE,2026,6,"Sun Belt","Sun Belt","2021-11-08",12,24,8,8,1.9454458581554,-5.32199514460791,15.6709728706549,3.47071196570901,-8.32902712934509,8.32902712934509,"EB_features"
2021,"401309640",11,"2021-11-13 20:00:00",FALSE,326,290,"Sun Belt","Sun Belt","2021-11-08",12,-8,8,8,-5.62888312059343,0.841709202514688,0.0551175738379479,3.47071196570901,8.05511757383795,8.05511757383795,"EB_features"
2021,"401282133",11,"2021-11-13 20:30:00",FALSE,2633,61,"SEC","SEC","2021-11-08",12,-24,8,9,-3.32533283464779,16.6784778180279,-20.3702729884691,3.47071196570901,3.62972701153092,3.62972701153092,"EB_features"
2021,"401282254",11,"2021-11-13 20:30:00",FALSE,2348,2429,"Conference USA","Conference USA","2021-11-08",12,10,8,8,-6.96483888832467,-5.09415429995196,7.86453662309983,3.47071196570901,-2.13546337690017,2.13546337690017,"EB_features"
2021,"401282255",11,"2021-11-13 20:30:00",FALSE,2393,2229,"Conference USA","Conference USA","2021-11-08",12,40,8,8,-8.46632294544231,-6.39960096415164,14.9918921501383,3.47071196570901,-25.0081078498617,25.0081078498617,"EB_features"
2021,"401282256",11,"2021-11-13 20:30:00",FALSE,295,2226,"Conference USA","Conference USA","2021-11-08",12,14,8,8,-9.22904974192734,-2.49573354264194,-5.99412764104376,3.47071196570901,-19.9941276410438,19.9941276410438,"EB_features"
2021,"401282257",11,"2021-11-13 20:30:00",FALSE,276,5,"Conference USA","Conference USA","2021-11-08",12,-7,8,8,-0.918638343031635,1.60697571721314,9.21683509352001,3.47071196570901,16.21683509352,16.21683509352,"EB_features"
2021,"401282260",11,"2021-11-13 20:30:00",FALSE,2636,2572,"Conference USA","Conference USA","2021-11-08",12,10,7,8,0.811033965638029,-11.2679703480379,31.6575140714904,3.47071196570901,21.6575140714904,21.6575140714904,"EB_features"
2021,"401282685",11,"2021-11-13 20:30:00",FALSE,52,2390,"ACC","ACC","2021-11-08",12,3,8,8,-0.744521480158218,8.07864162700281,2.2642611189112,3.47071196570901,-0.735738881088803,0.735738881088803,"EB_features"
2021,"401282686",11,"2021-11-13 20:30:00",FALSE,59,103,"ACC","ACC","2021-11-08",12,-11,8,8,-4.00151326766148,-0.472962100331364,2.7782571105073,3.47071196570901,13.7782571105073,13.7782571105073,"EB_features"
2021,"401282689",11,"2021-11-13 20:30:00",FALSE,259,150,"ACC","ACC","2021-11-08",12,31,8,8,2.03362599757901,-10.0190481072341,19.4246167121168,3.47071196570901,-11.5753832878832,11.5753832878832,"EB_features"
2021,"401282762",11,"2021-11-13 20:30:00",FALSE,2294,135,"Big Ten","Big Ten","2021-11-08",12,5,9,9,8.90130863693626,-0.157723426612563,10.3120006214369,3.47071196570901,5.3120006214369,5.3120006214369,"EB_features"
2021,"401282812",11,"2021-11-13 20:30:00",FALSE,194,2509,"Big Ten","Big Ten","2021-11-08",12,28,9,9,15.2273406706156,0.058771961757641,20.2328195543874,3.47071196570901,-7.76718044561263,7.76718044561263,"EB_features"
2021,"401287942",11,"2021-11-13 20:30:00",FALSE,2641,66,"Big 12","Big 12","2021-11-08",12,3,8,8,-4.40861755307493,9.94102346684575,-14.1719405588265,3.47071196570901,-17.1719405588265,17.1719405588265,"EB_features"
2021,"401309641",11,"2021-11-13 20:30:00",FALSE,2653,309,"Sun Belt","Sun Belt","2021-11-08",12,-14,8,8,-0.666958216082802,3.88411473416447,-8.22791556898958,3.47071196570901,5.77208443101042,5.77208443101042,"EB_features"
2021,"401282132",11,"2021-11-13 21:00:00",FALSE,142,2579,"SEC","SEC","2021-11-08",12,3,8,8,-2.53765815234682,-3.93666473408252,-0.342521986436594,3.47071196570901,-3.34252198643659,3.34252198643659,"EB_features"
2021,"401282258",11,"2021-11-13 21:00:00",FALSE,249,2638,"Conference USA","Conference USA","2021-11-08",12,3,8,7,-11.1720711478912,-7.76224323612962,-4.92809098746286,3.47071196570901,-7.92809098746286,7.92809098746286,"EB_features"
2021,"401282771",11,"2021-11-13 21:00:00",FALSE,127,120,"Big Ten","Big Ten","2021-11-08",12,19,8,8,-6.07380558154806,1.0995655793019,13.2197518810741,3.47071196570901,-5.78024811892588,5.78024811892588,"EB_features"
2021,"401301044",11,"2021-11-13 21:00:00",FALSE,2655,202,"American Athletic","American Athletic","2021-11-08",12,-7,8,8,1.16072749115295,-1.95977233086799,0.623232406865463,3.47071196570901,7.62323240686546,7.62323240686546,"EB_features"
2021,"401310745",11,"2021-11-13 21:00:00",FALSE,2439,62,"Mountain West","Mountain West","2021-11-08",12,14,8,8,-9.8290103956775,1.06864826143635,-2.75924993276603,3.47071196570901,-16.759249932766,16.759249932766,"EB_features"
2021,"401309638",11,"2021-11-13 22:00:00",FALSE,2433,2032,"Sun Belt","Sun Belt","2021-11-08",12,-3,8,8,-11.7907162344869,-4.7860952957586,3.37775792874141,3.47071196570901,6.37775792874141,6.37775792874141,"EB_features"
2021,"401309894",11,"2021-11-13 22:30:00",FALSE,204,24,"Pac-12","Pac-12","2021-11-08",12,21,8,9,-3.68405679341088,-0.445733767028505,7.46540660521885,3.47071196570901,-13.5345933947811,13.5345933947811,"EB_features"
2021,"401282131",11,"2021-11-14",FALSE,145,245,"SEC","SEC","2021-11-08",12,10,8,9,3.27679155510033,10.1246819310602,1.00264941996569,3.47071196570901,-8.99735058003431,8.99735058003431,"EB_features"
2021,"401282134",11,"2021-11-14",FALSE,238,96,"SEC","SEC","2021-11-08",12,-17,8,8,-11.4368310515203,2.49150113239394,-21.0891528024208,3.47071196570901,-4.08915280242083,4.08915280242083,"EB_features"
2021,"401309897",11,"2021-11-14",FALSE,264,9,"Pac-12","Pac-12","2021-11-08",12,-5,8,7,4.86193254209079,7.37127800899634,0.144028734084411,3.47071196570901,5.14402873408441,5.14402873408441,"EB_features"
2021,"401310741",11,"2021-11-14",FALSE,36,2005,"Mountain West","Mountain West","2021-11-08",12,-14,8,8,-4.0843266165142,6.50989938825096,-4.60868156013737,3.47071196570901,9.39131843986263,9.39131843986263,"EB_features"
2021,"401310743",11,"2021-11-14",FALSE,278,167,"Mountain West","Mountain West","2021-11-08",12,27,9,8,-1.1916679516895,-3.66101522947865,18.5814321603131,3.47071196570901,-8.41856783968687,8.41856783968687,"EB_features"
2021,"401282130",11,"2021-11-14 00:30:00",FALSE,99,8,"SEC","SEC","2021-11-08",12,-3,8,8,5.60745898456427,-2.60501662066374,4.97704066244501,3.47071196570901,7.97704066244501,7.97704066244501,"EB_features"
2021,"401282688",11,"2021-11-14 00:30:00",FALSE,258,87,"ACC","FBS Independents","2021-11-08",12,-25,8,9,1.00987365656932,8.54038478066369,-5.31902051712501,3.47071196570901,19.680979482875,19.680979482875,"EB_features"
2021,"401282690",11,"2021-11-14 00:30:00",FALSE,154,152,"ACC","ACC","2021-11-08",12,3,8,8,2.71423195078509,1.32704921205645,5.93990907212043,3.47071196570901,2.93990907212043,2.93990907212043,"EB_features"
2021,"401287941",11,"2021-11-14 00:30:00",FALSE,251,2305,"Big 12","Big 12","2021-11-08",12,-1,9,8,10.0206100465215,-7.1628561884684,34.4547363434627,3.47071196570901,35.4547363434627,35.4547363434627,"EB_features"
2021,"401287940",11,"2021-11-14 01:00:00",FALSE,197,2628,"Big 12","Big 12","2021-11-08",12,46,8,8,6.25550770921011,7.40688559880539,14.760014103243,3.47071196570901,-31.239985896757,31.239985896757,"EB_features"
2021,"401309898",11,"2021-11-14 02:00:00",FALSE,26,38,"Pac-12","Pac-12","2021-11-08",12,24,9,8,5.01575859670998,-2.91440312112129,15.929557598457,3.47071196570901,-8.07044240154305,8.07044240154305,"EB_features"
2021,"401309895",11,"2021-11-14 03:30:00",FALSE,2483,265,"Pac-12","Pac-12","2021-11-08",12,14,8,8,6.78059350929577,-0.673454138029039,13.0140797672365,3.47071196570901,-0.985920232763497,0.985920232763497,"EB_features"
2021,"401310744",11,"2021-11-14 03:30:00",FALSE,23,328,"Mountain West","Mountain West","2021-11-08",12,-31,8,8,2.28699164444143,-12.0293422644877,3.0146843285118,3.47071196570901,34.0146843285118,34.0146843285118,"EB_features"
2021,"401310746",11,"2021-11-14 03:30:00",FALSE,21,2440,"Mountain West","Mountain West","2021-11-08",12,2,7,7,1.71375477991808,3.8387259755377,1.27452868552998,3.47071196570901,-0.725471314470021,0.725471314470021,"EB_features"
2021,"401309589",12,"2021-11-17",FALSE,195,2649,"Mid-American","Mid-American","2021-11-15",13,-12,9,9,-3.17677857646065,3.97418296811912,-9.80985435291264,3.47071196570901,2.19014564708736,2.19014564708736,"EB_features"
2021,"401309588",12,"2021-11-17 00:30:00",FALSE,2199,2711,"Mid-American","Mid-American","2021-11-15",13,1,9,9,2.13322456210376,2.26153687083892,5.44118095204166,3.47071196570901,4.44118095204166,4.44118095204166,"EB_features"
2021,"401308841",12,"2021-11-17 01:00:00",FALSE,193,189,"Mid-American","Mid-American","2021-11-15",13,27,9,9,1.98692118850505,-14.6577042853372,20.4814369441374,3.47071196570901,-6.51856305586258,6.51856305586258,"EB_features"
2021,"401309590",12,"2021-11-18",FALSE,2084,2459,"Mid-American","Mid-American","2021-11-15",13,-6,9,9,3.23196408663578,-4.31324802836936,3.30701912358349,3.47071196570901,9.30701912358349,9.30701912358349,"EB_features"
2021,"401309591",12,"2021-11-18",FALSE,2050,2117,"Mid-American","Mid-American","2021-11-15",13,-20,9,9,5.21934905301766,1.27486102193852,6.1240797520212,3.47071196570901,26.1240797520212,26.1240797520212,"EB_features"
2021,"401282691",12,"2021-11-19 00:30:00",FALSE,150,97,"ACC","ACC","2021-11-15",13,-40,9,9,-10.0190481072341,-0.287128423095006,-17.4287273763358,3.47071196570901,22.5712726236642,22.5712726236642,"EB_features"
2021,"401282264",12,"2021-11-20 01:00:00",FALSE,2348,2572,"Conference USA","Conference USA","2021-11-15",13,-16,9,9,-6.96483888832467,-11.2679703480379,16.1865234260513,3.47071196570901,32.1865234260514,32.1865234260514,"EB_features"
2021,"401301045",12,"2021-11-20 02:00:00",FALSE,248,235,"American Athletic","American Athletic","2021-11-15",13,18,9,9,-2.32824384872026,-2.51970391291573,12.5348721849067,3.47071196570901,-5.46512781509327,5.46512781509327,"EB_features"
2021,"401309899",12,"2021-11-20 02:00:00",FALSE,265,12,"Pac-12","Pac-12","2021-11-15",13,26,8,9,-0.673454138029039,-11.7873922556592,14.8552021860222,3.47071196570901,-11.1447978139778,11.1447978139778,"EB_features"
2021,"401310747",12,"2021-11-20 02:00:00",FALSE,2440,2005,"Mountain West","Mountain West","2021-11-15",13,-2,8,8,3.8387259755377,6.50989938825096,1.93977597114297,3.47071196570901,3.93977597114297,3.93977597114297,"EB_features"
2021,"401310751",12,"2021-11-20 04:30:00",FALSE,2439,21,"Mountain West","Mountain West","2021-11-15",13,-8,9,8,-9.8290103956775,1.71375477991808,-11.5955960366551,3.47071196570901,-3.59559603665508,3.59559603665508,"EB_features"
2021,"401282137",12,"2021-11-20 17:00:00",FALSE,96,166,"SEC","FBS Independents","2021-11-15",13,40,8,9,2.49150113239394,0.551136941560795,24.2542961914186,3.47071196570901,-15.7457038085814,15.7457038085814,"EB_features"
2021,"401282263",12,"2021-11-20 17:00:00",FALSE,98,2226,"Conference USA","Conference USA","2021-11-15",13,35,9,9,-10.7399128349957,-2.49573354264194,5.35418332951203,3.47071196570901,-29.645816670488,29.645816670488,"EB_features"
2021,"401282692",12,"2021-11-20 17:00:00",FALSE,103,52,"ACC","ACC","2021-11-15",13,-3,9,9,-0.472962100331364,-0.744521480158218,-0.056578488129075,3.47071196570901,2.94342151187093,2.94342151187093,"EB_features"
2021,"401282693",12,"2021-11-20 17:00:00",FALSE,228,154,"ACC","ACC","2021-11-15",13,21,9,8,16.5360318920798,2.71423195078509,3.50510066817118,3.47071196570901,-17.4948993318288,17.4948993318288,"EB_features"
2021,"401282786",12,"2021-11-20 17:00:00",FALSE,194,127,"Big Ten","Big Ten","2021-11-15",13,49,10,9,15.2273406706156,-6.07380558154806,21.0411893748062,3.47071196570901,-27.9588106251938,27.9588106251938,"EB_features"
2021,"401282808",12,"2021-11-20 17:00:00",TRUE,77,2509,"Big Ten","Big Ten","2021-11-15",13,-18,9,10,-2.80482486823813,0.058771961757641,-13.833939674095,3.47071196570901,4.16606032590496,4.16606032590496,"EB_features"
2021,"401282818",12,"2021-11-20 17:00:00",FALSE,213,164,"Big Ten","Big Ten","2021-11-15",13,28,9,9,8.64900941751815,-3.08304447650851,17.7615299103863,3.47071196570901,-10.2384700896137,10.2384700896137,"EB_features"
2021,"401286305",12,"2021-11-20 17:00:00",FALSE,349,113,"FBS Independents","FBS Independents","2021-11-15",13,16,8,8,5.25196622703032,-13.6711221968781,35.9341597953183,3.47071196570901,19.9341597953183,19.9341597953183,"EB_features"
2021,"401287944",12,"2021-11-20 17:00:00",FALSE,201,66,"Big 12","Big 12","2021-11-15",13,7,9,9,14.6597753678614,9.94102346684575,0.755930293816342,3.47071196570901,-6.24406970618366,6.24406970618366,"EB_features"
2021,"401287947",12,"2021-11-20 17:00:00",FALSE,277,251,"Big 12","Big 12","2021-11-15",13,8,9,9,3.24943372073509,10.0206100465215,-6.17433762613047,3.47071196570901,-14.1743376261305,14.1743376261305,"EB_features"
2021,"401301048",12,"2021-11-20 17:00:00",FALSE,2655,58,"American Athletic","American Athletic","2021-11-15",13,31,9,9,1.16072749115295,-8.85819096710433,6.9918399572025,3.47071196570901,-24.0081600427975,24.0081600427975,"EB_features"
2021,"401309592",12,"2021-11-20 17:00:00",FALSE,2006,2309,"Mid-American","Mid-American","2021-11-15",13,-38,9,9,-11.3374944868829,-0.0671504621243617,-7.41192509680593,3.47071196570901,30.5880749031941,30.5880749031941,"EB_features"
2021,"401309644",12,"2021-11-20 18:00:00",FALSE,324,326,"Sun Belt","Sun Belt","2021-11-15",13,14,9,9,7.11547226285526,-5.62888312059343,26.4060243146966,3.47071196570901,12.4060243146966,12.4060243146966,"EB_features"
2021,"401282721",12,"2021-11-20 19:00:00",FALSE,2294,356,"Big Ten","Big Ten","2021-11-15",13,10,10,10,8.90130863693626,-8.94468489327399,18.0042313564214,3.47071196570901,8.00423135642144,8.00423135642144,"EB_features"
2021,"401309643",12,"2021-11-20 19:00:00",FALSE,2247,2032,"Sun Belt","Sun Belt","2021-11-15",13,8,10,9,-1.02113600076747,-4.7860952957586,14.6896036862655,3.47071196570901,6.68960368626549,6.68960368626549,"EB_features"
2021,"401282697",12,"2021-11-20 19:30:00",FALSE,87,59,"FBS Independents","ACC","2021-11-15",13,55,9,9,8.54038478066369,-4.00151326766148,19.6556805895734,3.47071196570901,-35.3443194104266,35.3443194104266,"EB_features"
2021,"401309903",12,"2021-11-20 20:00:00",FALSE,38,264,"Pac-12","Pac-12","2021-11-15",13,3,8,8,-2.91440312112129,4.86193254209079,-7.19194453296916,3.47071196570901,-10.1919445329692,10.1919445329692,"EB_features"
2021,"401282135",12,"2021-11-20 20:30:00",FALSE,333,8,"SEC","SEC","2021-11-15",13,7,9,8,23.0654065428922,-2.60501662066374,25.0708622941345,3.47071196570901,18.0708622941345,18.0708622941345,"EB_features"
2021,"401282261",12,"2021-11-20 20:30:00",FALSE,2429,276,"Conference USA","Conference USA","2021-11-15",13,-21,9,9,-5.09415429995196,-0.918638343031635,-14.0307476313376,3.47071196570901,6.96925236866241,6.96925236866241,"EB_features"
2021,"401282265",12,"2021-11-20 20:30:00",FALSE,2393,295,"Conference USA","Conference USA","2021-11-15",13,-7,9,9,-8.46632294544231,-9.22904974192734,6.63648568016819,3.47071196570901,13.6364856801682,13.6364856801682,"EB_features"
2021,"401282267",12,"2021-11-20 20:30:00",FALSE,2636,5,"Conference USA","Conference USA","2021-11-15",13,3,9,9,0.811033965638029,1.60697571721314,7.79177008908203,3.47071196570901,4.79177008908203,4.79177008908203,"EB_features"
2021,"401282698",12,"2021-11-20 20:30:00",FALSE,221,258,"ACC","ACC","2021-11-15",13,10,9,8,0.364911222214712,1.00987365656932,8.69478974871385,3.47071196570901,-1.30521025128615,1.30521025128615,"EB_features"
2021,"401282732",12,"2021-11-20 20:30:00",FALSE,84,135,"Big Ten","Big Ten","2021-11-15",13,-21,9,10,5.43478534249784,-0.157723426612563,-6.57802537046068,3.47071196570901,14.4219746295393,14.4219746295393,"EB_features"
2021,"401282770",12,"2021-11-20 20:30:00",FALSE,120,130,"Big Ten","Big Ten","2021-11-15",13,-41,9,10,1.0995655793019,3.30988414179218,-16.8700826903718,3.47071196570901,24.1299173096282,24.1299173096282,"EB_features"
2021,"401282803",12,"2021-11-20 20:30:00",FALSE,275,158,"Big Ten","Big Ten","2021-11-15",13,7,10,9,5.70742342439544,1.3931048974137,9.98074959898219,3.47071196570901,2.98074959898219,2.98074959898219,"EB_features"
2021,"401301046",12,"2021-11-20 20:30:00",FALSE,2132,2567,"American Athletic","American Athletic","2021-11-15",13,34,9,9,7.61695090820875,-3.82301676220533,14.0254897482799,3.47071196570901,-19.9745102517201,19.9745102517201,"EB_features"
2021,"401301047",12,"2021-11-20 20:30:00",FALSE,2426,151,"American Athletic","American Athletic","2021-11-15",13,-3,9,9,-5.29596051212239,-1.15033687933892,-6.86470329595113,3.47071196570901,-3.86470329595113,3.86470329595113,"EB_features"
2021,"401309642",12,"2021-11-20 20:30:00",FALSE,2653,2026,"Sun Belt","Sun Belt","2021-11-15",13,-38,9,9,-0.666958216082802,1.9454458581554,-9.491023270516,3.47071196570901,28.508976729484,28.508976729484,"EB_features"
2021,"401282141",12,"2021-11-20 21:00:00",FALSE,142,57,"SEC","SEC","2021-11-15",13,1,9,9,-2.53765815234682,7.59596666981328,-11.4408761388342,3.47071196570901,-12.4408761388342,12.4408761388342,"EB_features"
2021,"401282266",12,"2021-11-20 21:00:00",FALSE,2638,242,"Conference USA","Conference USA","2021-11-15",13,10,9,9,-7.76224323612962,-2.9496763695336,12.5111876309881,3.47071196570901,2.51118763098809,2.51118763098809,"EB_features"
2021,"401282695",12,"2021-11-20 21:00:00",FALSE,152,183,"ACC","ACC","2021-11-15",13,24,8,9,1.32704921205645,-5.62735692403098,14.3549044530155,3.47071196570901,-9.64509554698455,9.64509554698455,"EB_features"
2021,"401286293",12,"2021-11-20 21:00:00",FALSE,2116,41,"American Athletic","FBS Independents","2021-11-15",13,32,9,8,-1.41789586201963,-8.57858041221397,24.7590266239873,3.47071196570901,-7.24097337601271,7.24097337601271,"EB_features"
2021,"401286298",12,"2021-11-20 21:00:00",FALSE,2335,309,"FBS Independents","Sun Belt","2021-11-15",13,-28,9,9,0.494215573972496,3.88411473416447,1.438811144485,3.47071196570901,29.438811144485,29.438811144485,"EB_features"
2021,"401287945",12,"2021-11-20 21:00:00",FALSE,2628,2305,"Big 12","Big 12","2021-11-15",13,3,8,8,7.40688559880539,-7.1628561884684,25.9901326554476,3.47071196570901,22.9901326554476,22.9901326554476,"EB_features"
2021,"401301049",12,"2021-11-20 21:00:00",FALSE,202,218,"American Athletic","American Athletic","2021-11-15",13,34,9,9,-1.95977233086799,-12.4016869791321,23.1884466110047,3.47071196570901,-10.8115533889953,10.8115533889953,"EB_features"
2021,"401309645",12,"2021-11-20 21:00:00",FALSE,290,252,"Sun Belt","FBS Independents","2021-11-15",13,-17,9,9,0.841709202514688,10.1994112195118,-13.2142511794726,3.47071196570901,3.78574882052736,3.78574882052736,"EB_features"
2021,"401309904",12,"2021-11-20 21:00:00",FALSE,30,26,"Pac-12","Pac-12","2021-11-15",13,-29,9,9,7.00481137326281,5.01575859670998,0.867510298750122,3.47071196570901,29.8675102987501,29.8675102987501,"EB_features"
2021,"401287943",12,"2021-11-20 22:30:00",FALSE,2306,239,"Big 12","Big 12","2021-11-15",13,-10,9,9,0.981345287121864,-0.767648251416817,1.53807308610189,3.47071196570901,11.5380730861019,11.5380730861019,"EB_features"
2021,"401282142",12,"2021-11-21",FALSE,2579,2,"SEC","SEC","2021-11-15",13,4,9,9,-3.93666473408252,4.10878852754759,-7.6570406319788,3.47071196570901,-11.6570406319788,11.6570406319788,"EB_features"
2021,"401282262",12,"2021-11-21",FALSE,2229,249,"Conference USA","Conference USA","2021-11-15",13,-42,9,9,-6.39960096415164,-11.1720711478912,-4.69900739334343,3.47071196570901,37.3009926066566,37.3009926066566,"EB_features"
2021,"401309900",12,"2021-11-21",FALSE,24,25,"Pac-12","Pac-12","2021-11-15",13,-30,10,8,-0.445733767028505,0.559082346527878,-0.417147906406631,3.47071196570901,29.5828520935934,29.5828520935934,"EB_features"
2021,"401282139",12,"2021-11-21 00:30:00",FALSE,145,238,"SEC","SEC","2021-11-15",13,14,8,8,3.27679155510033,-11.4368310515203,32.1648784062971,3.47071196570901,18.1648784062971,18.1648784062971,"EB_features"
2021,"401282143",12,"2021-11-21 00:30:00",FALSE,2633,6,"SEC","Sun Belt","2021-11-15",13,46,9,9,-3.32533283464779,-5.32199514460791,13.6693726931333,3.47071196570901,-32.3306273068667,32.3306273068667,"EB_features"
2021,"401282694",12,"2021-11-21 00:30:00",FALSE,2390,259,"ACC","ACC","2021-11-15",13,12,9,9,8.07864162700281,2.03362599757901,5.77474184537464,3.47071196570901,-6.22525815462536,6.22525815462536,"EB_features"
2021,"401309901",12,"2021-11-21 00:30:00",FALSE,254,2483,"Pac-12","Pac-12","2021-11-15",13,31,9,8,0.542388291949964,6.78059350929577,3.18042732898625,3.47071196570901,-27.8195726710138,27.8195726710138,"EB_features"
2021,"401287946",12,"2021-11-21 01:00:00",FALSE,2641,197,"Big 12","Big 12","2021-11-15",13,-23,9,8,-4.40861755307493,6.25550770921011,-11.2679229142114,3.47071196570901,11.7320770857886,11.7320770857886,"EB_features"
2021,"401310750",12,"2021-11-21 01:00:00",FALSE,328,2751,"Mountain West","Mountain West","2021-11-15",13,-27,8,9,-12.0293422644877,1.58526979291553,0.457942186240541,3.47071196570901,27.4579421862405,27.4579421862405,"EB_features"
2021,"401282138",12,"2021-11-21 02:00:00",FALSE,99,2433,"SEC","Sun Belt","2021-11-15",13,13,8,9,5.60745898456427,-11.7907162344869,26.9294274064052,3.47071196570901,13.9294274064052,13.9294274064052,"EB_features"
2021,"401310748",12,"2021-11-21 02:00:00",FALSE,68,167,"Mountain West","Mountain West","2021-11-15",13,37,10,8,2.90610370858576,-3.66101522947865,24.8726670938178,3.47071196570901,-12.1273329061822,12.1273329061822,"EB_features"
2021,"401309902",12,"2021-11-21 03:30:00",FALSE,204,9,"Pac-12","Pac-12","2021-11-15",13,14,9,8,-3.68405679341088,7.37127800899634,-2.5743140064823,3.47071196570901,-16.5743140064823,16.5743140064823,"EB_features"
2021,"401310749",12,"2021-11-21 04:00:00",FALSE,62,36,"Mountain West","Mountain West","2021-11-15",13,5,10,8,1.06864826143635,-4.0843266165142,-2.70748225602447,3.47071196570901,-7.70748225602447,7.70748225602447,"EB_features"
2021,"401309593",13,"2021-11-24",FALSE,2050,2084,"Mid-American","Mid-American","2021-11-22",14,17,10,10,5.21934905301766,3.23196408663578,8.04932352997367,3.47071196570901,-8.95067647002633,8.95067647002633,"EB_features"
2021,"401309594",13,"2021-11-24",FALSE,2459,2711,"Mid-American","Mid-American","2021-11-22",14,-21,10,10,-4.31324802836936,2.26153687083892,0.211331675171449,3.47071196570901,21.2113316751715,21.2113316751715,"EB_features"
2021,"401310757",13,"2021-11-25 20:30:00",FALSE,23,278,"Mountain West","Mountain West","2021-11-22",14,-31,10,10,2.28699164444143,-1.1916679516895,-6.70202599056503,3.47071196570901,24.297974009435,24.297974009435,"EB_features"
2021,"401282151",13,"2021-11-26 00:30:00",FALSE,344,145,"SEC","SEC","2021-11-22",14,-10,10,9,1.06027234795373,3.27679155510033,-1.88756398344967,3.47071196570901,8.11243601655033,8.11243601655033,"EB_features"
2021,"401287952",13,"2021-11-26 17:00:00",FALSE,251,2306,"Big 12","Big 12","2021-11-22",14,5,11,10,10.0206100465215,0.981345287121864,5.41945267522985,3.47071196570901,0.419452675229851,0.419452675229851,"EB_features"
2021,"401309595",13,"2021-11-26 17:00:00",FALSE,2117,2199,"Mid-American","Mid-American","2021-11-22",14,21,10,10,1.27486102193852,2.13322456210376,3.04860050776354,3.47071196570901,-17.9513994922365,17.9513994922365,"EB_features"
2021,"401309596",13,"2021-11-26 17:00:00",FALSE,189,195,"Mid-American","Mid-American","2021-11-22",14,11,10,10,-14.6577042853372,-3.17677857646065,-4.03967056882211,3.47071196570901,-15.0396705688221,15.0396705688221,"EB_features"
2021,"401310753",13,"2021-11-26 17:00:00",FALSE,21,68,"Mountain West","Mountain West","2021-11-22",14,11,10,10,1.71375477991808,2.90610370858576,-2.24460776834046,3.47071196570901,-13.2446077683405,13.2446077683405,"EB_features"
2021,"401310755",13,"2021-11-26 18:00:00",FALSE,167,328,"Mountain West","Mountain West","2021-11-22",14,-25,9,9,-3.66101522947865,-12.0293422644877,-7.79885025104753,3.47071196570901,17.2011497489525,17.2011497489525,"EB_features"
2021,"401282761",13,"2021-11-26 18:30:00",FALSE,158,2294,"Big Ten","Big Ten","2021-11-22",14,-7,10,11,1.3931048974137,8.90130863693626,0.645069315350604,3.47071196570901,7.6450693153506,7.6450693153506,"EB_features"
2021,"401282274",13,"2021-11-26 19:00:00",FALSE,5,2638,"Conference USA","Conference USA","2021-11-22",14,17,10,10,1.60697571721314,-7.76224323612962,12.6948451882335,3.47071196570901,-4.30515481176646,4.30515481176646,"EB_features"
2021,"401282145",13,"2021-11-26 20:30:00",FALSE,8,142,"SEC","SEC","2021-11-22",14,17,10,10,-2.60501662066374,-2.53765815234682,15.3527928151216,3.47071196570901,-1.64720718487843,1.64720718487843,"EB_features"
2021,"401301050",13,"2021-11-26 20:30:00",FALSE,2116,58,"American Athletic","American Athletic","2021-11-22",14,4,10,10,-1.41789586201963,-8.85819096710433,15.8439941891875,3.47071196570901,11.8439941891875,11.8439941891875,"EB_features"
2021,"401301051",13,"2021-11-26 20:30:00",FALSE,151,2132,"American Athletic","American Athletic","2021-11-22",14,-22,10,10,-1.15033687933892,7.61695090820875,-10.9016708251832,3.47071196570901,11.0983291748168,11.0983291748168,"EB_features"
2021,"401309648",13,"2021-11-26 20:30:00",FALSE,6,324,"Sun Belt","Sun Belt","2021-11-22",14,-6,9,10,-5.32199514460791,7.11547226285526,-11.0112939144661,3.47071196570901,-5.01129391446606,5.01129391446606,"EB_features"
2021,"401310752",13,"2021-11-26 20:30:00",FALSE,2005,2439,"Mountain West","Mountain West","2021-11-22",14,34,10,10,6.50989938825096,-9.8290103956775,21.9568484598855,3.47071196570901,-12.0431515401145,12.0431515401145,"EB_features"
2021,"401309906",13,"2021-11-26 21:00:00",FALSE,254,38,"Pac-12","Pac-12","2021-11-22",14,15,9,10,0.542388291949964,-2.91440312112129,19.359554948908,3.47071196570901,4.35955494890804,4.35955494890804,"EB_features"
2021,"401287949",13,"2021-11-26 21:30:00",FALSE,66,2628,"Big 12","Big 12","2021-11-22",14,34,10,10,9.94102346684575,7.40688559880539,18.7003584916965,3.47071196570901,-15.2996415083035,15.2996415083035,"EB_features"
2021,"401282699",13,"2021-11-27",FALSE,152,153,"ACC","ACC","2021-11-22",14,4,10,10,1.32704921205645,6.41421545436958,7.93081194088624,3.47071196570901,3.93081194088624,3.93081194088624,"EB_features"
2021,"401309905",13,"2021-11-27 01:00:00",FALSE,264,265,"Pac-12","Pac-12","2021-11-22",14,-27,10,10,4.86193254209079,-0.673454138029039,5.99341974726033,3.47071196570901,32.9934197472603,32.9934197472603,"EB_features"
2021,"401282147",13,"2021-11-27 17:00:00",FALSE,57,52,"SEC","ACC","2021-11-22",14,3,10,10,7.59596666981328,-0.744521480158218,8.27071627763565,3.47071196570901,5.27071627763565,5.27071627763565,"EB_features"
2021,"401282148",13,"2021-11-27 17:00:00",FALSE,59,61,"ACC","SEC","2021-11-22",14,-45,10,10,-4.00151326766148,16.6784778180279,-31.7729237471945,3.47071196570901,13.2270762528055,13.2270762528055,"EB_features"
2021,"401282700",13,"2021-11-27 17:00:00",FALSE,103,154,"ACC","ACC","2021-11-22",14,-31,10,10,-0.472962100331364,2.71423195078509,-7.413951515821,3.47071196570901,23.586048484179,23.586048484179,"EB_features"
2021,"401282766",13,"2021-11-27 17:00:00",FALSE,164,120,"Big Ten","Big Ten","2021-11-22",14,-24,10,10,-3.08304447650851,1.0995655793019,7.23364612722884,3.47071196570901,31.2336461272288,31.2336461272288,"EB_features"
2021,"401282781",13,"2021-11-27 17:00:00",FALSE,130,194,"Big Ten","Big Ten","2021-11-22",14,15,11,11,3.30988414179218,15.2273406706156,-5.1319300644382,3.47071196570901,-20.1319300644382,20.1319300644382,"EB_features"
2021,"401286299",13,"2021-11-27 17:00:00",FALSE,2335,349,"FBS Independents","FBS Independents","2021-11-22",14,-15,10,9,0.494215573972496,5.25196622703032,1.49128373257777,3.47071196570901,16.4912837325778,16.4912837325778,"EB_features"
2021,"401287948",13,"2021-11-27 17:00:00",FALSE,239,2641,"Big 12","Big 12","2021-11-22",14,3,10,9,-0.767648251416817,-4.40861755307493,14.6990480114037,3.47071196570901,11.6990480114037,11.6990480114037,"EB_features"
2021,"401301052",13,"2021-11-27 17:00:00",FALSE,41,248,"FBS Independents","American Athletic","2021-11-22",14,-28,9,10,-8.57858041221397,-2.32824384872026,-24.7122163148527,3.47071196570901,3.28778368514735,3.28778368514735,"EB_features"
2021,"401301054",13,"2021-11-27 17:00:00",FALSE,218,2426,"American Athletic","American Athletic","2021-11-22",14,-24,10,10,-12.4016869791321,-5.29596051212239,-12.8102885235272,3.47071196570901,11.1897114764728,11.1897114764728,"EB_features"
2021,"401308842",13,"2021-11-27 17:00:00",FALSE,2309,193,"Mid-American","Mid-American","2021-11-22",14,1,10,10,-0.0671504621243617,1.98692118850505,-4.57792961384668,3.47071196570901,-5.57792961384668,5.57792961384668,"EB_features"
2021,"401309597",13,"2021-11-27 17:00:00",FALSE,2649,2006,"Mid-American","Mid-American","2021-11-22",14,35,10,10,3.97418296811912,-11.3374944868829,30.1288386737211,3.47071196570901,-4.87116132627894,4.87116132627894,"EB_features"
2021,"401282701",13,"2021-11-27 17:30:00",FALSE,150,2390,"ACC","ACC","2021-11-22",14,-37,10,9,-10.0190481072341,8.07864162700281,-17.9431516930518,3.47071196570901,19.0568483069482,19.0568483069482,"EB_features"
2021,"401282271",13,"2021-11-27 18:00:00",FALSE,242,2348,"Conference USA","Conference USA","2021-11-22",14,4,10,10,-2.9496763695336,-6.96483888832467,-2.55433451850731,3.47071196570901,-6.55433451850731,6.55433451850731,"EB_features"
2021,"401282268",13,"2021-11-27 19:00:00",FALSE,295,2429,"Conference USA","Conference USA","2021-11-22",14,22,10,10,-9.22904974192734,-5.09415429995196,8.16661697272281,3.47071196570901,-13.8333830272772,13.8333830272772,"EB_features"
2021,"401282273",13,"2021-11-27 19:00:00",FALSE,249,2636,"Conference USA","Conference USA","2021-11-22",14,22,9,10,-11.1720711478912,0.811033965638029,-15.2611406005698,3.47071196570901,-37.2611406005698,37.2611406005698,"EB_features"
2021,"401309647",13,"2021-11-27 19:00:00",FALSE,2032,326,"Sun Belt","Sun Belt","2021-11-22",14,-2,10,10,-4.7860952957586,-5.62888312059343,1.50089948731411,3.47071196570901,3.50089948731411,3.50089948731411,"EB_features"
2021,"401309649",13,"2021-11-27 19:00:00",FALSE,2247,2653,"Sun Belt","Sun Belt","2021-11-22",14,27,11,10,-1.02113600076747,-0.666958216082802,6.37998055328555,3.47071196570901,-20.6200194467145,20.6200194467145,"EB_features"
2021,"401309646",13,"2021-11-27 19:30:00",FALSE,2026,290,"Sun Belt","Sun Belt","2021-11-22",14,24,10,10,1.9454458581554,0.841709202514688,22.0512817284106,3.47071196570901,-1.94871827158944,1.94871827158944,"EB_features"
2021,"401282269",13,"2021-11-27 20:00:00",FALSE,2572,2229,"Conference USA","Conference USA","2021-11-22",14,20,10,9,-11.2679703480379,-6.39960096415164,6.17851506140666,3.47071196570901,-13.8214849385933,13.8214849385933,"EB_features"
2021,"401286306",13,"2021-11-27 20:00:00",FALSE,166,113,"FBS Independents","FBS Independents","2021-11-22",14,17,10,9,0.551136941560795,-13.6711221968781,12.162292667354,3.47071196570901,-4.83770733264604,4.83770733264604,"EB_features"
2021,"401310756",13,"2021-11-27 20:00:00",FALSE,2751,62,"Mountain West","Mountain West","2021-11-22",14,-24,9,10,1.58526979291553,1.06864826143635,8.77012910731707,3.47071196570901,32.7701291073171,32.7701291073171,"EB_features"
2021,"401282146",13,"2021-11-27 20:30:00",FALSE,2,333,"SEC","SEC","2021-11-22",14,-2,9,10,4.10878852754759,23.0654065428922,-13.971713113587,3.47071196570901,-11.971713113587,11.971713113587,"EB_features"
2021,"401282272",13,"2021-11-27 20:30:00",FALSE,276,98,"Conference USA","Conference USA","2021-11-22",14,-32,10,10,-0.918638343031635,-10.7399128349957,7.80910010998821,3.47071196570901,39.8091001099882,39.8091001099882,"EB_features"
2021,"401282722",13,"2021-11-27 20:30:00",FALSE,356,77,"Big Ten","Big Ten","2021-11-22",14,33,11,10,-8.94468489327399,-2.80482486823813,7.85756517510799,3.47071196570901,-25.142434824892,25.142434824892,"EB_features"
2021,"401282753",13,"2021-11-27 20:30:00",FALSE,2509,84,"Big Ten","Big Ten","2021-11-22",14,37,11,10,0.058771961757641,5.43478534249784,16.1664260723666,3.47071196570901,-20.8335739276334,20.8335739276334,"EB_features"
2021,"401282785",13,"2021-11-27 20:30:00",FALSE,127,213,"Big Ten","Big Ten","2021-11-22",14,3,10,10,-6.07380558154806,8.64900941751815,-5.38845551761353,3.47071196570901,-8.38845551761353,8.38845551761353,"EB_features"
2021,"401309908",13,"2021-11-27 20:30:00",FALSE,2483,204,"Pac-12","Pac-12","2021-11-22",14,9,9,9,6.78059350929577,-3.68405679341088,11.7993867683384,3.47071196570901,2.7993867683384,2.7993867683384,"EB_features"
2021,"401282153",13,"2021-11-27 20:45:00",FALSE,2633,238,"SEC","SEC","2021-11-22",14,24,9,9,-3.32533283464779,-11.4368310515203,25.6592741487976,3.47071196570901,1.65927414879761,1.65927414879761,"EB_features"
2021,"401282703",13,"2021-11-27 20:45:00",FALSE,258,259,"ACC","ACC","2021-11-22",14,-5,10,9,1.00987365656932,2.03362599757901,4.31488835228397,3.47071196570901,9.31488835228397,9.31488835228397,"EB_features"
2021,"401282794",13,"2021-11-27 21:00:00",FALSE,135,275,"Big Ten","Big Ten","2021-11-22",14,10,11,11,-0.157723426612563,5.70742342439544,-4.08469418204286,3.47071196570901,-14.0846941820429,14.0846941820429,"EB_features"
2021,"401301055",13,"2021-11-27 21:00:00",FALSE,2567,202,"American Athletic","American Athletic","2021-11-22",14,-3,10,10,-3.82301676220533,-1.95977233086799,7.99949594335912,3.47071196570901,10.9994959433591,10.9994959433591,"EB_features"
2021,"401309650",13,"2021-11-27 21:00:00",FALSE,309,2433,"Sun Belt","Sun Belt","2021-11-22",14,5,10,9,3.88411473416447,-11.7907162344869,29.0644889410994,3.47071196570901,24.0644889410994,24.0644889410994,"EB_features"
2021,"401309909",13,"2021-11-27 21:00:00",FALSE,9,12,"Pac-12","Pac-12","2021-11-22",14,23,9,10,7.37127800899634,-11.7873922556592,23.9216237089692,3.47071196570901,0.921623708969175,0.921623708969175,"EB_features"
2021,"401282150",13,"2021-11-28",FALSE,99,245,"SEC","SEC","2021-11-22",14,3,9,10,5.60745898456427,10.1246819310602,-2.10043088939103,3.47071196570901,-5.10043088939103,5.10043088939103,"EB_features"
2021,"401282270",13,"2021-11-28",FALSE,2226,2393,"Conference USA","Conference USA","2021-11-22",14,-10,10,10,-2.49573354264194,-8.46632294544231,5.89931729762126,3.47071196570901,15.8993172976213,15.8993172976213,"EB_features"
2021,"401287950",13,"2021-11-28",FALSE,2305,277,"Big 12","Big 12","2021-11-22",14,-6,10,10,-7.1628561884684,3.24943372073509,-14.965405162393,3.47071196570901,-8.96540516239301,8.96540516239301,"EB_features"
2021,"401282149",13,"2021-11-28 00:30:00",FALSE,97,96,"ACC","SEC","2021-11-22",14,-31,10,10,-0.287128423095006,2.49150113239394,2.41329071784124,3.47071196570901,33.4132907178412,33.4132907178412,"EB_features"
2021,"401282152",13,"2021-11-28 00:30:00",FALSE,2579,228,"SEC","ACC","2021-11-22",14,-30,9,10,-3.93666473408252,16.5360318920798,-11.9482008763655,3.47071196570901,18.0517991236345,18.0517991236345,"EB_features"
2021,"401282702",13,"2021-11-28 00:30:00",FALSE,183,221,"ACC","ACC","2021-11-22",14,-17,10,10,-5.62735692403098,0.364911222214712,-7.43350695977183,3.47071196570901,9.56649304022817,9.56649304022817,"EB_features"
2021,"401287951",13,"2021-11-28 00:30:00",FALSE,197,201,"Big 12","Big 12","2021-11-22",14,4,9,10,6.25550770921011,14.6597753678614,7.48002106127052,3.47071196570901,3.48002106127052,3.48002106127052,"EB_features"
2021,"401301053",13,"2021-11-28 00:30:00",FALSE,235,2655,"American Athletic","American Athletic","2021-11-22",14,5,10,10,-2.51970391291573,1.16072749115295,4.89990341216771,3.47071196570901,-0.100096587832286,0.100096587832286,"EB_features"
2021,"401282711",13,"2021-11-28 01:00:00",FALSE,24,87,"Pac-12","FBS Independents","2021-11-22",14,-31,10,11,-0.445733767028505,8.54038478066369,-15.7560810836291,3.47071196570901,15.2439189163709,15.2439189163709,"EB_features"
2021,"401310754",13,"2021-11-28 02:00:00",FALSE,36,2440,"Mountain West","Mountain West","2021-11-22",14,-42,9,10,-4.0843266165142,3.8387259755377,-3.07097681680125,3.47071196570901,38.9290231831987,38.9290231831987,"EB_features"
2021,"401309907",13,"2021-11-28 03:30:00",FALSE,26,25,"Pac-12","Pac-12","2021-11-22",14,28,11,8,5.01575859670998,0.559082346527878,11.8496558158714,3.47071196570901,-16.1503441841286,16.1503441841286,"EB_features"
2021,"401309910",13,"2021-11-28 03:30:00",FALSE,30,252,"Pac-12","FBS Independents","2021-11-22",14,-4,10,10,7.00481137326281,10.1994112195118,-3.07278787966924,3.47071196570901,0.927212120330761,0.927212120330761,"EB_features"
2021,"401282156",14,"2021-12-04",FALSE,2636,98,"Conference USA","Conference USA","2021-11-29",15,8,11,11,0.811033965638029,-10.7399128349957,3.7995679495721,3.47071196570901,-4.2004320504279,4.2004320504279,"EB_features"
2021,"401331159",14,"2021-12-04 01:00:00",TRUE,254,2483,"Pac-12","Pac-12","2021-11-29",15,28,11,11,0.542388291949964,6.78059350929577,2.81604646249693,3.47071196570901,-25.1839535375031,25.1839535375031,"EB_features"
2021,"401287953",14,"2021-12-04 17:00:00",TRUE,197,239,"Big 12","Big 12","2021-11-29",15,-5,10,11,6.25550770921011,-0.767648251416817,7.4614989987992,3.47071196570901,12.4614989987992,12.4614989987992,"EB_features"
2021,"401331160",14,"2021-12-04 17:00:00",TRUE,2459,2309,"Mid-American","Mid-American","2021-11-29",15,18,11,11,-4.31324802836936,-0.0671504621243617,0.102129704403336,3.47071196570901,-17.8978702955967,17.8978702955967,"EB_features"
2021,"401310676",14,"2021-12-04 20:00:00",FALSE,21,328,"Mountain West","Mountain West","2021-11-29",15,-33,11,11,1.71375477991808,-12.0293422644877,10.9975460999145,3.47071196570901,43.9975460999145,43.9975460999145,"EB_features"
2021,"401331161",14,"2021-12-04 20:30:00",FALSE,309,2026,"Sun Belt","Sun Belt","2021-11-29",15,8,11,11,3.88411473416447,1.9454458581554,1.53904729114729,3.47071196570901,-6.46095270885271,6.46095270885271,"EB_features"
2021,"401282154",14,"2021-12-04 21:00:00",TRUE,333,61,"SEC","SEC","2021-11-29",15,17,11,11,23.0654065428922,16.6784778180279,-5.10676642610494,3.47071196570901,-22.1067664261049,22.1067664261049,"EB_features"
2021,"401331162",14,"2021-12-04 21:00:00",FALSE,2132,248,"American Athletic","American Athletic","2021-11-29",15,15,11,11,7.61695090820875,-2.32824384872026,14.4610664517838,3.47071196570901,-0.538933548216189,0.538933548216189,"EB_features"
2021,"401331163",14,"2021-12-05 01:00:00",TRUE,154,221,"ACC","ACC","2021-11-29",15,-24,11,10,2.71423195078509,0.364911222214712,2.52217142581707,3.47071196570901,26.5221714258171,26.5221714258171,"EB_features"
2021,"401331447",14,"2021-12-05 01:00:00",TRUE,2294,130,"Big Ten","Big Ten","2021-11-29",15,-39,12,12,8.90130863693626,3.30988414179218,-7.1521174571027,3.47071196570901,31.8478825428973,31.8478825428973,"EB_features"
2021,"401387250",14,"2021-12-05 04:00:00",FALSE,25,30,"Pac-12","Pac-12","2021-11-29",15,10,9,10,0.559082346527878,7.00481137326281,4.0160973335509,3.47071196570901,-5.9839026664491,5.9839026664491,"EB_features"
2021,"401301056",15,"2021-12-11 20:00:00",FALSE,349,2426,"FBS Independents","American Athletic","2021-12-06",16,-4,10,11,5.25196622703032,-5.29596051212239,17.5350705362263,3.47071196570901,21.5350705362263,21.5350705362263,"EB_features"
2021,"401331164",1,"2021-12-17 17:00:00",TRUE,2649,2393,"Mid-American","Conference USA","2021-12-13",17,-7,11,11,3.97418296811912,-8.46632294544231,11.5268435716979,3.47071196570901,18.5268435716979,18.5268435716979,"EB_features"
2021,"401331165",1,"2021-12-17 23:00:00",TRUE,324,2459,"Sun Belt","Mid-American","2021-12-13",17,6,11,12,7.11547226285526,-4.31324802836936,13.8016679823922,3.47071196570901,7.80166798239216,7.80166798239216,"EB_features"
2021,"401331166",1,"2021-12-18 16:00:00",TRUE,2026,98,"Sun Belt","Conference USA","2021-12-13",17,-21,12,12,1.9454458581554,-10.7399128349957,6.46112024364693,3.47071196570901,27.4611202436469,27.4611202436469,"EB_features"
2021,"401331167",1,"2021-12-18 19:15:00",TRUE,278,2638,"Mountain West","Conference USA","2021-12-13",17,7,11,11,-1.1916679516895,-7.76224323612962,13.5602308517341,3.47071196570901,6.56023085173412,6.56023085173412,"EB_features"
2021,"401331168",1,"2021-12-18 20:30:00",TRUE,252,5,"FBS Independents","Conference USA","2021-12-13",17,-3,11,11,10.1994112195118,1.60697571721314,6.98500140251253,3.47071196570901,9.98500140251253,9.98500140251253,"EB_features"
2021,"401331169",1,"2021-12-18 22:45:00",TRUE,2335,2199,"FBS Independents","Mid-American","2021-12-13",17,36,11,11,0.494215573972496,2.13322456210376,3.82436441169662,3.47071196570901,-32.1756355883034,32.1756355883034,"EB_features"
2021,"401331170",1,"2021-12-19 00:30:00",TRUE,204,328,"Pac-12","Mountain West","2021-12-13",17,-11,11,12,-3.68405679341088,-12.0293422644877,3.14245748910224,3.47071196570901,14.1424574891022,14.1424574891022,"EB_features"
2021,"401331171",1,"2021-12-19 02:15:00",TRUE,276,309,"Conference USA","Sun Belt","2021-12-13",17,-15,11,12,-0.918638343031635,3.88411473416447,-5.22376596449431,3.47071196570901,9.77623403550569,9.77623403550569,"EB_features"
2021,"401331172",1,"2021-12-20 19:30:00",TRUE,202,295,"American Athletic","Conference USA","2021-12-20",18,13,11,11,-1.95977233086799,-9.22904974192734,6.56424357741104,3.47071196570901,-6.43575642258896,6.43575642258896,"EB_features"
2021,"401331213",1,"2021-12-21 20:30:00",TRUE,2751,2309,"Mountain West","Mid-American","2021-12-20",18,14,11,12,1.58526979291553,-0.0671504621243617,6.53163564604179,3.47071196570901,-7.46836435395821,7.46836435395821,"EB_features"
2021,"401331214",1,"2021-12-22 00:30:00",TRUE,21,2636,"Mountain West","Conference USA","2021-12-20",18,14,12,12,1.71375477991808,0.811033965638029,-0.923854973579801,3.47071196570901,-14.9238549735798,14.9238549735798,"EB_features"
2021,"401331215",1,"2021-12-23 01:00:00",TRUE,349,142,"FBS Independents","SEC","2021-12-20",18,2,11,11,5.25196622703032,-2.53765815234682,9.72733394950303,3.47071196570901,7.72733394950303,7.72733394950303,"EB_features"
2021,"401391158",1,"2021-12-23 20:30:00",TRUE,193,249,"Mid-American","Conference USA","2021-12-20",18,13,11,11,1.98692118850505,-11.1720711478912,9.04179128287488,3.47071196570901,-3.95820871712512,3.95820871712512,"EB_features"
2021,"401331216",1,"2021-12-24",TRUE,57,2116,"SEC","American Athletic","2021-12-20",18,-12,11,11,7.59596666981328,-1.41789586201963,9.31354586382613,3.47071196570901,21.3135458638261,21.3135458638261,"EB_features"
2021,"401331218",1,"2021-12-25 19:30:00",TRUE,2050,2247,"Mid-American","Sun Belt","2021-12-20",18,-31,11,12,5.21934905301766,-1.02113600076747,1.71752148145483,3.47071196570901,32.7175214814548,32.7175214814548,"EB_features"
2021,"401331219",1,"2021-12-27 16:00:00",TRUE,2440,2711,"Mountain West","Mid-American","2021-12-27",19,-28,11,11,3.8387259755377,2.26153687083892,9.31625568591511,3.47071196570901,37.3162556859151,37.3162556859151,"EB_features"
2021,"401331221",1,"2021-12-28 17:00:00",TRUE,2,248,"SEC","American Athletic","2021-12-27",19,-4,11,12,4.10878852754759,-2.32824384872026,2.50463480071375,3.47071196570901,6.50463480071375,6.50463480071375,"EB_features"
2021,"401331222",1,"2021-12-28 20:15:00",TRUE,97,2005,"ACC","Mountain West","2021-12-27",19,-3,11,11,-0.287128423095006,6.50989938825096,-5.6381901152444,3.47071196570901,-2.6381901152444,2.6381901152444,"EB_features"
2021,"401331223",1,"2021-12-28 23:45:00",TRUE,2641,344,"Big 12","SEC","2021-12-27",19,27,11,11,-4.40861755307493,1.06027234795373,-6.75614141460456,3.47071196570901,-33.7561414146046,33.7561414146046,"EB_features"
2021,"401331224",1,"2021-12-29 03:15:00",TRUE,135,277,"Big Ten","Big 12","2021-12-27",19,12,12,11,-0.157723426612563,3.24943372073509,4.05922275181764,3.47071196570901,-7.94077724818236,7.94077724818236,"EB_features"
2021,"401331226",1,"2021-12-29 19:15:00",TRUE,259,120,"ACC","Big Ten","2021-12-27",19,-44,11,11,2.03362599757901,1.0995655793019,6.197619659854,3.47071196570901,50.197619659854,50.197619659854,"EB_features"
2021,"401331227",1,"2021-12-29 22:45:00",TRUE,66,228,"Big 12","ACC","2021-12-27",19,-7,11,11,9.94102346684575,16.5360318920798,1.58532752688845,3.47071196570901,8.58532752688845,8.58532752688845,"EB_features"
2021,"401331228",1,"2021-12-30 02:15:00",TRUE,201,2483,"Big 12","Pac-12","2021-12-27",19,15,11,12,14.6597753678614,6.78059350929577,5.16660624911909,3.47071196570901,-9.83339375088091,9.83339375088091,"EB_features"
2021,"401331229",1,"2021-12-30 16:30:00",TRUE,2579,153,"SEC","ACC","2021-12-27",19,17,11,11,-3.93666473408252,6.41421545436958,-9.1664589644993,3.47071196570901,-26.1664589644993,26.1664589644993,"EB_features"
2021,"401331230",1,"2021-12-30 20:00:00",TRUE,2509,2633,"Big Ten","SEC","2021-12-27",19,3,12,11,0.058771961757641,-3.32533283464779,0.663043331331657,3.47071196570901,-2.33695666866834,2.33695666866834,"EB_features"
2021,"401331231",1,"2021-12-31",TRUE,127,221,"Big Ten","ACC","2021-12-27",19,10,11,12,-6.07380558154806,0.364911222214712,-6.18969704571749,3.47071196570901,-16.1896970457175,16.1896970457175,"EB_features"
2021,"401331232",1,"2021-12-31 03:30:00",TRUE,9,275,"Pac-12","Big Ten","2021-12-27",19,-7,11,12,7.37127800899634,5.70742342439544,-4.11738143783417,3.47071196570901,2.88261856216583,2.88261856216583,"EB_features"
2021,"401331233",1,"2021-12-31 16:00:00",TRUE,164,154,"Big Ten","ACC","2021-12-27",19,-28,11,12,-3.08304447650851,2.71423195078509,-14.5003331831582,3.47071196570901,13.4996668168418,13.4996668168418,"EB_features"
2021,"401331654",1,"2021-12-31 17:00:00",TRUE,2117,265,"Mid-American","Pac-12","2021-12-27",19,3,11,11,1.27486102193852,-0.673454138029039,-3.60492328843578,3.47071196570901,-6.60492328843578,6.60492328843578,"EB_features"
2021,"401331235",1,"2021-12-31 20:30:00",TRUE,333,2132,"SEC","American Athletic","2021-12-27",19,21,12,12,23.0654065428922,7.61695090820875,9.54371061346296,3.47071196570901,-11.456289386537,11.456289386537,"EB_features"
2021,"401331234",1,"2022-01-01 00:30:00",TRUE,130,61,"Big Ten","SEC","2021-12-27",19,-23,13,12,3.30988414179218,16.6784778180279,-9.96148008312235,3.47071196570901,13.0385199168777,13.0385199168777,"EB_features"
2021,"401331236",1,"2022-01-01 17:00:00",TRUE,8,213,"SEC","Big Ten","2021-12-27",19,14,11,11,-2.60501662066374,8.64900941751815,-5.02112547206707,3.47071196570901,-19.0211254720671,19.0211254720671,"EB_features"
2021,"401331237",1,"2022-01-01 18:00:00",TRUE,96,2294,"SEC","Big Ten","2021-12-27",19,3,11,13,2.49150113239394,8.90130863693626,1.54808090550447,3.47071196570901,-1.45191909449553,1.45191909449553,"EB_features"
2021,"401331238",1,"2022-01-01 18:00:00",TRUE,87,197,"FBS Independents","Big 12","2021-12-27",19,-2,12,12,8.54038478066369,6.25550770921011,0.900314073676459,3.47071196570901,2.90031407367646,2.90031407367646,"EB_features"
2021,"401331239",1,"2022-01-01 22:00:00",TRUE,194,254,"Big Ten","Pac-12","2021-12-27",19,3,12,12,15.2273406706156,0.542388291949964,11.1533096872329,3.47071196570901,8.15330968723287,8.15330968723287,"EB_features"
2021,"401331240",1,"2022-01-02 01:45:00",TRUE,145,239,"SEC","Big 12","2021-12-27",19,-14,11,12,3.27679155510033,-0.767648251416817,0.772113979801965,3.47071196570901,14.772113979802,14.772113979802,"EB_features"
2021,"401331241",1,"2022-01-05 02:00:00",TRUE,2306,99,"Big 12","SEC","2022-01-03",20,22,11,11,0.981345287121864,5.60745898456427,0.116497655755872,3.47071196570901,-21.8835023442441,21.8835023442441,"EB_features"
2021,"401331242",1,"2022-01-11 01:00:00",TRUE,333,61,"SEC","SEC","2022-01-10",21,-15,13,13,23.0654065428922,16.6784778180279,-3.06298510864529,3.47071196570901,11.9370148913547,11.9370148913547,"EB_features"
2022,"401405059",1,"2022-08-27 16:30:00",TRUE,77,158,"Big Ten","Big Ten","2022-08-22",1,3,0,0,-4.07439457154156,7.45876116346016,-13.0146588088799,3.1955365473708,-16.0146588088799,16.0146588088799,"EB_features"
2022,"401404146",1,"2022-08-27 20:00:00",FALSE,328,41,"Mountain West","FBS Independents","2022-08-22",1,11,0,0,0.587521898591169,-18.323974201707,24.5363278248076,3.1955365473708,13.5363278248076,13.5363278248076,"EB_features"
2022,"401405058",1,"2022-08-27 20:00:00",FALSE,356,2751,"Big Ten","Mountain West","2022-08-22",1,32,0,0,-1.68083405380708,-4.86467948811277,6.78836603652297,3.1955365473708,-25.211633963477,25.211633963477,"EB_features"
2022,"401426530",1,"2022-08-27 23:00:00",FALSE,2226,2429,"Conference USA","Conference USA","2022-08-22",1,30,0,0,-3.57399417060582,-6.01493734898102,5.95003352706596,3.1955365473708,-24.049966472934,24.049966472934,"EB_features"
2022,"401426531",1,"2022-08-28 01:00:00",FALSE,2638,249,"Conference USA","Conference USA","2022-08-22",1,-18,0,0,-3.53011931576545,-3.60687721490061,3.28215445933559,3.1955365473708,21.2821544593356,21.2821544593356,"EB_features"
2022,"401409235",1,"2022-08-28 02:00:00",FALSE,166,2440,"FBS Independents","Mountain West","2022-08-22",1,-11,0,0,-10.0087757252392,-1.72828511386163,-6.14863278090335,3.1955365473708,4.85136721909665,4.85136721909665,"EB_features"
2022,"401403853",1,"2022-08-28 02:30:00",FALSE,62,238,"Mountain West","SEC","2022-08-22",1,-53,0,0,-6.24065045614498,-6.0994415489072,3.03618850849043,3.1955365473708,56.0361885084904,56.0361885084904,"EB_features"
2022,"401403864",1,"2022-09-01 23:00:00",FALSE,2633,2050,"SEC","Mid-American","2022-08-29",2,49,0,0,11.1949100640937,-5.60299810945525,22.1512368435311,3.1955365473708,-26.8487631564689,26.8487631564689,"EB_features"
2022,"401411092",1,"2022-09-01 23:00:00",FALSE,221,277,"ACC","Big 12","2022-08-29",2,7,0,0,3.18420986592132,-1.01356369408649,7.9325393153674,3.1955365473708,0.932539315367402,0.932539315367402,"EB_features"
2022,"401416569",1,"2022-09-01 23:00:00",FALSE,197,2117,"Big 12","Mid-American","2022-08-29",2,14,0,0,8.34957596002936,-1.19272795922072,13.9636066760674,3.1955365473708,-0.0363933239326286,0.0363933239326286,"EB_features"
2022,"401405064",1,"2022-09-02",FALSE,2509,213,"Big Ten","Big Ten","2022-08-29",2,-4,0,0,5.18472279565377,12.2673093779397,-4.79685078969207,3.1955365473708,-0.796850789692072,0.796850789692072,"EB_features"
2022,"401426537",1,"2022-09-02",FALSE,142,2348,"SEC","Conference USA","2022-08-29",2,28,0,0,-0.462081310590089,-9.95363945375501,13.906342300478,3.1955365473708,-14.093657699522,14.093657699522,"EB_features"
2022,"401405060",1,"2022-09-02 01:00:00",FALSE,135,166,"Big Ten","FBS Independents","2022-08-29",2,38,0,0,4.30820385907727,-10.0087757252392,19.3516180869695,3.1955365473708,-18.6483819130305,18.6483819130305,"EB_features"
2022,"401416591",1,"2022-09-02 23:00:00",FALSE,127,2711,"Big Ten","Mid-American","2022-08-29",2,22,0,0,5.60726797392481,-2.81720534681781,12.7021840281837,3.1955365473708,-9.2978159718163,9.2978159718163,"EB_features"
2022,"401426330",1,"2022-09-02 23:00:00",FALSE,295,259,"Sun Belt","ACC","2022-08-29",2,3,0,0,-7.6329505516909,-1.04093457752489,-4.24326344265155,3.1955365473708,-7.24326344265155,7.24326344265155,"EB_features"
2022,"401411094",1,"2022-09-02 23:30:00",FALSE,150,218,"ACC","American Athletic","2022-08-29",2,30,0,0,-12.4592724224049,-14.8812333935827,5.92861294142671,3.1955365473708,-24.0713870585733,24.0713870585733,"EB_features"
2022,"401405061",1,"2022-09-03",FALSE,84,356,"Big Ten","Big Ten","2022-08-29",2,3,0,1,-2.72767461482494,-1.68083405380708,-2.18771596055242,3.1955365473708,-5.18771596055242,5.18771596055242,"EB_features"
2022,"401403966",1,"2022-09-03 02:00:00",FALSE,38,2628,"Pac-12","Big 12","2022-08-29",2,-25,0,0,-3.20116293971618,0.871542282673306,-1.400332104405,3.1955365473708,23.599667895595,23.599667895595,"EB_features"
2022,"401405066",1,"2022-09-03 16:00:00",FALSE,120,2084,"Big Ten","Mid-American","2022-08-29",2,21,0,0,4.42778394399791,-6.91345398099633,15.9936245516951,3.1955365473708,-5.0063754483049,5.0063754483049,"EB_features"
2022,"401405067",1,"2022-09-03 16:00:00",FALSE,130,36,"Big Ten","Mountain West","2022-08-29",2,44,0,0,18.3131556309574,-6.09661032503177,30.7408834429891,3.1955365473708,-13.2591165570109,13.2591165570109,"EB_features"
2022,"401405069",1,"2022-09-03 16:00:00",FALSE,103,164,"ACC","Big Ten","2022-08-29",2,-1,0,0,-1.28902112862328,-2.16404416709606,4.18296154685044,3.1955365473708,5.18296154685044,5.18296154685044,"EB_features"
2022,"401411095",1,"2022-09-03 16:00:00",FALSE,2026,153,"Sun Belt","ACC","2022-08-29",2,-2,0,0,1.70223348687612,5.90687128580087,-1.54921221222942,3.1955365473708,0.450787787770583,0.450787787770583,"EB_features"
2022,"401411096",1,"2022-09-03 16:00:00",FALSE,151,152,"American Athletic","ACC","2022-08-29",2,-1,0,0,2.80054412977557,7.98464527166249,-2.65449350014013,3.1955365473708,-1.65449350014013,1.65449350014013,"EB_features"
2022,"401403971",1,"2022-09-03 18:30:00",FALSE,26,189,"Pac-12","Mid-American","2022-08-29",2,28,0,0,5.93708992158526,-6.5347176776995,17.2694226861036,3.1955365473708,-10.7305773138964,10.7305773138964,"EB_features"
2022,"401403855",1,"2022-09-03 19:30:00",FALSE,8,2132,"SEC","American Athletic","2022-08-29",2,7,0,0,6.57956541596008,4.70547346284514,5.31036685979221,3.1955365473708,-1.68963314020779,1.68963314020779,"EB_features"
2022,"401403858",1,"2022-09-03 19:30:00",TRUE,61,2483,"SEC","Pac-12","2022-08-29",2,46,0,0,22.8602041202997,5.7569371984974,19.3002842083296,3.1955365473708,-26.6997157916704,26.6997157916704,"EB_features"
2022,"401403967",1,"2022-09-03 19:30:00",FALSE,21,12,"Mountain West","Pac-12","2022-08-29",2,-18,0,0,-2.16962235167065,-2.79022842169364,3.895863191843,3.1955365473708,21.895863191843,21.895863191843,"EB_features"
2022,"401415211",1,"2022-09-03 19:30:00",FALSE,2751,202,"Mountain West","American Athletic","2022-08-29",2,3,1,0,-4.86467948811277,-4.89822341921364,-0.968549596167221,3.1955365473708,-3.96854959616722,3.96854959616722,"EB_features"
2022,"401426541",1,"2022-09-03 19:30:00",FALSE,201,2638,"Big 12","Conference USA","2022-08-29",2,32,0,0,6.94559195979322,-3.53011931576545,15.0169158094199,3.1955365473708,-16.9830841905801,16.9830841905801,"EB_features"
2022,"401426542",1,"2022-09-03 19:30:00",FALSE,2636,248,"Conference USA","American Athletic","2022-08-29",2,-2,0,0,3.70923430760454,1.94403379101084,5.18748766470497,3.1955365473708,7.18748766470497,7.18748766470497,"EB_features"
2022,"401403860",1,"2022-09-03 20:00:00",FALSE,145,2653,"SEC","Sun Belt","2022-08-29",2,18,0,0,6.21456861489171,-7.32518106987979,18.474548342048,3.1955365473708,0.474548342048042,0.474548342048042,"EB_features"
2022,"401415612",1,"2022-09-03 20:00:00",FALSE,58,252,"American Athletic","FBS Independents","2022-08-29",2,-29,0,0,-6.07029983736041,5.27620137781685,-9.60849084834975,3.1955365473708,19.3915091516502,19.3915091516502,"EB_features"
2022,"401415212",1,"2022-09-03 21:30:00",FALSE,2440,326,"Mountain West","Sun Belt","2022-08-29",2,24,0,0,-1.72828511386163,-14.9076311645679,18.0678486981158,3.1955365473708,-5.93215130188418,5.93215130188418,"EB_features"
2022,"401426536",1,"2022-09-03 22:00:00",FALSE,195,2226,"Mid-American","Conference USA","2022-08-29",2,3,0,1,-9.16567993912469,-3.57399417060582,-7.12276256379419,3.1955365473708,-10.1227625637942,10.1227625637942,"EB_features"
2022,"401426538",1,"2022-09-03 22:00:00",FALSE,256,2393,"Sun Belt","Conference USA","2022-08-29",2,37,0,0,-16.4936749796185,-5.02602078518106,-9.74520665493213,3.1955365473708,-46.7452066549321,46.7452066549321,"EB_features"
2022,"401426540",1,"2022-09-03 22:00:00",FALSE,30,242,"Pac-12","Conference USA","2022-08-29",2,52,0,0,-2.9529327876275,-8.70255983211464,9.68373769384545,3.1955365473708,-42.3162623061545,42.3162623061545,"EB_features"
2022,"401403857",1,"2022-09-03 23:00:00",FALSE,57,254,"SEC","Pac-12","2022-08-29",2,3,0,0,4.72251592285892,9.34241773094917,-2.01781937570459,3.1955365473708,-5.01781937570459,5.01781937570459,"EB_features"
2022,"401403859",1,"2022-09-03 23:00:00",FALSE,96,193,"SEC","Mid-American","2022-08-29",2,24,0,0,8.75249928932871,-0.984887640903981,14.1837492706603,3.1955365473708,-9.81625072933969,9.81625072933969,"EB_features"
2022,"401404134",1,"2022-09-03 23:00:00",FALSE,324,349,"Sun Belt","FBS Independents","2022-08-29",2,10,0,0,1.50832131266719,4.16203937088042,0.20093247748971,3.1955365473708,-9.79906752251029,9.79906752251029,"EB_features"
2022,"401404157",1,"2022-09-03 23:00:00",FALSE,2572,2335,"Sun Belt","FBS Independents","2022-08-29",2,-2,0,0,-7.68177134702143,-1.77506169943381,-3.46992540535126,3.1955365473708,-1.46992540535126,1.46992540535126,"EB_features"
2022,"401414778",1,"2022-09-03 23:00:00",FALSE,2655,113,"American Athletic","FBS Independents","2022-08-29",2,32,0,0,-3.03846493092592,-12.4230307212361,13.7856061377521,3.1955365473708,-18.2143938622479,18.2143938622479,"EB_features"
2022,"401403854",1,"2022-09-03 23:30:00",FALSE,333,328,"SEC","Mountain West","2022-08-29",2,55,0,1,21.2814570883872,0.587521898591169,28.8037865506658,3.1955365473708,-26.1962134493342,26.1962134493342,"EB_features"
2022,"401403861",1,"2022-09-03 23:30:00",FALSE,344,235,"SEC","American Athletic","2022-08-29",2,26,0,0,6.15053381723871,-0.0475411691526454,10.189791465383,3.1955365473708,-15.810208534617,15.810208534617,"EB_features"
2022,"401403863",1,"2022-09-03 23:30:00",FALSE,2579,2247,"SEC","Sun Belt","2022-08-29",2,21,0,0,2.32396015191721,-3.1061782338732,9.32320879943146,3.1955365473708,-11.6767912005685,11.6767912005685,"EB_features"
2022,"401404124",1,"2022-09-03 23:30:00",FALSE,194,87,"Big Ten","FBS Independents","2022-08-29",2,11,0,0,20.3933628237593,10.937512426186,13.8660476806543,3.1955365473708,2.86604768065427,2.86604768065427,"EB_features"
2022,"401426539",1,"2022-09-03 23:30:00",FALSE,249,2567,"Conference USA","American Athletic","2022-08-29",2,-38,0,0,-3.60687721490061,-0.809744525729985,0.039095376439616,3.1955365473708,38.0390953764396,38.0390953764396,"EB_features"
2022,"401404059",1,"2022-09-04",FALSE,251,2433,"Big 12","Sun Belt","2022-08-29",2,42,0,0,11.3103080600736,-8.08030830668825,25.0769939650834,3.1955365473708,-16.9230060349166,16.9230060349166,"EB_features"
2022,"401411099",1,"2022-09-04",FALSE,183,97,"ACC","ACC","2022-08-29",2,24,0,0,-0.265786460981296,1.2524649023859,1.48225668413501,3.1955365473708,-22.517743315865,22.517743315865,"EB_features"
2022,"401403969",1,"2022-09-04 02:30:00",FALSE,204,68,"Pac-12","Mountain West","2022-08-29",2,17,0,0,1.30289480677434,5.43125231820461,-1.46313326398708,3.1955365473708,-18.4631332639871,18.4631332639871,"EB_features"
2022,"401403973",1,"2022-09-04 02:30:00",FALSE,264,2309,"Pac-12","Mid-American","2022-08-29",2,25,0,0,1.86275117750186,-4.90378413701057,10.8312739344376,3.1955365473708,-14.1687260655624,14.1687260655624,"EB_features"
2022,"401426543",1,"2022-09-04 03:59:00",FALSE,62,98,"Mountain West","Conference USA","2022-08-29",2,-32,0,0,-6.24065045614498,0.60777151865285,-4.53260633296256,3.1955365473708,27.4673936670374,27.4673936670374,"EB_features"
2022,"401403867",1,"2022-09-04 23:30:00",TRUE,52,99,"ACC","SEC","2022-08-29",2,1,0,0,5.30091783627907,5.03800421222903,0.296686457014776,3.1955365473708,-0.703313542985224,0.703313542985224,"EB_features"
2022,"401411101",1,"2022-09-06",TRUE,59,228,"ACC","ACC","2022-09-05",3,-31,0,0,-4.65168401527835,13.9443984850439,-20.9848609074939,3.1955365473708,10.0151390925061,10.0151390925061,"EB_features"
2022,"401415613",2,"2022-09-09 23:30:00",FALSE,2116,97,"American Athletic","ACC","2022-09-05",3,-6,0,0,-1.23687187151452,1.2524649023859,0.386429524356427,3.1955365473708,6.38642952435643,6.38642952435643,"EB_features"
2022,"401415214",2,"2022-09-10 01:00:00",FALSE,167,68,"Mountain West","Mountain West","2022-09-05",3,-17,0,0,-7.75510656429554,5.43125231820461,-11.6846892755017,3.1955365473708,5.3153107244983,5.3153107244983,"EB_features"
2022,"401403868",2,"2022-09-10 16:00:00",FALSE,251,333,"Big 12","SEC","2022-09-05",3,-1,0,1,11.3103080600736,21.2814570883872,-12.5472458669492,3.1955365473708,-11.5472458669492,11.5472458669492,"EB_features"
2022,"401403869",2,"2022-09-10 16:00:00",FALSE,8,2579,"SEC","SEC","2022-09-05",3,14,1,1,6.57956541596008,2.32396015191721,6.33327350548673,3.1955365473708,-7.66672649451327,7.66672649451327,"EB_features"
2022,"401403876",2,"2022-09-10 16:00:00",FALSE,2306,142,"Big 12","SEC","2022-09-05",3,28,0,1,4.24787443181556,-0.462081310590089,6.16157142318995,3.1955365473708,-21.8384285768101,21.8384285768101,"EB_features"
2022,"401403879",2,"2022-09-10 16:00:00",FALSE,238,154,"SEC","ACC","2022-09-05",3,-20,1,0,-6.0994415489072,7.03622189114623,-2.28811694779363,3.1955365473708,17.7118830522064,17.7118830522064,"EB_features"
2022,"401405073",2,"2022-09-10 16:00:00",FALSE,77,150,"Big Ten","ACC","2022-09-05",3,-8,1,1,-4.07439457154156,-12.4592724224049,11.3147142409386,3.1955365473708,19.3147142409386,19.3147142409386,"EB_features"
2022,"401405079",2,"2022-09-10 16:00:00",FALSE,194,2032,"Big Ten","Sun Belt","2022-09-05",3,33,1,0,20.3933628237593,-9.42866084719953,36.3707035313034,3.1955365473708,3.3707035313034,3.3707035313034,"EB_features"
2022,"401405080",2,"2022-09-10 16:00:00",FALSE,213,195,"Big Ten","Mid-American","2022-09-05",3,36,1,1,12.2673093779397,-9.16567993912469,25.5135827885998,3.1955365473708,-10.4864172114002,10.4864172114002,"EB_features"
2022,"401411103",2,"2022-09-10 16:00:00",FALSE,2247,153,"Sun Belt","ACC","2022-09-05",3,-7,1,1,-3.1061782338732,5.90687128580087,-8.99655644236728,3.1955365473708,-1.99655644236728,1.99655644236728,"EB_features"
2022,"401411105",2,"2022-09-10 16:00:00",FALSE,2390,2572,"ACC","Sun Belt","2022-09-05",3,23,0,1,2.36279909471738,-7.68177134702143,14.2854047803155,3.1955365473708,-8.71459521968455,8.71459521968455,"EB_features"
2022,"401426553",2,"2022-09-10 16:00:00",FALSE,349,2636,"FBS Independents","Conference USA","2022-09-05",3,-3,1,1,4.16203937088042,3.70923430760454,3.27124382903659,3.1955365473708,6.27124382903659,6.27124382903659,"EB_features"
2022,"401416597",2,"2022-09-10 17:00:00",FALSE,2117,6,"Mid-American","Sun Belt","2022-09-05",3,-14,1,0,-1.19272795922072,-6.34435925735277,9.00286025083021,3.1955365473708,23.0028602508302,23.0028602508302,"EB_features"
2022,"401416594",2,"2022-09-10 18:00:00",FALSE,2050,2711,"Mid-American","Mid-American","2022-09-05",3,-7,1,1,-5.60299810945525,-2.81720534681781,-2.87326587951278,3.1955365473708,4.12673412048722,4.12673412048722,"EB_features"
2022,"401404125",2,"2022-09-10 18:30:00",FALSE,87,276,"FBS Independents","Sun Belt","2022-09-05",3,-5,1,0,10.937512426186,0.859066585271073,15.0462938588301,3.1955365473708,20.0462938588301,20.0462938588301,"EB_features"
2022,"401403877",2,"2022-09-10 19:30:00",FALSE,221,2633,"ACC","SEC","2022-09-05",3,-7,1,1,3.18420986592132,11.1949100640937,-10.4744032485328,3.1955365473708,-3.47440324853275,3.47440324853275,"EB_features"
2022,"401403878",2,"2022-09-10 19:30:00",FALSE,245,2026,"SEC","Sun Belt","2022-09-05",3,-3,0,1,10.1312967529522,1.70223348687612,12.782494877505,3.1955365473708,15.782494877505,15.782494877505,"EB_features"
2022,"401403977",2,"2022-09-10 19:30:00",FALSE,2005,38,"Mountain West","Pac-12","2022-09-05",3,31,0,1,8.31661511523281,-3.20116293971618,20.1261203035006,3.1955365473708,-10.8738796964994,10.8738796964994,"EB_features"
2022,"401403984",2,"2022-09-10 19:30:00",FALSE,275,265,"Big Ten","Pac-12","2022-09-05",3,-3,0,0,7.08822465548207,1.08338675940996,9.97173191104151,3.1955365473708,12.9717319110415,12.9717319110415,"EB_features"
2022,"401415617",2,"2022-09-10 19:30:00",FALSE,2426,235,"American Athletic","American Athletic","2022-09-05",3,-24,0,1,-2.08662650086964,-0.0475411691526454,3.52955322237781,3.1955365473708,27.5295532223778,27.5295532223778,"EB_features"
2022,"401426545",2,"2022-09-10 19:30:00",FALSE,2429,120,"Conference USA","Big Ten","2022-09-05",3,-35,1,1,-6.01493734898102,4.42778394399791,-13.7205604119137,3.1955365473708,21.2794395880863,21.2794395880863,"EB_features"
2022,"401403976",2,"2022-09-10 20:00:00",FALSE,25,2439,"Pac-12","Mountain West","2022-09-05",3,6,0,0,-0.0624632948020523,-6.48309108677157,10.4409325145556,3.1955365473708,4.44093251455557,4.44093251455557,"EB_features"
2022,"401404063",2,"2022-09-10 20:00:00",FALSE,2641,248,"Big 12","American Athletic","2022-09-05",3,3,0,1,-3.22902097927746,1.94403379101084,-3.8399427665957,3.1955365473708,-6.8399427665957,6.8399427665957,"EB_features"
2022,"401404064",2,"2022-09-10 20:00:00",FALSE,2294,66,"Big Ten","Big 12","2022-09-05",3,-3,0,0,7.21365975371447,8.62258970953561,1.60562108260579,3.1955365473708,4.60562108260579,4.60562108260579,"EB_features"
2022,"401405070",2,"2022-09-10 20:00:00",FALSE,356,258,"Big Ten","ACC","2022-09-05",3,21,2,0,-1.68083405380708,0.91987276084454,3.82249127405291,3.1955365473708,-17.1775087259471,17.1775087259471,"EB_features"
2022,"401405078",2,"2022-09-10 20:00:00",FALSE,127,2006,"Big Ten","Mid-American","2022-09-05",3,52,1,0,5.60726797392481,-15.0410889085499,28.0459347940519,3.1955365473708,-23.9540652059481,23.9540652059481,"EB_features"
2022,"401426548",2,"2022-09-10 20:00:00",FALSE,36,2393,"Mountain West","Conference USA","2022-09-05",3,-15,1,1,-6.09661032503177,-5.02602078518106,7.56843837198002,3.1955365473708,22.56843837198,22.56843837198,"EB_features"
2022,"401404065",2,"2022-09-10 22:00:00",FALSE,277,2305,"Big 12","Big 12","2022-09-05",3,-13,1,0,-1.01356369408649,-5.73255196259209,8.67613040062711,3.1955365473708,21.6761304006271,21.6761304006271,"EB_features"
2022,"401415024",2,"2022-09-10 22:00:00",FALSE,151,295,"American Athletic","Sun Belt","2022-09-05",3,18,1,1,2.80054412977557,-7.6329505516909,14.0378145833557,3.1955365473708,-3.96218541664427,3.96218541664427,"EB_features"
2022,"401426551",2,"2022-09-10 22:00:00",FALSE,2335,5,"FBS Independents","Conference USA","2022-09-05",3,7,1,0,-1.77506169943381,-1.46090025271517,2.5960316097278,3.1955365473708,-4.4039683902722,4.4039683902722,"EB_features"
2022,"401403871",2,"2022-09-10 23:00:00",FALSE,57,96,"SEC","SEC","2022-09-05",3,-10,1,1,4.72251592285892,8.75249928932871,-2.15186092862347,3.1955365473708,7.84813907137653,7.84813907137653,"EB_features"
2022,"401404066",2,"2022-09-10 23:00:00",FALSE,201,2309,"Big 12","Mid-American","2022-09-05",3,30,1,0,6.94559195979322,-4.90378413701057,18.6683886926823,3.1955365473708,-11.3316113073177,11.3316113073177,"EB_features"
2022,"401404148",2,"2022-09-10 23:00:00",FALSE,41,183,"FBS Independents","ACC","2022-09-05",3,-34,1,0,-18.323974201707,-0.265786460981296,-15.6747423942602,3.1955365473708,18.3252576057398,18.3252576057398,"EB_features"
2022,"401414779",2,"2022-09-10 23:00:00",FALSE,2649,113,"Mid-American","FBS Independents","2022-09-05",3,45,0,1,-0.770224216344032,-12.4230307212361,19.3809482960284,3.1955365473708,-25.6190517039716,25.6190517039716,"EB_features"
2022,"401415620",2,"2022-09-10 23:00:00",FALSE,202,2459,"American Athletic","Mid-American","2022-09-05",3,3,1,0,-4.89822341921364,-0.673396116800258,-2.2783037659989,3.1955365473708,-5.2783037659989,5.2783037659989,"EB_features"
2022,"401416598",2,"2022-09-10 23:00:00",FALSE,309,2199,"Sun Belt","Mid-American","2022-09-05",3,28,0,0,-1.20888925799927,-4.46716613671653,6.872358646692,3.1955365473708,-21.127641353308,21.127641353308,"EB_features"
2022,"401426544",2,"2022-09-10 23:00:00",FALSE,326,2229,"Sun Belt","Conference USA","2022-09-05",3,29,1,0,-14.9076311645679,-14.4042183356561,1.66095989682665,3.1955365473708,-27.3390401031733,27.3390401031733,"EB_features"
2022,"401403870",2,"2022-09-10 23:30:00",FALSE,2,23,"SEC","Mountain West","2022-09-05",3,8,0,0,6.57124135487946,-6.24676765715288,17.6600957481509,3.1955365473708,9.66009574815092,9.66009574815092,"EB_features"
2022,"401403975",2,"2022-09-10 23:30:00",FALSE,197,9,"Big 12","Pac-12","2022-09-05",3,17,1,0,8.34957596002936,-0.638807214683427,13.3445970413604,3.1955365473708,-3.6554029586396,3.6554029586396,"EB_features"
2022,"401403980",2,"2022-09-10 23:30:00",FALSE,24,30,"Pac-12","Pac-12","2022-09-05",3,-13,0,1,1.40513620855855,-2.9529327876275,1.06071527802511,3.1955365473708,14.0607152780251,14.0607152780251,"EB_features"
2022,"401405072",2,"2022-09-10 23:30:00",FALSE,158,290,"Big Ten","Sun Belt","2022-09-05",3,-3,1,0,7.45876116346016,-8.25797082653964,18.2620672887197,3.1955365473708,21.2620672887197,21.2620672887197,"EB_features"
2022,"401405077",2,"2022-09-11",FALSE,130,62,"Big Ten","Mountain West","2022-09-05",3,46,1,1,18.3131556309574,-6.24065045614498,42.452643904361,3.1955365473708,-3.54735609563897,3.54735609563897,"EB_features"
2022,"401411108",2,"2022-09-11",FALSE,259,103,"ACC","ACC","2022-09-05",3,17,1,1,-1.04093457752489,-1.28902112862328,3.13210765562396,3.1955365473708,-13.867892344376,13.867892344376,"EB_features"
2022,"401426552",2,"2022-09-11 01:00:00",FALSE,2638,166,"Conference USA","FBS Independents","2022-09-05",3,7,2,2,-3.53011931576545,-10.0087757252392,7.24912988053033,3.1955365473708,0.249129880530329,0.249129880530329,"EB_features"
2022,"401404062",2,"2022-09-11 02:15:00",FALSE,252,239,"FBS Independents","Big 12","2022-09-05",3,6,1,0,5.27620137781685,5.76064301193745,5.88078366976635,3.1955365473708,-0.119216330233649,0.119216330233649,"EB_features"
2022,"401403979",2,"2022-09-11 02:30:00",FALSE,278,204,"Mountain West","Pac-12","2022-09-05",3,-3,0,0,2.20656342925638,1.30289480677434,4.21528682805081,3.1955365473708,7.21528682805081,7.21528682805081,"EB_features"
2022,"401403875",2,"2022-09-11 03:00:00",FALSE,12,344,"Pac-12","SEC","2022-09-05",3,-22,1,1,-2.79022842169364,6.15053381723871,-5.87944448563283,3.1955365473708,16.1205555143672,16.1205555143672,"EB_features"
2022,"401411109",3,"2022-09-16 23:30:00",FALSE,97,52,"ACC","ACC","2022-09-12",4,-4,2,1,1.2524649023859,5.30091783627907,-3.435087869408,3.1955365473708,0.564912130591998,0.564912130591998,"EB_features"
2022,"401415217",3,"2022-09-17",FALSE,2751,2005,"Mountain West","Mountain West","2022-09-12",4,3,2,1,-4.86467948811277,8.31661511523281,-16.812910782191,3.1955365473708,-19.812910782191,19.812910782191,"EB_features"
2022,"401403888",3,"2022-09-17 16:00:00",FALSE,2579,61,"SEC","SEC","2022-09-12",4,-41,2,1,2.32396015191721,22.8602041202997,-23.542821558809,3.1955365473708,17.457178441191,17.457178441191,"EB_features"
2022,"401404070",3,"2022-09-17 16:00:00",FALSE,158,201,"Big Ten","Big 12","2022-09-12",4,-35,2,2,7.45876116346016,6.94559195979322,-5.81779901463975,3.1955365473708,29.1822009853603,29.1822009853603,"EB_features"
2022,"401404071",3,"2022-09-17 16:00:00",FALSE,239,326,"Big 12","Sun Belt","2022-09-12",4,35,0,2,5.76064301193745,-14.9076311645679,23.5994034009891,3.1955365473708,-11.4005965990109,11.4005965990109,"EB_features"
2022,"401404149",3,"2022-09-17 16:00:00",FALSE,130,41,"Big Ten","FBS Independents","2022-09-12",4,59,1,2,18.3131556309574,-18.323974201707,46.7065835843272,3.1955365473708,-12.2934164156728,12.2934164156728,"EB_features"
2022,"401405084",3,"2022-09-17 16:00:00",FALSE,183,2509,"ACC","Big Ten","2022-09-12",4,3,2,1,-0.265786460981296,5.18472279565377,2.734691624301,3.1955365473708,-0.265308375698996,0.265308375698996,"EB_features"
2022,"401415623",3,"2022-09-17 16:00:00",TRUE,193,2132,"Mid-American","American Athletic","2022-09-12",4,-21,1,1,-0.984887640903981,4.70547346284514,-7.77273895450736,3.1955365473708,13.2272610454926,13.2272610454926,"EB_features"
2022,"401426563",3,"2022-09-17 16:00:00",FALSE,84,98,"Big Ten","Conference USA","2022-09-12",4,3,1,1,-2.72767461482494,0.60777151865285,-2.25081559114057,3.1955365473708,-5.25081559114057,5.25081559114057,"EB_features"
2022,"401416601",3,"2022-09-17 17:00:00",FALSE,324,2084,"Sun Belt","Mid-American","2022-09-12",4,12,1,1,1.50832131266719,-6.91345398099633,14.3515066237935,3.1955365473708,2.35150662379353,2.35150662379353,"EB_features"
2022,"401403991",3,"2022-09-17 18:00:00",FALSE,26,6,"Pac-12","Sun Belt","2022-09-12",4,1,1,1,5.93708992158526,-6.34435925735277,14.8785533338501,3.1955365473708,13.8785533338501,13.8785533338501,"EB_features"
2022,"401404069",3,"2022-09-17 18:00:00",FALSE,66,195,"Big 12","Mid-American","2022-09-12",4,33,1,2,8.62258970953561,-9.16567993912469,23.9271281549033,3.1955365473708,-9.07287184509674,9.07287184509674,"EB_features"
2022,"401405089",3,"2022-09-17 18:00:00",FALSE,218,164,"American Athletic","Big Ten","2022-09-12",4,-2,1,1,-14.8812333935827,-2.16404416709606,-15.4803014293481,3.1955365473708,-13.4803014293481,13.4803014293481,"EB_features"
2022,"401411113",3,"2022-09-17 18:00:00",FALSE,258,295,"ACC","Sun Belt","2022-09-12",4,2,1,2,0.91987276084454,-7.6329505516909,9.21841052512312,3.1955365473708,7.21841052512312,7.21841052512312,"EB_features"
2022,"401403987",3,"2022-09-17 18:30:00",FALSE,87,25,"FBS Independents","Pac-12","2022-09-12",4,7,2,1,10.937512426186,-0.0624632948020523,13.8940216746635,3.1955365473708,6.89402167466348,6.89402167466348,"EB_features"
2022,"401404074",3,"2022-09-17 19:00:00",FALSE,2306,2655,"Big 12","American Athletic","2022-09-12",4,-7,1,1,4.24787443181556,-3.03846493092592,12.8578211410432,3.1955365473708,19.8578211410432,19.8578211410432,"EB_features"
2022,"401426558",3,"2022-09-17 19:00:00",FALSE,2439,249,"Mountain West","Conference USA","2022-09-12",4,31,1,2,-6.48309108677157,-3.60687721490061,3.34522123886922,3.1955365473708,-27.6547787611308,27.6547787611308,"EB_features"
2022,"401403882",3,"2022-09-17 19:30:00",FALSE,2,213,"SEC","Big Ten","2022-09-12",4,-29,1,2,6.57124135487946,12.2673093779397,-6.23708447905505,3.1955365473708,22.762915520945,22.762915520945,"EB_features"
2022,"401403886",3,"2022-09-17 19:30:00",FALSE,59,145,"ACC","SEC","2022-09-12",4,-42,1,1,-4.65168401527835,6.21456861489171,-10.6566499086511,3.1955365473708,31.3433500913489,31.3433500913489,"EB_features"
2022,"401403891",3,"2022-09-17 19:30:00",FALSE,2459,238,"Mid-American","SEC","2022-09-12",4,-10,1,2,-0.673396116800258,-6.0994415489072,2.04842517636037,3.1955365473708,12.0484251763604,12.0484251763604,"EB_features"
2022,"401403988",3,"2022-09-17 19:30:00",FALSE,135,38,"Big Ten","Pac-12","2022-09-12",4,42,1,2,4.30820385907727,-3.20116293971618,20.2650784452996,3.1955365473708,-21.7349215547004,21.7349215547004,"EB_features"
2022,"401403989",3,"2022-09-17 19:30:00",FALSE,2483,252,"Pac-12","FBS Independents","2022-09-12",4,21,1,1,5.7569371984974,5.27620137781685,-3.94384505438779,3.1955365473708,-24.9438450543878,24.9438450543878,"EB_features"
2022,"401405085",3,"2022-09-17 19:30:00",FALSE,275,166,"Big Ten","FBS Independents","2022-09-12",4,59,1,2,7.08822465548207,-10.0087757252392,23.4308633529093,3.1955365473708,-35.5691366470907,35.5691366470907,"EB_features"
2022,"401426333",3,"2022-09-17 19:30:00",FALSE,2026,2653,"Sun Belt","Sun Belt","2022-09-12",4,4,2,1,1.70223348687612,-7.32518106987979,15.4154950358754,3.1955365473708,11.4154950358754,11.4154950358754,"EB_features"
2022,"401426560",3,"2022-09-17 19:30:00",FALSE,5,290,"Conference USA","Sun Belt","2022-09-12",4,14,1,1,-1.46090025271517,-8.25797082653964,6.51690587399675,3.1955365473708,-7.48309412600325,7.48309412600325,"EB_features"
2022,"401403880",3,"2022-09-17 20:00:00",FALSE,333,2433,"SEC","Sun Belt","2022-09-12",4,56,2,1,21.2814570883872,-8.08030830668825,42.0470350103462,3.1955365473708,-13.9529649896538,13.9529649896538,"EB_features"
2022,"401404068",3,"2022-09-17 20:00:00",FALSE,248,2305,"American Athletic","Big 12","2022-09-12",4,-18,2,1,1.94403379101084,-5.73255196259209,8.5060959951978,3.1955365473708,26.5060959951978,26.5060959951978,"EB_features"
2022,"401403995",3,"2022-09-17 21:00:00",FALSE,265,36,"Pac-12","Mountain West","2022-09-12",4,31,1,2,1.08338675940996,-6.09661032503177,18.9885434241181,3.1955365473708,-12.0114565758819,12.0114565758819,"EB_features"
2022,"401404159",3,"2022-09-17 21:00:00",FALSE,154,2335,"ACC","FBS Independents","2022-09-12",4,1,1,2,7.03622189114623,-1.77506169943381,15.9211492343976,3.1955365473708,14.9211492343976,14.9211492343976,"EB_features"
2022,"401415029",3,"2022-09-17 21:00:00",FALSE,189,276,"Mid-American","Sun Belt","2022-09-12",4,3,1,1,-6.5347176776995,0.859066585271073,-10.3592452988361,3.1955365473708,-13.3592452988361,13.3592452988361,"EB_features"
2022,"401403885",3,"2022-09-17 22:00:00",FALSE,99,344,"SEC","SEC","2022-09-12",4,15,1,1,5.03800421222903,6.15053381723871,-1.59871650568166,3.1955365473708,-16.5987165056817,16.5987165056817,"EB_features"
2022,"401403889",3,"2022-09-17 23:00:00",FALSE,2633,2006,"SEC","Mid-American","2022-09-12",4,57,2,1,11.1949100640937,-15.0410889085499,40.6801472447447,3.1955365473708,-16.3198527552553,16.3198527552553,"EB_features"
2022,"401404072",3,"2022-09-17 23:00:00",FALSE,152,2641,"ACC","Big 12","2022-09-12",4,13,1,1,7.98464527166249,-3.22902097927746,14.4852573768853,3.1955365473708,1.48525737688525,1.48525737688525,"EB_features"
2022,"401405088",3,"2022-09-17 23:00:00",FALSE,194,2649,"Big Ten","Mid-American","2022-09-12",4,56,2,1,20.3933628237593,-0.770224216344032,21.2377019429376,3.1955365473708,-34.7622980570624,34.7622980570624,"EB_features"
2022,"401415622",3,"2022-09-17 23:00:00",FALSE,235,2032,"American Athletic","Sun Belt","2022-09-12",4,12,2,1,-0.0475411691526454,-9.42866084719953,14.5994350813557,3.1955365473708,2.59943508135569,2.59943508135569,"EB_features"
2022,"401426554",3,"2022-09-17 23:00:00",FALSE,2247,2429,"Sun Belt","Conference USA","2022-09-12",4,-1,2,2,-3.1061782338732,-6.01493734898102,12.1540851375489,3.1955365473708,13.1540851375489,13.1540851375489,"EB_features"
2022,"401403883",3,"2022-09-17 23:30:00",FALSE,57,58,"SEC","American Athletic","2022-09-12",4,3,2,1,4.72251592285892,-6.07029983736041,18.2888375908276,3.1955365473708,15.2888375908276,15.2888375908276,"EB_features"
2022,"401403994",3,"2022-09-17 23:30:00",FALSE,264,127,"Pac-12","Big Ten","2022-09-12",4,11,1,2,1.86275117750186,5.60726797392481,-3.98812010910678,3.1955365473708,-14.9881201091068,14.9881201091068,"EB_features"
2022,"401405082",3,"2022-09-17 23:30:00",FALSE,2294,2440,"Big Ten","Mountain West","2022-09-12",4,27,1,2,7.21365975371447,-1.72828511386163,10.7520543410154,3.1955365473708,-16.2479456589846,16.2479456589846,"EB_features"
2022,"401405087",3,"2022-09-17 23:30:00",FALSE,120,2567,"Big Ten","American Athletic","2022-09-12",4,7,2,1,4.42778394399791,-0.809744525729985,5.98772816147534,3.1955365473708,-1.01227183852466,1.01227183852466,"EB_features"
2022,"401411115",3,"2022-09-17 23:30:00",FALSE,2711,221,"Mid-American","ACC","2022-09-12",4,-21,2,2,-2.81720534681781,3.18420986592132,-3.76550573641618,3.1955365473708,17.2344942635838,17.2344942635838,"EB_features"
2022,"401426555",3,"2022-09-17 23:30:00",FALSE,2226,2116,"Conference USA","American Athletic","2022-09-12",4,-26,2,1,-3.57399417060582,-1.23687187151452,3.98921326267266,3.1955365473708,29.9892132626727,29.9892132626727,"EB_features"
2022,"401426559",3,"2022-09-17 23:30:00",FALSE,242,309,"Conference USA","Sun Belt","2022-09-12",4,12,1,1,-8.70255983211464,-1.20888925799927,-15.4329902085313,3.1955365473708,-27.4329902085313,27.4329902085313,"EB_features"
2022,"401426556",3,"2022-09-18",FALSE,228,2348,"ACC","Conference USA","2022-09-12",4,28,1,1,13.9443984850439,-9.95363945375501,34.8055087915664,3.1955365473708,6.80550879156642,6.80550879156642,"EB_features"
2022,"401426561",3,"2022-09-18",FALSE,167,2638,"Mountain West","Conference USA","2022-09-12",4,17,1,2,-7.75510656429554,-3.53011931576545,3.24020672574926,3.1955365473708,-13.7597932742507,13.7597932742507,"EB_features"
2022,"401426562",3,"2022-09-18",FALSE,251,2636,"Big 12","Conference USA","2022-09-12",4,21,2,2,11.3103080600736,3.70923430760454,16.3143540627606,3.1955365473708,-4.68564593723937,4.68564593723937,"EB_features"
2022,"401403890",3,"2022-09-18 01:00:00",FALSE,245,2390,"SEC","ACC","2022-09-12",4,8,1,1,10.1312967529522,2.36279909471738,7.72613436620948,3.1955365473708,-0.273865633790518,0.273865633790518,"EB_features"
2022,"401403993",3,"2022-09-18 02:00:00",FALSE,254,21,"Pac-12","Mountain West","2022-09-12",4,28,1,1,9.34241773094917,-2.16962235167065,18.7685469545318,3.1955365473708,-9.23145304546822,9.23145304546822,"EB_features"
2022,"401403992",3,"2022-09-18 02:30:00",FALSE,30,278,"Pac-12","Mountain West","2022-09-12",4,28,2,0,-2.9529327876275,2.20656342925638,6.43465607065897,3.1955365473708,-21.565343929341,21.565343929341,"EB_features"
2022,"401403986",3,"2022-09-18 03:00:00",FALSE,9,2199,"Pac-12","Mid-American","2022-09-12",4,-9,1,1,-0.638807214683427,-4.46716613671653,10.2970331216053,3.1955365473708,19.2970331216053,19.2970331216053,"EB_features"
2022,"401411116",4,"2022-09-22 23:30:00",FALSE,259,277,"ACC","Big 12","2022-09-19",5,-23,2,2,-1.04093457752489,-1.01356369408649,5.71541173679553,3.1955365473708,28.7154117367955,28.7154117367955,"EB_features"
2022,"401426334",4,"2022-09-22 23:30:00",FALSE,2247,324,"Sun Belt","Sun Belt","2022-09-19",5,-17,3,2,-3.1061782338732,1.50832131266719,-7.02330248597222,3.1955365473708,9.97669751402778,9.97669751402778,"EB_features"
2022,"401411117",4,"2022-09-23 23:00:00",FALSE,183,258,"ACC","ACC","2022-09-19",5,2,3,2,-0.265786460981296,0.91987276084454,11.9030851916241,3.1955365473708,9.90308519162412,9.90308519162412,"EB_features"
2022,"401415220",4,"2022-09-24",FALSE,2005,2440,"Mountain West","Mountain West","2022-09-19",5,28,2,3,8.31661511523281,-1.72828511386163,13.9428959462965,3.1955365473708,-14.0571040537035,14.0571040537035,"EB_features"
2022,"401426571",4,"2022-09-24 01:00:00",FALSE,2638,68,"Conference USA","Mountain West","2022-09-19",5,17,3,2,-3.53011931576545,5.43125231820461,-11.9586652569431,3.1955365473708,-28.9586652569431,28.9586652569431,"EB_features"
2022,"401403894",4,"2022-09-24 16:00:00",FALSE,2,142,"SEC","SEC","2022-09-19",5,3,2,2,6.57124135487946,-0.462081310590089,7.32997928309987,3.1955365473708,4.32997928309987,4.32997928309987,"EB_features"
2022,"401403895",4,"2022-09-24 16:00:00",FALSE,61,2309,"SEC","Mid-American","2022-09-19",5,17,2,2,22.8602041202997,-4.90378413701057,44.9060070137032,3.1955365473708,27.9060070137032,27.9060070137032,"EB_features"
2022,"401403899",4,"2022-09-24 16:00:00",FALSE,344,189,"SEC","Mid-American","2022-09-19",5,31,3,2,6.15053381723871,-6.5347176776995,20.922610845516,3.1955365473708,-10.077389154484,10.077389154484,"EB_features"
2022,"401404078",4,"2022-09-24 16:00:00",FALSE,2567,2628,"American Athletic","Big 12","2022-09-19",5,-8,2,1,-0.809744525729985,0.871542282673306,4.70904952021776,3.1955365473708,12.7090495202178,12.7090495202178,"EB_features"
2022,"401404079",4,"2022-09-24 16:00:00",FALSE,2305,150,"Big 12","ACC","2022-09-19",5,8,2,2,-5.73255196259209,-12.4592724224049,11.5910572748827,3.1955365473708,3.59105727488274,3.59105727488274,"EB_features"
2022,"401404080",4,"2022-09-24 16:00:00",FALSE,66,239,"Big 12","Big 12","2022-09-19",5,-7,2,2,8.62258970953561,5.76064301193745,7.78739365566637,3.1955365473708,14.7873936556664,14.7873936556664,"EB_features"
2022,"401405097",4,"2022-09-24 16:00:00",FALSE,130,120,"Big Ten","Big Ten","2022-09-19",5,7,3,3,18.3131556309574,4.42778394399791,17.765980673835,3.1955365473708,10.765980673835,10.765980673835,"EB_features"
2022,"401405098",4,"2022-09-24 16:00:00",FALSE,213,2117,"Big Ten","Mid-American","2022-09-19",5,19,3,2,12.2673093779397,-1.19272795922072,25.2488914339936,3.1955365473708,6.24889143399356,6.24889143399356,"EB_features"
2022,"401411119",4,"2022-09-24 16:00:00",FALSE,97,58,"ACC","American Athletic","2022-09-19",5,38,3,2,1.2524649023859,-6.07029983736041,11.6194314790358,3.1955365473708,-26.3805685209642,26.3805685209642,"EB_features"
2022,"401411123",4,"2022-09-24 16:00:00",FALSE,154,228,"ACC","ACC","2022-09-19",5,-6,2,1,7.03622189114623,13.9443984850439,-4.34344298189311,3.1955365473708,1.65655701810689,1.65655701810689,"EB_features"
2022,"401416604",4,"2022-09-24 16:00:00",FALSE,2199,2084,"Mid-American","Mid-American","2022-09-19",5,-19,1,2,-4.46716613671653,-6.91345398099633,1.46223778543563,3.1955365473708,20.4622377854356,20.4622377854356,"EB_features"
2022,"401403998",4,"2022-09-24 18:00:00",FALSE,38,26,"Pac-12","Pac-12","2022-09-19",5,-28,3,2,-3.20116293971618,5.93708992158526,-16.0422439149242,3.1955365473708,11.9577560850758,11.9577560850758,"EB_features"
2022,"401414781",4,"2022-09-24 18:00:00",FALSE,218,113,"American Athletic","FBS Independents","2022-09-19",5,28,2,2,-14.8812333935827,-12.4230307212361,5.94762365592659,3.1955365473708,-22.0523763440734,22.0523763440734,"EB_features"
2022,"401403901",4,"2022-09-24 19:30:00",FALSE,2633,57,"SEC","SEC","2022-09-19",5,5,3,3,11.1949100640937,4.72251592285892,18.9967567998212,3.1955365473708,13.9967567998212,13.9967567998212,"EB_features"
2022,"401404082",4,"2022-09-24 19:30:00",FALSE,2641,251,"Big 12","Big 12","2022-09-19",5,3,2,2,-3.22902097927746,11.3103080600736,-16.397423654248,3.1955365473708,-19.397423654248,19.397423654248,"EB_features"
2022,"401404126",4,"2022-09-24 19:30:00",FALSE,153,87,"ACC","FBS Independents","2022-09-19",5,-13,2,3,5.90687128580087,10.937512426186,-0.0856018364803512,3.1955365473708,12.9143981635196,12.9143981635196,"EB_features"
2022,"401405092",4,"2022-09-24 19:30:00",FALSE,127,135,"Big Ten","Big Ten","2022-09-19",5,-27,3,2,5.60726797392481,4.30820385907727,1.60765275377245,3.1955365473708,28.6076527537724,28.6076527537724,"EB_features"
2022,"401405096",4,"2022-09-24 19:30:00",FALSE,2132,84,"American Athletic","Big Ten","2022-09-19",5,21,2,2,4.70547346284514,-2.72767461482494,11.2358167939406,3.1955365473708,-9.76418320605945,9.76418320605945,"EB_features"
2022,"401415037",4,"2022-09-24 19:30:00",FALSE,2026,256,"Sun Belt","Sun Belt","2022-09-19",5,-4,3,1,1.70223348687612,-16.4936749796185,16.0242953695863,3.1955365473708,20.0242953695863,20.0242953695863,"EB_features"
2022,"401415224",4,"2022-09-24 19:30:00",FALSE,21,2649,"Mountain West","Mid-American","2022-09-19",5,3,1,2,-2.16962235167065,-0.770224216344032,-1.82264725099641,3.1955365473708,-4.82264725099641,4.82264725099641,"EB_features"
2022,"401426565",4,"2022-09-24 19:30:00",FALSE,98,2229,"Conference USA","Conference USA","2022-09-19",5,73,2,1,0.60777151865285,-14.4042183356561,27.5132568232131,3.1955365473708,-45.4867431767869,45.4867431767869,"EB_features"
2022,"401426568",4,"2022-09-24 19:30:00",FALSE,2390,2393,"ACC","Conference USA","2022-09-19",5,-14,1,2,2.36279909471738,-5.02602078518106,17.7881598431242,3.1955365473708,31.7881598431242,31.7881598431242,"EB_features"
2022,"401426569",4,"2022-09-24 19:30:00",FALSE,235,249,"American Athletic","Conference USA","2022-09-19",5,10,3,3,-0.0475411691526454,-3.60687721490061,14.4353143286367,3.1955365473708,4.4353143286367,4.4353143286367,"EB_features"
2022,"401403898",4,"2022-09-24 20:00:00",FALSE,145,202,"SEC","American Athletic","2022-09-19",5,8,2,2,6.21456861489171,-4.89822341921364,20.3256096568245,3.1955365473708,12.3256096568245,12.3256096568245,"EB_features"
2022,"401403999",4,"2022-09-24 20:00:00",FALSE,265,2483,"Pac-12","Pac-12","2022-09-19",5,-3,2,2,1.08338675940996,5.7569371984974,3.03180555996284,3.1955365473708,6.03180555996284,6.03180555996284,"EB_features"
2022,"401411122",4,"2022-09-24 20:00:00",FALSE,2116,59,"American Athletic","ACC","2022-09-19",5,17,2,2,-1.23687187151452,-4.65168401527835,16.1128186607401,3.1955365473708,-0.887181339259861,0.887181339259861,"EB_features"
2022,"401403996",4,"2022-09-24 21:30:00",FALSE,25,12,"Pac-12","Pac-12","2022-09-19",5,18,2,2,-0.0624632948020523,-2.79022842169364,6.36442529999519,3.1955365473708,-11.6355747000048,11.6355747000048,"EB_features"
2022,"401404160",4,"2022-09-24 22:00:00",FALSE,2335,2006,"FBS Independents","Mid-American","2022-09-19",5,9,3,2,-1.77506169943381,-15.0410889085499,27.2811314685524,3.1955365473708,18.2811314685524,18.2811314685524,"EB_features"
2022,"401415624",4,"2022-09-24 22:00:00",FALSE,151,2426,"American Athletic","American Athletic","2022-09-19",5,-3,2,1,2.80054412977557,-2.08662650086964,14.4948772369521,3.1955365473708,17.4948772369521,17.4948772369521,"EB_features"
2022,"401416605",4,"2022-09-24 22:00:00",FALSE,290,2050,"Sun Belt","Mid-American","2022-09-19",5,11,2,2,-8.25797082653964,-5.60299810945525,7.16707853319067,3.1955365473708,-3.83292146680933,3.83292146680933,"EB_features"
2022,"401426335",4,"2022-09-24 22:00:00",FALSE,295,2032,"Sun Belt","Sun Belt","2022-09-19",5,3,3,2,-7.6329505516909,-9.42866084719953,5.4763778304626,3.1955365473708,2.4763778304626,2.4763778304626,"EB_features"
2022,"401426570",4,"2022-09-24 22:00:00",FALSE,248,242,"American Athletic","Conference USA","2022-09-19",5,7,3,2,1.94403379101084,-8.70255983211464,14.8871268375076,3.1955365473708,7.88712683750764,7.88712683750764,"EB_features"
2022,"401403893",4,"2022-09-24 23:00:00",TRUE,245,8,"SEC","SEC","2022-09-19",5,2,1,2,10.1312967529522,6.57956541596008,-0.329455964522847,3.1955365473708,-2.32945596452285,2.32945596452285,"EB_features"
2022,"401403896",4,"2022-09-24 23:00:00",FALSE,96,2459,"SEC","Mid-American","2022-09-19",5,8,2,2,8.75249928932871,-0.673396116800258,18.6229589961466,3.1955365473708,10.6229589961466,10.6229589961466,"EB_features"
2022,"401405091",4,"2022-09-24 23:00:00",FALSE,164,2294,"Big Ten","Big Ten","2022-09-19",5,-17,2,2,-2.16404416709606,7.21365975371447,-10.6146285738021,3.1955365473708,6.38537142619788,6.38537142619788,"EB_features"
2022,"401415040",4,"2022-09-24 23:00:00",FALSE,2655,2572,"American Athletic","Sun Belt","2022-09-19",5,-3,2,2,-3.03846493092592,-7.68177134702143,14.0181772458232,3.1955365473708,17.0181772458232,17.0181772458232,"EB_features"
2022,"401415222",4,"2022-09-24 23:00:00",FALSE,328,2439,"Mountain West","Mountain West","2022-09-19",5,-10,2,2,0.587521898591169,-6.48309108677157,-0.438601918045155,3.1955365473708,9.56139808195485,9.56139808195485,"EB_features"
2022,"401426393",4,"2022-09-24 23:00:00",FALSE,2653,276,"Sun Belt","Sun Belt","2022-09-19",5,9,2,2,-7.32518106987979,0.859066585271073,-4.8766858916476,3.1955365473708,-13.8766858916476,13.8766858916476,"EB_features"
2022,"401426567",4,"2022-09-24 23:00:00",FALSE,6,2348,"Sun Belt","Conference USA","2022-09-19",5,24,2,1,-6.34435925735277,-9.95363945375501,16.3970639013029,3.1955365473708,-7.6029360986971,7.6029360986971,"EB_features"
2022,"401403892",4,"2022-09-24 23:30:00",FALSE,333,238,"SEC","SEC","2022-09-19",5,52,3,3,21.2814570883872,-6.0994415489072,31.3580026073796,3.1955365473708,-20.6419973926204,20.6419973926204,"EB_features"
2022,"401403897",4,"2022-09-24 23:30:00",FALSE,99,167,"SEC","Mountain West","2022-09-19",5,38,2,1,5.03800421222903,-7.75510656429554,21.7818782025726,3.1955365473708,-16.2181217974274,16.2181217974274,"EB_features"
2022,"401404150",4,"2022-09-24 23:30:00",FALSE,152,41,"ACC","FBS Independents","2022-09-19",5,31,2,3,7.98464527166249,-18.323974201707,34.5985585451185,3.1955365473708,3.5985585451185,3.5985585451185,"EB_features"
2022,"401405093",4,"2022-09-24 23:30:00",FALSE,77,193,"Big Ten","Mid-American","2022-09-19",5,-3,2,2,-4.07439457154156,-0.984887640903981,1.81963288658335,3.1955365473708,4.81963288658335,4.81963288658335,"EB_features"
2022,"401405095",4,"2022-09-24 23:30:00",FALSE,194,275,"Big Ten","Big Ten","2022-09-19",5,31,3,2,20.3933628237593,7.08822465548207,17.5002709913162,3.1955365473708,-13.4997290086838,13.4997290086838,"EB_features"
2022,"401426564",4,"2022-09-24 23:30:00",FALSE,2579,2429,"SEC","Conference USA","2022-09-19",5,36,3,3,2.32396015191721,-6.01493734898102,17.5109568534369,3.1955365473708,-18.4890431465631,18.4890431465631,"EB_features"
2022,"401426566",4,"2022-09-24 23:30:00",FALSE,2509,2226,"Big Ten","Conference USA","2022-09-19",5,2,2,3,5.18472279565377,-3.57399417060582,15.800593671313,3.1955365473708,13.800593671313,13.800593671313,"EB_features"
2022,"401404081",4,"2022-09-25",FALSE,201,2306,"Big 12","Big 12","2022-09-19",5,-7,3,2,6.94559195979322,4.24787443181556,12.5039436302333,3.1955365473708,19.5039436302333,19.5039436302333,"EB_features"
2022,"401409237",4,"2022-09-25",FALSE,166,62,"FBS Independents","Mountain West","2022-09-19",5,19,4,3,-10.0087757252392,-6.24065045614498,4.272097699942,3.1955365473708,-14.727902300058,14.727902300058,"EB_features"
2022,"401411118",4,"2022-09-25",FALSE,52,103,"ACC","ACC","2022-09-19",5,30,2,2,5.30091783627907,-1.28902112862328,14.6520660152168,3.1955365473708,-15.3479339847832,15.3479339847832,"EB_features"
2022,"401426336",4,"2022-09-25",FALSE,2433,309,"Sun Belt","Sun Belt","2022-09-19",5,4,2,2,-8.08030830668825,-1.20888925799927,-8.6607723451735,3.1955365473708,-12.6607723451735,12.6607723451735,"EB_features"
2022,"401404000",4,"2022-09-25 01:30:00",FALSE,204,30,"Pac-12","Pac-12","2022-09-19",5,-3,2,2,1.30289480677434,-2.9529327876275,2.11564351917964,3.1955365473708,5.11564351917964,5.11564351917964,"EB_features"
2022,"401415223",4,"2022-09-25 02:15:00",FALSE,252,2751,"FBS Independents","Mountain West","2022-09-19",5,14,3,3,5.27620137781685,-4.86467948811277,16.2261009918757,3.1955365473708,2.2261009918757,2.2261009918757,"EB_features"
2022,"401403997",4,"2022-09-25 02:30:00",FALSE,9,254,"Pac-12","Pac-12","2022-09-19",5,-21,1,1,-0.638807214683427,9.34241773094917,-7.31087252441193,3.1955365473708,13.6891274755881,13.6891274755881,"EB_features"
2022,"401404001",4,"2022-09-25 02:30:00",FALSE,264,24,"Pac-12","Pac-12","2022-09-19",5,18,2,1,1.86275117750186,1.40513620855855,10.3149108386084,3.1955365473708,-7.68508916139162,7.68508916139162,"EB_features"
2022,"401415225",4,"2022-09-25 02:30:00",FALSE,23,2711,"Mountain West","Mid-American","2022-09-19",5,28,1,3,-6.24676765715288,-2.81720534681781,3.08196955686813,3.1955365473708,-24.9180304431319,24.9180304431319,"EB_features"
2022,"401415226",5,"2022-09-30",FALSE,252,328,"FBS Independents","Mountain West","2022-09-26",6,12,3,3,5.27620137781685,0.587521898591169,16.4063736703484,3.1955365473708,4.40637367034842,4.40637367034842,"EB_features"
2022,"401415625",5,"2022-09-30 23:00:00",FALSE,248,2655,"American Athletic","American Athletic","2022-09-26",6,-3,4,3,1.94403379101084,-3.03846493092592,2.98567705708785,3.1955365473708,5.98567705708785,5.98567705708785,"EB_features"
2022,"401426576",5,"2022-09-30 23:30:00",FALSE,2393,2636,"Conference USA","Conference USA","2022-09-26",6,-15,3,3,-5.02602078518106,3.70923430760454,-4.85944175967076,3.1955365473708,10.1405582403292,10.1405582403292,"EB_features"
2022,"401415228",5,"2022-10-01",FALSE,68,21,"Mountain West","Mountain West","2022-09-26",6,22,3,3,5.43125231820461,-2.16962235167065,10.7219524436543,3.1955365473708,-11.2780475563457,11.2780475563457,"EB_features"
2022,"401404007",5,"2022-10-01 02:30:00",FALSE,26,264,"Pac-12","Pac-12","2022-09-26",6,8,3,2,5.93708992158526,1.86275117750186,5.1179045927265,3.1955365473708,-2.8820954072735,2.8820954072735,"EB_features"
2022,"401415229",5,"2022-10-01 03:00:00",FALSE,2439,167,"Mountain West","Mountain West","2022-09-26",6,11,3,3,-6.48309108677157,-7.75510656429554,13.2098501745893,3.1955365473708,2.20985017458929,2.20985017458929,"EB_features"
2022,"401403905",5,"2022-10-01 16:00:00",FALSE,145,96,"SEC","SEC","2022-09-26",6,3,3,3,6.21456861489171,8.75249928932871,2.70493100656315,3.1955365473708,-0.295068993436854,0.295068993436854,"EB_features"
2022,"401404085",5,"2022-10-01 16:00:00",FALSE,2306,2641,"Big 12","Big 12","2022-09-26",6,9,2,3,4.24787443181556,-3.22902097927746,8.79617431055081,3.1955365473708,-0.203825689449191,0.203825689449191,"EB_features"
2022,"401404086",5,"2022-10-01 16:00:00",FALSE,2628,201,"Big 12","Big 12","2022-09-26",6,31,2,3,0.871542282673306,6.94559195979322,-6.67368710950114,3.1955365473708,-37.6736871095011,37.6736871095011,"EB_features"
2022,"401404137",5,"2022-10-01 16:00:00",FALSE,349,2247,"FBS Independents","Sun Belt","2022-09-26",6,-17,2,4,4.16203937088042,-3.1061782338732,14.0822198847513,3.1955365473708,31.0822198847513,31.0822198847513,"EB_features"
2022,"401405099",5,"2022-10-01 16:00:00",FALSE,275,356,"Big Ten","Big Ten","2022-09-26",6,-24,3,3,7.08822465548207,-1.68083405380708,8.63112642741338,3.1955365473708,32.6311264274134,32.6311264274134,"EB_features"
2022,"401405100",5,"2022-10-01 16:00:00",FALSE,2294,130,"Big Ten","Big Ten","2022-09-26",6,-13,3,4,7.21365975371447,18.3131556309574,-9.22744481035091,3.1955365473708,3.77255518964909,3.77255518964909,"EB_features"
2022,"401405101",5,"2022-10-01 16:00:00",FALSE,135,2509,"Big Ten","Big Ten","2022-09-26",6,-10,3,3,4.30820385907727,5.18472279565377,12.6376371438771,3.1955365473708,22.6376371438771,22.6376371438771,"EB_features"
2022,"401411124",5,"2022-10-01 16:00:00",FALSE,103,97,"ACC","ACC","2022-09-26",6,1,2,4,-1.28902112862328,1.2524649023859,-5.31752542451756,3.1955365473708,-6.31752542451756,6.31752542451756,"EB_features"
2022,"401415227",5,"2022-10-01 16:00:00",FALSE,2005,2426,"Mountain West","American Athletic","2022-09-26",6,3,3,2,8.31661511523281,-2.08662650086964,17.3739330027006,3.1955365473708,14.3739330027006,14.3739330027006,"EB_features"
2022,"401415628",5,"2022-10-01 16:00:00",FALSE,235,218,"American Athletic","American Athletic","2022-09-26",6,21,4,3,-0.0475411691526454,-14.8812333935827,19.9166589161869,3.1955365473708,-1.08334108381313,1.08334108381313,"EB_features"
2022,"401426338",5,"2022-10-01 17:30:00",FALSE,256,326,"Sun Belt","Sun Belt","2022-09-26",6,27,2,3,-16.4936749796185,-14.9076311645679,13.5108102990208,3.1955365473708,-13.4891897009792,13.4891897009792,"EB_features"
2022,"401404006",5,"2022-10-01 18:00:00",FALSE,254,204,"Pac-12","Pac-12","2022-09-26",6,26,2,2,9.34241773094917,1.30289480677434,9.73196382142286,3.1955365473708,-16.2680361785771,16.2680361785771,"EB_features"
2022,"401414782",5,"2022-10-01 18:00:00",FALSE,2199,113,"Mid-American","FBS Independents","2022-09-26",6,7,3,3,-4.46716613671653,-12.4230307212361,18.2192606195543,3.1955365473708,11.2192606195543,11.2192606195543,"EB_features"
2022,"401416608",5,"2022-10-01 18:00:00",FALSE,2050,2459,"Mid-American","Mid-American","2022-09-26",6,6,3,3,-5.60299810945525,-0.673396116800258,-6.86625178823887,3.1955365473708,-12.8662517882389,12.8662517882389,"EB_features"
2022,"401415626",5,"2022-10-01 18:30:00",TRUE,58,151,"American Athletic","American Athletic","2022-09-26",6,-20,3,3,-6.07029983736041,2.80054412977557,-13.3374223111067,3.1955365473708,6.66257768889331,6.66257768889331,"EB_features"
2022,"401403902",5,"2022-10-01 19:30:00",FALSE,8,333,"SEC","SEC","2022-09-26",6,-23,3,4,6.57956541596008,21.2814570883872,-18.9066145523615,3.1955365473708,4.09338544763852,4.09338544763852,"EB_features"
2022,"401404083",5,"2022-10-01 19:30:00",FALSE,239,197,"Big 12","Big 12","2022-09-26",6,-11,3,2,5.76064301193745,8.34957596002936,3.4985180510882,3.1955365473708,14.4985180510882,14.4985180510882,"EB_features"
2022,"401404084",5,"2022-10-01 19:30:00",FALSE,2305,66,"Big 12","Big 12","2022-09-26",6,3,3,3,-5.73255196259209,8.62258970953561,-5.83480118432947,3.1955365473708,-8.83480118432947,8.83480118432947,"EB_features"
2022,"401404151",5,"2022-10-01 19:30:00",FALSE,41,278,"FBS Independents","Mountain West","2022-09-26",6,5,4,2,-18.323974201707,2.20656342925638,-18.3215062823537,3.1955365473708,-23.3215062823537,23.3215062823537,"EB_features"
2022,"401405103",5,"2022-10-01 19:30:00",FALSE,120,127,"Big Ten","Big Ten","2022-09-26",6,14,4,4,4.42778394399791,5.60726797392481,7.76474813660474,3.1955365473708,-6.23525186339526,6.23525186339526,"EB_features"
2022,"401405104",5,"2022-10-01 19:30:00",FALSE,194,164,"Big Ten","Big Ten","2022-09-26",6,39,4,3,20.3933628237593,-2.16404416709606,35.1628294775646,3.1955365473708,-3.83717052243539,3.83717052243539,"EB_features"
2022,"401405105",5,"2022-10-01 19:30:00",FALSE,213,77,"Big Ten","Big Ten","2022-09-26",6,10,4,3,12.2673093779397,-4.07439457154156,26.3842824080734,3.1955365473708,16.3842824080734,16.3842824080734,"EB_features"
2022,"401411127",5,"2022-10-01 19:30:00",FALSE,52,154,"ACC","ACC","2022-09-26",6,-10,2,3,5.30091783627907,7.03622189114623,2.91487965393524,3.1955365473708,12.9148796539352,12.9148796539352,"EB_features"
2022,"401411128",5,"2022-10-01 19:30:00",FALSE,153,259,"ACC","ACC","2022-09-26",6,31,3,3,5.90687128580087,-1.04093457752489,11.4498183479249,3.1955365473708,-19.5501816520751,19.5501816520751,"EB_features"
2022,"401416607",5,"2022-10-01 19:30:00",FALSE,2649,2117,"Mid-American","Mid-American","2022-09-26",6,21,3,3,-0.770224216344032,-1.19272795922072,3.82815301853585,3.1955365473708,-17.1718469814641,17.1718469814641,"EB_features"
2022,"401416609",5,"2022-10-01 19:30:00",FALSE,2006,189,"Mid-American","Mid-American","2022-09-26",6,-3,3,3,-15.0410889085499,-6.5347176776995,-10.1200122217998,3.1955365473708,-7.12001222179981,7.12001222179981,"EB_features"
2022,"401416610",5,"2022-10-01 19:30:00",FALSE,2084,193,"Mid-American","Mid-American","2022-09-26",6,4,3,3,-6.91345398099633,-0.984887640903981,2.74683931571971,3.1955365473708,-1.25316068428029,1.25316068428029,"EB_features"
2022,"401416611",5,"2022-10-01 19:30:00",FALSE,2309,195,"Mid-American","Mid-American","2022-09-26",6,7,3,3,-4.90378413701057,-9.16567993912469,10.2712855289121,3.1955365473708,3.27128552891208,3.27128552891208,"EB_features"
2022,"401403906",5,"2022-10-01 20:00:00",FALSE,344,245,"SEC","SEC","2022-09-26",6,18,4,3,6.15053381723871,10.1312967529522,6.64310144863425,3.1955365473708,-11.3568985513657,11.3568985513657,"EB_features"
2022,"401426575",5,"2022-10-01 20:00:00",FALSE,249,2226,"Conference USA","Conference USA","2022-09-26",6,17,4,4,-3.60687721490061,-3.57399417060582,-1.60570468180231,3.1955365473708,-18.6057046818023,18.6057046818023,"EB_features"
2022,"401426341",5,"2022-10-01 21:00:00",FALSE,309,6,"Sun Belt","Sun Belt","2022-09-26",6,-3,2,3,-1.20888925799927,-6.34435925735277,1.21722329390718,3.1955365473708,4.21722329390718,4.21722329390718,"EB_features"
2022,"401404004",5,"2022-10-01 21:30:00",FALSE,265,25,"Pac-12","Pac-12","2022-09-26",6,19,3,3,1.08338675940996,-0.0624632948020523,5.38882173709231,3.1955365473708,-13.6111782629077,13.6111782629077,"EB_features"
2022,"401404161",5,"2022-10-01 22:00:00",FALSE,295,2335,"Sun Belt","FBS Independents","2022-09-26",6,-14,4,4,-7.6329505516909,-1.77506169943381,-2.61699828261588,3.1955365473708,11.3830017173841,11.3830017173841,"EB_features"
2022,"401426573",5,"2022-10-01 22:00:00",FALSE,2429,2638,"Conference USA","Conference USA","2022-09-26",6,-6,4,5,-6.01493734898102,-3.53011931576545,-2.56968841148042,3.1955365473708,3.43031158851958,3.43031158851958,"EB_features"
2022,"401403903",5,"2022-10-01 23:00:00",FALSE,2,99,"SEC","SEC","2022-09-26",6,-4,3,3,6.57124135487946,5.03800421222903,-6.17307436970047,3.1955365473708,-2.17307436970047,2.17307436970047,"EB_features"
2022,"401415627",5,"2022-10-01 23:00:00",FALSE,202,2132,"American Athletic","American Athletic","2022-09-26",6,-10,3,3,-4.89822341921364,4.70547346284514,-8.84822098693308,3.1955365473708,1.15177901306692,1.15177901306692,"EB_features"
2022,"401426337",5,"2022-10-01 23:00:00",FALSE,324,290,"Sun Belt","Sun Belt","2022-09-26",6,4,3,3,1.50832131266719,-8.25797082653964,14.7606406837555,3.1955365473708,10.7606406837555,10.7606406837555,"EB_features"
2022,"401426340",5,"2022-10-01 23:00:00",FALSE,2032,2433,"Sun Belt","Sun Belt","2022-09-26",6,17,3,2,-9.42866084719953,-8.08030830668825,8.25736930075132,3.1955365473708,-8.74263069924868,8.74263069924868,"EB_features"
2022,"401426578",5,"2022-10-01 23:00:00",FALSE,98,2653,"Conference USA","Sun Belt","2022-09-26",6,-7,3,3,0.60777151865285,-7.32518106987979,16.1853457297969,3.1955365473708,23.1853457297969,23.1853457297969,"EB_features"
2022,"401403907",5,"2022-10-01 23:30:00",FALSE,142,61,"SEC","SEC","2022-09-26",6,-4,3,3,-0.462081310590089,22.8602041202997,-28.4122247957967,3.1955365473708,-24.4122247957967,24.4122247957967,"EB_features"
2022,"401404087",5,"2022-10-01 23:30:00",FALSE,251,277,"Big 12","Big 12","2022-09-26",6,18,4,3,11.3103080600736,-1.01356369408649,17.8284467827728,3.1955365473708,-0.171553217227178,0.171553217227178,"EB_features"
2022,"401405102",5,"2022-10-01 23:30:00",FALSE,158,84,"Big Ten","Big Ten","2022-09-26",6,14,3,3,7.45876116346016,-2.72767461482494,2.8575377058958,3.1955365473708,-11.1424622941042,11.1424622941042,"EB_features"
2022,"401411125",5,"2022-10-01 23:30:00",FALSE,228,152,"ACC","ACC","2022-09-26",6,10,3,3,13.9443984850439,7.98464527166249,10.7994534614807,3.1955365473708,0.799453461480688,0.799453461480688,"EB_features"
2022,"401411126",5,"2022-10-01 23:30:00",FALSE,150,258,"ACC","ACC","2022-09-26",6,21,3,3,-12.4592724224049,0.91987276084454,-1.31454829370064,3.1955365473708,-22.3145482937006,22.3145482937006,"EB_features"
2022,"401415230",5,"2022-10-01 23:30:00",FALSE,2751,23,"Mountain West","Mountain West","2022-09-26",6,-17,3,1,-4.86467948811277,-6.24676765715288,3.65783229905686,3.1955365473708,20.6578322990569,20.6578322990569,"EB_features"
2022,"401426577",5,"2022-10-01 23:30:00",FALSE,242,5,"Conference USA","Conference USA","2022-09-26",6,4,3,2,-8.70255983211464,-1.46090025271517,-6.38625688555985,3.1955365473708,-10.3862568855598,10.3862568855598,"EB_features"
2022,"401411129",5,"2022-10-02",FALSE,221,59,"ACC","ACC","2022-09-26",6,-5,3,3,3.18420986592132,-4.65168401527835,21.2552326330573,3.1955365473708,26.2552326330573,26.2552326330573,"EB_features"
2022,"401426574",5,"2022-10-02",FALSE,166,2229,"FBS Independents","Conference USA","2022-09-26",6,-14,4,2,-10.0087757252392,-14.4042183356561,13.360328516825,3.1955365473708,27.360328516825,27.360328516825,"EB_features"
2022,"401404002",5,"2022-10-02 01:30:00",FALSE,12,38,"Pac-12","Pac-12","2022-09-26",6,23,3,4,-2.79022842169364,-3.20116293971618,12.5315736136508,3.1955365473708,-10.4684263863492,10.4684263863492,"EB_features"
2022,"401404003",5,"2022-10-02 02:30:00",FALSE,30,9,"Pac-12","Pac-12","2022-09-26",6,17,3,2,-2.9529327876275,-0.638807214683427,17.2216640770042,3.1955365473708,0.221664077004174,0.221664077004174,"EB_features"
2022,"401404005",5,"2022-10-02 03:00:00",FALSE,2483,24,"Pac-12","Pac-12","2022-09-26",6,18,3,1,5.7569371984974,1.40513620855855,9.88575660620404,3.1955365473708,-8.11424339379596,8.11424339379596,"EB_features"
2022,"401415629",6,"2022-10-05 23:00:00",FALSE,2116,2567,"American Athletic","American Athletic","2022-10-03",7,22,3,3,-1.23687187151452,-0.809744525729985,-0.328759167782502,3.1955365473708,-22.3287591677825,22.3287591677825,"EB_features"
2022,"401405111",6,"2022-10-07 23:00:00",FALSE,164,158,"Big Ten","Big Ten","2022-10-03",7,-1,4,4,-2.16404416709606,7.45876116346016,-1.27555564850796,3.1955365473708,-0.275555648507963,0.275555648507963,"EB_features"
2022,"401415630",6,"2022-10-07 23:30:00",FALSE,235,248,"American Athletic","American Athletic","2022-10-03",7,-1,5,5,-0.0475411691526454,1.94403379101084,6.71347787875779,3.1955365473708,7.71347787875779,7.71347787875779,"EB_features"
2022,"401415233",6,"2022-10-08 02:30:00",FALSE,2440,36,"Mountain West","Mountain West","2022-10-03",7,-3,4,3,-1.72828511386163,-6.09661032503177,11.3084247076815,3.1955365473708,14.3084247076815,14.3084247076815,"EB_features"
2022,"401415236",6,"2022-10-08 02:30:00",FALSE,23,2439,"Mountain West","Mountain West","2022-10-03",7,33,3,4,-6.24676765715288,-6.48309108677157,3.68887899761013,3.1955365473708,-29.3111210023899,29.3111210023899,"EB_features"
2022,"401403910",6,"2022-10-08 16:00:00",FALSE,57,142,"SEC","SEC","2022-10-03",7,7,4,4,4.72251592285892,-0.462081310590089,5.70990459619204,3.1955365473708,-1.29009540380796,1.29009540380796,"EB_features"
2022,"401403913",6,"2022-10-08 16:00:00",FALSE,99,2633,"SEC","SEC","2022-10-03",7,-27,4,4,5.03800421222903,11.1949100640937,-3.27556325970022,3.1955365473708,23.7244367402998,23.7244367402998,"EB_features"
2022,"401403914",6,"2022-10-08 16:00:00",FALSE,344,8,"SEC","SEC","2022-10-03",7,23,5,4,6.15053381723871,6.57956541596008,7.63019400433578,3.1955365473708,-15.3698059956642,15.3698059956642,"EB_features"
2022,"401404089",6,"2022-10-08 16:00:00",FALSE,2305,2628,"Big 12","Big 12","2022-10-03",7,-7,4,3,-5.73255196259209,0.871542282673306,-4.70476652879338,3.1955365473708,2.29523347120662,2.29523347120662,"EB_features"
2022,"401404090",6,"2022-10-08 16:00:00",TRUE,201,251,"Big 12","Big 12","2022-10-03",7,-49,5,5,6.94559195979322,11.3103080600736,-5.63143602021046,3.1955365473708,43.3685639797895,43.3685639797895,"EB_features"
2022,"401405108",6,"2022-10-08 16:00:00",FALSE,84,130,"Big Ten","Big Ten","2022-10-03",7,-21,4,5,-2.72767461482494,18.3131556309574,-22.5345030158404,3.1955365473708,-1.53450301584044,1.53450301584044,"EB_features"
2022,"401405109",6,"2022-10-08 16:00:00",FALSE,120,2509,"Big Ten","Big Ten","2022-10-03",7,-2,5,4,4.42778394399791,5.18472279565377,7.60503182445188,3.1955365473708,9.60503182445188,9.60503182445188,"EB_features"
2022,"401411136",6,"2022-10-08 16:00:00",FALSE,258,97,"ACC","ACC","2022-10-03",7,-17,4,5,0.91987276084454,1.2524649023859,-2.8371093244269,3.1955365473708,14.1628906755731,14.1628906755731,"EB_features"
2022,"401416614",6,"2022-10-08 16:00:00",FALSE,2711,2199,"Mid-American","Mid-American","2022-10-03",7,-22,4,4,-2.81720534681781,-4.46716613671653,5.34727881462645,3.1955365473708,27.3472788146264,27.3472788146264,"EB_features"
2022,"401416617",6,"2022-10-08 16:00:00",FALSE,189,2084,"Mid-American","Mid-American","2022-10-03",7,-31,4,4,-6.5347176776995,-6.91345398099633,-1.78240070899811,3.1955365473708,29.2175992910019,29.2175992910019,"EB_features"
2022,"401416616",6,"2022-10-08 18:00:00",FALSE,195,2006,"Mid-American","Mid-American","2022-10-03",7,21,4,4,-9.16567993912469,-15.0410889085499,12.4496423720771,3.1955365473708,-8.5503576279229,8.5503576279229,"EB_features"
2022,"401426342",6,"2022-10-08 18:00:00",FALSE,2247,290,"Sun Belt","Sun Belt","2022-10-03",7,8,5,4,-3.1061782338732,-8.25797082653964,3.23278422354992,3.1955365473708,-4.76721577645008,4.76721577645008,"EB_features"
2022,"401415633",6,"2022-10-08 18:30:00",FALSE,2132,58,"American Athletic","American Athletic","2022-10-03",7,4,4,4,4.70547346284514,-6.07029983736041,24.0550243792712,3.1955365473708,20.0550243792712,20.0550243792712,"EB_features"
2022,"401403911",6,"2022-10-08 19:30:00",FALSE,61,2,"SEC","SEC","2022-10-03",7,32,4,4,22.8602041202997,6.57124135487946,27.6737805015493,3.1955365473708,-4.32621949845068,4.32621949845068,"EB_features"
2022,"401404011",6,"2022-10-08 19:30:00",FALSE,26,254,"Pac-12","Pac-12","2022-10-03",7,10,4,4,5.93708992158526,9.34241773094917,-1.32330421756465,3.1955365473708,-11.3233042175647,11.3233042175647,"EB_features"
2022,"401404091",6,"2022-10-08 19:30:00",FALSE,197,2641,"Big 12","Big 12","2022-10-03",7,10,3,4,8.34957596002936,-3.22902097927746,13.6036246142713,3.1955365473708,3.60362461427132,3.60362461427132,"EB_features"
2022,"401404164",6,"2022-10-08 19:30:00",FALSE,113,2335,"FBS Independents","FBS Independents","2022-10-03",7,-18,4,5,-12.4230307212361,-1.77506169943381,-19.0486567957423,3.1955365473708,-1.0486567957423,1.0486567957423,"EB_features"
2022,"401405107",6,"2022-10-08 19:30:00",FALSE,77,275,"Big Ten","Big Ten","2022-10-03",7,-35,4,4,-4.07439457154156,7.08822465548207,-7.11520159619717,3.1955365473708,27.8847984038028,27.8847984038028,"EB_features"
2022,"401411135",6,"2022-10-08 19:30:00",FALSE,221,259,"ACC","ACC","2022-10-03",7,16,3,4,3.18420986592132,-1.04093457752489,15.7811928156517,3.1955365473708,-0.218807184348282,0.218807184348282,"EB_features"
2022,"401415631",6,"2022-10-08 19:30:00",FALSE,2655,151,"American Athletic","American Athletic","2022-10-03",7,15,4,4,-3.03846493092592,2.80054412977557,0.615232906313338,3.1955365473708,-14.3847670936867,14.3847670936867,"EB_features"
2022,"401415632",6,"2022-10-08 19:30:00",FALSE,2426,202,"American Athletic","American Athletic","2022-10-03",7,32,3,4,-2.08662650086964,-4.89822341921364,4.65937608280664,3.1955365473708,-27.3406239171934,27.3406239171934,"EB_features"
2022,"401416613",6,"2022-10-08 19:30:00",FALSE,2117,2050,"Mid-American","Mid-American","2022-10-03",7,-1,4,4,-1.19272795922072,-5.60299810945525,8.90269786458409,3.1955365473708,9.90269786458409,9.90269786458409,"EB_features"
2022,"401416615",6,"2022-10-08 19:30:00",FALSE,2459,2649,"Mid-American","Mid-American","2022-10-03",7,-20,4,4,-0.673396116800258,-0.770224216344032,0.086695001322501,3.1955365473708,20.0866950013225,20.0866950013225,"EB_features"
2022,"401416618",6,"2022-10-08 19:30:00",FALSE,193,2309,"Mid-American","Mid-American","2022-10-03",7,3,4,4,-0.984887640903981,-4.90378413701057,5.52477371395893,3.1955365473708,2.52477371395893,2.52477371395893,"EB_features"
2022,"401426581",6,"2022-10-08 19:30:00",FALSE,5,2393,"Conference USA","Conference USA","2022-10-03",7,27,3,4,-1.46090025271517,-5.02602078518106,7.57980191599623,3.1955365473708,-19.4201980840038,19.4201980840038,"EB_features"
2022,"401403915",6,"2022-10-08 20:00:00",FALSE,238,145,"SEC","SEC","2022-10-03",7,-24,4,4,-6.0994415489072,6.21456861489171,-9.24628613985373,3.1955365473708,14.7537138601463,14.7537138601463,"EB_features"
2022,"401404009",6,"2022-10-08 20:00:00",FALSE,9,264,"Pac-12","Pac-12","2022-10-03",7,7,3,4,-0.638807214683427,1.86275117750186,-9.31767290325309,3.1955365473708,-16.3176729032531,16.3176729032531,"EB_features"
2022,"401405110",6,"2022-10-08 20:00:00",FALSE,127,194,"Big Ten","Big Ten","2022-10-03",7,-29,5,5,5.60726797392481,20.3933628237593,-19.8214881190835,3.1955365473708,9.17851188091646,9.17851188091646,"EB_features"
2022,"401411132",6,"2022-10-08 20:00:00",FALSE,59,150,"ACC","ACC","2022-10-03",7,3,3,4,-4.65168401527835,-12.4592724224049,-5.39247483445863,3.1955365473708,-8.39247483445862,8.39247483445862,"EB_features"
2022,"401411133",6,"2022-10-08 20:00:00",FALSE,2390,153,"ACC","ACC","2022-10-03",7,-3,3,4,2.36279909471738,5.90687128580087,-3.42171700997804,3.1955365473708,-0.421717009978041,0.421717009978041,"EB_features"
2022,"401426582",6,"2022-10-08 22:00:00",FALSE,2636,98,"Conference USA","Conference USA","2022-10-03",7,3,4,4,3.70923430760454,0.60777151865285,0.709243063805501,3.1955365473708,-2.2907569361945,2.2907569361945,"EB_features"
2022,"401415231",6,"2022-10-08 23:00:00",FALSE,328,2005,"Mountain West","Mountain West","2022-10-03",7,7,4,4,0.587521898591169,8.31661511523281,-10.5791561884897,3.1955365473708,-17.5791561884897,17.5791561884897,"EB_features"
2022,"401415234",6,"2022-10-08 23:00:00",FALSE,167,2751,"Mountain West","Mountain West","2022-10-03",7,-13,4,5,-7.75510656429554,-4.86467948811277,0.320662264554996,3.1955365473708,13.320662264555,13.320662264555,"EB_features"
2022,"401426343",6,"2022-10-08 23:00:00",FALSE,2032,256,"Sun Belt","Sun Belt","2022-10-03",7,-22,4,3,-9.42866084719953,-16.4936749796185,0.604736588090539,3.1955365473708,22.6047365880905,22.6047365880905,"EB_features"
2022,"401426345",6,"2022-10-08 23:00:00",FALSE,326,2026,"Sun Belt","Sun Belt","2022-10-03",7,12,4,4,-14.9076311645679,1.70223348687612,-16.6352943160875,3.1955365473708,-28.6352943160875,28.6352943160875,"EB_features"
2022,"401426346",6,"2022-10-08 23:00:00",FALSE,2653,2572,"Sun Belt","Sun Belt","2022-10-03",7,17,4,3,-7.32518106987979,-7.68177134702143,9.06389012798232,3.1955365473708,-7.93610987201768,7.93610987201768,"EB_features"
2022,"401426579",6,"2022-10-08 23:00:00",FALSE,2229,41,"Conference USA","FBS Independents","2022-10-03",7,-21,2,5,-14.4042183356561,-18.323974201707,-5.41748885320828,3.1955365473708,15.5825111467917,15.5825111467917,"EB_features"
2022,"401426580",6,"2022-10-08 23:00:00",FALSE,2348,2638,"Conference USA","Conference USA","2022-10-03",7,10,3,6,-9.95363945375501,-3.53011931576545,-1.49451869500875,3.1955365473708,-11.4945186950088,11.4945186950088,"EB_features"
2022,"401403912",6,"2022-10-08 23:30:00",FALSE,96,2579,"SEC","SEC","2022-10-03",7,-10,4,4,8.75249928932871,2.32396015191721,11.3838929051479,3.1955365473708,21.3838929051479,21.3838929051479,"EB_features"
2022,"401404012",6,"2022-10-08 23:30:00",FALSE,30,265,"Pac-12","Pac-12","2022-10-03",7,16,4,4,-2.9529327876275,1.08338675940996,5.56608671604259,3.1955365473708,-10.4339132839574,10.4339132839574,"EB_features"
2022,"401404088",6,"2022-10-08 23:30:00",FALSE,66,2306,"Big 12","Big 12","2022-10-03",7,-1,4,4,8.62258970953561,4.24787443181556,4.50672584852805,3.1955365473708,5.50672584852805,5.50672584852805,"EB_features"
2022,"401404127",6,"2022-10-08 23:30:00",TRUE,87,252,"FBS Independents","FBS Independents","2022-10-03",7,8,4,5,10.937512426186,5.27620137781685,5.92628414543192,3.1955365473708,-2.07371585456808,2.07371585456808,"EB_features"
2022,"401404138",6,"2022-10-08 23:30:00",FALSE,154,349,"ACC","FBS Independents","2022-10-03",7,35,4,3,7.03622189114623,4.16203937088042,14.9656005325763,3.1955365473708,-20.0343994674237,20.0343994674237,"EB_features"
2022,"401405106",6,"2022-10-08 23:30:00",FALSE,356,2294,"Big Ten","Big Ten","2022-10-03",7,3,4,4,-1.68083405380708,7.21365975371447,1.0363202924461,3.1955365473708,-1.9636797075539,1.9636797075539,"EB_features"
2022,"401411131",6,"2022-10-08 23:30:00",FALSE,103,228,"ACC","ACC","2022-10-03",7,-28,4,4,-1.28902112862328,13.9443984850439,-19.5913389760216,3.1955365473708,8.4086610239784,8.4086610239784,"EB_features"
2022,"401403909",6,"2022-10-09",FALSE,333,245,"SEC","SEC","2022-10-03",7,4,5,4,21.2814570883872,10.1312967529522,27.9252485636652,3.1955365473708,23.9252485636652,23.9252485636652,"EB_features"
2022,"401411134",6,"2022-10-09",FALSE,152,52,"ACC","ACC","2022-10-03",7,2,4,4,7.98464527166249,5.30091783627907,4.1266223730215,3.1955365473708,2.1266223730215,2.1266223730215,"EB_features"
2022,"401426344",6,"2022-10-09",FALSE,2433,324,"Sun Belt","Sun Belt","2022-10-03",7,-7,4,4,-8.08030830668825,1.50832131266719,-13.1787641528703,3.1955365473708,-6.17876415287032,6.17876415287032,"EB_features"
2022,"401404008",6,"2022-10-09 01:00:00",FALSE,12,2483,"Pac-12","Pac-12","2022-10-03",7,-27,3,3,-2.79022842169364,5.7569371984974,-6.56901664450984,3.1955365473708,20.4309833554902,20.4309833554902,"EB_features"
2022,"401415232",6,"2022-10-09 01:45:00",FALSE,68,278,"Mountain West","Mountain West","2022-10-03",7,20,4,3,5.43125231820461,2.20656342925638,9.18064901788425,3.1955365473708,-10.8193509821157,10.8193509821157,"EB_features"
2022,"401415235",6,"2022-10-09 02:30:00",FALSE,21,62,"Mountain West","Mountain West","2022-10-03",7,2,4,4,-2.16962235167065,-6.24065045614498,16.2255675604178,3.1955365473708,14.2255675604178,14.2255675604178,"EB_features"
2022,"401404010",6,"2022-10-09 03:00:00",FALSE,24,204,"Pac-12","Pac-12","2022-10-03",7,-1,2,4,1.40513620855855,1.30289480677434,-0.288315361898305,3.1955365473708,0.711684638101695,0.711684638101695,"EB_features"
2022,"401426347",7,"2022-10-12 23:30:00",FALSE,276,309,"Sun Belt","Sun Belt","2022-10-10",8,-10,3,4,0.859066585271073,-1.20888925799927,7.05392693050799,3.1955365473708,17.053926930508,17.053926930508,"EB_features"
2022,"401404092",7,"2022-10-13 23:00:00",FALSE,277,239,"Big 12","Big 12","2022-10-10",8,3,4,4,-1.01356369408649,5.76064301193745,-3.68653926342531,3.1955365473708,-6.68653926342531,6.68653926342531,"EB_features"
2022,"401415634",7,"2022-10-13 23:00:00",FALSE,2116,218,"American Athletic","American Athletic","2022-10-10",8,57,4,4,-1.23687187151452,-14.8812333935827,23.450629792266,3.1955365473708,-33.549370207734,33.549370207734,"EB_features"
2022,"401415635",7,"2022-10-14 23:30:00",FALSE,2567,2426,"American Athletic","American Athletic","2022-10-10",8,6,4,4,-0.809744525729985,-2.08662650086964,5.64504633038463,3.1955365473708,-0.354953669615375,0.354953669615375,"EB_features"
2022,"401426584",7,"2022-10-15",FALSE,2229,2636,"Conference USA","Conference USA","2022-10-10",8,-20,4,5,-14.4042183356561,3.70923430760454,-27.1800264223024,3.1955365473708,-7.18002642230235,7.18002642230235,"EB_features"
2022,"401403920",7,"2022-10-15 16:00:00",FALSE,145,2,"SEC","SEC","2022-10-10",8,14,5,5,6.21456861489171,6.57124135487946,12.8017963458507,3.1955365473708,-1.19820365414927,1.19820365414927,"EB_features"
2022,"401404093",7,"2022-10-15 16:00:00",FALSE,251,66,"Big 12","Big 12","2022-10-10",8,3,6,5,11.3103080600736,8.62258970953561,14.4135697807099,3.1955365473708,11.4135697807099,11.4135697807099,"EB_features"
2022,"401404094",7,"2022-10-15 16:00:00",FALSE,201,2305,"Big 12","Big 12","2022-10-10",8,10,6,5,6.94559195979322,-5.73255196259209,6.63532446205369,3.1955365473708,-3.36467553794631,3.36467553794631,"EB_features"
2022,"401405112",7,"2022-10-15 16:00:00",FALSE,356,135,"Big Ten","Big Ten","2022-10-10",8,12,5,4,-1.68083405380708,4.30820385907727,0.0930831095507605,3.1955365473708,-11.9069168904492,11.9069168904492,"EB_features"
2022,"401405115",7,"2022-10-15 16:00:00",FALSE,130,213,"Big Ten","Big Ten","2022-10-10",8,24,6,5,18.3131556309574,12.2673093779397,11.1844197317529,3.1955365473708,-12.8155802682471,12.8155802682471,"EB_features"
2022,"401416619",7,"2022-10-15 16:00:00",FALSE,2006,2117,"Mid-American","Mid-American","2022-10-10",8,-7,5,5,-15.0410889085499,-1.19272795922072,-13.1830780652592,3.1955365473708,-6.18307806525918,6.18307806525918,"EB_features"
2022,"401416622",7,"2022-10-15 16:00:00",FALSE,189,193,"Mid-American","Mid-American","2022-10-10",8,4,5,5,-6.5347176776995,-0.984887640903981,-4.45223844706171,3.1955365473708,-8.45223844706171,8.45223844706171,"EB_features"
2022,"401426348",7,"2022-10-15 16:00:00",FALSE,324,295,"Sun Belt","Sun Belt","2022-10-10",8,-28,4,5,1.50832131266719,-7.6329505516909,16.1400461987697,3.1955365473708,44.1400461987697,44.1400461987697,"EB_features"
2022,"401411140",7,"2022-10-15 16:30:00",FALSE,259,2390,"ACC","ACC","2022-10-10",8,-6,5,4,-1.04093457752489,2.36279909471738,-3.70617323823585,3.1955365473708,2.29382676176415,2.29382676176415,"EB_features"
2022,"401414783",7,"2022-10-15 17:00:00",FALSE,113,2084,"FBS Independents","Mid-American","2022-10-10",8,-27,5,5,-12.4230307212361,-6.91345398099633,-17.3285644088032,3.1955365473708,9.67143559119683,9.67143559119683,"EB_features"
2022,"401404014",7,"2022-10-15 18:00:00",FALSE,38,25,"Pac-12","Pac-12","2022-10-10",8,7,5,4,-3.20116293971618,-0.0624632948020523,-11.9661904755603,3.1955365473708,-18.9661904755603,18.9661904755603,"EB_features"
2022,"401404153",7,"2022-10-15 18:00:00",FALSE,2050,41,"Mid-American","FBS Independents","2022-10-10",8,4,5,6,-5.60299810945525,-18.323974201707,11.2425449184671,3.1955365473708,7.2425449184671,7.2425449184671,"EB_features"
2022,"401403916",7,"2022-10-15 19:30:00",FALSE,252,8,"FBS Independents","SEC","2022-10-10",8,-17,6,5,5.27620137781685,6.57956541596008,2.52158300666196,3.1955365473708,19.521583006662,19.521583006662,"EB_features"
2022,"401403918",7,"2022-10-15 19:30:00",FALSE,61,238,"SEC","SEC","2022-10-10",8,55,5,5,22.8602041202997,-6.0994415489072,34.5941235340851,3.1955365473708,-20.4058764659149,20.4058764659149,"EB_features"
2022,"401403921",7,"2022-10-15 19:30:00",FALSE,2633,333,"SEC","SEC","2022-10-10",8,3,5,5,11.1949100640937,21.2814570883872,-8.96736037146091,3.1955365473708,-11.9673603714609,11.9673603714609,"EB_features"
2022,"401404095",7,"2022-10-15 19:30:00",FALSE,2628,197,"Big 12","Big 12","2022-10-10",8,3,4,4,0.871542282673306,8.34957596002936,2.63649882095694,3.1955365473708,-0.363501179043056,0.363501179043056,"EB_features"
2022,"401405114",7,"2022-10-15 19:30:00",FALSE,84,120,"Big Ten","Big Ten","2022-10-10",8,-5,5,6,-2.72767461482494,4.42778394399791,-9.75733906196406,3.1955365473708,-4.75733906196406,4.75733906196406,"EB_features"
2022,"401411139",7,"2022-10-15 19:30:00",FALSE,183,152,"ACC","ACC","2022-10-10",8,15,4,4,-0.265786460981296,7.98464527166249,-0.552381977557184,3.1955365473708,-15.5523819775572,15.5523819775572,"EB_features"
2022,"401416620",7,"2022-10-15 19:30:00",FALSE,2199,2459,"Mid-American","Mid-American","2022-10-10",8,-29,5,5,-4.46716613671653,-0.673396116800258,2.09253971507147,3.1955365473708,31.0925397150715,31.0925397150715,"EB_features"
2022,"401416621",7,"2022-10-15 19:30:00",FALSE,2649,2309,"Mid-American","Mid-American","2022-10-10",8,21,5,5,-0.770224216344032,-4.90378413701057,11.1245643340256,3.1955365473708,-9.87543566597437,9.87543566597437,"EB_features"
2022,"401416623",7,"2022-10-15 19:30:00",FALSE,2711,195,"Mid-American","Mid-American","2022-10-10",8,-19,5,5,-2.81720534681781,-9.16567993912469,2.91659752645278,3.1955365473708,21.9165975264528,21.9165975264528,"EB_features"
2022,"401426352",7,"2022-10-15 19:30:00",FALSE,2653,326,"Sun Belt","Sun Belt","2022-10-10",8,3,5,5,-7.32518106987979,-14.9076311645679,17.4814519956915,3.1955365473708,14.4814519956915,14.4814519956915,"EB_features"
2022,"401426583",7,"2022-10-15 19:30:00",FALSE,5,2429,"Conference USA","Conference USA","2022-10-10",8,14,4,5,-1.46090025271517,-6.01493734898102,18.375676575311,3.1955365473708,4.37567657531104,4.37567657531104,"EB_features"
2022,"401426587",7,"2022-10-15 19:30:00",FALSE,2393,98,"Conference USA","Conference USA","2022-10-10",8,-18,5,5,-5.02602078518106,0.60777151865285,-10.4620114191152,3.1955365473708,7.53798858088481,7.53798858088481,"EB_features"
2022,"401405116",7,"2022-10-15 20:00:00",FALSE,127,275,"Big Ten","Big Ten","2022-10-10",8,6,6,5,5.60726797392481,7.08822465548207,-2.37815097519574,3.1955365473708,-8.37815097519574,8.37815097519574,"EB_features"
2022,"401415636",7,"2022-10-15 20:00:00",FALSE,58,2655,"American Athletic","American Athletic","2022-10-10",8,-14,5,5,-6.07029983736041,-3.03846493092592,-8.9611597825438,3.1955365473708,5.0388402174562,5.0388402174562,"EB_features"
2022,"401426349",7,"2022-10-15 20:00:00",FALSE,290,256,"Sun Belt","Sun Belt","2022-10-10",8,7,5,4,-8.25797082653964,-16.4936749796185,-0.339739999451445,3.1955365473708,-7.33973999945144,7.33973999945144,"EB_features"
2022,"401426586",7,"2022-10-15 20:00:00",FALSE,249,2348,"Conference USA","Conference USA","2022-10-10",8,20,5,4,-3.60687721490061,-9.95363945375501,7.37934764080193,3.1955365473708,-12.6206523591981,12.6206523591981,"EB_features"
2022,"401404013",7,"2022-10-15 21:30:00",FALSE,264,12,"Pac-12","Pac-12","2022-10-10",8,10,5,4,1.86275117750186,-2.79022842169364,10.4683459851416,3.1955365473708,0.468345985141571,0.468345985141571,"EB_features"
2022,"401426585",7,"2022-10-15 22:00:00",FALSE,2226,242,"Conference USA","Conference USA","2022-10-10",8,3,5,4,-3.57399417060582,-8.70255983211464,6.85748268287139,3.1955365473708,3.85748268287139,3.85748268287139,"EB_features"
2022,"401403917",7,"2022-10-15 23:00:00",FALSE,57,99,"SEC","SEC","2022-10-10",8,-10,5,5,4.72251592285892,5.03800421222903,-0.628488823801232,3.1955365473708,9.37151117619877,9.37151117619877,"EB_features"
2022,"401415238",7,"2022-10-15 23:00:00",FALSE,36,328,"Mountain West","Mountain West","2022-10-10",8,-4,4,5,-6.09661032503177,0.587521898591169,-4.37391973430983,3.1955365473708,-0.373919734309825,0.373919734309825,"EB_features"
2022,"401426350",7,"2022-10-15 23:00:00",FALSE,6,2433,"Sun Belt","Sun Belt","2022-10-10",8,7,4,4,-6.34435925735277,-8.08030830668825,16.6931355166428,3.1955365473708,9.69313551664284,9.69313551664284,"EB_features"
2022,"401426351",7,"2022-10-15 23:00:00",FALSE,2572,2032,"Sun Belt","Sun Belt","2022-10-10",8,1,4,5,-7.68177134702143,-9.42866084719953,4.46497978651359,3.1955365473708,3.46497978651359,3.46497978651359,"EB_features"
2022,"401403919",7,"2022-10-15 23:30:00",FALSE,96,344,"SEC","SEC","2022-10-10",8,10,5,6,8.75249928932871,6.15053381723871,-1.81394228669172,3.1955365473708,-11.8139422866917,11.8139422866917,"EB_features"
2022,"401404016",7,"2022-10-15 23:30:00",FALSE,87,24,"FBS Independents","Pac-12","2022-10-10",8,-2,5,3,10.937512426186,1.40513620855855,17.3253485492324,3.1955365473708,19.3253485492324,19.3253485492324,"EB_features"
2022,"401405113",7,"2022-10-15 23:30:00",FALSE,2509,158,"Big Ten","Big Ten","2022-10-10",8,6,5,5,5.18472279565377,7.45876116346016,12.46158194328,3.1955365473708,6.46158194328001,6.46158194328001,"EB_features"
2022,"401411138",7,"2022-10-15 23:30:00",FALSE,52,228,"ACC","ACC","2022-10-10",8,-6,4,5,5.30091783627907,13.9443984850439,-6.70598841164152,3.1955365473708,-0.705988411641516,0.705988411641516,"EB_features"
2022,"401415637",7,"2022-10-15 23:30:00",FALSE,151,235,"American Athletic","American Athletic","2022-10-10",8,2,5,6,2.80054412977557,-0.0475411691526454,3.69052792803536,3.1955365473708,1.69052792803536,1.69052792803536,"EB_features"
2022,"401404017",7,"2022-10-16",FALSE,254,30,"Pac-12","Pac-12","2022-10-10",8,1,5,6,9.34241773094917,-2.9529327876275,5.93359223755287,3.1955365473708,4.93359223755287,4.93359223755287,"EB_features"
2022,"401409239",7,"2022-10-16",FALSE,166,167,"FBS Independents","Mountain West","2022-10-10",8,12,6,5,-10.0087757252392,-7.75510656429554,-4.53849951021126,3.1955365473708,-16.5384995102113,16.5384995102113,"EB_features"
2022,"401411137",7,"2022-10-16",FALSE,150,153,"ACC","ACC","2022-10-10",8,-3,5,5,-12.4592724224049,5.90687128580087,-7.43619923746859,3.1955365473708,-4.43619923746859,4.43619923746859,"EB_features"
2022,"401404015",7,"2022-10-16 01:00:00",FALSE,204,265,"Pac-12","Pac-12","2022-10-10",8,14,4,5,1.30289480677434,1.08338675940996,-0.468141040114286,3.1955365473708,-14.4681410401143,14.4681410401143,"EB_features"
2022,"401415237",7,"2022-10-16 02:30:00",FALSE,2439,2005,"Mountain West","Mountain West","2022-10-10",8,-35,5,5,-6.48309108677157,8.31661511523281,-6.71956714218074,3.1955365473708,28.2804328578193,28.2804328578193,"EB_features"
2022,"401415239",7,"2022-10-16 02:45:00",FALSE,278,23,"Mountain West","Mountain West","2022-10-10",8,7,3,4,2.20656342925638,-6.24676765715288,-3.86086334292562,3.1955365473708,-10.8608633429256,10.8608633429256,"EB_features"
2022,"401415240",7,"2022-10-16 03:59:00",FALSE,62,2440,"Mountain West","Mountain West","2022-10-10",8,15,4,5,-6.24065045614498,-1.72828511386163,-11.8024581923965,3.1955365473708,-26.8024581923965,26.8024581923965,"EB_features"
2022,"401426353",8,"2022-10-19 23:30:00",FALSE,2026,2247,"Sun Belt","Sun Belt","2022-10-17",9,25,5,6,1.70223348687612,-3.1061782338732,7.6107573350588,3.1955365473708,-17.3892426649412,17.3892426649412,"EB_features"
2022,"401411141",8,"2022-10-20 23:30:00",FALSE,59,258,"ACC","ACC","2022-10-17",9,-7,5,5,-4.65168401527835,0.91987276084454,0.406259306322227,3.1955365473708,7.40625930632223,7.40625930632223,"EB_features"
2022,"401426354",8,"2022-10-20 23:30:00",FALSE,6,2653,"Sun Belt","Sun Belt","2022-10-17",9,-4,5,6,-6.34435925735277,-7.32518106987979,5.46924050099263,3.1955365473708,9.46924050099263,9.46924050099263,"EB_features"
2022,"401415638",8,"2022-10-21 23:30:00",FALSE,218,202,"American Athletic","American Athletic","2022-10-17",9,-11,5,5,-14.8812333935827,-4.89822341921364,-8.91156487289565,3.1955365473708,2.08843512710435,2.08843512710435,"EB_features"
2022,"401426592",8,"2022-10-22",FALSE,98,5,"Conference USA","Conference USA","2022-10-17",9,3,6,5,0.60777151865285,-1.46090025271517,9.89287139230253,3.1955365473708,6.89287139230253,6.89287139230253,"EB_features"
2022,"401404096",8,"2022-10-22 16:00:00",FALSE,239,2305,"Big 12","Big 12","2022-10-17",9,12,5,6,5.76064301193745,-5.73255196259209,8.00507500993027,3.1955365473708,-3.99492499006973,3.99492499006973,"EB_features"
2022,"401404140",8,"2022-10-22 16:00:00",FALSE,349,2433,"FBS Independents","Sun Belt","2022-10-17",9,24,4,6,4.16203937088042,-8.08030830668825,10.3509310897488,3.1955365473708,-13.6490689102512,13.6490689102512,"EB_features"
2022,"401405119",8,"2022-10-22 16:00:00",FALSE,194,2294,"Big Ten","Big Ten","2022-10-17",9,44,6,5,20.3933628237593,7.21365975371447,22.4029060927012,3.1955365473708,-21.5970939072988,21.5970939072988,"EB_features"
2022,"401405121",8,"2022-10-22 16:00:00",FALSE,164,84,"Big Ten","Big Ten","2022-10-17",9,7,5,6,-2.16404416709606,-2.72767461482494,-0.401169154881193,3.1955365473708,-7.40116915488119,7.40116915488119,"EB_features"
2022,"401411142",8,"2022-10-22 16:00:00",FALSE,228,183,"ACC","ACC","2022-10-17",9,6,6,5,13.9443984850439,-0.265786460981296,13.4466790371912,3.1955365473708,7.44667903719117,7.44667903719117,"EB_features"
2022,"401415640",8,"2022-10-22 16:00:00",FALSE,2426,248,"American Athletic","American Athletic","2022-10-17",9,-18,5,6,-2.08662650086964,1.94403379101084,3.92427020206824,3.1955365473708,21.9242702020682,21.9242702020682,"EB_features"
2022,"401415641",8,"2022-10-22 16:00:00",FALSE,2567,2132,"American Athletic","American Athletic","2022-10-17",9,-2,5,5,-0.809744525729985,4.70547346284514,0.389459036521484,3.1955365473708,2.38945903652148,2.38945903652148,"EB_features"
2022,"401416628",8,"2022-10-22 16:00:00",FALSE,2309,2006,"Mid-American","Mid-American","2022-10-17",9,6,6,6,-4.90378413701057,-15.0410889085499,17.6245606209888,3.1955365473708,11.6245606209888,11.6245606209888,"EB_features"
2022,"401411144",8,"2022-10-22 16:30:00",FALSE,2390,150,"ACC","ACC","2022-10-17",9,-24,5,5,2.36279909471738,-12.4592724224049,7.95708402050442,3.1955365473708,31.9570840205044,31.9570840205044,"EB_features"
2022,"401416626",8,"2022-10-22 17:00:00",FALSE,2084,2649,"Mid-American","Mid-American","2022-10-17",9,7,6,6,-6.91345398099633,-0.770224216344032,-0.400730866620711,3.1955365473708,-7.40073086662071,7.40073086662071,"EB_features"
2022,"401416629",8,"2022-10-22 17:00:00",FALSE,2117,189,"Mid-American","Mid-American","2022-10-17",9,-16,6,6,-1.19272795922072,-6.5347176776995,8.17765760609522,3.1955365473708,24.1776576060952,24.1776576060952,"EB_features"
2022,"401416624",8,"2022-10-22 18:00:00",FALSE,2050,2199,"Mid-American","Mid-American","2022-10-17",9,-4,6,6,-5.60299810945525,-4.46716613671653,2.97530380279462,3.1955365473708,6.97530380279462,6.97530380279462,"EB_features"
2022,"401416625",8,"2022-10-22 18:00:00",FALSE,195,2459,"Mid-American","Mid-American","2022-10-17",9,7,6,6,-9.16567993912469,-0.673396116800258,-2.42861382655492,3.1955365473708,-9.42861382655492,9.42861382655492,"EB_features"
2022,"401404128",8,"2022-10-22 18:30:00",FALSE,87,2439,"FBS Independents","Mountain West","2022-10-17",9,23,6,5,10.937512426186,-6.48309108677157,16.3362884191361,3.1955365473708,-6.66371158086388,6.66371158086388,"EB_features"
2022,"401404099",8,"2022-10-22 19:00:00",FALSE,2641,277,"Big 12","Big 12","2022-10-17",9,38,5,5,-3.22902097927746,-1.01356369408649,2.7313961299375,3.1955365473708,-35.2686038700625,35.2686038700625,"EB_features"
2022,"401426590",8,"2022-10-22 19:00:00",FALSE,2348,242,"Conference USA","Conference USA","2022-10-17",9,-1,5,5,-9.95363945375501,-8.70255983211464,-1.6330611422239,3.1955365473708,-0.633061142223899,0.633061142223899,"EB_features"
2022,"401403923",8,"2022-10-22 19:30:00",FALSE,99,145,"SEC","SEC","2022-10-17",9,25,6,6,5.03800421222903,6.21456861489171,0.499962769747463,3.1955365473708,-24.5000372302525,24.5000372302525,"EB_features"
2022,"401404021",8,"2022-10-22 19:30:00",FALSE,2483,26,"Pac-12","Pac-12","2022-10-17",9,15,5,5,5.7569371984974,5.93708992158526,3.13759970479644,3.1955365473708,-11.8624002952036,11.8624002952036,"EB_features"
2022,"401404098",8,"2022-10-22 19:30:00",FALSE,197,251,"Big 12","Big 12","2022-10-17",9,7,5,7,8.34957596002936,11.3103080600736,-5.31903839607025,3.1955365473708,-12.3190383960702,12.3190383960702,"EB_features"
2022,"401404163",8,"2022-10-22 19:30:00",FALSE,2335,252,"FBS Independents","FBS Independents","2022-10-17",9,27,6,7,-1.77506169943381,5.27620137781685,-0.8483968300323,3.1955365473708,-27.8483968300323,27.8483968300323,"EB_features"
2022,"401405117",8,"2022-10-22 19:30:00",FALSE,275,2509,"Big Ten","Big Ten","2022-10-17",9,11,6,6,7.08822465548207,5.18472279565377,4.25442866207341,3.1955365473708,-6.74557133792659,6.74557133792659,"EB_features"
2022,"401405118",8,"2022-10-22 19:30:00",FALSE,120,77,"Big Ten","Big Ten","2022-10-17",9,7,7,5,4.42778394399791,-4.07439457154156,20.6000474027937,3.1955365473708,13.6000474027937,13.6000474027937,"EB_features"
2022,"401411145",8,"2022-10-22 19:30:00",FALSE,154,103,"ACC","ACC","2022-10-17",9,28,5,5,7.03622189114623,-1.28902112862328,22.1397901453775,3.1955365473708,-5.8602098546225,5.8602098546225,"EB_features"
2022,"401415639",8,"2022-10-22 19:30:00",FALSE,2655,235,"American Athletic","American Athletic","2022-10-17",9,10,6,7,-3.03846493092592,-0.0475411691526454,3.99634037468162,3.1955365473708,-6.00365962531838,6.00365962531838,"EB_features"
2022,"401416627",8,"2022-10-22 19:30:00",FALSE,193,2711,"Mid-American","Mid-American","2022-10-17",9,-6,6,6,-0.984887640903981,-2.81720534681781,11.7194147903413,3.1955365473708,17.7194147903413,17.7194147903413,"EB_features"
2022,"401426355",8,"2022-10-22 19:30:00",FALSE,256,276,"Sun Belt","Sun Belt","2022-10-17",9,-14,5,4,-16.4936749796185,0.859066585271073,1.8712706448475,3.1955365473708,15.8712706448475,15.8712706448475,"EB_features"
2022,"401426356",8,"2022-10-22 19:30:00",FALSE,295,290,"Sun Belt","Sun Belt","2022-10-17",9,-5,6,6,-7.6329505516909,-8.25797082653964,3.58352548959105,3.1955365473708,8.58352548959105,8.58352548959105,"EB_features"
2022,"401426588",8,"2022-10-22 19:30:00",FALSE,2429,2229,"Conference USA","Conference USA","2022-10-17",9,-19,6,5,-6.01493734898102,-14.4042183356561,14.3705297849008,3.1955365473708,33.3705297849008,33.3705297849008,"EB_features"
2022,"401426591",8,"2022-10-22 19:30:00",FALSE,2636,249,"Conference USA","Conference USA","2022-10-17",9,4,6,6,3.70923430760454,-3.60687721490061,12.7441018207877,3.1955365473708,8.74410182078767,8.74410182078767,"EB_features"
2022,"401403924",8,"2022-10-22 20:00:00",FALSE,142,238,"SEC","SEC","2022-10-17",9,3,5,6,-0.462081310590089,-6.0994415489072,10.2531602977584,3.1955365473708,7.25316029775837,7.25316029775837,"EB_features"
2022,"401404018",8,"2022-10-22 20:00:00",FALSE,24,9,"Pac-12","Pac-12","2022-10-17",9,1,5,5,1.40513620855855,-0.638807214683427,6.93543162710245,3.1955365473708,5.93543162710245,5.93543162710245,"EB_features"
2022,"401415242",8,"2022-10-22 20:00:00",FALSE,36,62,"Mountain West","Mountain West","2022-10-17",9,4,5,5,-6.09661032503177,-6.24065045614498,11.5601479109416,3.1955365473708,7.56014791094163,7.56014791094163,"EB_features"
2022,"401426589",8,"2022-10-22 20:00:00",FALSE,2638,2226,"Conference USA","Conference USA","2022-10-17",9,3,7,6,-3.53011931576545,-3.57399417060582,-2.14953447911936,3.1955365473708,-5.14953447911936,5.14953447911936,"EB_features"
2022,"401426357",8,"2022-10-22 21:00:00",FALSE,309,2032,"Sun Belt","Sun Belt","2022-10-17",9,20,5,6,-1.20888925799927,-9.42866084719953,10.2499669242772,3.1955365473708,-9.75003307572278,9.75003307572278,"EB_features"
2022,"401426358",8,"2022-10-22 21:00:00",FALSE,326,2572,"Sun Belt","Sun Belt","2022-10-17",9,-6,6,5,-14.9076311645679,-7.68177134702143,-2.18342968619895,3.1955365473708,3.81657031380105,3.81657031380105,"EB_features"
2022,"401415243",8,"2022-10-22 22:30:00",FALSE,167,278,"Mountain West","Mountain West","2022-10-17",9,-32,5,4,-7.75510656429554,2.20656342925638,-3.60453792550359,3.1955365473708,28.3954620744964,28.3954620744964,"EB_features"
2022,"401403922",8,"2022-10-22 23:00:00",FALSE,333,344,"SEC","SEC","2022-10-17",9,24,7,7,21.2814570883872,6.15053381723871,19.0516772552853,3.1955365473708,-4.9483227447147,4.9483227447147,"EB_features"
2022,"401415241",8,"2022-10-22 23:00:00",FALSE,2005,68,"Mountain West","Mountain West","2022-10-17",9,-5,5,5,8.31661511523281,5.43125231820461,7.58507491435747,3.1955365473708,12.5850749143575,12.5850749143575,"EB_features"
2022,"401403925",8,"2022-10-22 23:30:00",FALSE,2579,245,"SEC","SEC","2022-10-17",9,6,5,5,2.32396015191721,10.1312967529522,-0.401867323548562,3.1955365473708,-6.40186732354856,6.40186732354856,"EB_features"
2022,"401405120",8,"2022-10-22 23:30:00",FALSE,213,135,"Big Ten","Big Ten","2022-10-17",9,28,6,5,12.2673093779397,4.30820385907727,7.40573671936672,3.1955365473708,-20.5942632806333,20.5942632806333,"EB_features"
2022,"401415642",8,"2022-10-22 23:30:00",FALSE,151,2116,"American Athletic","American Athletic","2022-10-17",9,21,6,5,2.80054412977557,-1.23687187151452,-3.45329027014212,3.1955365473708,-24.4532902701421,24.4532902701421,"EB_features"
2022,"401404020",8,"2022-10-23",FALSE,204,38,"Pac-12","Pac-12","2022-10-17",9,33,5,6,1.30289480677434,-3.20116293971618,18.0151289900795,3.1955365473708,-14.9848710099205,14.9848710099205,"EB_features"
2022,"401404097",8,"2022-10-23",FALSE,2628,2306,"Big 12","Big 12","2022-10-17",9,10,5,5,0.871542282673306,4.24787443181556,4.87977494995491,3.1955365473708,-5.12022505004509,5.12022505004509,"EB_features"
2022,"401411143",8,"2022-10-23",FALSE,97,221,"ACC","ACC","2022-10-17",9,14,6,5,1.2524649023859,3.18420986592132,4.30031478973424,3.1955365473708,-9.69968521026576,9.69968521026576,"EB_features"
2022,"401415244",8,"2022-10-23 01:45:00",FALSE,2751,328,"Mountain West","Mountain West","2022-10-17",9,14,6,6,-4.86467948811277,0.587521898591169,1.55504621971984,3.1955365473708,-12.4449537802802,12.4449537802802,"EB_features"
2022,"401404019",8,"2022-10-23 02:30:00",FALSE,25,264,"Pac-12","Pac-12","2022-10-17",9,-7,5,6,-0.0624632948020523,1.86275117750186,-3.02089286204497,3.1955365473708,3.97910713795503,3.97910713795503,"EB_features"
2022,"401415245",8,"2022-10-23 02:30:00",FALSE,2440,21,"Mountain West","Mountain West","2022-10-17",9,-16,5,5,-1.72828511386163,-2.16962235167065,6.13751111223166,3.1955365473708,22.1375111122317,22.1375111122317,"EB_features"
2022,"401411146",9,"2022-10-27 23:30:00",FALSE,152,259,"ACC","ACC","2022-10-24",10,1,6,6,7.98464527166249,-1.04093457752489,19.1200346194477,3.1955365473708,18.1200346194477,18.1200346194477,"EB_features"
2022,"401426359",9,"2022-10-27 23:30:00",FALSE,2572,309,"Sun Belt","Sun Belt","2022-10-24",10,15,6,6,-7.68177134702143,-1.20888925799927,-4.22276792825756,3.1955365473708,-19.2227679282576,19.2227679282576,"EB_features"
2022,"401404026",9,"2022-10-28 02:00:00",FALSE,265,254,"Pac-12","Pac-12","2022-10-24",10,-4,6,6,1.08338675940996,9.34241773094917,-4.39437197274618,3.1955365473708,-0.394371972746177,0.394371972746177,"EB_features"
2022,"401415645",9,"2022-10-29",FALSE,252,151,"FBS Independents","American Athletic","2022-10-24",10,-3,8,7,5.27620137781685,2.80054412977557,1.26533855022383,3.1955365473708,4.26533855022383,4.26533855022383,"EB_features"
2022,"401426594",9,"2022-10-29",FALSE,2229,2348,"Conference USA","Conference USA","2022-10-24",10,8,6,6,-14.4042183356561,-9.95363945375501,-5.68415520716045,3.1955365473708,-13.6841552071605,13.6841552071605,"EB_features"
2022,"401403927",9,"2022-10-29 16:00:00",FALSE,2,8,"SEC","SEC","2022-10-24",10,-14,6,6,6.57124135487946,6.57956541596008,-2.16392524261007,3.1955365473708,11.8360747573899,11.8360747573899,"EB_features"
2022,"401404100",9,"2022-10-29 16:00:00",FALSE,66,201,"Big 12","Big 12","2022-10-24",10,-14,6,7,8.62258970953561,6.94559195979322,6.92731723129582,3.1955365473708,20.9273172312958,20.9273172312958,"EB_features"
2022,"401404103",9,"2022-10-29 16:00:00",FALSE,277,2628,"Big 12","Big 12","2022-10-24",10,-10,6,5,-1.01356369408649,0.871542282673306,-8.99784470975122,3.1955365473708,1.00215529024878,1.00215529024878,"EB_features"
2022,"401404129",9,"2022-10-29 16:00:00",FALSE,183,87,"ACC","FBS Independents","2022-10-24",10,-17,6,7,-0.265786460981296,10.937512426186,1.67515096543954,3.1955365473708,18.6751509654395,18.6751509654395,"EB_features"
2022,"401404154",9,"2022-10-29 16:00:00",FALSE,41,103,"FBS Independents","ACC","2022-10-24",10,10,7,6,-18.323974201707,-1.28902112862328,-5.78148598470124,3.1955365473708,-15.7814859847012,15.7814859847012,"EB_features"
2022,"401405126",9,"2022-10-29 16:00:00",FALSE,213,194,"Big Ten","Big Ten","2022-10-24",10,-13,7,7,12.2673093779397,20.3933628237593,-11.5801120148634,3.1955365473708,1.41988798513655,1.41988798513655,"EB_features"
2022,"401411147",9,"2022-10-29 16:00:00",FALSE,52,59,"ACC","ACC","2022-10-24",10,25,6,6,5.30091783627907,-4.65168401527835,19.7233609191849,3.1955365473708,-5.27663908081507,5.27663908081507,"EB_features"
2022,"401415643",9,"2022-10-29 16:00:00",FALSE,248,58,"American Athletic","American Athletic","2022-10-24",10,15,7,6,1.94403379101084,-6.07029983736041,15.7536621616954,3.1955365473708,0.753662161695402,0.753662161695402,"EB_features"
2022,"401416630",9,"2022-10-29 16:00:00",FALSE,2199,2649,"Mid-American","Mid-American","2022-10-24",10,-3,7,7,-4.46716613671653,-0.770224216344032,-8.13018165605848,3.1955365473708,-5.13018165605848,5.13018165605848,"EB_features"
2022,"401416631",9,"2022-10-29 16:00:00",FALSE,2006,193,"Mid-American","Mid-American","2022-10-24",10,-18,7,7,-15.0410889085499,-0.984887640903981,-10.275843879481,3.1955365473708,7.72415612051899,7.72415612051899,"EB_features"
2022,"401411150",9,"2022-10-29 16:30:00",FALSE,258,2390,"ACC","ACC","2022-10-24",10,-2,6,6,0.91987276084454,2.36279909471738,2.51435835622105,3.1955365473708,4.51435835622105,4.51435835622105,"EB_features"
2022,"401426593",9,"2022-10-29 18:00:00",FALSE,242,2429,"Conference USA","Conference USA","2022-10-24",10,-33,6,7,-8.70255983211464,-6.01493734898102,12.3786413910198,3.1955365473708,45.3786413910198,45.3786413910198,"EB_features"
2022,"401405123",9,"2022-10-29 18:30:00",FALSE,135,164,"Big Ten","Big Ten","2022-10-24",10,31,6,6,4.30820385907727,-2.16404416709606,16.084913898252,3.1955365473708,-14.915086101748,14.915086101748,"EB_features"
2022,"401426361",9,"2022-10-29 19:00:00",FALSE,2247,295,"Sun Belt","Sun Belt","2022-10-24",10,14,7,7,-3.1061782338732,-7.6329505516909,1.71120362516866,3.1955365473708,-12.2887963748313,12.2887963748313,"EB_features"
2022,"401403928",9,"2022-10-29 19:30:00",TRUE,61,57,"SEC","SEC","2022-10-24",10,22,6,6,22.8602041202997,4.72251592285892,26.1609660314677,3.1955365473708,4.16096603146772,4.16096603146772,"EB_features"
2022,"401404024",9,"2022-10-29 19:30:00",FALSE,25,2483,"Pac-12","Pac-12","2022-10-24",10,-18,5,6,-0.0624632948020523,5.7569371984974,-8.77341259794238,3.1955365473708,9.22658740205762,9.22658740205762,"EB_features"
2022,"401404102",9,"2022-10-29 19:30:00",FALSE,2306,197,"Big 12","Big 12","2022-10-24",10,48,5,6,4.24787443181556,8.34957596002936,0.45573231312301,3.1955365473708,-47.544267686877,47.544267686877,"EB_features"
2022,"401405122",9,"2022-10-29 19:30:00",FALSE,2294,77,"Big Ten","Big Ten","2022-10-24",10,20,6,6,7.21365975371447,-4.07439457154156,16.1834185288094,3.1955365473708,-3.81658147119064,3.81658147119064,"EB_features"
2022,"401405124",9,"2022-10-29 19:30:00",FALSE,158,356,"Big Ten","Big Ten","2022-10-24",10,-17,6,6,7.45876116346016,-1.68083405380708,-6.20336471370802,3.1955365473708,10.796635286292,10.796635286292,"EB_features"
2022,"401409242",9,"2022-10-29 19:30:00",FALSE,113,166,"FBS Independents","FBS Independents","2022-10-24",10,-10,6,7,-12.4230307212361,-10.0087757252392,-1.03704111974019,3.1955365473708,8.96295888025981,8.96295888025981,"EB_features"
2022,"401411148",9,"2022-10-29 19:30:00",FALSE,97,154,"ACC","ACC","2022-10-24",10,27,6,6,1.2524649023859,7.03622189114623,-4.93855114680697,3.1955365473708,-31.938551146807,31.938551146807,"EB_features"
2022,"401415644",9,"2022-10-29 19:30:00",FALSE,2116,2132,"American Athletic","American Athletic","2022-10-24",10,4,6,6,-1.23687187151452,4.70547346284514,3.34551900734665,3.1955365473708,-0.654480992653354,0.654480992653354,"EB_features"
2022,"401415646",9,"2022-10-29 19:30:00",FALSE,2426,218,"American Athletic","American Athletic","2022-10-24",10,7,6,6,-2.08662650086964,-14.8812333935827,20.4695372049318,3.1955365473708,13.4695372049318,13.4695372049318,"EB_features"
2022,"401415647",9,"2022-10-29 19:30:00",FALSE,202,2567,"American Athletic","American Athletic","2022-10-24",10,-11,6,6,-4.89822341921364,-0.809744525729985,-6.22646920823168,3.1955365473708,4.77353079176832,4.77353079176832,"EB_features"
2022,"401426597",9,"2022-10-29 19:30:00",FALSE,98,249,"Conference USA","Conference USA","2022-10-24",10,-27,7,7,0.60777151865285,-3.60687721490061,16.0747011593367,3.1955365473708,43.0747011593367,43.0747011593367,"EB_features"
2022,"401403929",9,"2022-10-29 20:00:00",FALSE,2579,142,"SEC","SEC","2022-10-24",10,-13,6,6,2.32396015191721,-0.462081310590089,7.01560857146325,3.1955365473708,20.0156085714633,20.0156085714633,"EB_features"
2022,"401426363",9,"2022-10-29 20:00:00",FALSE,2032,6,"Sun Belt","Sun Belt","2022-10-24",10,-28,7,6,-9.42866084719953,-6.34435925735277,-5.07042570241201,3.1955365473708,22.929574297588,22.929574297588,"EB_features"
2022,"401403930",9,"2022-10-29 23:00:00",FALSE,2633,96,"SEC","SEC","2022-10-24",10,38,6,6,11.1949100640937,8.75249928932871,14.663894700382,3.1955365473708,-23.336105299618,23.336105299618,"EB_features"
2022,"401404022",9,"2022-10-29 23:00:00",FALSE,12,30,"Pac-12","Pac-12","2022-10-24",10,-8,6,7,-2.79022842169364,-2.9529327876275,-12.0633960351919,3.1955365473708,-4.06339603519185,4.06339603519185,"EB_features"
2022,"401415246",9,"2022-10-29 23:00:00",FALSE,68,36,"Mountain West","Mountain West","2022-10-24",10,39,6,6,5.43125231820461,-6.09661032503177,19.3111458880731,3.1955365473708,-19.6888541119269,19.6888541119269,"EB_features"
2022,"401426362",9,"2022-10-29 23:00:00",FALSE,276,324,"Sun Belt","Sun Belt","2022-10-24",10,-11,5,6,0.859066585271073,1.50832131266719,4.92817727061137,3.1955365473708,15.9281772706114,15.9281772706114,"EB_features"
2022,"401426595",9,"2022-10-29 23:00:00",FALSE,2226,5,"Conference USA","Conference USA","2022-10-24",10,7,7,6,-3.57399417060582,-1.46090025271517,-3.41644875109415,3.1955365473708,-10.4164487510942,10.4164487510942,"EB_features"
2022,"401403931",9,"2022-10-29 23:30:00",FALSE,245,145,"SEC","SEC","2022-10-24",10,-3,6,7,10.1312967529522,6.21456861489171,1.11555650333439,3.1955365473708,4.11555650333439,4.11555650333439,"EB_features"
2022,"401404023",9,"2022-10-29 23:30:00",FALSE,38,9,"Pac-12","Pac-12","2022-10-24",10,-8,6,6,-3.20116293971618,-0.638807214683427,-6.55505387135076,3.1955365473708,1.44494612864924,1.44494612864924,"EB_features"
2022,"401404101",9,"2022-10-29 23:30:00",FALSE,2641,239,"Big 12","Big 12","2022-10-24",10,-28,6,6,-3.22902097927746,5.76064301193745,0.649706617200059,3.1955365473708,28.6497066172001,28.6497066172001,"EB_features"
2022,"401405125",9,"2022-10-29 23:30:00",FALSE,130,127,"Big Ten","Big Ten","2022-10-24",10,22,7,7,18.3131556309574,5.60726797392481,23.757101041646,3.1955365473708,1.75710104164603,1.75710104164603,"EB_features"
2022,"401411149",9,"2022-10-30",FALSE,153,221,"ACC","ACC","2022-10-24",10,18,6,5,5.90687128580087,3.18420986592132,5.82272059190223,3.1955365473708,-12.1772794080978,12.1772794080978,"EB_features"
2022,"401426596",9,"2022-10-30 01:00:00",FALSE,2638,2393,"Conference USA","Conference USA","2022-10-24",10,-11,8,6,-3.53011931576545,-5.02602078518106,1.91956190702533,3.1955365473708,12.9195619070253,12.9195619070253,"EB_features"
2022,"401404025",9,"2022-10-30 02:30:00",FALSE,26,24,"Pac-12","Pac-12","2022-10-24",10,25,6,6,5.93708992158526,1.40513620855855,11.9869372761365,3.1955365473708,-13.0130627238635,13.0130627238635,"EB_features"
2022,"401415248",9,"2022-10-30 02:30:00",FALSE,278,21,"Mountain West","Mountain West","2022-10-24",10,4,6,5,2.20656342925638,-2.16962235167065,10.7599630008554,3.1955365473708,6.75996300085543,6.75996300085543,"EB_features"
2022,"401415249",9,"2022-10-30 02:30:00",FALSE,23,2440,"Mountain West","Mountain West","2022-10-24",10,7,5,6,-6.24676765715288,-1.72828511386163,13.3365549822356,3.1955365473708,6.33655498223562,6.33655498223562,"EB_features"
2022,"401415247",9,"2022-10-30 03:59:00",FALSE,62,2751,"Mountain West","Mountain West","2022-10-24",10,-7,7,6,-6.24065045614498,-4.86467948811277,-6.93939228027118,3.1955365473708,0.0606077197288224,0.0606077197288224,"EB_features"
2022,"401416632",10,"2022-11-01 23:00:00",FALSE,2309,2050,"Mid-American","Mid-American","2022-10-31",11,-7,7,7,-4.90378413701057,-5.60299810945525,6.46014229116979,3.1955365473708,13.4601422911698,13.4601422911698,"EB_features"
2022,"401416633",10,"2022-11-01 23:30:00",FALSE,195,2084,"Mid-American","Mid-American","2022-10-31",11,21,7,7,-9.16567993912469,-6.91345398099633,-4.59622163244746,3.1955365473708,-25.5962216324475,25.5962216324475,"EB_features"
2022,"401416634",10,"2022-11-02 23:00:00",FALSE,2459,2117,"Mid-American","Mid-American","2022-10-31",11,-13,7,7,-0.673396116800258,-1.19272795922072,7.44068634926185,3.1955365473708,20.4406863492618,20.4406863492618,"EB_features"
2022,"401416635",10,"2022-11-02 23:00:00",FALSE,189,2711,"Mid-American","Mid-American","2022-10-31",11,4,7,7,-6.5347176776995,-2.81720534681781,5.80821620593958,3.1955365473708,1.80821620593958,1.80821620593958,"EB_features"
2022,"401426601",10,"2022-11-03 23:00:00",FALSE,242,2638,"Conference USA","Conference USA","2022-10-31",11,7,7,8,-8.70255983211464,-3.53011931576545,0.113722009833485,3.1955365473708,-6.88627799016651,6.88627799016651,"EB_features"
2022,"401426364",10,"2022-11-03 23:30:00",FALSE,324,2026,"Sun Belt","Sun Belt","2022-10-31",11,7,7,6,1.50832131266719,1.70223348687612,2.93493816680067,3.1955365473708,-4.06506183319933,4.06506183319933,"EB_features"
2022,"401404155",10,"2022-11-04 23:00:00",FALSE,41,113,"FBS Independents","FBS Independents","2022-10-31",11,17,8,7,-18.323974201707,-12.4230307212361,10.7609536355933,3.1955365473708,-6.23904636440675,6.23904636440675,"EB_features"
2022,"401411151",10,"2022-11-04 23:00:00",FALSE,103,150,"ACC","ACC","2022-10-31",11,-7,7,7,-1.28902112862328,-12.4592724224049,-4.81165301166506,3.1955365473708,2.18834698833494,2.18834698833494,"EB_features"
2022,"401404031",10,"2022-11-05 02:30:00",FALSE,264,204,"Pac-12","Pac-12","2022-10-31",11,3,7,7,1.86275117750186,1.30289480677434,2.85565987328993,3.1955365473708,-0.144340126710073,0.144340126710073,"EB_features"
2022,"401404141",10,"2022-11-05 15:30:00",TRUE,349,2005,"FBS Independents","Mountain West","2022-10-31",11,-6,5,7,4.16203937088042,8.31661511523281,-10.5321514034664,3.1955365473708,-4.53215140346636,4.53215140346636,"EB_features"
2022,"401403936",10,"2022-11-05 16:00:00",FALSE,142,96,"SEC","SEC","2022-10-31",11,-4,7,7,-0.462081310590089,8.75249928932871,-0.823431451702381,3.1955365473708,3.17656854829762,3.17656854829762,"EB_features"
2022,"401403937",10,"2022-11-05 16:00:00",FALSE,245,57,"SEC","SEC","2022-10-31",11,-17,7,7,10.1312967529522,4.72251592285892,6.16774508345551,3.1955365473708,23.1677450834555,23.1677450834555,"EB_features"
2022,"401404108",10,"2022-11-05 16:00:00",FALSE,2628,2641,"Big 12","Big 12","2022-10-31",11,10,7,7,0.871542282673306,-3.22902097927746,12.3699618793967,3.1955365473708,2.36996187939671,2.36996187939671,"EB_features"
2022,"401405128",10,"2022-11-05 16:00:00",FALSE,158,135,"Big Ten","Big Ten","2022-10-31",11,-7,7,7,7.45876116346016,4.30820385907727,-7.79042767809861,3.1955365473708,-0.790427678098607,0.790427678098607,"EB_features"
2022,"401405129",10,"2022-11-05 16:00:00",FALSE,77,194,"Big Ten","Big Ten","2022-10-31",11,-14,7,8,-4.07439457154156,20.3933628237593,-33.3074139895792,3.1955365473708,-19.3074139895792,19.3074139895792,"EB_features"
2022,"401405130",10,"2022-11-05 16:00:00",FALSE,2509,2294,"Big Ten","Big Ten","2022-10-31",11,-21,7,7,5.18472279565377,7.21365975371447,2.38362973435327,3.1955365473708,23.3836297343533,23.3836297343533,"EB_features"
2022,"401405131",10,"2022-11-05 16:00:00",FALSE,275,120,"Big Ten","Big Ten","2022-10-31",11,13,7,8,7.08822465548207,4.42778394399791,3.41295148950023,3.1955365473708,-9.58704851049977,9.58704851049977,"EB_features"
2022,"401411156",10,"2022-11-05 16:00:00",FALSE,258,153,"ACC","ACC","2022-10-31",11,-3,7,6,0.91987276084454,5.90687128580087,-6.74793884378442,3.1955365473708,-3.74793884378442,3.74793884378442,"EB_features"
2022,"401415649",10,"2022-11-05 16:00:00",FALSE,202,2655,"American Athletic","American Athletic","2022-10-31",11,-14,7,7,-4.89822341921364,-3.03846493092592,-7.65480685180588,3.1955365473708,6.34519314819412,6.34519314819412,"EB_features"
2022,"401426598",10,"2022-11-05 16:00:00",FALSE,2429,98,"Conference USA","Conference USA","2022-10-31",11,-52,8,8,-6.01493734898102,0.60777151865285,-13.6971427643869,3.1955365473708,38.3028572356131,38.3028572356131,"EB_features"
2022,"401411157",10,"2022-11-05 16:30:00",FALSE,259,59,"ACC","ACC","2022-10-31",11,-1,7,7,-1.04093457752489,-4.65168401527835,5.6013668952481,3.1955365473708,6.6013668952481,6.6013668952481,"EB_features"
2022,"401415648",10,"2022-11-05 18:00:00",FALSE,218,58,"American Athletic","American Athletic","2022-10-31",11,26,7,7,-14.8812333935827,-6.07029983736041,-4.26481538604615,3.1955365473708,-30.2648153860462,30.2648153860462,"EB_features"
2022,"401426366",10,"2022-11-05 18:00:00",FALSE,295,276,"Sun Belt","Sun Belt","2022-10-31",11,-12,8,6,-7.6329505516909,0.859066585271073,-2.2903926368899,3.1955365473708,9.7096073631101,9.7096073631101,"EB_features"
2022,"401404104",10,"2022-11-05 19:00:00",FALSE,201,239,"Big 12","Big 12","2022-10-31",11,-3,8,7,6.94559195979322,5.76064301193745,2.22741894867539,3.1955365473708,5.22741894867539,5.22741894867539,"EB_features"
2022,"401426369",10,"2022-11-05 19:00:00",FALSE,2572,2247,"Sun Belt","Sun Belt","2022-10-31",11,-28,7,8,-7.68177134702143,-3.1061782338732,2.30645248331757,3.1955365473708,30.3064524833176,30.3064524833176,"EB_features"
2022,"401426600",10,"2022-11-05 19:00:00",FALSE,2348,2393,"Conference USA","Conference USA","2022-10-31",11,16,7,6,-9.95363945375501,-5.02602078518106,-1.33342115068893,3.1955365473708,-17.3334211506889,17.3334211506889,"EB_features"
2022,"401403933",10,"2022-11-05 19:30:00",FALSE,61,2633,"SEC","SEC","2022-10-31",11,14,7,7,22.8602041202997,11.1949100640937,10.3687656667624,3.1955365473708,-3.63123433323755,3.63123433323755,"EB_features"
2022,"401404030",10,"2022-11-05 19:30:00",FALSE,38,2483,"Pac-12","Pac-12","2022-10-31",11,-39,8,7,-3.20116293971618,5.7569371984974,-21.6089591874557,3.1955365473708,17.3910408125443,17.3910408125443,"EB_features"
2022,"401404032",10,"2022-11-05 19:30:00",FALSE,24,265,"Pac-12","Pac-12","2022-10-31",11,-38,6,7,1.40513620855855,1.08338675940996,-1.36628524638245,3.1955365473708,36.6337147536176,36.6337147536176,"EB_features"
2022,"401404105",10,"2022-11-05 19:30:00",FALSE,66,277,"Big 12","Big 12","2022-10-31",11,17,7,7,8.62258970953561,-1.01356369408649,13.7079773100482,3.1955365473708,-3.29202268995179,3.29202268995179,"EB_features"
2022,"401404106",10,"2022-11-05 19:30:00",FALSE,2305,197,"Big 12","Big 12","2022-10-31",11,21,7,7,-5.73255196259209,8.34957596002936,-1.9991637414339,3.1955365473708,-22.9991637414339,22.9991637414339,"EB_features"
2022,"401405127",10,"2022-11-05 19:30:00",FALSE,356,127,"Big Ten","Big Ten","2022-10-31",11,-8,7,8,-1.68083405380708,5.60726797392481,8.68801603346876,3.1955365473708,16.6880160334688,16.6880160334688,"EB_features"
2022,"401405132",10,"2022-11-05 19:30:00",FALSE,84,213,"Big Ten","Big Ten","2022-10-31",11,-31,7,8,-2.72767461482494,12.2673093779397,-15.4691695660615,3.1955365473708,15.5308304339385,15.5308304339385,"EB_features"
2022,"401411155",10,"2022-11-05 19:30:00",FALSE,221,183,"ACC","ACC","2022-10-31",11,10,6,7,3.18420986592132,-0.265786460981296,-0.660916991117529,3.1955365473708,-10.6609169911175,10.6609169911175,"EB_features"
2022,"401415252",10,"2022-11-05 19:30:00",FALSE,328,167,"Mountain West","Mountain West","2022-10-31",11,17,7,7,0.587521898591169,-7.75510656429554,12.2475345818956,3.1955365473708,-4.7524654181044,4.7524654181044,"EB_features"
2022,"401415651",10,"2022-11-05 19:30:00",FALSE,235,2116,"American Athletic","American Athletic","2022-10-31",11,-7,8,7,-0.0475411691526454,-1.23687187151452,-2.2989189625906,3.1955365473708,4.7010810374094,4.7010810374094,"EB_features"
2022,"401426602",10,"2022-11-05 19:30:00",FALSE,5,2636,"Conference USA","Conference USA","2022-10-31",11,-6,7,7,-1.46090025271517,3.70923430760454,-0.121312257614218,3.1955365473708,5.87868774238578,5.87868774238578,"EB_features"
2022,"401403932",10,"2022-11-05 20:00:00",FALSE,8,2335,"SEC","FBS Independents","2022-10-31",11,-2,7,7,6.57956541596008,-1.77506169943381,9.75393373202575,3.1955365473708,11.7539337320257,11.7539337320257,"EB_features"
2022,"401415650",10,"2022-11-05 20:00:00",FALSE,2132,2426,"American Athletic","American Athletic","2022-10-31",11,10,7,7,4.70547346284514,-2.08662650086964,12.0080816708479,3.1955365473708,2.00808167084787,2.00808167084787,"EB_features"
2022,"401426365",10,"2022-11-05 20:00:00",FALSE,290,6,"Sun Belt","Sun Belt","2022-10-31",11,-7,7,7,-8.25797082653964,-6.34435925735277,-2.1986880122055,3.1955365473708,4.8013119877945,4.8013119877945,"EB_features"
2022,"401426599",10,"2022-11-05 20:00:00",FALSE,249,2229,"Conference USA","Conference USA","2022-10-31",11,38,8,7,-3.60687721490061,-14.4042183356561,21.3780764350312,3.1955365473708,-16.6219235649688,16.6219235649688,"EB_features"
2022,"401426367",10,"2022-11-05 21:00:00",FALSE,309,2653,"Sun Belt","Sun Belt","2022-10-31",11,-6,7,7,-1.20888925799927,-7.32518106987979,2.01440708989236,3.1955365473708,8.01440708989236,8.01440708989236,"EB_features"
2022,"401426368",10,"2022-11-05 21:00:00",FALSE,2433,326,"Sun Belt","Sun Belt","2022-10-31",11,1,7,7,-8.08030830668825,-14.9076311645679,3.73783562885947,3.1955365473708,2.73783562885947,2.73783562885947,"EB_features"
2022,"401403934",10,"2022-11-05 23:00:00",FALSE,99,333,"SEC","SEC","2022-10-31",11,1,7,8,5.03800421222903,21.2814570883872,-14.2682047059538,3.1955365473708,-15.2682047059538,15.2682047059538,"EB_features"
2022,"401404107",10,"2022-11-05 23:00:00",FALSE,2306,251,"Big 12","Big 12","2022-10-31",11,-7,7,8,4.24787443181556,11.3103080600736,-1.55787268684943,3.1955365473708,5.44212731315057,5.44212731315057,"EB_features"
2022,"401415250",10,"2022-11-05 23:00:00",FALSE,68,252,"Mountain West","FBS Independents","2022-10-31",11,-3,7,9,5.43125231820461,5.27620137781685,6.8438270923183,3.1955365473708,9.8438270923183,9.8438270923183,"EB_features"
2022,"401415254",10,"2022-11-05 23:00:00",FALSE,21,2439,"Mountain West","Mountain West","2022-10-31",11,4,6,7,-2.16962235167065,-6.48309108677157,3.45918727029141,3.1955365473708,-0.540812729708593,0.540812729708593,"EB_features"
2022,"401415652",10,"2022-11-05 23:00:00",FALSE,2567,248,"American Athletic","American Athletic","2022-10-31",11,14,7,8,-0.809744525729985,1.94403379101084,5.32304374414683,3.1955365473708,-8.67695625585317,8.67695625585317,"EB_features"
2022,"401403935",10,"2022-11-05 23:30:00",FALSE,344,2,"SEC","SEC","2022-10-31",11,6,8,7,6.15053381723871,6.57124135487946,14.0079275638067,3.1955365473708,8.00792756380675,8.00792756380675,"EB_features"
2022,"401403938",10,"2022-11-05 23:30:00",FALSE,238,2579,"SEC","SEC","2022-10-31",11,-11,7,7,-6.0994415489072,2.32396015191721,-5.1638776080327,3.1955365473708,5.8361223919673,5.8361223919673,"EB_features"
2022,"401404027",10,"2022-11-05 23:30:00",FALSE,254,12,"Pac-12","Pac-12","2022-10-31",11,25,7,7,9.34241773094917,-2.79022842169364,19.5552395217484,3.1955365473708,-5.44476047825162,5.44476047825162,"EB_features"
2022,"401404130",10,"2022-11-05 23:30:00",FALSE,87,228,"FBS Independents","ACC","2022-10-31",11,21,8,7,10.937512426186,13.9443984850439,-1.99538528387675,3.1955365473708,-22.9953852838767,22.9953852838767,"EB_features"
2022,"401405133",10,"2022-11-05 23:30:00",FALSE,164,130,"Big Ten","Big Ten","2022-10-31",11,-35,7,8,-2.16404416709606,18.3131556309574,-27.3609307833811,3.1955365473708,7.63906921661889,7.63906921661889,"EB_features"
2022,"401411152",10,"2022-11-05 23:30:00",FALSE,97,256,"ACC","Sun Belt","2022-10-31",11,24,8,6,1.2524649023859,-16.4936749796185,15.3792875670656,3.1955365473708,-8.62071243293438,8.62071243293438,"EB_features"
2022,"401411153",10,"2022-11-05 23:30:00",FALSE,2390,52,"ACC","ACC","2022-10-31",11,-42,7,7,2.36279909471738,5.30091783627907,-7.50041073562134,3.1955365473708,34.4995892643787,34.4995892643787,"EB_features"
2022,"401411154",10,"2022-11-06",FALSE,152,154,"ACC","ACC","2022-10-31",11,9,7,7,7.98464527166249,7.03622189114623,-0.089200492225646,3.1955365473708,-9.08920049222565,9.08920049222565,"EB_features"
2022,"401404028",10,"2022-11-06 02:30:00",FALSE,9,26,"Pac-12","Pac-12","2022-10-31",11,-14,7,6,-0.638807214683427,5.93708992158526,-8.80044439473108,3.1955365473708,5.19955560526892,5.19955560526892,"EB_features"
2022,"401404029",10,"2022-11-06 02:30:00",FALSE,30,25,"Pac-12","Pac-12","2022-10-31",11,6,8,7,-2.9529327876275,-0.0624632948020523,16.33750955418,3.1955365473708,10.33750955418,10.33750955418,"EB_features"
2022,"401415251",10,"2022-11-06 02:30:00",FALSE,23,36,"Mountain West","Mountain West","2022-10-31",11,12,5,7,-6.24676765715288,-6.09661032503177,19.2943890159177,3.1955365473708,7.29438901591765,7.29438901591765,"EB_features"
2022,"401415253",10,"2022-11-06 02:30:00",FALSE,278,62,"Mountain West","Mountain West","2022-10-31",11,42,6,7,2.20656342925638,-6.24065045614498,19.8512036584311,3.1955365473708,-22.1487963415689,22.1487963415689,"EB_features"
2022,"401416637",11,"2022-11-09",FALSE,2006,2199,"Mid-American","Mid-American","2022-11-07",12,-6,8,8,-15.0410889085499,-4.46716613671653,-7.04152382521848,3.1955365473708,-1.04152382521848,1.04152382521848,"EB_features"
2022,"401416638",11,"2022-11-09 00:30:00",FALSE,193,195,"Mid-American","Mid-American","2022-11-07",12,-16,8,8,-0.984887640903981,-9.16567993912469,3.3022784070012,3.1955365473708,19.3022784070012,19.3022784070012,"EB_features"
2022,"401416636",11,"2022-11-09 01:00:00",FALSE,2649,2050,"Mid-American","Mid-American","2022-11-07",12,7,8,8,-0.770224216344032,-5.60299810945525,14.1891307369873,3.1955365473708,7.18913073698735,7.18913073698735,"EB_features"
2022,"401416639",11,"2022-11-10",FALSE,2711,2459,"Mid-American","Mid-American","2022-11-07",12,-3,8,8,-2.81720534681781,-0.673396116800258,-2.65603159972347,3.1955365473708,0.343968400276527,0.343968400276527,"EB_features"
2022,"401416640",11,"2022-11-10",FALSE,2117,2084,"Mid-American","Mid-American","2022-11-07",12,4,8,8,-1.19272795922072,-6.91345398099633,-1.34802725015928,3.1955365473708,-5.34802725015928,5.34802725015928,"EB_features"
2022,"401416641",11,"2022-11-10",FALSE,189,2309,"Mid-American","Mid-American","2022-11-07",12,-34,8,8,-6.5347176776995,-4.90378413701057,2.21565781593196,3.1955365473708,36.215657815932,36.215657815932,"EB_features"
2022,"401415653",11,"2022-11-11 00:30:00",FALSE,235,202,"American Athletic","American Athletic","2022-11-07",12,16,9,8,-0.0475411691526454,-4.89822341921364,11.9109369919658,3.1955365473708,-4.08906300803416,4.08906300803416,"EB_features"
2022,"401426370",11,"2022-11-11 00:30:00",FALSE,309,290,"Sun Belt","Sun Belt","2022-11-07",12,19,8,8,-1.20888925799927,-8.25797082653964,4.93160813415911,3.1955365473708,-14.0683918658409,14.0683918658409,"EB_features"
2022,"401415654",11,"2022-11-12 01:00:00",FALSE,2132,151,"American Athletic","American Athletic","2022-11-07",12,2,8,8,4.70547346284514,2.80054412977557,4.90647270883923,3.1955365473708,2.90647270883923,2.90647270883923,"EB_features"
2022,"401404033",11,"2022-11-12 02:30:00",FALSE,30,38,"Pac-12","Pac-12","2022-11-07",12,38,8,9,-2.9529327876275,-3.20116293971618,28.5618702842337,3.1955365473708,-9.43812971576632,9.43812971576632,"EB_features"
2022,"401415259",11,"2022-11-12 03:30:00",FALSE,2439,278,"Mountain West","Mountain West","2022-11-07",12,-7,8,7,-6.48309108677157,2.20656342925638,-2.33196972183128,3.1955365473708,4.66803027816872,4.66803027816872,"EB_features"
2022,"401403939",11,"2022-11-12 17:00:00",FALSE,8,99,"SEC","SEC","2022-11-07",12,-3,8,8,6.57956541596008,5.03800421222903,-2.1349043352973,3.1955365473708,0.865095664702701,0.865095664702701,"EB_features"
2022,"401403942",11,"2022-11-12 17:00:00",FALSE,96,238,"SEC","SEC","2022-11-07",12,-3,8,8,8.75249928932871,-6.0994415489072,15.8389789940634,3.1955365473708,18.8389789940634,18.8389789940634,"EB_features"
2022,"401403945",11,"2022-11-12 17:00:00",FALSE,2633,142,"SEC","SEC","2022-11-07",12,42,8,8,11.1949100640937,-0.462081310590089,22.6569742122567,3.1955365473708,-19.3430257877433,19.3430257877433,"EB_features"
2022,"401404112",11,"2022-11-12 17:00:00",FALSE,277,201,"Big 12","Big 12","2022-11-07",12,3,8,9,-1.01356369408649,6.94559195979322,-6.49532153148091,3.1955365473708,-9.49532153148091,9.49532153148091,"EB_features"
2022,"401404131",11,"2022-11-12 17:00:00",TRUE,2426,87,"American Athletic","FBS Independents","2022-11-07",12,-3,8,9,-2.08662650086964,10.937512426186,-14.8157323472114,3.1955365473708,-11.8157323472114,11.8157323472114,"EB_features"
2022,"401404156",11,"2022-11-12 17:00:00",FALSE,41,2335,"FBS Independents","FBS Independents","2022-11-07",12,3,9,8,-18.323974201707,-1.77506169943381,-15.1651338198664,3.1955365473708,-18.1651338198664,18.1651338198664,"EB_features"
2022,"401405134",11,"2022-11-12 17:00:00",FALSE,356,2509,"Big Ten","Big Ten","2022-11-07",12,-7,8,8,-1.68083405380708,5.18472279565377,7.0107500088209,3.1955365473708,14.0107500088209,14.0107500088209,"EB_features"
2022,"401405138",11,"2022-11-12 17:00:00",FALSE,127,164,"Big Ten","Big Ten","2022-11-07",12,6,9,8,5.60726797392481,-2.16404416709606,15.3480619008467,3.1955365473708,9.34806190084674,9.34806190084674,"EB_features"
2022,"401405139",11,"2022-11-12 17:00:00",FALSE,194,84,"Big Ten","Big Ten","2022-11-07",12,42,9,8,20.3933628237593,-2.72767461482494,36.9795537161945,3.1955365473708,-5.02044628380555,5.02044628380555,"EB_features"
2022,"401411159",11,"2022-11-12 17:00:00",FALSE,150,259,"ACC","ACC","2022-11-07",12,17,8,8,-12.4592724224049,-1.04093457752489,9.51331945494087,3.1955365473708,-7.48668054505913,7.48668054505913,"EB_features"
2022,"401411163",11,"2022-11-12 17:00:00",FALSE,258,221,"ACC","ACC","2022-11-07",12,-30,8,8,0.91987276084454,3.18420986592132,-3.2384857629242,3.1955365473708,26.7615142370758,26.7615142370758,"EB_features"
2022,"401415656",11,"2022-11-12 17:00:00",FALSE,58,2567,"American Athletic","American Athletic","2022-11-07",12,-18,8,8,-6.07029983736041,-0.809744525729985,-13.298632545919,3.1955365473708,4.70136745408102,4.70136745408102,"EB_features"
2022,"401426372",11,"2022-11-12 18:00:00",FALSE,2247,2433,"Sun Belt","Sun Belt","2022-11-07",12,-3,9,8,-3.1061782338732,-8.08030830668825,12.9496000197221,3.1955365473708,15.9496000197221,15.9496000197221,"EB_features"
2022,"401426374",11,"2022-11-12 18:00:00",FALSE,295,256,"Sun Belt","Sun Belt","2022-11-07",12,-34,9,7,-7.6329505516909,-16.4936749796185,1.45423635955037,3.1955365473708,35.4542363595504,35.4542363595504,"EB_features"
2022,"401426607",11,"2022-11-12 19:00:00",FALSE,98,242,"Conference USA","Conference USA","2022-11-07",12,35,9,8,0.60777151865285,-8.70255983211464,21.3766342479852,3.1955365473708,-13.6233657520148,13.6233657520148,"EB_features"
2022,"401414784",11,"2022-11-12 20:00:00",FALSE,2032,113,"Sun Belt","FBS Independents","2022-11-07",12,2,8,8,-9.42866084719953,-12.4230307212361,14.9379079370301,3.1955365473708,12.9379079370301,12.9379079370301,"EB_features"
2022,"401415655",11,"2022-11-12 20:00:00",FALSE,248,218,"American Athletic","American Athletic","2022-11-07",12,7,9,8,1.94403379101084,-14.8812333935827,19.2469342198675,3.1955365473708,12.2469342198675,12.2469342198675,"EB_features"
2022,"401403943",11,"2022-11-12 20:30:00",FALSE,145,333,"SEC","SEC","2022-11-07",12,-6,8,9,6.21456861489171,21.2814570883872,-14.120876775443,3.1955365473708,-8.12087677544298,8.12087677544298,"EB_features"
2022,"401404035",11,"2022-11-12 20:30:00",FALSE,265,9,"Pac-12","Pac-12","2022-11-07",12,10,8,7,1.08338675940996,-0.638807214683427,14.714805001618,3.1955365473708,4.71480500161797,4.71480500161797,"EB_features"
2022,"401404110",11,"2022-11-12 20:30:00",FALSE,197,66,"Big 12","Big 12","2022-11-07",12,6,8,8,8.34957596002936,8.62258970953561,-0.1477048108613,3.1955365473708,-6.1477048108613,6.1477048108613,"EB_features"
2022,"401404142",11,"2022-11-12 20:30:00",FALSE,2653,349,"Sun Belt","FBS Independents","2022-11-07",12,1,8,6,-7.32518106987979,4.16203937088042,4.97092154926039,3.1955365473708,3.97092154926039,3.97092154926039,"EB_features"
2022,"401405135",11,"2022-11-12 20:30:00",FALSE,2294,275,"Big Ten","Big Ten","2022-11-07",12,14,8,8,7.21365975371447,7.08822465548207,2.32717476319557,3.1955365473708,-11.6728252368044,11.6728252368044,"EB_features"
2022,"401405136",11,"2022-11-12 20:30:00",FALSE,135,77,"Big Ten","Big Ten","2022-11-07",12,28,8,8,4.30820385907727,-4.07439457154156,16.4240865368653,3.1955365473708,-11.5759134631347,11.5759134631347,"EB_features"
2022,"401405137",11,"2022-11-12 20:30:00",FALSE,130,158,"Big Ten","Big Ten","2022-11-07",12,31,9,8,18.3131556309574,7.45876116346016,30.2059081547489,3.1955365473708,-0.794091845251145,0.794091845251145,"EB_features"
2022,"401405140",11,"2022-11-12 20:30:00",FALSE,213,120,"Big Ten","Big Ten","2022-11-07",12,30,9,9,12.2673093779397,4.42778394399791,12.1449558286862,3.1955365473708,-17.8550441713138,17.8550441713138,"EB_features"
2022,"401411158",11,"2022-11-12 20:30:00",FALSE,228,97,"ACC","ACC","2022-11-07",12,15,8,9,13.9443984850439,1.2524649023859,9.68465769332179,3.1955365473708,-5.31534230667821,5.31534230667821,"EB_features"
2022,"401411160",11,"2022-11-12 20:30:00",FALSE,59,2390,"ACC","ACC","2022-11-07",12,-21,8,8,-4.65168401527835,2.36279909471738,0.484807941585672,3.1955365473708,21.4848079415857,21.4848079415857,"EB_features"
2022,"401411161",11,"2022-11-12 20:30:00",FALSE,152,103,"ACC","ACC","2022-11-07",12,-1,7,8,7.98464527166249,-1.28902112862328,18.9042208273788,3.1955365473708,19.9042208273788,19.9042208273788,"EB_features"
2022,"401415256",11,"2022-11-12 20:30:00",FALSE,2005,167,"Mountain West","Mountain West","2022-11-07",12,32,8,8,8.31661511523281,-7.75510656429554,25.5315738792986,3.1955365473708,-6.46842612070141,6.46842612070141,"EB_features"
2022,"401415657",11,"2022-11-12 20:30:00",FALSE,2655,2116,"American Athletic","American Athletic","2022-11-07",12,-7,8,8,-3.03846493092592,-1.23687187151452,-0.628837555264502,3.1955365473708,6.3711624447355,6.3711624447355,"EB_features"
2022,"401426373",11,"2022-11-12 20:30:00",FALSE,276,2026,"Sun Belt","Sun Belt","2022-11-07",12,7,7,7,0.859066585271073,1.70223348687612,2.96709124690154,3.1955365473708,-4.03290875309846,4.03290875309846,"EB_features"
2022,"401426603",11,"2022-11-12 20:30:00",FALSE,2393,2429,"Conference USA","Conference USA","2022-11-07",12,10,8,9,-5.02602078518106,-6.01493734898102,9.77642000339677,3.1955365473708,-0.223579996603227,0.223579996603227,"EB_features"
2022,"401426605",11,"2022-11-12 20:30:00",FALSE,2636,2348,"Conference USA","Conference USA","2022-11-07",12,44,8,8,3.70923430760454,-9.95363945375501,19.5999810707959,3.1955365473708,-24.4000189292041,24.4000189292041,"EB_features"
2022,"401426606",11,"2022-11-12 20:30:00",FALSE,5,249,"Conference USA","Conference USA","2022-11-07",12,20,8,9,-1.46090025271517,-3.60687721490061,3.39813048255396,3.1955365473708,-16.601869517446,16.601869517446,"EB_features"
2022,"401403941",11,"2022-11-12 21:00:00",FALSE,57,2579,"SEC","SEC","2022-11-07",12,32,8,8,4.72251592285892,2.32396015191721,5.65099099356961,3.1955365473708,-26.3490090064304,26.3490090064304,"EB_features"
2022,"401426375",11,"2022-11-12 22:00:00",FALSE,6,326,"Sun Belt","Sun Belt","2022-11-07",12,17,8,8,-6.34435925735277,-14.9076311645679,17.9331217470695,3.1955365473708,0.933121747069496,0.933121747069496,"EB_features"
2022,"401403944",11,"2022-11-13",FALSE,344,61,"SEC","SEC","2022-11-07",12,-26,9,8,6.15053381723871,22.8602041202997,-15.6060445721456,3.1955365473708,10.3939554278544,10.3939554278544,"EB_features"
2022,"401404037",11,"2022-11-13",FALSE,2483,264,"Pac-12","Pac-12","2022-11-07",12,-3,8,8,5.7569371984974,1.86275117750186,10.7560237135569,3.1955365473708,13.7560237135569,13.7560237135569,"EB_features"
2022,"401404109",11,"2022-11-13",FALSE,239,2306,"Big 12","Big 12","2022-11-07",12,-28,8,8,5.76064301193745,4.24787443181556,0.815078244543272,3.1955365473708,28.8150782445433,28.8150782445433,"EB_features"
2022,"401404111",11,"2022-11-13",FALSE,2641,2305,"Big 12","Big 12","2022-11-07",12,15,8,8,-3.22902097927746,-5.73255196259209,0.773966099560296,3.1955365473708,-14.2260339004397,14.2260339004397,"EB_features"
2022,"401415258",11,"2022-11-13",FALSE,36,2751,"Mountain West","Mountain West","2022-11-07",12,-1,7,8,-6.09661032503177,-4.86467948811277,-4.91241616879843,3.1955365473708,-3.91241616879843,3.91241616879843,"EB_features"
2022,"401426604",11,"2022-11-13",FALSE,2229,2226,"Conference USA","Conference USA","2022-11-07",12,-45,8,8,-14.4042183356561,-3.57399417060582,-13.8038464945925,3.1955365473708,31.1961535054075,31.1961535054075,"EB_features"
2022,"401403940",11,"2022-11-13 00:30:00",FALSE,2,245,"SEC","SEC","2022-11-07",12,3,8,8,6.57124135487946,10.1312967529522,0.341808668521579,3.1955365473708,-2.65819133147842,2.65819133147842,"EB_features"
2022,"401404113",11,"2022-11-13 00:30:00",FALSE,251,2628,"Big 12","Big 12","2022-11-07",12,-7,9,8,11.3103080600736,0.871542282673306,9.98968953634137,3.1955365473708,16.9896895363414,16.9896895363414,"EB_features"
2022,"401411164",11,"2022-11-13 00:30:00",FALSE,154,153,"ACC","ACC","2022-11-07",12,-2,7,8,7.03622189114623,5.90687128580087,6.34905856977019,3.1955365473708,8.34905856977019,8.34905856977019,"EB_features"
2022,"401426371",11,"2022-11-13 00:30:00",FALSE,324,2572,"Sun Belt","Sun Belt","2022-11-07",12,3,8,8,1.50832131266719,-7.68177134702143,13.0208475977204,3.1955365473708,10.0208475977204,10.0208475977204,"EB_features"
2022,"401411162",11,"2022-11-13 01:00:00",FALSE,183,52,"ACC","ACC","2022-11-07",12,-35,8,8,-0.265786460981296,5.30091783627907,-2.39102622773018,3.1955365473708,32.6089737722698,32.6089737722698,"EB_features"
2022,"401404036",11,"2022-11-13 02:00:00",FALSE,204,25,"Pac-12","Pac-12","2022-11-07",12,28,8,7,1.30289480677434,-0.0624632948020523,10.8033994802897,3.1955365473708,-17.1966005197103,17.1966005197103,"EB_features"
2022,"401404038",11,"2022-11-13 03:00:00",FALSE,254,24,"Pac-12","Pac-12","2022-11-07",12,35,8,8,9.34241773094917,1.40513620855855,20.1901301142602,3.1955365473708,-14.8098698857398,14.8098698857398,"EB_features"
2022,"401404034",11,"2022-11-13 03:30:00",FALSE,26,12,"Pac-12","Pac-12","2022-11-07",12,-6,7,8,5.93708992158526,-2.79022842169364,17.1619136281448,3.1955365473708,23.1619136281448,23.1619136281448,"EB_features"
2022,"401415255",11,"2022-11-13 03:30:00",FALSE,2440,68,"Mountain West","Mountain West","2022-11-07",12,-38,8,8,-1.72828511386163,5.43125231820461,-11.0333736089868,3.1955365473708,26.9666263910132,26.9666263910132,"EB_features"
2022,"401415260",11,"2022-11-13 03:30:00",FALSE,21,23,"Mountain West","Mountain West","2022-11-07",12,16,8,6,-2.16962235167065,-6.24676765715288,-4.09398217866876,3.1955365473708,-20.0939821786688,20.0939821786688,"EB_features"
2022,"401415257",11,"2022-11-13 04:00:00",FALSE,62,328,"Mountain West","Mountain West","2022-11-07",12,-7,8,8,-6.24065045614498,0.587521898591169,-7.91772761539274,3.1955365473708,-0.91772761539274,0.91772761539274,"EB_features"
2022,"401416642",12,"2022-11-16",FALSE,2649,189,"Mid-American","Mid-American","2022-11-14",13,-7,9,9,-0.770224216344032,-6.5347176776995,16.4468456212954,3.1955365473708,23.4468456212954,23.4468456212954,"EB_features"
2022,"401416643",12,"2022-11-16",FALSE,2050,195,"Mid-American","Mid-American","2022-11-14",13,-14,9,9,-5.60299810945525,-9.16567993912469,-1.23111390427225,3.1955365473708,12.7688860957278,12.7688860957278,"EB_features"
2022,"401416644",12,"2022-11-16 23:00:00",FALSE,2309,2199,"Mid-American","Mid-American","2022-11-14",13,-7,9,9,-4.90378413701057,-4.46716613671653,6.89912210093159,3.1955365473708,13.8991221009316,13.8991221009316,"EB_features"
2022,"401416646",12,"2022-11-17",FALSE,2459,193,"Mid-American","Mid-American","2022-11-14",13,-6,9,9,-0.673396116800258,-0.984887640903981,5.14948818739599,3.1955365473708,11.149488187396,11.149488187396,"EB_features"
2022,"401416645",12,"2022-11-17 01:00:00",FALSE,2117,2711,"Mid-American","Mid-American","2022-11-14",13,-2,9,9,-1.19272795922072,-2.81720534681781,8.38433621674001,3.1955365473708,10.38433621674,10.38433621674,"EB_features"
2022,"401415658",12,"2022-11-18 00:30:00",FALSE,2655,2567,"American Athletic","American Athletic","2022-11-14",13,35,9,9,-3.03846493092592,-0.809744525729985,2.149896936159,3.1955365473708,-32.850103063841,32.850103063841,"EB_features"
2022,"401415659",12,"2022-11-19 02:00:00",FALSE,202,58,"American Athletic","American Athletic","2022-11-14",13,6,9,9,-4.89822341921364,-6.07029983736041,8.17918975570249,3.1955365473708,2.17918975570249,2.17918975570249,"EB_features"
2022,"401415264",12,"2022-11-19 02:45:00",FALSE,167,21,"Mountain West","Mountain West","2022-11-14",13,-24,9,8,-7.75510656429554,-2.16962235167065,-6.57624004354892,3.1955365473708,17.4237599564511,17.4237599564511,"EB_features"
2022,"401415661",12,"2022-11-19 16:00:00",FALSE,2116,2426,"American Athletic","American Athletic","2022-11-14",13,-3,9,9,-1.23687187151452,-2.08662650086964,12.5269134735585,3.1955365473708,15.5269134735585,15.5269134735585,"EB_features"
2022,"401403954",12,"2022-11-19 17:00:00",FALSE,245,113,"SEC","FBS Independents","2022-11-14",13,17,8,9,10.1312967529522,-12.4230307212361,31.5320451102983,3.1955365473708,14.5320451102983,14.5320451102983,"EB_features"
2022,"401403955",12,"2022-11-19 17:00:00",FALSE,238,57,"SEC","SEC","2022-11-14",13,7,9,9,-6.0994415489072,4.72251592285892,-9.20701087236534,3.1955365473708,-16.2070108723653,16.2070108723653,"EB_features"
2022,"401404114",12,"2022-11-19 17:00:00",FALSE,239,2628,"Big 12","Big 12","2022-11-14",13,-1,8,8,5.76064301193745,0.871542282673306,2.12179394871897,3.1955365473708,3.12179394871897,3.12179394871897,"EB_features"
2022,"401404143",12,"2022-11-19 17:00:00",FALSE,349,41,"FBS Independents","FBS Independents","2022-11-14",13,17,7,10,4.16203937088042,-18.323974201707,14.6054844794463,3.1955365473708,-2.39451552055368,2.39451552055368,"EB_features"
2022,"401404165",12,"2022-11-19 17:00:00",FALSE,2335,259,"FBS Independents","ACC","2022-11-14",13,-1,9,9,-1.77506169943381,-1.04093457752489,12.1881567544088,3.1955365473708,13.1881567544088,13.1881567544088,"EB_features"
2022,"401405142",12,"2022-11-19 17:00:00",FALSE,158,275,"Big Ten","Big Ten","2022-11-14",13,-1,9,9,7.45876116346016,7.08822465548207,-7.86864754490479,3.1955365473708,-6.86864754490479,6.86864754490479,"EB_features"
2022,"401405143",12,"2022-11-19 17:00:00",FALSE,2509,77,"Big Ten","Big Ten","2022-11-14",13,8,9,9,5.18472279565377,-4.07439457154156,14.0242530029663,3.1955365473708,6.02425300296629,6.02425300296629,"EB_features"
2022,"401405145",12,"2022-11-19 17:00:00",FALSE,130,356,"Big Ten","Big Ten","2022-11-14",13,2,10,9,18.3131556309574,-1.68083405380708,21.1691866522004,3.1955365473708,19.1691866522004,19.1691866522004,"EB_features"
2022,"401405146",12,"2022-11-19 17:00:00",FALSE,127,84,"Big Ten","Big Ten","2022-11-14",13,-8,10,9,5.60726797392481,-2.72767461482494,12.4064201727716,3.1955365473708,20.4064201727716,20.4064201727716,"EB_features"
2022,"401411166",12,"2022-11-19 17:00:00",FALSE,52,309,"ACC","Sun Belt","2022-11-14",13,32,8,9,5.30091783627907,-1.20888925799927,17.3137635105616,3.1955365473708,-14.6862364894384,14.6862364894384,"EB_features"
2022,"401411169",12,"2022-11-19 17:00:00",FALSE,221,150,"ACC","ACC","2022-11-14",13,2,9,9,3.18420986592132,-12.4592724224049,8.04205549702007,3.1955365473708,6.04205549702007,6.04205549702007,"EB_features"
2022,"401426611",12,"2022-11-19 18:00:00",FALSE,242,2636,"Conference USA","Conference USA","2022-11-14",13,-34,9,9,-8.70255983211464,3.70923430760454,-15.3342086088987,3.1955365473708,18.6657913911013,18.6657913911013,"EB_features"
2022,"401404039",12,"2022-11-19 19:00:00",FALSE,12,265,"Pac-12","Pac-12","2022-11-14",13,-11,8,9,-2.79022842169364,1.08338675940996,-8.35606836664111,3.1955365473708,2.64393163335889,2.64393163335889,"EB_features"
2022,"401404117",12,"2022-11-19 19:00:00",FALSE,277,2306,"Big 12","Big 12","2022-11-14",13,-17,9,8,-1.01356369408649,4.24787443181556,-9.82157225412322,3.1955365473708,7.17842774587678,7.17842774587678,"EB_features"
2022,"401415660",12,"2022-11-19 19:00:00",FALSE,151,248,"American Athletic","American Athletic","2022-11-14",13,-39,9,10,2.80054412977557,1.94403379101084,7.2786183089298,3.1955365473708,46.2786183089298,46.2786183089298,"EB_features"
2022,"401426378",12,"2022-11-19 19:00:00",FALSE,256,2247,"Sun Belt","Sun Belt","2022-11-14",13,2,8,10,-16.4936749796185,-3.1061782338732,5.85178756533194,3.1955365473708,3.85178756533194,3.85178756533194,"EB_features"
2022,"401404040",12,"2022-11-19 19:15:00",FALSE,9,204,"Pac-12","Pac-12","2022-11-14",13,-24,9,8,-0.638807214683427,1.30289480677434,-6.06106697372491,3.1955365473708,17.9389330262751,17.9389330262751,"EB_features"
2022,"401404132",12,"2022-11-19 19:30:00",FALSE,87,103,"FBS Independents","ACC","2022-11-14",13,44,10,9,10.937512426186,-1.28902112862328,22.4416787870518,3.1955365473708,-21.5583212129482,21.5583212129482,"EB_features"
2022,"401426376",12,"2022-11-19 19:30:00",FALSE,2026,295,"Sun Belt","Sun Belt","2022-11-14",13,13,8,10,1.70223348687612,-7.6329505516909,13.0320077627037,3.1955365473708,0.0320077627037172,0.0320077627037172,"EB_features"
2022,"401403949",12,"2022-11-19 20:30:00",FALSE,96,61,"SEC","SEC","2022-11-14",13,-10,9,8,8.75249928932871,22.8602041202997,-21.4695253384996,3.1955365473708,-11.4695253384996,11.4695253384996,"EB_features"
2022,"401404116",12,"2022-11-19 20:30:00",FALSE,2305,251,"Big 12","Big 12","2022-11-14",13,-41,8,9,-5.73255196259209,11.3103080600736,-10.2346306581854,3.1955365473708,30.7653693418146,30.7653693418146,"EB_features"
2022,"401405144",12,"2022-11-19 20:30:00",FALSE,120,194,"Big Ten","Big Ten","2022-11-14",13,-13,10,10,4.42778394399791,20.3933628237593,-19.916747792891,3.1955365473708,-6.91674779289099,6.91674779289099,"EB_features"
2022,"401405147",12,"2022-11-19 20:30:00",FALSE,164,213,"Big Ten","Big Ten","2022-11-14",13,-45,9,10,-2.16404416709606,12.2673093779397,-20.9546833221168,3.1955365473708,24.0453166778832,24.0453166778832,"EB_features"
2022,"401411165",12,"2022-11-19 20:30:00",FALSE,228,2390,"ACC","ACC","2022-11-14",13,30,9,9,13.9443984850439,2.36279909471738,21.8055691426862,3.1955365473708,-8.19443085731381,8.19443085731381,"EB_features"
2022,"401411167",12,"2022-11-19 20:30:00",FALSE,97,152,"ACC","ACC","2022-11-14",13,15,10,9,1.2524649023859,7.98464527166249,5.41538201273582,3.1955365473708,-9.58461798726418,9.58461798726418,"EB_features"
2022,"401426379",12,"2022-11-19 20:30:00",FALSE,2572,6,"Sun Belt","Sun Belt","2022-11-14",13,-7,8,9,-7.68177134702143,-6.34435925735277,-6.96467591620148,3.1955365473708,0.035324083798522,0.035324083798522,"EB_features"
2022,"401426381",12,"2022-11-19 20:30:00",FALSE,2653,2433,"Sun Belt","Sun Belt","2022-11-14",13,18,9,9,-7.32518106987979,-8.08030830668825,14.5681680895019,3.1955365473708,-3.43183191049808,3.43183191049808,"EB_features"
2022,"401426608",12,"2022-11-19 20:30:00",FALSE,2429,2348,"Conference USA","Conference USA","2022-11-14",13,5,10,9,-6.01493734898102,-9.95363945375501,1.32010395771889,3.1955365473708,-3.67989604228111,3.67989604228111,"EB_features"
2022,"401426610",12,"2022-11-19 20:30:00",FALSE,2393,2226,"Conference USA","Conference USA","2022-11-14",13,28,9,8,-5.02602078518106,-3.57399417060582,-1.48478977966146,3.1955365473708,-29.4847897796615,29.4847897796615,"EB_features"
2022,"401405141",12,"2022-11-19 21:00:00",FALSE,135,2294,"Big Ten","Big Ten","2022-11-14",13,-3,9,9,4.30820385907727,7.21365975371447,3.04363118007108,3.1955365473708,6.04363118007108,6.04363118007108,"EB_features"
2022,"401415663",12,"2022-11-19 21:00:00",FALSE,218,2132,"American Athletic","American Athletic","2022-11-14",13,-20,9,9,-14.8812333935827,4.70547346284514,-16.4974070435856,3.1955365473708,3.50259295641442,3.50259295641442,"EB_features"
2022,"401426609",12,"2022-11-19 21:00:00",FALSE,2638,2229,"Conference USA","Conference USA","2022-11-14",13,34,10,8,-3.53011931576545,-14.4042183356561,13.7885091007171,3.1955365473708,-20.2114908992829,20.2114908992829,"EB_features"
2022,"401426613",12,"2022-11-19 21:00:00",FALSE,2,98,"SEC","Conference USA","2022-11-14",13,24,8,10,6.57124135487946,0.60777151865285,-0.797861491106015,3.1955365473708,-24.797861491106,24.797861491106,"EB_features"
2022,"401426380",12,"2022-11-19 22:00:00",FALSE,326,2032,"Sun Belt","Sun Belt","2022-11-14",13,3,9,9,-14.9076311645679,-9.42866084719953,2.46708992450298,3.1955365473708,-0.53291007549702,0.53291007549702,"EB_features"
2022,"401404041",12,"2022-11-19 22:30:00",FALSE,25,24,"Pac-12","Pac-12","2022-11-14",13,7,8,8,-0.0624632948020523,1.40513620855855,5.27928988054227,3.1955365473708,-1.72071011945773,1.72071011945773,"EB_features"
2022,"401411168",12,"2022-11-19 22:30:00",FALSE,153,59,"ACC","ACC","2022-11-14",13,-4,8,9,5.90687128580087,-4.65168401527835,19.3621797541738,3.1955365473708,23.3621797541738,23.3621797541738,"EB_features"
2022,"401426377",12,"2022-11-19 23:00:00",FALSE,290,276,"Sun Belt","Sun Belt","2022-11-14",13,-13,9,8,-8.25797082653964,0.859066585271073,-3.16541821036119,3.1955365473708,9.83458178963881,9.83458178963881,"EB_features"
2022,"401403953",12,"2022-11-20",FALSE,2579,2633,"SEC","SEC","2022-11-14",13,25,9,9,2.32396015191721,11.1949100640937,-19.4248193382878,3.1955365473708,-44.4248193382878,44.4248193382878,"EB_features"
2022,"401404115",12,"2022-11-20",FALSE,66,2641,"Big 12","Big 12","2022-11-14",13,-4,9,8,8.62258970953561,-3.22902097927746,10.44075661232,3.1955365473708,14.44075661232,14.44075661232,"EB_features"
2022,"401415261",12,"2022-11-20",FALSE,2751,68,"Mountain West","Mountain West","2022-11-14",13,-3,8,8,-4.86467948811277,5.43125231820461,-7.9706197922638,3.1955365473708,-4.9706197922638,4.9706197922638,"EB_features"
2022,"401403947",12,"2022-11-20 00:30:00",FALSE,8,145,"SEC","SEC","2022-11-14",13,15,9,9,6.57956541596008,6.21456861489171,-0.2269528048949,3.1955365473708,-15.2269528048949,15.2269528048949,"EB_features"
2022,"401403952",12,"2022-11-20 00:30:00",FALSE,142,166,"SEC","FBS Independents","2022-11-14",13,31,9,8,-0.462081310590089,-10.0087757252392,22.9184420342435,3.1955365473708,-8.08155796575651,8.08155796575651,"EB_features"
2022,"401404118",12,"2022-11-20 00:30:00",FALSE,201,197,"Big 12","Big 12","2022-11-14",13,15,10,9,6.94559195979322,8.34957596002936,3.92879511692179,3.1955365473708,-11.0712048830782,11.0712048830782,"EB_features"
2022,"401404044",12,"2022-11-20 01:00:00",FALSE,26,30,"Pac-12","Pac-12","2022-11-14",13,-3,8,10,5.93708992158526,-2.9529327876275,2.53145756547854,3.1955365473708,5.53145756547854,5.53145756547854,"EB_features"
2022,"401411171",12,"2022-11-20 01:00:00",FALSE,154,183,"ACC","ACC","2022-11-14",13,10,8,8,7.03622189114623,-0.265786460981296,6.7505910929614,3.1955365473708,-3.2494089070386,3.2494089070386,"EB_features"
2022,"401404042",12,"2022-11-20 02:00:00",FALSE,264,38,"Pac-12","Pac-12","2022-11-14",13,47,8,10,1.86275117750186,-3.20116293971618,23.9379415102115,3.1955365473708,-23.0620584897885,23.0620584897885,"EB_features"
2022,"401415262",12,"2022-11-20 02:00:00",FALSE,2005,36,"Mountain West","Mountain West","2022-11-14",13,12,9,8,8.31661511523281,-6.09661032503177,23.9737066519984,3.1955365473708,11.9737066519984,11.9737066519984,"EB_features"
2022,"401426612",12,"2022-11-20 02:00:00",FALSE,99,5,"SEC","Conference USA","2022-11-14",13,31,9,9,5.03800421222903,-1.46090025271517,16.7122810266048,3.1955365473708,-14.2877189733952,14.2877189733952,"EB_features"
2022,"401415265",12,"2022-11-20 02:45:00",FALSE,328,23,"Mountain West","Mountain West","2022-11-14",13,4,8,7,0.587521898591169,-6.24676765715288,-3.08802906932343,3.1955365473708,-7.08802906932343,7.08802906932343,"EB_features"
2022,"401404043",12,"2022-11-20 03:30:00",FALSE,2483,254,"Pac-12","Pac-12","2022-11-14",13,3,8,8,5.7569371984974,9.34241773094917,2.23130713504658,3.1955365473708,-0.76869286495342,0.76869286495342,"EB_features"
2022,"401415263",12,"2022-11-20 03:30:00",FALSE,2440,278,"Mountain West","Mountain West","2022-11-14",13,-27,8,9,-1.72828511386163,2.20656342925638,-6.99603158522516,3.1955365473708,20.0039684147748,20.0039684147748,"EB_features"
2022,"401415266",12,"2022-11-20 04:00:00",FALSE,62,2439,"Mountain West","Mountain West","2022-11-14",13,6,9,9,-6.24065045614498,-6.48309108677157,-7.99430202921252,3.1955365473708,-13.9943020292125,13.9943020292125,"EB_features"
2022,"401416648",13,"2022-11-23",FALSE,193,2050,"Mid-American","Mid-American","2022-11-21",14,1,10,10,-0.984887640903981,-5.60299810945525,6.64899881804318,3.1955365473708,5.64899881804318,5.64899881804318,"EB_features"
2022,"401416649",13,"2022-11-23",FALSE,195,189,"Mid-American","Mid-American","2022-11-21",14,24,10,10,-9.16567993912469,-6.5347176776995,10.4827233243221,3.1955365473708,-13.5172766756779,13.5172766756779,"EB_features"
2022,"401403956",13,"2022-11-25",FALSE,145,344,"SEC","SEC","2022-11-21",14,-2,9,10,6.21456861489171,6.15053381723871,3.14700056254938,3.1955365473708,5.14700056254938,5.14700056254938,"EB_features"
2022,"401404119",13,"2022-11-25 17:00:00",FALSE,251,239,"Big 12","Big 12","2022-11-21",14,11,11,10,11.3103080600736,5.76064301193745,14.5912721771777,3.1955365473708,3.59127217717766,3.59127217717766,"EB_features"
2022,"401415269",13,"2022-11-25 17:00:00",FALSE,68,328,"Mountain West","Mountain West","2022-11-21",14,19,9,9,5.43125231820461,0.587521898591169,16.5933320512426,3.1955365473708,-2.4066679487574,2.4066679487574,"EB_features"
2022,"401415665",13,"2022-11-25 17:00:00",FALSE,2132,2655,"American Athletic","American Athletic","2022-11-21",14,-3,10,10,4.70547346284514,-3.03846493092592,3.07474930304678,3.1955365473708,6.07474930304678,6.07474930304678,"EB_features"
2022,"401416650",13,"2022-11-25 17:00:00",FALSE,2199,2117,"Mid-American","Mid-American","2022-11-21",14,19,10,10,-4.46716613671653,-1.19272795922072,1.58306227586688,3.1955365473708,-17.4169377241331,17.4169377241331,"EB_features"
2022,"401416651",13,"2022-11-25 17:00:00",FALSE,2711,2649,"Mid-American","Mid-American","2022-11-21",14,6,10,10,-2.81720534681781,-0.770224216344032,-7.3914679571807,3.1955365473708,-13.3914679571807,13.3914679571807,"EB_features"
2022,"401404045",13,"2022-11-25 20:00:00",FALSE,12,9,"Pac-12","Pac-12","2022-11-21",14,3,10,10,-2.79022842169364,-0.638807214683427,5.33953531355758,3.1955365473708,2.33953531355758,2.33953531355758,"EB_features"
2022,"401403961",13,"2022-11-25 20:30:00",FALSE,142,8,"SEC","SEC","2022-11-21",14,2,9,9,-0.462081310590089,6.57956541596008,-1.72113933074724,3.1955365473708,-3.72113933074724,3.72113933074724,"EB_features"
2022,"401411172",13,"2022-11-25 20:30:00",FALSE,153,152,"ACC","ACC","2022-11-21",14,-3,10,10,5.90687128580087,7.98464527166249,3.99304598663804,3.1955365473708,6.99304598663804,6.99304598663804,"EB_features"
2022,"401415268",13,"2022-11-25 20:30:00",FALSE,36,167,"Mountain West","Mountain West","2022-11-21",14,17,9,10,-6.09661032503177,-7.75510656429554,6.66679112358833,3.1955365473708,-10.3332088764117,10.3332088764117,"EB_features"
2022,"401405148",13,"2022-11-25 21:00:00",FALSE,2294,158,"Big Ten","Big Ten","2022-11-21",14,-7,10,10,7.21365975371447,7.45876116346016,15.0555103029091,3.1955365473708,22.0555103029091,22.0555103029091,"EB_features"
2022,"401404046",13,"2022-11-25 21:30:00",FALSE,25,26,"Pac-12","Pac-12","2022-11-21",14,-7,10,9,-0.0624632948020523,5.93708992158526,-7.31273689630686,3.1955365473708,-0.312736896306858,0.312736896306858,"EB_features"
2022,"401403958",13,"2022-11-26 00:30:00",FALSE,52,57,"ACC","SEC","2022-11-21",14,7,10,10,5.30091783627907,4.72251592285892,10.2800940928249,3.1955365473708,3.28009409282489,3.28009409282489,"EB_features"
2022,"401415270",13,"2022-11-26 03:00:00",FALSE,278,2751,"Mountain West","Mountain West","2022-11-21",14,30,9,9,2.20656342925638,-4.86467948811277,10.8789278981327,3.1955365473708,-19.1210721018673,19.1210721018673,"EB_features"
2022,"401403959",13,"2022-11-26 17:00:00",FALSE,61,59,"SEC","ACC","2022-11-21",14,23,10,10,22.8602041202997,-4.65168401527835,41.5425099882902,3.1955365473708,18.5425099882902,18.5425099882902,"EB_features"
2022,"401403962",13,"2022-11-26 17:00:00",FALSE,228,2579,"ACC","SEC","2022-11-21",14,-1,10,9,13.9443984850439,2.32396015191721,16.7010774115663,3.1955365473708,17.7010774115663,17.7010774115663,"EB_features"
2022,"401404123",13,"2022-11-26 17:00:00",FALSE,197,277,"Big 12","Big 12","2022-11-21",14,-5,9,10,8.34957596002936,-1.01356369408649,11.2316655480588,3.1955365473708,16.2316655480588,16.2316655480588,"EB_features"
2022,"401404144",13,"2022-11-26 17:00:00",FALSE,113,349,"FBS Independents","FBS Independents","2022-11-21",14,-37,10,8,-12.4230307212361,4.16203937088042,-16.5318189152038,3.1955365473708,20.4681810847962,20.4681810847962,"EB_features"
2022,"401404166",13,"2022-11-26 17:00:00",FALSE,2335,166,"FBS Independents","FBS Independents","2022-11-21",14,-35,10,8,-1.77506169943381,-10.0087757252392,22.070687164107,3.1955365473708,57.070687164107,57.070687164107,"EB_features"
2022,"401405152",13,"2022-11-26 17:00:00",FALSE,120,164,"Big Ten","Big Ten","2022-11-21",14,37,11,10,4.42778394399791,-2.16404416709606,17.7914015801849,3.1955365473708,-19.2085984198151,19.2085984198151,"EB_features"
2022,"401405153",13,"2022-11-26 17:00:00",FALSE,194,130,"Big Ten","Big Ten","2022-11-21",14,-22,11,11,20.3933628237593,18.3131556309574,8.50165831459761,3.1955365473708,30.5016583145976,30.5016583145976,"EB_features"
2022,"401426383",13,"2022-11-26 17:00:00",FALSE,256,324,"Sun Belt","Sun Belt","2022-11-21",14,40,9,9,-16.4936749796185,1.50832131266719,0.891935896441675,3.1955365473708,-39.1080641035583,39.1080641035583,"EB_features"
2022,"401426389",13,"2022-11-26 17:00:00",FALSE,6,295,"Sun Belt","Sun Belt","2022-11-21",14,7,10,11,-6.34435925735277,-7.6329505516909,13.8747789124807,3.1955365473708,6.87477891248068,6.87477891248068,"EB_features"
2022,"401426390",13,"2022-11-26 17:00:00",FALSE,276,2247,"Sun Belt","Sun Belt","2022-11-21",14,5,9,11,0.859066585271073,-3.1061782338732,9.15947448015721,3.1955365473708,4.15947448015721,4.15947448015721,"EB_features"
2022,"401426615",13,"2022-11-26 17:00:00",FALSE,2226,98,"Conference USA","Conference USA","2022-11-21",14,-1,10,11,-3.57399417060582,0.60777151865285,-7.04975807369881,3.1955365473708,-6.04975807369881,6.04975807369881,"EB_features"
2022,"401415664",13,"2022-11-26 18:00:00",FALSE,218,151,"American Athletic","American Athletic","2022-11-21",14,-3,10,10,-14.8812333935827,2.80054412977557,-12.1571825104638,3.1955365473708,-9.15718251046379,9.15718251046379,"EB_features"
2022,"401416653",13,"2022-11-26 18:00:00",FALSE,2084,2309,"Mid-American","Mid-American","2022-11-21",14,-3,9,10,-6.91345398099633,-4.90378413701057,7.04434736885743,3.1955365473708,10.0443473688574,10.0443473688574,"EB_features"
2022,"401416652",13,"2022-11-26 18:30:00",FALSE,2459,2006,"Mid-American","Mid-American","2022-11-21",14,-32,10,9,-0.673396116800258,-15.0410889085499,16.7318888631625,3.1955365473708,48.7318888631625,48.7318888631625,"EB_features"
2022,"401426617",13,"2022-11-26 19:00:00",FALSE,249,242,"Conference USA","Conference USA","2022-11-21",14,4,10,10,-3.60687721490061,-8.70255983211464,14.938080196116,3.1955365473708,10.938080196116,10.938080196116,"EB_features"
2022,"401403960",13,"2022-11-26 20:00:00",FALSE,96,97,"SEC","ACC","2022-11-21",14,13,10,11,8.75249928932871,1.2524649023859,1.73228485112585,3.1955365473708,-11.2677151488742,11.2677151488742,"EB_features"
2022,"401403957",13,"2022-11-26 20:30:00",FALSE,333,2,"SEC","SEC","2022-11-21",14,22,10,10,21.2814570883872,6.57124135487946,26.1291429797298,3.1955365473708,4.12914297972977,4.12914297972977,"EB_features"
2022,"401404047",13,"2022-11-26 20:30:00",FALSE,204,2483,"Pac-12","Pac-12","2022-11-21",14,4,10,9,1.30289480677434,5.7569371984974,-0.0148613078130673,3.1955365473708,-4.01486130781307,4.01486130781307,"EB_features"
2022,"401405149",13,"2022-11-26 20:30:00",FALSE,77,356,"Big Ten","Big Ten","2022-11-21",14,-38,10,10,-4.07439457154156,-1.68083405380708,-9.799449975429,3.1955365473708,28.200550024571,28.200550024571,"EB_features"
2022,"401405150",13,"2022-11-26 20:30:00",FALSE,275,135,"Big Ten","Big Ten","2022-11-21",14,-7,10,10,7.08822465548207,4.30820385907727,2.26161348957009,3.1955365473708,9.26161348957009,9.26161348957009,"EB_features"
2022,"401405151",13,"2022-11-26 20:30:00",FALSE,84,2509,"Big Ten","Big Ten","2022-11-21",14,-14,10,10,-2.72767461482494,5.18472279565377,-5.45133276538857,3.1955365473708,8.54866723461143,8.54866723461143,"EB_features"
2022,"401411174",13,"2022-11-26 20:30:00",FALSE,150,154,"ACC","ACC","2022-11-21",14,3,10,9,-12.4592724224049,7.03622189114623,-5.56699471520043,3.1955365473708,-8.56699471520043,8.56699471520043,"EB_features"
2022,"401415271",13,"2022-11-26 20:30:00",FALSE,23,62,"Mountain West","Mountain West","2022-11-21",14,13,8,10,-6.24676765715288,-6.24065045614498,20.734545993246,3.1955365473708,7.73454599324595,7.73454599324595,"EB_features"
2022,"401415666",13,"2022-11-26 20:30:00",FALSE,2567,235,"American Athletic","American Athletic","2022-11-21",14,3,10,10,-0.809744525729985,-0.0475411691526454,4.08547959399004,3.1955365473708,1.08547959399004,1.08547959399004,"EB_features"
2022,"401426384",13,"2022-11-26 20:30:00",FALSE,2032,2653,"Sun Belt","Sun Belt","2022-11-21",14,-29,10,10,-9.42866084719953,-7.32518106987979,-8.76814300148293,3.1955365473708,20.2318569985171,20.2318569985171,"EB_features"
2022,"401426616",13,"2022-11-26 20:30:00",FALSE,2348,5,"Conference USA","Conference USA","2022-11-21",14,-10,10,9,-9.95363945375501,-1.46090025271517,-12.0387626355541,3.1955365473708,-2.03876263555412,2.03876263555412,"EB_features"
2022,"401426618",13,"2022-11-26 20:30:00",FALSE,2636,2638,"Conference USA","Conference USA","2022-11-21",14,3,10,11,3.70923430760454,-3.53011931576545,19.8248594185753,3.1955365473708,16.8248594185753,16.8248594185753,"EB_features"
2022,"401404048",13,"2022-11-26 21:00:00",FALSE,38,254,"Pac-12","Pac-12","2022-11-21",14,-42,10,9,-3.20116293971618,9.34241773094917,-27.1154472914264,3.1955365473708,14.8845527085736,14.8845527085736,"EB_features"
2022,"401404120",13,"2022-11-26 21:00:00",FALSE,2628,66,"Big 12","Big 12","2022-11-21",14,48,10,9,0.871542282673306,8.62258970953561,6.17016861414379,3.1955365473708,-41.8298313858562,41.8298313858562,"EB_features"
2022,"401405154",13,"2022-11-26 21:00:00",FALSE,213,127,"Big Ten","Big Ten","2022-11-21",14,19,11,11,12.2673093779397,5.60726797392481,19.9213017586967,3.1955365473708,0.921301758696657,0.921301758696657,"EB_features"
2022,"401426385",13,"2022-11-26 22:00:00",FALSE,2433,2572,"Sun Belt","Sun Belt","2022-11-21",14,-10,10,10,-8.08030830668825,-7.68177134702143,-0.778161984453543,3.1955365473708,9.22183801554646,9.22183801554646,"EB_features"
2022,"401426386",13,"2022-11-26 22:00:00",FALSE,326,309,"Sun Belt","Sun Belt","2022-11-21",14,-28,10,10,-14.9076311645679,-1.20888925799927,-7.3006351045133,3.1955365473708,20.6993648954867,20.6993648954867,"EB_features"
2022,"401415272",13,"2022-11-26 23:00:00",FALSE,2439,2440,"Mountain West","Mountain West","2022-11-21",14,5,9,9,-6.48309108677157,-1.72828511386163,7.31388884734361,3.1955365473708,2.31388884734361,2.31388884734361,"EB_features"
2022,"401426382",13,"2022-11-26 23:00:00",FALSE,290,2026,"Sun Belt","Sun Belt","2022-11-21",14,3,10,9,-8.25797082653964,1.70223348687612,-3.74967712998818,3.1955365473708,-6.74967712998818,6.74967712998818,"EB_features"
2022,"401426614",13,"2022-11-26 23:00:00",FALSE,2229,2393,"Conference USA","Conference USA","2022-11-21",14,-5,10,10,-14.4042183356561,-5.02602078518106,-15.0747861774553,3.1955365473708,-10.0747861774553,10.0747861774553,"EB_features"
2022,"401403963",13,"2022-11-27",FALSE,245,99,"SEC","SEC","2022-11-21",14,15,10,9,10.1312967529522,5.03800421222903,-6.00387767460331,3.1955365473708,-21.0038776746033,21.0038776746033,"EB_features"
2022,"401415667",13,"2022-11-27",FALSE,58,2116,"American Athletic","American Athletic","2022-11-21",14,-7,10,10,-6.07029983736041,-1.23687187151452,-16.2538517000364,3.1955365473708,-9.25385170003643,9.25385170003643,"EB_features"
2022,"401403964",13,"2022-11-27 00:30:00",FALSE,238,2633,"SEC","SEC","2022-11-21",14,-56,10,9,-6.0994415489072,11.1949100640937,-24.1756531852372,3.1955365473708,31.8243468147628,31.8243468147628,"EB_features"
2022,"401404122",13,"2022-11-27 00:30:00",FALSE,2641,201,"Big 12","Big 12","2022-11-21",14,3,9,10,-3.22902097927746,6.94559195979322,-0.948422116078134,3.1955365473708,-3.94842211607813,3.94842211607813,"EB_features"
2022,"401404133",13,"2022-11-27 00:30:00",FALSE,30,87,"Pac-12","FBS Independents","2022-11-21",14,11,10,11,-2.9529327876275,10.937512426186,0.948876779621506,3.1955365473708,-10.0511232203785,10.0511232203785,"EB_features"
2022,"401411173",13,"2022-11-27 00:30:00",FALSE,103,183,"ACC","ACC","2022-11-21",14,-9,10,9,-1.28902112862328,-0.265786460981296,-9.25097464808759,3.1955365473708,-0.250974648087588,0.250974648087588,"EB_features"
2022,"401415668",13,"2022-11-27 00:30:00",FALSE,248,202,"American Athletic","American Athletic","2022-11-21",14,-7,11,10,1.94403379101084,-4.89822341921364,13.8499077543267,3.1955365473708,20.8499077543267,20.8499077543267,"EB_features"
2022,"401404121",13,"2022-11-27 01:00:00",FALSE,2306,2305,"Big 12","Big 12","2022-11-21",14,20,10,10,4.24787443181556,-5.73255196259209,16.4834727433076,3.1955365473708,-3.51652725669236,3.51652725669236,"EB_features"
2022,"401411175",13,"2022-11-27 01:00:00",FALSE,2390,221,"ACC","ACC","2022-11-21",14,-26,10,10,2.36279909471738,3.18420986592132,-4.96271303920469,3.1955365473708,21.0372869607953,21.0372869607953,"EB_features"
2022,"401415267",13,"2022-11-27 02:00:00",FALSE,21,2005,"Mountain West","Mountain West","2022-11-21",14,-10,10,9,-2.16962235167065,8.31661511523281,-7.56436585617874,3.1955365473708,2.43563414382126,2.43563414382126,"EB_features"
2022,"401404051",13,"2022-11-27 03:30:00",FALSE,265,264,"Pac-12","Pac-12","2022-11-21",14,-18,10,9,1.08338675940996,1.86275117750186,4.81111537486224,3.1955365473708,22.8111153748622,22.8111153748622,"EB_features"
2022,"401404049",13,"2022-11-27 04:00:00",FALSE,24,252,"Pac-12","FBS Independents","2022-11-21",14,-9,10,10,1.40513620855855,5.27620137781685,-3.82254101255012,3.1955365473708,5.17745898744988,5.17745898744988,"EB_features"
2022,"401506450",14,"2022-12-02 18:00:00",FALSE,2084,2006,"Mid-American","Mid-American","2022-11-28",15,1,10,10,-6.91345398099633,-15.0410889085499,16.2722424618096,3.1955365473708,15.2722424618096,15.2722424618096,"EB_features"
2022,"401437032",14,"2022-12-03 00:30:00",FALSE,2636,249,"Conference USA","Conference USA","2022-11-28",15,21,11,11,3.70923430760454,-3.60687721490061,12.0789256301899,3.1955365473708,-8.92107436981009,8.92107436981009,"EB_features"
2022,"401437035",14,"2022-12-03 01:00:00",TRUE,30,254,"Pac-12","Pac-12","2022-11-28",15,-23,11,11,-2.9529327876275,9.34241773094917,-4.59228740008183,3.1955365473708,18.4077125999182,18.4077125999182,"EB_features"
2022,"401437030",14,"2022-12-03 17:00:00",TRUE,2628,2306,"Big 12","Big 12","2022-11-28",15,-3,11,10,0.871542282673306,4.24787443181556,-0.241346265401512,3.1955365473708,2.75865373459849,2.75865373459849,"EB_features"
2022,"401437033",14,"2022-12-03 17:00:00",TRUE,195,2649,"Mid-American","Mid-American","2022-11-28",15,-10,11,11,-9.16567993912469,-0.770224216344032,-0.927465724493366,3.1955365473708,9.07253427550663,9.07253427550663,"EB_features"
2022,"401437037",14,"2022-12-03 20:30:00",FALSE,2653,324,"Sun Belt","Sun Belt","2022-11-28",15,19,11,10,-7.32518106987979,1.50832131266719,6.59013036722827,3.1955365473708,-12.4098696327717,12.4098696327717,"EB_features"
2022,"401437008",14,"2022-12-03 21:00:00",FALSE,2655,2116,"American Athletic","American Athletic","2022-11-28",15,17,11,10,-3.03846493092592,-1.23687187151452,2.16617690874446,3.1955365473708,-14.8338230912555,14.8338230912555,"EB_features"
2022,"401437034",14,"2022-12-03 21:00:00",FALSE,68,278,"Mountain West","Mountain West","2022-11-28",15,-12,11,11,5.43125231820461,2.20656342925638,6.85740232177741,3.1955365473708,18.8574023217774,18.8574023217774,"EB_features"
2022,"401437036",14,"2022-12-03 21:00:00",TRUE,61,99,"SEC","SEC","2022-11-28",15,20,11,10,22.8602041202997,5.03800421222903,15.7580673078847,3.1955365473708,-4.24193269211533,4.24193269211533,"EB_features"
2022,"401437009",14,"2022-12-04 01:00:00",TRUE,153,228,"ACC","ACC","2022-11-28",15,-29,11,11,5.90687128580087,13.9443984850439,-9.08051564879113,3.1955365473708,19.9194843512089,19.9194843512089,"EB_features"
2022,"401437031",14,"2022-12-04 01:00:00",TRUE,130,2509,"Big Ten","Big Ten","2022-11-28",15,21,12,11,18.3131556309574,5.18472279565377,20.1063445964526,3.1955365473708,-0.893655403547424,0.893655403547424,"EB_features"
2022,"401404145",15,"2022-12-10 20:00:00",TRUE,349,2426,"FBS Independents","American Athletic","2022-12-05",16,3,9,10,4.16203937088042,-2.08662650086964,-0.301101197500978,3.1955365473708,-3.30110119750098,3.30110119750098,"EB_features"
2022,"401441993",1,"2022-12-16 16:30:00",TRUE,5,193,"Conference USA","Mid-American","2022-12-12",17,4,11,11,-1.46090025271517,-0.984887640903981,5.3477992262032,3.1955365473708,1.3477992262032,1.3477992262032,"EB_features"
2022,"401441994",1,"2022-12-16 20:00:00",TRUE,2653,2636,"Sun Belt","Conference USA","2022-12-12",17,6,12,12,-7.32518106987979,3.70923430760454,-4.72488129105399,3.1955365473708,-10.724881291054,10.724881291054,"EB_features"
2022,"401441995",1,"2022-12-17 16:00:00",TRUE,97,2132,"ACC","American Athletic","2022-12-12",17,17,12,11,1.2524649023859,4.70547346284514,2.92341628041568,3.1955365473708,-14.0765837195843,14.0765837195843,"EB_features"
2022,"401441999",1,"2022-12-17 19:30:00",TRUE,204,57,"Pac-12","SEC","2022-12-12",17,27,11,11,1.30289480677434,4.72251592285892,0.605351185842427,3.1955365473708,-26.3946488141576,26.3946488141576,"EB_features"
2022,"401442038",1,"2022-12-17 20:30:00",TRUE,278,265,"Mountain West","Pac-12","2022-12-12",17,23,12,11,2.20656342925638,1.08338675940996,-1.8870795829828,3.1955365473708,-24.8870795829828,24.8870795829828,"EB_features"
2022,"401442041",1,"2022-12-17 22:45:00",TRUE,2572,242,"Sun Belt","Conference USA","2022-12-12",17,14,11,11,-7.68177134702143,-8.70255983211464,5.35551662079001,3.1955365473708,-8.64448337920999,8.64448337920999,"EB_features"
2022,"401441997",1,"2022-12-18 00:30:00",TRUE,252,2567,"FBS Independents","American Athletic","2022-12-12",17,1,11,11,5.27620137781685,-0.809744525729985,-0.0159203064687383,3.1955365473708,-1.01592030646874,1.01592030646874,"EB_features"
2022,"401442001",1,"2022-12-18 02:15:00",TRUE,68,249,"Mountain West","Conference USA","2022-12-12",17,3,12,12,5.43125231820461,-3.60687721490061,10.4631895194815,3.1955365473708,7.4631895194815,7.4631895194815,"EB_features"
2022,"401442003",1,"2022-12-19 19:30:00",TRUE,41,276,"FBS Independents","Sun Belt","2022-12-19",18,-14,11,10,-18.323974201707,0.859066585271073,-14.706077020557,3.1955365473708,-0.706077020557011,0.706077020557011,"EB_features"
2022,"401442004",1,"2022-12-20 20:30:00",TRUE,23,2199,"Mountain West","Mid-American","2022-12-19",18,-14,10,11,-6.24676765715288,-4.46716613671653,6.6780012785552,3.1955365473708,20.6780012785552,20.6780012785552,"EB_features"
2022,"401442006",1,"2022-12-21 00:30:00",TRUE,2649,2335,"Mid-American","FBS Independents","2022-12-19",18,2,12,11,-0.770224216344032,-1.77506169943381,1.36249590407695,3.1955365473708,-0.637504095923049,0.637504095923049,"EB_features"
2022,"401442039",1,"2022-12-22 02:00:00",TRUE,6,98,"Sun Belt","Conference USA","2022-12-19",18,-21,11,12,-6.34435925735277,0.60777151865285,-4.71946285927578,3.1955365473708,16.2805371407242,16.2805371407242,"EB_features"
2022,"401442040",1,"2022-12-23 00:30:00",TRUE,2005,239,"Mountain West","Big 12","2022-12-19",18,15,11,11,8.31661511523281,5.76064301193745,-0.975883468967025,3.1955365473708,-15.975883468967,15.975883468967,"EB_features"
2022,"401442042",1,"2022-12-23 20:00:00",TRUE,248,309,"American Athletic","Sun Belt","2022-12-19",18,7,12,11,1.94403379101084,-1.20888925799927,3.70621949489383,3.1955365473708,-3.29378050510617,3.29378050510617,"EB_features"
2022,"401442007",1,"2022-12-23 23:30:00",TRUE,142,154,"SEC","ACC","2022-12-19",18,-10,11,11,-0.462081310590089,7.03622189114623,-4.64243719971115,3.1955365473708,5.35756280028885,5.35756280028885,"EB_features"
2022,"401442009",1,"2022-12-25 01:00:00",TRUE,21,2393,"Mountain West","Conference USA","2022-12-19",18,-2,11,11,-2.16962235167065,-5.02602078518106,4.80916850909376,3.1955365473708,6.80916850909376,6.80916850909376,"EB_features"
2022,"401442037",1,"2022-12-26 19:30:00",TRUE,189,166,"Mid-American","FBS Independents","2022-12-26",19,-5,11,10,-6.5347176776995,-10.0087757252392,3.13258654689257,3.1955365473708,8.13258654689257,8.13258654689257,"EB_features"
2022,"401441998",1,"2022-12-27 17:00:00",TRUE,2084,290,"Mid-American","Sun Belt","2022-12-26",19,2,11,11,-6.91345398099633,-8.25797082653964,2.19551337731488,3.1955365473708,0.195513377314879,0.195513377314879,"EB_features"
2022,"401442000",1,"2022-12-27 20:15:00",TRUE,328,235,"Mountain West","American Athletic","2022-12-26",19,-28,11,11,0.587521898591169,-0.0475411691526454,-7.10512817715745,3.1955365473708,20.8948718228425,20.8948718228425,"EB_features"
2022,"401442002",1,"2022-12-27 23:45:00",TRUE,151,324,"American Athletic","Sun Belt","2022-12-26",19,24,11,11,2.80054412977557,1.50832131266719,4.26907695951159,3.1955365473708,-19.7309230404884,19.7309230404884,"EB_features"
2022,"401442005",1,"2022-12-28 03:15:00",TRUE,197,275,"Big 12","Big Ten","2022-12-26",19,-7,11,11,8.34957596002936,7.08822465548207,-3.85936762180803,3.1955365473708,3.14063237819197,3.14063237819197,"EB_features"
2022,"401442008",1,"2022-12-28 19:00:00",TRUE,150,2116,"ACC","American Athletic","2022-12-26",19,17,11,12,-12.4592724224049,-1.23687187151452,-4.9035919656032,3.1955365473708,-21.9035919656032,21.9035919656032,"EB_features"
2022,"401442030",1,"2022-12-28 22:30:00",TRUE,8,2305,"SEC","Big 12","2022-12-26",19,2,11,11,6.57956541596008,-5.73255196259209,7.23898455545293,3.1955365473708,5.23898455545293,5.23898455545293,"EB_features"
2022,"401470891",1,"2022-12-29 01:00:00",TRUE,153,2483,"ACC","Pac-12","2022-12-26",19,-1,12,11,5.90687128580087,5.7569371984974,-7.17200283119969,3.1955365473708,-6.17200283119969,6.17200283119969,"EB_features"
2022,"401442031",1,"2022-12-29 02:00:00",TRUE,145,2641,"SEC","Big 12","2022-12-26",19,-17,11,11,6.21456861489171,-3.22902097927746,6.2070440920872,3.1955365473708,23.2070440920872,23.2070440920872,"EB_features"
2022,"401442032",1,"2022-12-29 19:00:00",TRUE,135,183,"Big Ten","ACC","2022-12-26",19,8,11,11,4.30820385907727,-0.265786460981296,6.80727563403547,3.1955365473708,-1.19272436596453,1.19272436596453,"EB_features"
2022,"401442033",1,"2022-12-29 22:30:00",TRUE,52,201,"ACC","Big 12","2022-12-26",19,3,11,12,5.30091783627907,6.94559195979322,6.753398642467,3.1955365473708,3.753398642467,3.753398642467,"EB_features"
2022,"401442034",1,"2022-12-30 02:00:00",TRUE,264,251,"Pac-12","Big 12","2022-12-26",19,7,11,12,1.86275117750186,11.3103080600736,-9.20889292160785,3.1955365473708,-16.2088929216078,16.2088929216078,"EB_features"
2022,"401442035",1,"2022-12-30 17:00:00",TRUE,152,120,"ACC","Big Ten","2022-12-26",19,-4,11,12,7.98464527166249,4.42778394399791,-2.67963664855729,3.1955365473708,1.32036335144271,1.32036335144271,"EB_features"
2022,"401443542",1,"2022-12-30 19:00:00",TRUE,26,221,"Pac-12","ACC","2022-12-26",19,-2,11,11,5.93708992158526,3.18420986592132,2.15622988202715,3.1955365473708,4.15622988202715,4.15622988202715,"EB_features"
2022,"401442036",1,"2022-12-30 20:30:00",TRUE,2579,87,"SEC","FBS Independents","2022-12-26",19,-7,11,12,2.32396015191721,10.937512426186,-5.68450745627486,3.1955365473708,1.31549254372514,1.31549254372514,"EB_features"
2022,"401443543",1,"2022-12-30 21:30:00",TRUE,2751,195,"Mountain West","Mid-American","2022-12-26",19,-3,11,12,-4.86467948811277,-9.16567993912469,-3.41032502182572,3.1955365473708,-0.410325021825718,0.410325021825718,"EB_features"
2022,"401442019",1,"2022-12-31 01:00:00",TRUE,228,2633,"ACC","SEC","2022-12-26",19,-17,12,11,13.9443984850439,11.1949100640937,-8.40938204875552,3.1955365473708,8.59061795124448,8.59061795124448,"EB_features"
2022,"401442017",1,"2022-12-31 17:00:00",TRUE,96,2294,"SEC","Big Ten","2022-12-26",19,-21,11,11,8.75249928932871,7.21365975371447,-0.989741683433485,3.1955365473708,20.0102583165665,20.0102583165665,"EB_features"
2022,"401442018",1,"2022-12-31 17:00:00",TRUE,2306,333,"Big 12","SEC","2022-12-26",19,-25,12,11,4.24787443181556,21.2814570883872,-12.056424348345,3.1955365473708,12.943575651655,12.943575651655,"EB_features"
2022,"401442016",1,"2022-12-31 21:00:00",TRUE,130,2628,"Big Ten","Big 12","2022-12-26",19,-6,13,12,18.3131556309574,0.871542282673306,12.2779270295666,3.1955365473708,18.2779270295666,18.2779270295666,"EB_features"
2022,"401442015",1,"2023-01-01 01:00:00",TRUE,61,194,"SEC","Big Ten","2022-12-26",19,1,12,12,22.8602041202997,20.3933628237593,2.79583770047225,3.1955365473708,1.79583770047225,1.79583770047225,"EB_features"
2022,"401442011",1,"2023-01-02 17:00:00",TRUE,356,344,"Big Ten","SEC","2023-01-02",20,-9,11,11,-1.68083405380708,6.15053381723871,-0.546731326725526,3.1955365473708,8.45326867327447,8.45326867327447,"EB_features"
2022,"401442012",1,"2023-01-02 18:00:00",TRUE,2509,99,"Big Ten","SEC","2023-01-02",20,-56,12,12,5.18472279565377,5.03800421222903,-6.42013499989782,3.1955365473708,49.5798650001022,49.5798650001022,"EB_features"
2022,"401442013",1,"2023-01-02 18:00:00",TRUE,30,2655,"Pac-12","American Athletic","2023-01-02",20,-1,13,12,-2.9529327876275,-3.03846493092592,3.96787483045992,3.1955365473708,4.96787483045992,4.96787483045992,"EB_features"
2022,"401442014",1,"2023-01-02 22:00:00",TRUE,254,213,"Pac-12","Big Ten","2023-01-02",20,-14,12,12,9.34241773094917,12.2673093779397,-3.51354957377296,3.1955365473708,10.486450426227,10.486450426227,"EB_features"
2022,"401442010",1,"2023-01-10 00:30:00",TRUE,61,2628,"SEC","Big 12","2023-01-09",21,58,13,13,22.8602041202997,0.871542282673306,14.9617627842186,3.1955365473708,-43.0382372157814,43.0382372157814,"EB_features"
