"season","game_id","week","kickoff","neutral","home_id","away_id","home_conference","away_conference","cutoff","week_seq","actual_margin","gp_home","gp_away","pre_home","pre_away","pred_margin","hfa","error","abs_error","candidate"
2023,"401525434",1,"2023-08-26 18:30:00",TRUE,87,2426,"FBS Independents","American Athletic","2023-08-21",1,39,0,0,11.8901143480111,-2.32843886509639,15.9633798507844,3.06853968902663,-23.0366201492156,23.0366201492156,"EB_features"
2023,"401520145",1,"2023-08-26 21:30:00",FALSE,55,2638,"Conference USA","Conference USA","2023-08-21",1,3,0,0,-8.54758311213612,-8.21450249754989,2.69458515990681,3.06853968902663,-0.305414840093194,0.305414840093194,"EB_features"
2023,"401525450",1,"2023-08-26 23:00:00",FALSE,166,113,"Conference USA","FBS Independents","2023-08-21",1,-11,0,0,-7.97839073394274,-15.8478986689729,11.9037525635574,3.06853968902663,22.9037525635574,22.9037525635574,"EB_features"
2023,"401532392",1,"2023-08-26 23:00:00",FALSE,21,195,"Mountain West","Mid-American","2023-08-21",1,7,0,0,-5.54150521442767,-2.28326483769577,-0.589534940604879,3.06853968902663,-7.58953494060488,7.58953494060488,"EB_features"
2023,"401520147",1,"2023-08-26 23:30:00",FALSE,238,62,"SEC","Mountain West","2023-08-21",1,7,0,0,-2.15613603384531,-11.1836259410702,13.2038360393828,3.06853968902663,6.2038360393828,6.2038360393828,"EB_features"
2023,"401523986",1,"2023-08-27",FALSE,30,23,"Pac-12","Mountain West","2023-08-21",1,28,0,0,10.8818374003839,-2.46217342263677,18.050057872219,3.06853968902663,-9.94994212778104,9.94994212778104,"EB_features"
2023,"401520146",1,"2023-08-27 01:00:00",FALSE,2348,2229,"Conference USA","Conference USA","2023-08-21",1,5,0,0,-12.6307363252992,-13.2409558426855,3.75364216059311,3.06853968902663,-1.24635783940689,1.24635783940689,"EB_features"
2023,"401525816",1,"2023-08-31 23:00:00",FALSE,2116,2309,"Big 12","Mid-American","2023-08-28",2,50,0,0,1.89550923963924,-8.2546763636491,14.4643030914441,3.06853968902663,-35.535696908556,35.535696908556,"EB_features"
2023,"401520174",1,"2023-08-31 23:30:00",FALSE,41,152,"FBS Independents","ACC","2023-08-28",2,-10,0,0,-10.6555748157341,3.27846346635311,-12.5754110434063,3.06853968902663,-2.57541104340632,2.57541104340632,"EB_features"
2023,"401520148",1,"2023-09-01",FALSE,135,158,"Big Ten","Big Ten","2023-08-28",2,3,0,0,4.99930381316464,-1.13984550484991,9.96105336853424,3.06853968902663,6.96105336853424,6.96105336853424,"EB_features"
2023,"401520176",1,"2023-09-01",FALSE,254,57,"Pac-12","SEC","2023-08-28",2,13,0,0,12.0338685165383,8.97662445826921,6.50095278107827,3.06853968902663,-6.49904721892173,6.49904721892173,"EB_features"
2023,"401520163",1,"2023-09-01 23:00:00",FALSE,127,2117,"Big Ten","Mid-American","2023-08-28",2,24,0,0,1.89109894563547,-6.62831266709798,12.6334090284666,3.06853968902663,-11.3665909715334,11.3665909715334,"EB_features"
2023,"401525463",1,"2023-09-01 23:00:00",FALSE,2390,193,"ACC","Mid-American","2023-08-28",2,35,0,0,2.19697992703741,-4.57109848819065,10.6671613619111,3.06853968902663,-24.3328386380889,24.3328386380889,"EB_features"
2023,"401525462",1,"2023-09-01 23:30:00",TRUE,59,97,"ACC","ACC","2023-08-28",2,-5,0,0,-5.27477644278468,2.50342108610032,-8.73269733193106,3.06853968902663,-3.73269733193106,3.73269733193106,"EB_features"
2023,"401523988",1,"2023-09-02 03:00:00",FALSE,62,24,"Mountain West","Pac-12","2023-08-28",2,-13,1,0,-11.1836259410702,-3.533224274467,-4.48670666619354,3.06853968902663,8.51329333380646,8.51329333380646,"EB_features"
2023,"401520157",1,"2023-09-02 16:00:00",FALSE,2294,328,"Big Ten","Mountain West","2023-08-28",2,10,0,0,6.36108627424228,-7.33567188851325,18.4460925243487,3.06853968902663,8.44609252434866,8.44609252434866,"EB_features"
2023,"401520159",1,"2023-09-02 16:00:00",FALSE,96,2050,"SEC","Mid-American","2023-08-28",2,30,0,0,4.90144796452591,-8.13243262508609,17.701870075267,3.06853968902663,-12.298129924733,12.298129924733,"EB_features"
2023,"401520160",1,"2023-09-02 16:00:00",FALSE,2335,189,"Conference USA","Mid-American","2023-08-28",2,10,0,0,-6.65860971775929,-8.81466524876209,5.48917510142948,3.06853968902663,-4.51082489857052,4.51082489857052,"EB_features"
2023,"401520162",1,"2023-09-02 16:00:00",FALSE,130,151,"Big Ten","American Athletic","2023-08-28",2,27,0,0,21.1082908234881,-0.809183206288188,27.6756117351813,3.06853968902663,0.675611735181345,0.675611735181345,"EB_features"
2023,"401520170",1,"2023-09-02 16:00:00",FALSE,2509,278,"Big Ten","Mountain West","2023-08-28",2,-4,0,0,-2.16497553357179,0.37588194939327,0.215881437560654,3.06853968902663,4.21588143756065,4.21588143756065,"EB_features"
2023,"401520172",1,"2023-09-02 16:00:00",FALSE,2567,2348,"American Athletic","Conference USA","2023-08-28",2,24,0,0,-2.55476402389677,-12.6307363252992,14.3809827205013,3.06853968902663,-9.61901727949873,9.61901727949873,"EB_features"
2023,"401520179",1,"2023-09-02 16:00:00",TRUE,2633,258,"SEC","ACC","2023-08-28",2,36,0,0,18.1291906752804,-4.95993191875096,25.9224992068864,3.06853968902663,-10.0775007931136,10.0775007931136,"EB_features"
2023,"401523994",1,"2023-09-02 16:00:00",FALSE,2628,38,"Big 12","Pac-12","2023-08-28",2,-3,0,0,8.26463341282027,-12.4310739777089,26.303916270882,3.06853968902663,29.303916270882,29.303916270882,"EB_features"
2023,"401525464",1,"2023-09-02 16:00:00",FALSE,103,2459,"ACC","Mid-American","2023-08-28",2,-3,0,0,-4.0573937257766,-5.79165269315436,5.01561786505083,3.06853968902663,8.01561786505083,8.01561786505083,"EB_features"
2023,"401525822",1,"2023-09-02 16:00:00",FALSE,201,2032,"Big 12","Sun Belt","2023-08-28",2,73,0,0,10.229732538545,-9.18139744094876,24.8617022247165,3.06853968902663,-48.1382977752835,48.1382977752835,"EB_features"
2023,"401531387",1,"2023-09-02 18:00:00",FALSE,218,2006,"American Athletic","Mid-American","2023-08-28",2,3,0,0,-5.1442240553318,-9.05471421606347,7.45890479178321,3.06853968902663,4.45890479178321,4.45890479178321,"EB_features"
2023,"401520151",1,"2023-09-02 19:30:00",FALSE,2,113,"SEC","FBS Independents","2023-08-28",2,45,0,1,4.87145756160217,-15.8478986689729,22.5131750792189,3.06853968902663,-22.4868249207811,22.4868249207811,"EB_features"
2023,"401520156",1,"2023-09-02 19:30:00",FALSE,84,194,"Big Ten","Big Ten","2023-08-28",2,-20,0,0,-1.30086491076485,22.0865710094723,-23.1888802984343,3.06853968902663,-3.18888029843428,3.18888029843428,"EB_features"
2023,"401520180",1,"2023-09-02 19:30:00",FALSE,275,2084,"Big Ten","Mid-American","2023-08-28",2,21,0,0,4.64507620554755,-2.089820824311,10.6299081301168,3.06853968902663,-10.3700918698832,10.3700918698832,"EB_features"
2023,"401520181",1,"2023-09-02 19:30:00",FALSE,98,58,"Conference USA","American Athletic","2023-08-28",2,17,0,0,-2.90706956034601,-8.77550152888007,9.65711499891371,3.06853968902663,-7.34288500108629,7.34288500108629,"EB_features"
2023,"401523997",1,"2023-09-02 19:30:00",FALSE,264,68,"Pac-12","Mountain West","2023-08-28",2,37,0,0,9.51608546319503,4.83084921196508,8.32872367878032,3.06853968902663,-28.6712763212197,28.6712763212197,"EB_features"
2023,"401525824",1,"2023-09-02 19:30:00",FALSE,251,242,"Big 12","American Athletic","2023-08-28",2,27,0,0,16.897803771111,-9.49204755778836,32.6968158332264,3.06853968902663,5.6968158332264,5.6968158332264,"EB_features"
2023,"401523991",1,"2023-09-02 20:00:00",FALSE,249,25,"American Athletic","Pac-12","2023-08-28",2,-37,0,0,-6.69347320667538,-0.426200951687595,-3.96781950555183,3.06853968902663,33.0321804944482,33.0321804944482,"EB_features"
2023,"401523996",1,"2023-09-02 22:30:00",FALSE,30,2440,"Pac-12","Mountain West","2023-08-28",2,52,0,0,10.8818374003839,-10.7790022213138,27.3874844920268,3.06853968902663,-24.6125155079732,24.6125155079732,"EB_features"
2023,"401520173",1,"2023-09-02 23:00:00",FALSE,245,167,"SEC","Mountain West","2023-08-28",2,42,0,0,9.74317528100165,-12.7699881636536,28.3444010458996,3.06853968902663,-13.6555989541004,13.6555989541004,"EB_features"
2023,"401520175",1,"2023-09-02 23:00:00",FALSE,2433,349,"Sun Belt","FBS Independents","2023-08-28",2,4,0,0,-11.6744643239036,-0.824620313369167,-9.11274054856128,3.06853968902663,-13.1127405485613,13.1127405485613,"EB_features"
2023,"401523990",1,"2023-09-02 23:00:00",FALSE,36,265,"Mountain West","Pac-12","2023-08-28",2,-26,0,0,-7.49445999327466,5.03738303061916,-11.0011457017768,3.06853968902663,14.9988542982232,14.9988542982232,"EB_features"
2023,"401525817",1,"2023-09-02 23:00:00",FALSE,239,326,"Big 12","Sun Belt","2023-08-28",2,-11,0,0,4.55271716117174,-14.5646151712821,24.5318512638859,3.06853968902663,35.5318512638859,35.5318512638859,"EB_features"
2023,"401525819",1,"2023-09-02 23:00:00",FALSE,248,2636,"Big 12","American Athletic","2023-08-28",2,3,0,0,-2.85862353774388,3.44722632824845,-4.01113115962601,3.06853968902663,-7.01113115962601,7.01113115962601,"EB_features"
2023,"401520149",1,"2023-09-02 23:30:00",FALSE,333,2393,"SEC","Conference USA","2023-08-28",2,49,0,0,22.7945033388696,-8.54469163294008,38.2535170952794,3.06853968902663,-10.7464829047206,10.7464829047206,"EB_features"
2023,"401520155",1,"2023-09-02 23:30:00",FALSE,356,2649,"Big Ten","Mid-American","2023-08-28",2,2,0,0,3.11708178883032,-1.12926122918302,7.83597175875256,3.06853968902663,5.83597175875256,5.83597175875256,"EB_features"
2023,"401520167",1,"2023-09-02 23:30:00",TRUE,153,2579,"ACC","SEC","2023-08-28",2,14,0,0,7.10718459479112,7.85165706882928,-0.835830250335791,3.06853968902663,-14.8358302503358,14.8358302503358,"EB_features"
2023,"401520169",1,"2023-09-02 23:30:00",FALSE,213,277,"Big Ten","Big 12","2023-08-28",2,23,0,0,16.8718291596732,0.110435881600945,21.8868036653918,3.06853968902663,-1.11319633460821,1.11319633460821,"EB_features"
2023,"401525825",1,"2023-09-02 23:30:00",FALSE,2751,2641,"Mountain West","Big 12","2023-08-28",2,2,0,0,-4.89650725634921,4.02460675540978,-6.94732687119279,3.06853968902663,-8.94732687119279,8.94732687119279,"EB_features"
2023,"401525467",1,"2023-09-03",FALSE,259,295,"ACC","Sun Belt","2023-08-28",2,19,0,0,-1.62938060349827,-10.996763105513,13.5854384793622,3.06853968902663,-5.41456152063781,5.41456152063781,"EB_features"
2023,"401531347",1,"2023-09-03",FALSE,2655,6,"American Athletic","Sun Belt","2023-08-28",2,20,0,0,4.78658971161309,-0.31204205104997,8.79284892969069,3.06853968902663,-11.2071510703093,11.2071510703093,"EB_features"
2023,"401520152",1,"2023-09-03 02:15:00",FALSE,252,2534,"Big 12","Conference USA","2023-08-28",2,14,0,0,0.0466773807331289,-2.0923139896591,5.47001691609384,3.06853968902663,-8.52998308390616,8.52998308390616,"EB_features"
2023,"401523995",1,"2023-09-03 02:30:00",FALSE,26,324,"Pac-12","Sun Belt","2023-08-28",2,14,0,0,3.99812095837365,-4.0664323671685,12.1227329063687,3.06853968902663,-1.87726709363126,1.87726709363126,"EB_features"
2023,"401520171",1,"2023-09-03 16:00:00",FALSE,164,77,"Big Ten","Big Ten","2023-08-28",2,17,0,0,-3.6559936297895,-3.53057599256615,2.92773145397086,3.06853968902663,-14.0722685460291,14.0722685460291,"EB_features"
2023,"401532573",1,"2023-09-03 19:30:00",FALSE,23,204,"Mountain West","Pac-12","2023-08-28",2,-25,0,0,-2.46217342263677,4.59741116196697,-4.85736026884551,3.06853968902663,20.1426397311545,20.1426397311545,"EB_features"
2023,"401520182",1,"2023-09-03 23:30:00",TRUE,52,99,"ACC","SEC","2023-08-28",2,21,0,0,12.0152994100052,15.4790742069625,-3.888831161136,3.06853968902663,-24.888831161136,24.888831161136,"EB_features"
2023,"401525468",1,"2023-09-05",FALSE,150,228,"ACC","ACC","2023-09-04",3,21,0,0,5.15665768979597,16.6913921602134,-9.88167719094858,3.06853968902663,-30.8816771909486,30.8816771909486,"EB_features"
2023,"401520195",2,"2023-09-08 23:30:00",FALSE,2305,356,"Big 12","Big Ten","2023-09-04",3,11,0,1,1.95578557439158,3.11708178883032,2.73739722423957,3.06853968902663,-8.26260277576043,8.26260277576043,"EB_features"
2023,"401520216",2,"2023-09-09 15:00:00",FALSE,154,238,"ACC","SEC","2023-09-04",3,16,0,1,2.21565669896186,-2.15613603384531,9.25402563339576,3.06853968902663,-6.74597436660424,6.74597436660424,"EB_features"
2023,"401520188",2,"2023-09-09 16:00:00",FALSE,38,158,"Pac-12","Big Ten","2023-09-04",3,22,1,1,-12.4310739777089,-1.13984550484991,-5.88447892460571,3.06853968902663,-27.8844789246057,27.8844789246057,"EB_features"
2023,"401520191",2,"2023-09-09 16:00:00",FALSE,61,2050,"SEC","Mid-American","2023-09-04",3,42,0,1,26.5374868654518,-8.13243262508609,44.0426590632766,3.06853968902663,2.04265906327655,2.04265906327655,"EB_features"
2023,"401520215",2,"2023-09-09 16:00:00",FALSE,259,2509,"ACC","Big Ten","2023-09-04",3,-7,0,1,-1.62938060349827,-2.16497553357179,4.37250693968269,3.06853968902663,11.3725069396827,11.3725069396827,"EB_features"
2023,"401523999",2,"2023-09-09 16:00:00",FALSE,239,254,"Big 12","Pac-12","2023-09-04",3,-7,1,1,4.55271716117174,12.0338685165383,-12.3358092605159,3.06853968902663,-5.33580926051589,5.33580926051589,"EB_features"
2023,"401525436",2,"2023-09-09 16:00:00",FALSE,152,87,"ACC","FBS Independents","2023-09-04",3,-21,1,1,3.27846346635311,11.8901143480111,-10.8685599064216,3.06853968902663,10.1314400935784,10.1314400935784,"EB_features"
2023,"401525498",2,"2023-09-09 16:00:00",FALSE,258,256,"ACC","Sun Belt","2023-09-04",3,-1,1,0,-4.95993191875096,-7.36617322981202,4.09047890907228,3.06853968902663,5.09047890907228,5.09047890907228,"EB_features"
2023,"401525829",2,"2023-09-09 16:00:00",FALSE,2306,2653,"Big 12","Sun Belt","2023-09-04",3,29,0,0,9.41701498384415,-0.228119125865274,13.8972743146502,3.06853968902663,-15.1027256853498,15.1027256853498,"EB_features"
2023,"401520194",2,"2023-09-09 19:30:00",FALSE,66,2294,"Big 12","Big Ten","2023-09-04",3,-7,0,1,6.01592273750331,6.36108627424228,4.08870157200481,3.06853968902663,11.0887015720048,11.0887015720048,"EB_features"
2023,"401520201",2,"2023-09-09 19:30:00",FALSE,2390,245,"ACC","SEC","2023-09-04",3,15,1,1,2.19697992703741,9.74317528100165,-3.62414542466335,3.06853968902663,-18.6241454246634,18.6241454246634,"EB_features"
2023,"401520202",2,"2023-09-09 19:30:00",FALSE,130,2439,"Big Ten","Mountain West","2023-09-04",3,28,1,0,21.1082908234881,-7.58554356006078,35.1709297070181,3.06853968902663,7.17092970701808,7.17092970701808,"EB_features"
2023,"401520207",2,"2023-09-09 19:30:00",FALSE,77,2638,"Big Ten","Conference USA","2023-09-04",3,31,0,1,-3.53057599256615,-8.21450249754989,8.37815568065975,3.06853968902663,-22.6218443193403,22.6218443193403,"EB_features"
2023,"401520214",2,"2023-09-09 19:30:00",FALSE,2655,145,"American Athletic","SEC","2023-09-04",3,-17,0,0,4.78658971161309,8.60251202051385,-1.21565268871191,3.06853968902663,15.7843473112881,15.7843473112881,"EB_features"
2023,"401525497",2,"2023-09-09 19:30:00",FALSE,183,2711,"ACC","Mid-American","2023-09-04",3,41,0,0,3.57269828141835,-11.1870697484118,19.6395494140131,3.06853968902663,-21.3604505859869,21.3604505859869,"EB_features"
2023,"401526833",2,"2023-09-09 19:30:00",FALSE,113,193,"FBS Independents","Mid-American","2023-09-04",3,-13,2,1,-15.8478986689729,-4.57109848819065,-4.93172891139458,3.06853968902663,8.06827108860542,8.06827108860542,"EB_features"
2023,"401531395",2,"2023-09-09 19:30:00",FALSE,2636,326,"American Athletic","Sun Belt","2023-09-04",3,7,1,1,3.44722632824845,-14.5646151712821,16.2002032953846,3.06853968902663,9.2002032953846,9.2002032953846,"EB_features"
2023,"401520184",2,"2023-09-09 20:00:00",FALSE,8,2309,"SEC","Mid-American","2023-09-04",3,22,0,1,6.13774035314406,-8.2546763636491,25.1497348166279,3.06853968902663,3.14973481662791,3.14973481662791,"EB_features"
2023,"401531411",2,"2023-09-09 20:00:00",FALSE,151,276,"American Athletic","Sun Belt","2023-09-04",3,-18,1,0,-0.809183206288188,-1.57912755184323,4.04556954186695,3.06853968902663,22.045569541867,22.045569541867,"EB_features"
2023,"401524004",2,"2023-09-09 21:00:00",FALSE,264,202,"Pac-12","American Athletic","2023-09-04",3,33,1,0,9.51608546319503,-10.092057674358,29.8614378627745,3.06853968902663,-3.13856213722548,3.13856213722548,"EB_features"
2023,"401525495",2,"2023-09-09 21:15:00",FALSE,153,2026,"ACC","Sun Belt","2023-09-04",3,6,1,0,7.10718459479112,-3.17556301563631,17.0857707912581,3.06853968902663,11.0857707912581,11.0857707912581,"EB_features"
2023,"401520198",2,"2023-09-09 22:00:00",FALSE,2335,166,"Conference USA","Conference USA","2023-09-04",3,16,1,1,-6.65860971775929,-7.97839073394274,9.76185429873178,3.06853968902663,-6.23814570126822,6.23814570126822,"EB_features"
2023,"401525830",2,"2023-09-09 22:00:00",FALSE,201,2567,"Big 12","American Athletic","2023-09-04",3,17,1,1,10.229732538545,-2.55476402389677,23.7603479563827,3.06853968902663,6.76034795638267,6.76034795638267,"EB_features"
2023,"401531378",2,"2023-09-09 22:00:00",FALSE,290,5,"Sun Belt","American Athletic","2023-09-04",3,14,0,0,-4.48720198462731,-5.93024721607497,4.6886678994149,3.06853968902663,-9.3113321005851,9.3113321005851,"EB_features"
2023,"401531419",2,"2023-09-09 22:00:00",FALSE,2226,195,"American Athletic","Mid-American","2023-09-04",3,-7,0,1,-4.17549313463025,-2.28326483769577,2.20902950193199,3.06853968902663,9.20902950193199,9.20902950193199,"EB_features"
2023,"401531842",2,"2023-09-09 22:00:00",FALSE,295,309,"Sun Belt","Sun Belt","2023-09-04",3,7,0,0,-10.996763105513,-3.33112780422227,-5.5377823662496,3.06853968902663,-12.5377823662496,12.5377823662496,"EB_features"
2023,"401520189",2,"2023-09-09 22:30:00",FALSE,2229,249,"Conference USA","American Athletic","2023-09-04",3,7,1,1,-13.2409558426855,-6.69347320667538,0.734457164717651,3.06853968902663,-6.26554283528235,6.26554283528235,"EB_features"
2023,"401525496",2,"2023-09-09 22:30:00",FALSE,221,2132,"ACC","Big 12","2023-09-04",3,-6,0,0,1.81411084899596,-2.14087644295686,7.5088623786985,3.06853968902663,13.5088623786985,13.5088623786985,"EB_features"
2023,"401520183",2,"2023-09-09 23:00:00",FALSE,333,251,"SEC","Big 12","2023-09-04",3,-10,1,1,22.7945033388696,16.897803771111,12.4294012400323,3.06853968902663,22.4294012400323,22.4294012400323,"EB_features"
2023,"401520187",2,"2023-09-09 23:00:00",FALSE,324,55,"Sun Belt","Conference USA","2023-09-04",3,14,0,1,-4.0664323671685,-8.54758311213612,8.04869139104908,3.06853968902663,-5.95130860895092,5.95130860895092,"EB_features"
2023,"401520192",2,"2023-09-09 23:00:00",FALSE,2247,41,"Sun Belt","FBS Independents","2023-09-04",3,21,0,1,-5.52056810970323,-10.6555748157341,8.40445244235139,3.06853968902663,-12.5955475576486,12.5955475576486,"EB_features"
2023,"401520206",2,"2023-09-09 23:00:00",FALSE,142,2393,"SEC","Conference USA","2023-09-04",3,4,0,1,4.97044738842312,-8.54469163294008,20.0332665139918,3.06853968902663,16.0332665139918,16.0332665139918,"EB_features"
2023,"401524002",2,"2023-09-09 23:00:00",FALSE,2641,2483,"Big 12","Pac-12","2023-09-04",3,-8,1,0,4.02460675540978,13.4011525654447,-8.94986802786095,3.06853968902663,-0.949868027860951,0.949868027860951,"EB_features"
2023,"401525827",2,"2023-09-09 23:00:00",FALSE,68,2116,"Mountain West","Big 12","2023-09-04",3,-2,1,1,4.83084921196508,1.89550923963924,-4.33707294298562,3.06853968902663,-2.33707294298562,2.33707294298562,"EB_features"
2023,"401525831",2,"2023-09-09 23:00:00",FALSE,242,248,"American Athletic","Big 12","2023-09-04",3,2,1,1,-9.49204755778836,-2.85862353774388,-4.59795605851549,3.06853968902663,-6.59795605851549,6.59795605851549,"EB_features"
2023,"401531427",2,"2023-09-09 23:00:00",FALSE,2032,235,"Sun Belt","American Athletic","2023-09-04",3,-34,1,0,-9.18139744094876,3.52460579464826,-19.2197275748584,3.06853968902663,14.7802724251416,14.7802724251416,"EB_features"
2023,"401520200",2,"2023-09-09 23:30:00",FALSE,120,2429,"Big Ten","American Athletic","2023-09-04",3,18,0,0,7.87144826355545,-13.9231796079272,27.537690537528,3.06853968902663,9.53769053752799,9.53769053752799,"EB_features"
2023,"401520204",2,"2023-09-09 23:30:00",FALSE,135,2199,"Big Ten","Mid-American","2023-09-04",3,19,1,0,4.99930381316464,-4.8574283917715,12.9746630622809,3.06853968902663,-6.02533693771906,6.02533693771906,"EB_features"
2023,"401520205",2,"2023-09-09 23:30:00",FALSE,344,12,"SEC","Pac-12","2023-09-04",3,7,0,0,7.99353881936778,1.95827610901674,9.84441833860635,3.06853968902663,2.84441833860635,2.84441833860635,"EB_features"
2023,"401520210",2,"2023-09-09 23:30:00",FALSE,164,218,"Big Ten","American Athletic","2023-09-04",3,29,0,1,-3.6559936297895,-5.1442240553318,5.48254878331874,3.06853968902663,-23.5174512166813,23.5174512166813,"EB_features"
2023,"401520217",2,"2023-09-09 23:30:00",FALSE,265,275,"Pac-12","Big Ten","2023-09-04",3,9,1,1,5.03738303061916,4.64507620554755,4.28044876477931,3.06853968902663,-4.71955123522069,4.71955123522069,"EB_features"
2023,"401524001",2,"2023-09-09 23:30:00",FALSE,21,26,"Mountain West","Pac-12","2023-09-04",3,-25,1,0,-5.54150521442767,3.99812095837365,-6.37681712626117,3.06853968902663,18.6231828737388,18.6231828737388,"EB_features"
2023,"401520211",2,"2023-09-10",TRUE,2534,2005,"Conference USA","Mountain West","2023-09-04",3,-10,0,0,-2.0923139896591,2.65725757265408,-5.33241419441988,3.06853968902663,4.66758580558012,4.66758580558012,"EB_features"
2023,"401525493",2,"2023-09-10 00:30:00",FALSE,52,2572,"ACC","Sun Belt","2023-09-04",3,53,0,0,12.0152994100052,-5.25721763815564,22.4606498767748,3.06853968902663,-30.5393501232252,30.5393501232252,"EB_features"
2023,"401520186",2,"2023-09-10 02:30:00",FALSE,25,2,"Pac-12","SEC","2023-09-04",3,-4,1,1,-0.426200951687595,4.87145756160217,-1.2287406826889,3.06853968902663,2.7712593173111,2.7712593173111,"EB_features"
2023,"401523998",2,"2023-09-10 02:30:00",FALSE,9,197,"Pac-12","Big 12","2023-09-04",3,-12,0,0,-5.58949604479709,0.654608718943525,-3.94180902069973,3.06853968902663,8.05819097930027,8.05819097930027,"EB_features"
2023,"401524003",2,"2023-09-10 02:30:00",FALSE,30,24,"Pac-12","Pac-12","2023-09-04",3,46,2,1,10.8818374003839,-3.533224274467,22.730614727917,3.06853968902663,-23.269385272083,23.269385272083,"EB_features"
2023,"401531428",3,"2023-09-14 23:30:00",FALSE,235,2426,"American Athletic","American Athletic","2023-09-11",4,4,1,1,3.52460579464826,-2.32843886509639,15.6935448619971,3.06853968902663,11.6935448619971,11.6935448619971,"EB_features"
2023,"401520231",3,"2023-09-15 23:00:00",FALSE,120,258,"Big Ten","ACC","2023-09-11",4,28,1,2,7.87144826355545,-4.95993191875096,18.2916995235676,3.06853968902663,-9.70830047643237,9.70830047643237,"EB_features"
2023,"401531396",3,"2023-09-15 23:00:00",FALSE,2636,349,"American Athletic","FBS Independents","2023-09-11",4,-8,2,1,3.44722632824845,-0.824620313369167,7.40833129857413,3.06853968902663,15.4083312985741,15.4083312985741,"EB_features"
2023,"401532581",3,"2023-09-16",FALSE,2005,328,"Mountain West","Mountain West","2023-09-11",4,18,0,1,2.65725757265408,-7.33567188851325,12.5632471640423,3.06853968902663,-5.43675283595768,5.43675283595768,"EB_features"
2023,"401520222",3,"2023-09-16 16:00:00",FALSE,2084,2335,"Mid-American","Conference USA","2023-09-11",4,-28,1,2,-2.089820824311,-6.65860971775929,4.68882728330948,3.06853968902663,32.6888272833095,32.6888272833095,"EB_features"
2023,"401520226",3,"2023-09-16 16:00:00",FALSE,356,213,"Big Ten","Big Ten","2023-09-11",4,-17,2,1,3.11708178883032,16.8718291596732,-14.7126849946645,3.06853968902663,2.2873150053355,2.2873150053355,"EB_features"
2023,"401520230",3,"2023-09-16 16:00:00",TRUE,84,97,"Big Ten","ACC","2023-09-11",4,-7,1,1,-1.30086491076485,2.50342108610032,-3.11753184649722,3.06853968902663,3.88246815350278,3.88246815350278,"EB_features"
2023,"401520235",3,"2023-09-16 16:00:00",FALSE,344,99,"SEC","SEC","2023-09-11",4,-27,1,1,7.99353881936778,15.4790742069625,-1.66151272740745,3.06853968902663,25.3384872725926,25.3384872725926,"EB_features"
2023,"401520236",3,"2023-09-16 16:00:00",FALSE,142,2306,"SEC","Big 12","2023-09-11",4,3,1,1,4.97044738842312,9.41701498384415,-7.30402336634903,3.06853968902663,-10.304023366349,10.304023366349,"EB_features"
2023,"401520249",3,"2023-09-16 16:00:00",FALSE,275,290,"Big Ten","Sun Belt","2023-09-11",4,21,2,1,4.64507620554755,-4.48720198462731,12.8038917027934,3.06853968902663,-8.19610829720659,8.19610829720659,"EB_features"
2023,"401525500",3,"2023-09-16 16:00:00",FALSE,103,52,"ACC","ACC","2023-09-11",4,-2,1,1,-4.0573937257766,12.0152994100052,-20.460585295901,3.06853968902663,-18.460585295901,18.460585295901,"EB_features"
2023,"401525504",3,"2023-09-16 16:00:00",FALSE,295,154,"Sun Belt","ACC","2023-09-11",4,-3,2,1,-10.996763105513,2.21565669896186,-12.2244352392227,3.06853968902663,-9.22443523922271,9.22443523922271,"EB_features"
2023,"401525838",3,"2023-09-16 16:00:00",FALSE,195,66,"Mid-American","Big 12","2023-09-11",4,3,2,1,-2.28326483769577,6.01592273750331,-4.76242121130484,3.06853968902663,-7.76242121130484,7.76242121130484,"EB_features"
2023,"401526834",3,"2023-09-16 18:00:00",FALSE,2199,113,"Mid-American","FBS Independents","2023-09-11",4,2,1,3,-4.8574283917715,-15.8478986689729,14.7304190026807,3.06853968902663,12.7304190026807,12.7304190026807,"EB_features"
2023,"401525437",3,"2023-09-16 18:30:00",FALSE,87,2117,"FBS Independents","Mid-American","2023-09-11",4,24,2,1,11.8901143480111,-6.62831266709798,31.0315236987459,3.06853968902663,7.03152369874586,7.03152369874586,"EB_features"
2023,"401520223",3,"2023-09-16 19:30:00",FALSE,150,77,"ACC","Big Ten","2023-09-11",4,24,1,2,5.15665768979597,-3.53057599256615,16.1509023635205,3.06853968902663,-7.84909763647955,7.84909763647955,"EB_features"
2023,"401520225",3,"2023-09-16 19:30:00",FALSE,61,2579,"SEC","SEC","2023-09-11",4,10,1,1,26.5374868654518,7.85165706882928,26.4866015472959,3.06853968902663,16.4866015472959,16.4866015472959,"EB_features"
2023,"401520227",3,"2023-09-16 19:30:00",FALSE,2294,2711,"Big Ten","Mid-American","2023-09-11",4,31,2,1,6.36108627424228,-11.1870697484118,26.5066070623867,3.06853968902663,-4.49339293761327,4.49339293761327,"EB_features"
2023,"401520239",3,"2023-09-16 19:30:00",FALSE,153,135,"ACC","Big Ten","2023-09-11",4,18,2,2,7.10718459479112,4.99930381316464,7.33136348703803,3.06853968902663,-10.668636512962,10.668636512962,"EB_features"
2023,"401520243",3,"2023-09-16 19:30:00",FALSE,164,259,"Big Ten","ACC","2023-09-11",4,19,2,2,-3.6559936297895,-1.62938060349827,7.42579258161178,3.06853968902663,-11.5742074183882,11.5742074183882,"EB_features"
2023,"401520244",3,"2023-09-16 19:30:00",FALSE,58,333,"American Athletic","SEC","2023-09-11",4,-14,1,2,-8.77550152888007,22.7945033388696,-32.5235651974008,3.06853968902663,-18.5235651974008,18.5235651974008,"EB_features"
2023,"401520246",3,"2023-09-16 19:30:00",FALSE,41,2229,"FBS Independents","Conference USA","2023-09-11",4,-7,2,2,-10.6555748157341,-13.2409558426855,3.89889859511162,3.06853968902663,10.8988985951116,10.8988985951116,"EB_features"
2023,"401524009",3,"2023-09-16 19:30:00",FALSE,204,21,"Pac-12","Mountain West","2023-09-11",4,17,1,2,4.59741116196697,-5.54150521442767,18.9039624654093,3.06853968902663,1.90396246540928,1.90396246540928,"EB_features"
2023,"401525842",3,"2023-09-16 19:30:00",FALSE,202,201,"American Athletic","Big 12","2023-09-11",4,-49,1,2,-10.092057674358,10.229732538545,-26.9503312998775,3.06853968902663,22.0496687001225,22.0496687001225,"EB_features"
2023,"401531412",3,"2023-09-16 19:30:00",FALSE,2026,151,"Sun Belt","American Athletic","2023-09-11",4,15,1,2,-3.17556301563631,-0.809183206288188,5.50927307923264,3.06853968902663,-9.49072692076736,9.49072692076736,"EB_features"
2023,"401520240",3,"2023-09-16 20:00:00",FALSE,194,98,"Big Ten","Conference USA","2023-09-11",4,53,1,1,22.0865710094723,-2.90706956034601,29.3739751606179,3.06853968902663,-23.6260248393821,23.6260248393821,"EB_features"
2023,"401520245",3,"2023-09-16 20:00:00",FALSE,245,2433,"SEC","Sun Belt","2023-09-11",4,44,2,1,9.74317528100165,-11.6744643239036,24.4986524438526,3.06853968902663,-19.5013475561474,19.5013475561474,"EB_features"
2023,"401531348",3,"2023-09-16 20:00:00",FALSE,2572,2655,"Sun Belt","American Athletic","2023-09-11",4,-18,0,2,-5.25721763815564,4.78658971161309,-7.55390609854961,3.06853968902663,10.4460939014504,10.4460939014504,"EB_features"
2023,"401520233",3,"2023-09-16 21:00:00",FALSE,127,264,"Big Ten","Pac-12","2023-09-11",4,-34,1,2,1.89109894563547,9.51608546319503,-8.88365067509948,3.06853968902663,25.1163493249005,25.1163493249005,"EB_features"
2023,"401531403",3,"2023-09-16 22:00:00",FALSE,2429,2247,"American Athletic","Sun Belt","2023-09-11",4,-16,1,1,-13.9231796079272,-5.52056810970323,-6.88550822663162,3.06853968902663,9.11449177336838,9.11449177336838,"EB_features"
2023,"401520224",3,"2023-09-16 23:00:00",FALSE,57,2633,"SEC","SEC","2023-09-11",4,13,1,1,8.97662445826921,18.1291906752804,-9.97374765781059,3.06853968902663,-22.9737476578106,22.9737476578106,"EB_features"
2023,"401520229",3,"2023-09-16 23:00:00",FALSE,2348,249,"Conference USA","American Athletic","2023-09-11",4,-3,2,2,-12.6307363252992,-6.69347320667538,1.9459877235293,3.06853968902663,4.9459877235293,4.9459877235293,"EB_features"
2023,"401520237",3,"2023-09-16 23:00:00",FALSE,158,2459,"Big Ten","Mid-American","2023-09-11",4,24,2,1,-1.13984550484991,-5.79165269315436,4.18173561143758,3.06853968902663,-19.8182643885624,19.8182643885624,"EB_features"
2023,"401520247",3,"2023-09-16 23:00:00",FALSE,2439,238,"Mountain West","SEC","2023-09-11",4,3,1,2,-7.58554356006078,-2.15613603384531,0.331299837324162,3.06853968902663,-2.66870016267584,2.66870016267584,"EB_features"
2023,"401525835",3,"2023-09-16 23:00:00",FALSE,2132,193,"Big 12","Mid-American","2023-09-11",4,-7,1,2,-2.14087644295686,-4.57109848819065,10.4549387569837,3.06853968902663,17.4549387569837,17.4549387569837,"EB_features"
2023,"401525839",3,"2023-09-16 23:00:00",FALSE,197,6,"Big 12","Sun Belt","2023-09-11",4,-26,0,1,0.654608718943525,-0.31204205104997,6.52602004567341,3.06853968902663,32.5260200456734,32.5260200456734,"EB_features"
2023,"401531379",3,"2023-09-16 23:00:00",FALSE,5,309,"American Athletic","Sun Belt","2023-09-11",4,-20,1,1,-5.93024721607497,-3.33112780422227,0.96649737140699,3.06853968902663,20.966497371407,20.966497371407,"EB_features"
2023,"401531848",3,"2023-09-16 23:00:00",FALSE,2653,256,"Sun Belt","Sun Belt","2023-09-11",4,-2,1,1,-0.228119125865274,-7.36617322981202,7.69276406126215,3.06853968902663,9.69276406126215,9.69276406126215,"EB_features"
2023,"401532403",3,"2023-09-16 23:00:00",FALSE,2649,23,"Mid-American","Mountain West","2023-09-11",4,4,1,2,-1.12926122918302,-2.46217342263677,9.0250008305655,3.06853968902663,5.0250008305655,5.0250008305655,"EB_features"
2023,"401520220",3,"2023-09-16 23:30:00",FALSE,8,252,"SEC","Big 12","2023-09-11",4,-7,1,1,6.13774035314406,0.0466773807331289,7.93364271934884,3.06853968902663,14.9336427193488,14.9336427193488,"EB_features"
2023,"401520228",3,"2023-09-16 23:30:00",FALSE,96,2006,"SEC","Mid-American","2023-09-11",4,32,1,1,4.90144796452591,-9.05471421606347,20.7039865557727,3.06853968902663,-11.2960134442273,11.2960134442273,"EB_features"
2023,"401520232",3,"2023-09-16 23:30:00",FALSE,130,189,"Big Ten","Mid-American","2023-09-11",4,25,2,1,21.1082908234881,-8.81466524876209,35.5649182667794,3.06853968902663,10.5649182667794,10.5649182667794,"EB_features"
2023,"401520241",3,"2023-09-16 23:30:00",FALSE,145,59,"SEC","ACC","2023-09-11",4,25,1,1,8.60251202051385,-5.27477644278468,21.052752765923,3.06853968902663,-3.94724723407704,3.94724723407704,"EB_features"
2023,"401520242",3,"2023-09-16 23:30:00",FALSE,2509,183,"Big Ten","ACC","2023-09-11",4,-15,2,1,-2.16497553357179,3.57269828141835,-5.77277902035753,3.06853968902663,9.22722097964247,9.22722097964247,"EB_features"
2023,"401525503",3,"2023-09-16 23:30:00",FALSE,277,221,"Big 12","ACC","2023-09-11",4,11,1,1,0.110435881600945,1.81411084899596,3.22174296251396,3.06853968902663,-7.77825703748604,7.77825703748604,"EB_features"
2023,"401520238",3,"2023-09-17",FALSE,167,166,"Mountain West","Conference USA","2023-09-11",4,-10,1,2,-12.7699881636536,-7.97839073394274,0.406537558058175,3.06853968902663,10.4065375580582,10.4065375580582,"EB_features"
2023,"401524008",3,"2023-09-17",FALSE,2483,62,"Pac-12","Mountain West","2023-09-11",4,45,1,2,13.4011525654447,-11.1836259410702,30.8549539741819,3.06853968902663,-14.1450460258181,14.1450460258181,"EB_features"
2023,"401525501",3,"2023-09-17",FALSE,228,2226,"ACC","American Athletic","2023-09-11",4,34,1,1,16.6913921602134,-4.17549313463025,23.0208275605103,3.06853968902663,-10.9791724394897,10.9791724394897,"EB_features"
2023,"401525836",3,"2023-09-17",FALSE,248,2628,"Big 12","Big 12","2023-09-11",4,-23,2,1,-2.85862353774388,8.26463341282027,-5.2878929689997,3.06853968902663,17.7121070310003,17.7121070310003,"EB_features"
2023,"401525840",3,"2023-09-17",FALSE,251,2751,"Big 12","Mountain West","2023-09-11",4,21,2,1,16.897803771111,-4.89650725634921,28.5803096140483,3.06853968902663,7.58030961404826,7.58030961404826,"EB_features"
2023,"401524007",3,"2023-09-17 02:00:00",FALSE,38,36,"Pac-12","Mountain West","2023-09-11",4,8,2,1,-12.4310739777089,-7.49445999327466,8.9005602963634,3.06853968902663,0.9005602963634,0.9005602963634,"EB_features"
2023,"401524005",3,"2023-09-17 02:30:00",FALSE,9,278,"Pac-12","Mountain West","2023-09-11",4,-29,0,1,-5.58949604479709,0.37588194939327,-4.70416016159568,3.06853968902663,24.2958398384043,24.2958398384043,"EB_features"
2023,"401525837",3,"2023-09-17 02:30:00",FALSE,2440,2305,"Mountain West","Big 12","2023-09-11",4,-7,1,1,-10.7790022213138,1.95578557439158,-16.6742695640351,3.06853968902663,-9.67426956403514,9.67426956403514,"EB_features"
2023,"401520219",3,"2023-09-17 03:00:00",FALSE,12,2638,"Pac-12","Conference USA","2023-09-11",4,21,1,2,1.95827610901674,-8.21450249754989,18.7234678808767,3.06853968902663,-2.27653211912326,2.27653211912326,"EB_features"
2023,"401531849",4,"2023-09-21 23:30:00",FALSE,324,2247,"Sun Belt","Sun Belt","2023-09-18",5,-13,2,2,-4.0664323671685,-5.52056810970323,2.44245907905061,3.06853968902663,15.4424590790506,15.4424590790506,"EB_features"
2023,"401520266",4,"2023-09-22 23:00:00",FALSE,2509,275,"Big Ten","Big Ten","2023-09-18",5,-21,3,3,-2.16497553357179,4.64507620554755,-6.08764501128557,3.06853968902663,14.9123549887144,14.9123549887144,"EB_features"
2023,"401525505",4,"2023-09-22 23:30:00",FALSE,258,152,"ACC","ACC","2023-09-18",5,-3,3,2,-4.95993191875096,3.27846346635311,-7.60752725776729,3.06853968902663,-4.60752725776729,4.60752725776729,"EB_features"
2023,"401532583",4,"2023-09-23 02:30:00",FALSE,21,68,"Mountain West","Mountain West","2023-09-18",5,-3,3,2,-5.54150521442767,4.83084921196508,-5.43629077751156,3.06853968902663,-2.43629077751156,2.43629077751156,"EB_features"
2023,"401532584",4,"2023-09-23 02:30:00",FALSE,23,2005,"Mountain West","Mountain West","2023-09-18",5,-25,3,2,-2.46217342263677,2.65725757265408,-6.70208376169794,3.06853968902663,18.2979162383021,18.2979162383021,"EB_features"
2023,"401520260",4,"2023-09-23 16:00:00",FALSE,130,164,"Big Ten","Big Ten","2023-09-18",5,24,3,3,21.1082908234881,-3.6559936297895,20.4467281111798,3.06853968902663,-3.55327188882016,3.55327188882016,"EB_features"
2023,"401520268",4,"2023-09-23 16:00:00",FALSE,183,349,"ACC","FBS Independents","2023-09-18",5,13,2,2,3.57269828141835,-0.824620313369167,13.1659584640026,3.06853968902663,0.165958464002617,0.165958464002617,"EB_features"
2023,"401520270",4,"2023-09-23 16:00:00",FALSE,245,2,"SEC","SEC","2023-09-18",5,17,3,2,9.74317528100165,4.87145756160217,6.35012962970615,3.06853968902663,-10.6498703702938,10.6498703702938,"EB_features"
2023,"401520271",4,"2023-09-23 16:00:00",FALSE,2653,98,"Sun Belt","Conference USA","2023-09-18",5,3,2,2,-0.228119125865274,-2.90706956034601,3.60161303726359,3.06853968902663,0.60161303726359,0.60161303726359,"EB_features"
2023,"401520274",4,"2023-09-23 16:00:00",FALSE,238,96,"SEC","SEC","2023-09-18",5,-17,3,2,-2.15613603384531,4.90144796452591,-11.4605605340516,3.06853968902663,5.53943946594844,5.53943946594844,"EB_features"
2023,"401525507",4,"2023-09-23 16:00:00",FALSE,228,52,"ACC","ACC","2023-09-18",5,-7,1,3,16.6913921602134,12.0152994100052,-2.01314878733906,3.06853968902663,4.98685121266094,4.98685121266094,"EB_features"
2023,"401525511",4,"2023-09-23 16:00:00",FALSE,276,259,"Sun Belt","ACC","2023-09-18",5,7,1,3,-1.57912755184323,-1.62938060349827,8.63776514939321,3.06853968902663,1.63776514939321,1.63776514939321,"EB_features"
2023,"401525845",4,"2023-09-23 16:00:00",FALSE,2132,201,"Big 12","Big 12","2023-09-18",5,-14,2,3,-2.14087644295686,10.229732538545,-20.8478307433887,3.06853968902663,-6.84783074338873,6.84783074338873,"EB_features"
2023,"401525849",4,"2023-09-23 16:00:00",FALSE,2628,2567,"Big 12","American Athletic","2023-09-18",5,17,1,2,8.26463341282027,-2.55476402389677,8.17833024710007,3.06853968902663,-8.82166975289993,8.82166975289993,"EB_features"
2023,"401531338",4,"2023-09-23 16:00:00",FALSE,2459,202,"Mid-American","American Athletic","2023-09-18",5,-8,2,2,-5.79165269315436,-10.092057674358,10.076280222959,3.06853968902663,18.076280222959,18.076280222959,"EB_features"
2023,"401532406",4,"2023-09-23 17:30:00",FALSE,2649,2711,"Mid-American","Mid-American","2023-09-18",5,18,2,2,-1.12926122918302,-11.1870697484118,18.423109030128,3.06853968902663,0.423109030128018,0.423109030128018,"EB_features"
2023,"401531871",4,"2023-09-23 18:00:00",FALSE,2050,290,"Mid-American","Sun Belt","2023-09-18",5,-37,2,2,-8.13243262508609,-4.48720198462731,-2.58350140172737,3.06853968902663,34.4164985982726,34.4164985982726,"EB_features"
2023,"401520250",4,"2023-09-23 19:30:00",FALSE,333,145,"SEC","SEC","2023-09-18",5,14,3,2,22.7945033388696,8.60251202051385,11.6385538136666,3.06853968902663,-2.36144618633345,2.36144618633345,"EB_features"
2023,"401520255",4,"2023-09-23 19:30:00",FALSE,356,2226,"Big Ten","American Athletic","2023-09-18",5,6,3,1,3.11708178883032,-4.17549313463025,10.1968882554242,3.06853968902663,4.19688825542419,4.19688825542419,"EB_features"
2023,"401520261",4,"2023-09-23 19:30:00",FALSE,127,120,"Big Ten","Big Ten","2023-09-18",5,-22,2,2,1.89109894563547,7.87144826355545,-4.98506078377507,3.06853968902663,17.0149392162249,17.0149392162249,"EB_features"
2023,"401520263",4,"2023-09-23 19:30:00",FALSE,158,2348,"Big Ten","Conference USA","2023-09-18",5,14,3,3,-1.13984550484991,-12.6307363252992,16.767271341103,3.06853968902663,2.76727134110298,2.76727134110298,"EB_features"
2023,"401520272",4,"2023-09-23 19:30:00",FALSE,41,150,"FBS Independents","ACC","2023-09-18",5,-34,3,2,-10.6555748157341,5.15665768979597,-23.9035123991238,3.06853968902663,10.0964876008762,10.0964876008762,"EB_features"
2023,"401524015",4,"2023-09-23 19:30:00",FALSE,2483,38,"Pac-12","Pac-12","2023-09-18",5,36,1,2,13.4011525654447,-12.4310739777089,22.4853365462585,3.06853968902663,-13.5146634537415,13.5146634537415,"EB_features"
2023,"401524017",4,"2023-09-23 19:30:00",FALSE,254,26,"Pac-12","Pac-12","2023-09-18",5,7,2,2,12.0338685165383,3.99812095837365,9.74532259760986,3.06853968902663,2.74532259760986,2.74532259760986,"EB_features"
2023,"401525506",4,"2023-09-23 19:30:00",FALSE,97,103,"ACC","ACC","2023-09-18",5,28,2,2,2.50342108610032,-4.0573937257766,8.84339727785296,3.06853968902663,-19.156602722147,19.156602722147,"EB_features"
2023,"401525509",4,"2023-09-23 19:30:00",FALSE,218,2390,"American Athletic","ACC","2023-09-18",5,-34,2,2,-5.1442240553318,2.19697992703741,-16.8111003334154,3.06853968902663,17.1888996665846,17.1888996665846,"EB_features"
2023,"401525847",4,"2023-09-23 19:30:00",FALSE,2305,252,"Big 12","Big 12","2023-09-18",5,11,1,2,1.95578557439158,0.0466773807331289,3.00337272575708,3.06853968902663,-7.99662727424292,7.99662727424292,"EB_features"
2023,"401525850",4,"2023-09-23 19:30:00",FALSE,277,2641,"Big 12","Big 12","2023-09-18",5,7,2,2,0.110435881600945,4.02460675540978,0.963286170111783,3.06853968902663,-6.03671382988822,6.03671382988822,"EB_features"
2023,"401526835",4,"2023-09-23 19:30:00",FALSE,113,167,"FBS Independents","Mountain West","2023-09-18",5,-3,4,1,-15.8478986689729,-12.7699881636536,3.28564203389406,3.06853968902663,6.28564203389406,6.28564203389406,"EB_features"
2023,"401532405",4,"2023-09-23 19:30:00",FALSE,189,195,"Mid-American","Mid-American","2023-09-18",5,-31,2,3,-8.81466524876209,-2.28326483769577,-3.18998516953402,3.06853968902663,27.810014830466,27.810014830466,"EB_features"
2023,"401520269",4,"2023-09-23 20:00:00",FALSE,2633,2636,"SEC","American Athletic","2023-09-18",5,31,2,3,18.1291906752804,3.44722632824845,22.2346565426023,3.06853968902663,-8.76534345739766,8.76534345739766,"EB_features"
2023,"401525846",4,"2023-09-23 20:00:00",FALSE,66,197,"Big 12","Big 12","2023-09-18",5,7,2,2,6.01592273750331,0.654608718943525,9.74469809459953,3.06853968902663,2.74469809459953,2.74469809459953,"EB_features"
2023,"401531423",4,"2023-09-23 20:00:00",FALSE,58,242,"American Athletic","American Athletic","2023-09-18",5,13,2,2,-8.77550152888007,-9.49204755778836,2.51264815319585,3.06853968902663,-10.4873518468041,10.4873518468041,"EB_features"
2023,"401520257",4,"2023-09-23 21:00:00",FALSE,55,2199,"Conference USA","Mid-American","2023-09-18",5,21,2,2,-8.54758311213612,-4.8574283917715,0.688200744516093,3.06853968902663,-20.3117992554839,20.3117992554839,"EB_features"
2023,"401531876",4,"2023-09-23 21:00:00",FALSE,6,2117,"Sun Belt","Mid-American","2023-09-18",5,-4,2,2,-0.31204205104997,-6.62831266709798,14.3198408581409,3.06853968902663,18.3198408581409,18.3198408581409,"EB_features"
2023,"401520275",4,"2023-09-23 22:30:00",FALSE,2229,2335,"Conference USA","Conference USA","2023-09-18",5,-32,3,3,-13.2409558426855,-6.65860971775929,-8.53440425987175,3.06853968902663,23.4655957401283,23.4655957401283,"EB_features"
2023,"401525508",4,"2023-09-23 22:30:00",FALSE,154,59,"ACC","ACC","2023-09-18",5,-14,2,2,2.21565669896186,-5.27477644278468,11.0114715624531,3.06853968902663,25.0114715624531,25.0114715624531,"EB_features"
2023,"401520251",4,"2023-09-23 23:00:00",FALSE,57,2429,"SEC","American Athletic","2023-09-18",5,15,2,2,8.97662445826921,-13.9231796079272,30.4272512473397,3.06853968902663,15.4272512473397,15.4272512473397,"EB_features"
2023,"401520254",4,"2023-09-23 23:00:00",FALSE,248,2534,"Big 12","Conference USA","2023-09-18",5,31,2,2,-2.85862353774388,-2.0923139896591,3.30250606928706,3.06853968902663,-27.6974939307129,27.6974939307129,"EB_features"
2023,"401520258",4,"2023-09-23 23:00:00",FALSE,99,8,"SEC","SEC","2023-09-18",5,3,2,2,15.4790742069625,6.13774035314406,15.972403197025,3.06853968902663,12.972403197025,12.972403197025,"EB_features"
2023,"401520262",4,"2023-09-23 23:00:00",FALSE,2393,36,"Conference USA","Mountain West","2023-09-18",5,-8,2,1,-8.54469163294008,-7.49445999327466,3.99709615500405,3.06853968902663,11.9970961550041,11.9970961550041,"EB_features"
2023,"401524016",4,"2023-09-23 23:00:00",FALSE,24,12,"Pac-12","Pac-12","2023-09-18",5,-1,2,1,-3.533224274467,1.95827610901674,-4.95078148272664,3.06853968902663,-3.95078148272664,3.95078148272664,"EB_features"
2023,"401524019",4,"2023-09-23 23:00:00",FALSE,265,204,"Pac-12","Pac-12","2023-09-18",5,3,2,2,5.03738303061916,4.59741116196697,3.58666530668835,3.06853968902663,0.586665306688352,0.586665306688352,"EB_features"
2023,"401531870",4,"2023-09-23 23:00:00",FALSE,2751,2026,"Mountain West","Sun Belt","2023-09-18",5,3,1,2,-4.89650725634921,-3.17556301563631,-0.932769092367745,3.06853968902663,-3.93276909236774,3.93276909236774,"EB_features"
2023,"401531874",4,"2023-09-23 23:00:00",FALSE,2032,2572,"Sun Belt","Sun Belt","2023-09-18",5,7,2,2,-9.18139744094876,-5.25721763815564,-5.76132907731946,3.06853968902663,-12.7613290773195,12.7613290773195,"EB_features"
2023,"401531877",4,"2023-09-23 23:00:00",FALSE,326,2440,"Sun Belt","Mountain West","2023-09-18",5,11,2,1,-14.5646151712821,-10.7790022213138,9.26716884595767,3.06853968902663,-1.73283115404233,1.73283115404233,"EB_features"
2023,"401520252",4,"2023-09-23 23:30:00",FALSE,61,5,"SEC","American Athletic","2023-09-18",5,28,2,2,26.5374868654518,-5.93024721607497,41.6800544100805,3.06853968902663,13.6800544100805,13.6800544100805,"EB_features"
2023,"401520256",4,"2023-09-23 23:30:00",FALSE,84,2006,"Big Ten","Mid-American","2023-09-18",5,2,2,2,-1.30086491076485,-9.05471421606347,13.8130716057047,3.06853968902663,11.8130716057047,11.8130716057047,"EB_features"
2023,"401520259",4,"2023-09-23 23:30:00",TRUE,142,235,"SEC","American Athletic","2023-09-18",5,7,2,2,4.97044738842312,3.52460579464826,-0.690153245251217,3.06853968902663,-7.69015324525122,7.69015324525122,"EB_features"
2023,"401520264",4,"2023-09-23 23:30:00",FALSE,77,135,"Big Ten","Big Ten","2023-09-18",5,3,3,3,-3.53057599256615,4.99930381316464,-3.27066304803961,3.06853968902663,-6.27066304803961,6.27066304803961,"EB_features"
2023,"401520265",4,"2023-09-23 23:30:00",FALSE,213,2294,"Big Ten","Big Ten","2023-09-18",5,31,2,3,16.8718291596732,6.36108627424228,15.0541226880879,3.06853968902663,-15.9458773119121,15.9458773119121,"EB_features"
2023,"401520267",4,"2023-09-23 23:30:00",FALSE,2579,344,"SEC","SEC","2023-09-18",5,7,2,2,7.85165706882928,7.99353881936778,6.99549744817592,3.06853968902663,-0.00450255182407844,0.00450255182407844,"EB_features"
2023,"401521330",4,"2023-09-23 23:30:00",FALSE,87,194,"FBS Independents","Big Ten","2023-09-18",5,-3,3,2,11.8901143480111,22.0865710094723,-6.78124417199555,3.06853968902663,-3.78124417199555,3.78124417199555,"EB_features"
2023,"401525844",4,"2023-09-23 23:30:00",FALSE,239,251,"Big 12","Big 12","2023-09-18",5,-32,2,2,4.55271716117174,16.897803771111,-17.8041536692138,3.06853968902663,14.1958463307862,14.1958463307862,"EB_features"
2023,"401531875",4,"2023-09-23 23:30:00",FALSE,309,2084,"Sun Belt","Mid-American","2023-09-18",5,7,2,2,-3.33112780422227,-2.089820824311,9.00936294535578,3.06853968902663,2.00936294535578,2.00936294535578,"EB_features"
2023,"401525510",4,"2023-09-24",FALSE,221,153,"ACC","ACC","2023-09-18",5,-17,2,3,1.81411084899596,7.10718459479112,-9.56332796739899,3.06853968902663,7.43667203260101,7.43667203260101,"EB_features"
2023,"401525848",4,"2023-09-24",FALSE,2306,2116,"Big 12","Big 12","2023-09-18",5,13,2,2,9.41701498384415,1.89550923963924,6.56977570438724,3.06853968902663,-6.43022429561276,6.43022429561276,"EB_features"
2023,"401531872",4,"2023-09-24",FALSE,328,256,"Mountain West","Sun Belt","2023-09-18",5,-7,2,2,-7.33567188851325,-7.36617322981202,2.26417878431606,3.06853968902663,9.26417878431606,9.26417878431606,"EB_features"
2023,"401520273",4,"2023-09-24 01:00:00",FALSE,2638,2439,"Conference USA","Mountain West","2023-09-18",5,-17,2,2,-8.21450249754989,-7.58554356006078,-2.75885438358359,3.06853968902663,14.2411456164164,14.2411456164164,"EB_features"
2023,"401524014",4,"2023-09-24 02:30:00",FALSE,9,30,"Pac-12","Pac-12","2023-09-18",5,-14,1,3,-5.58949604479709,10.8818374003839,-25.3471277774623,3.06853968902663,-11.3471277774623,11.3471277774623,"EB_features"
2023,"401524018",4,"2023-09-24 02:30:00",FALSE,264,25,"Pac-12","Pac-12","2023-09-18",5,27,3,2,9.51608546319503,-0.426200951687595,17.1377173422724,3.06853968902663,-9.86228265772763,9.86228265772763,"EB_features"
2023,"401532407",4,"2023-09-24 02:30:00",FALSE,278,2309,"Mountain West","Mid-American","2023-09-18",5,43,1,2,0.37588194939327,-8.2546763636491,19.44964296087,3.06853968902663,-23.55035703913,23.55035703913,"EB_features"
2023,"401520253",4,"2023-09-24 03:59:00",FALSE,62,166,"Mountain West","Conference USA","2023-09-18",5,3,2,2,-11.1836259410702,-7.97839073394274,2.89440174974729,3.06853968902663,-0.105598250252714,0.105598250252714,"EB_features"
2023,"401520277",5,"2023-09-28 23:30:00",FALSE,98,2393,"Conference USA","Conference USA","2023-09-25",6,21,3,3,-2.90706956034601,-8.54469163294008,9.36898258602608,3.06853968902663,-11.6310174139739,11.6310174139739,"EB_features"
2023,"401531339",5,"2023-09-28 23:30:00",FALSE,202,218,"American Athletic","American Athletic","2023-09-25",6,22,3,3,-10.092057674358,-5.1442240553318,2.19379186823247,3.06853968902663,-19.8062081317675,19.8062081317675,"EB_features"
2023,"401520276",5,"2023-09-29",FALSE,2534,55,"Conference USA","Conference USA","2023-09-25",6,-7,3,3,-2.0923139896591,-8.54758311213612,4.31502896665816,3.06853968902663,11.3150289666582,11.3150289666582,"EB_features"
2023,"401525512",5,"2023-09-29 23:00:00",FALSE,152,97,"ACC","ACC","2023-09-25",6,-3,3,3,3.27846346635311,2.50342108610032,-1.85353991444862,3.06853968902663,1.14646008555138,1.14646008555138,"EB_features"
2023,"401520278",5,"2023-09-30 01:00:00",FALSE,2638,2348,"Conference USA","Conference USA","2023-09-25",6,-14,3,4,-8.21450249754989,-12.6307363252992,5.63353396019687,3.06853968902663,19.6335339601969,19.6335339601969,"EB_features"
2023,"401524020",5,"2023-09-30 01:00:00",FALSE,204,254,"Pac-12","Pac-12","2023-09-25",6,14,3,3,4.59741116196697,12.0338685165383,-2.09681763821234,3.06853968902663,-16.0968176382123,16.0968176382123,"EB_features"
2023,"401525851",5,"2023-09-30 02:15:00",FALSE,252,2132,"Big 12","Big 12","2023-09-25",6,8,3,3,0.0466773807331289,-2.14087644295686,7.03738257601822,3.06853968902663,-0.962617423981783,0.962617423981783,"EB_features"
2023,"401520279",5,"2023-09-30 16:00:00",TRUE,8,245,"SEC","SEC","2023-09-25",6,-12,3,4,6.13774035314406,9.74317528100165,-9.00642184636814,3.06853968902663,2.99357815363186,2.99357815363186,"EB_features"
2023,"401520282",5,"2023-09-30 16:00:00",FALSE,96,57,"SEC","SEC","2023-09-25",6,19,3,3,4.90144796452591,8.97662445826921,2.0415516369191,3.06853968902663,-16.9584483630809,16.9584483630809,"EB_features"
2023,"401520284",5,"2023-09-30 16:00:00",FALSE,135,309,"Big Ten","Sun Belt","2023-09-25",6,11,4,3,4.99930381316464,-3.33112780422227,8.07799880126838,3.06853968902663,-2.92200119873162,2.92200119873162,"EB_features"
2023,"401520287",5,"2023-09-30 16:00:00",FALSE,77,213,"Big Ten","Big Ten","2023-09-25",6,-28,4,3,-3.53057599256615,16.8718291596732,-20.8846915528748,3.06853968902663,7.11530844712521,7.11530844712521,"EB_features"
2023,"401520292",5,"2023-09-30 16:00:00",FALSE,41,328,"FBS Independents","Mountain West","2023-09-25",6,-1,4,2,-10.6555748157341,-7.33567188851325,-5.84045943899307,3.06853968902663,-4.84045943899307,4.84045943899307,"EB_features"
2023,"401524023",5,"2023-09-30 16:00:00",FALSE,38,30,"Pac-12","Pac-12","2023-09-25",6,-7,4,3,-12.4310739777089,10.8818374003839,-22.0212802613371,3.06853968902663,-15.0212802613371,15.0212802613371,"EB_features"
2023,"401525514",5,"2023-09-30 16:00:00",FALSE,183,228,"ACC","ACC","2023-09-25",6,-17,3,3,3.57269828141835,16.6913921602134,-3.2309289965005,3.06853968902663,13.7690710034995,13.7690710034995,"EB_features"
2023,"401531370",5,"2023-09-30 16:00:00",FALSE,2655,5,"American Athletic","American Athletic","2023-09-25",6,12,3,3,4.78658971161309,-5.93024721607497,17.8765637022488,3.06853968902663,5.87656370224877,5.87656370224877,"EB_features"
2023,"401531880",5,"2023-09-30 16:00:00",FALSE,256,6,"Sun Belt","Sun Belt","2023-09-25",6,8,2,3,-7.36617322981202,-0.31204205104997,-2.98559946758315,3.06853968902663,-10.9855994675832,10.9855994675832,"EB_features"
2023,"401532412",5,"2023-09-30 16:00:00",FALSE,2006,2084,"Mid-American","Mid-American","2023-09-25",6,-3,3,3,-9.05471421606347,-2.089820824311,0.513993836060896,3.06853968902663,3.5139938360609,3.5139938360609,"EB_features"
2023,"401532410",5,"2023-09-30 17:30:00",FALSE,2117,2199,"Mid-American","Mid-American","2023-09-25",6,3,3,3,-6.62831266709798,-4.8574283917715,7.79352645141168,3.06853968902663,4.79352645141168,4.79352645141168,"EB_features"
2023,"401525513",5,"2023-09-30 18:00:00",FALSE,103,258,"ACC","ACC","2023-09-25",6,3,3,4,-4.0573937257766,-4.95993191875096,5.86736184607199,3.06853968902663,2.86736184607199,2.86736184607199,"EB_features"
2023,"401532413",5,"2023-09-30 18:30:00",FALSE,2309,193,"Mid-American","Mid-American","2023-09-25",6,-20,2,3,-8.2546763636491,-4.57109848819065,-7.15821315465384,3.06853968902663,12.8417868453462,12.8417868453462,"EB_features"
2023,"401524022",5,"2023-09-30 19:00:00",FALSE,25,9,"Pac-12","Pac-12","2023-09-25",6,3,2,2,-0.426200951687595,-5.58949604479709,19.2778802602183,3.06853968902663,16.2778802602183,16.2778802602183,"EB_features"
2023,"401520280",5,"2023-09-30 19:30:00",FALSE,2,61,"SEC","SEC","2023-09-25",6,-7,3,3,4.87145756160217,26.5374868654518,-13.3857504444134,3.06853968902663,-6.38575044441337,6.38575044441337,"EB_features"
2023,"401520283",5,"2023-09-30 19:30:00",FALSE,120,84,"Big Ten","Big Ten","2023-09-25",6,27,3,3,7.87144826355545,-1.30086491076485,16.3026052493096,3.06853968902663,-10.6973947506904,10.6973947506904,"EB_features"
2023,"401520286",5,"2023-09-30 19:30:00",FALSE,158,130,"Big Ten","Big Ten","2023-09-25",6,-38,4,4,-1.13984550484991,21.1082908234881,-20.1986822970336,3.06853968902663,17.8013177029664,17.8013177029664,"EB_features"
2023,"401520289",5,"2023-09-30 19:30:00",FALSE,2509,356,"Big Ten","Big Ten","2023-09-25",6,25,4,4,-2.16497553357179,3.11708178883032,-1.39493011653608,3.06853968902663,-26.3949301165361,26.3949301165361,"EB_features"
2023,"401525515",5,"2023-09-30 19:30:00",FALSE,59,189,"ACC","Mid-American","2023-09-25",6,-11,3,3,-5.27477644278468,-8.81466524876209,12.2233201439148,3.06853968902663,23.2233201439148,23.2233201439148,"EB_features"
2023,"401525854",5,"2023-09-30 19:30:00",FALSE,251,2305,"Big 12","Big 12","2023-09-25",6,26,4,3,16.897803771111,1.95578557439158,21.6651958546939,3.06853968902663,-4.33480414530605,4.33480414530605,"EB_features"
2023,"401525855",5,"2023-09-30 19:30:00",FALSE,2641,248,"Big 12","Big 12","2023-09-25",6,21,3,4,4.02460675540978,-2.85862353774388,8.72861121673747,3.06853968902663,-12.2713887832625,12.2713887832625,"EB_features"
2023,"401525856",5,"2023-09-30 19:30:00",FALSE,2116,239,"Big 12","Big 12","2023-09-25",6,-1,2,3,1.89550923963924,4.55271716117174,12.7028971412033,3.06853968902663,13.7028971412033,13.7028971412033,"EB_features"
2023,"401526836",5,"2023-09-30 19:30:00",FALSE,113,2032,"FBS Independents","Sun Belt","2023-09-25",6,-24,5,3,-15.8478986689729,-9.18139744094876,4.65326434993718,3.06853968902663,28.6532643499372,28.6532643499372,"EB_features"
2023,"401531424",5,"2023-09-30 19:30:00",FALSE,2426,58,"American Athletic","American Athletic","2023-09-25",6,-14,2,3,-2.32843886509639,-8.77550152888007,5.86463745146733,3.06853968902663,19.8646374514673,19.8646374514673,"EB_features"
2023,"401531881",5,"2023-09-30 19:30:00",FALSE,276,295,"Sun Belt","Sun Belt","2023-09-25",6,6,2,3,-1.57912755184323,-10.996763105513,15.2262451872703,3.06853968902663,9.22624518727029,9.22624518727029,"EB_features"
2023,"401532409",5,"2023-09-30 19:30:00",FALSE,2711,2050,"Mid-American","Mid-American","2023-09-25",6,18,3,3,-11.1870697484118,-8.13243262508609,1.68807894409671,3.06853968902663,-16.3119210559033,16.3119210559033,"EB_features"
2023,"401532411",5,"2023-09-30 19:30:00",FALSE,2649,2459,"Mid-American","Mid-American","2023-09-25",6,2,3,3,-1.12926122918302,-5.79165269315436,11.7537262449893,3.06853968902663,9.75372624498928,9.75372624498928,"EB_features"
2023,"401520293",5,"2023-09-30 20:00:00",FALSE,238,142,"SEC","SEC","2023-09-25",6,-17,4,3,-2.15613603384531,4.97044738842312,-8.50469934886946,3.06853968902663,8.49530065113054,8.49530065113054,"EB_features"
2023,"401531429",5,"2023-09-30 20:00:00",FALSE,235,68,"American Athletic","Mountain West","2023-09-25",6,3,3,3,3.52460579464826,4.83084921196508,5.79828902143891,3.06853968902663,2.79828902143891,2.79828902143891,"EB_features"
2023,"401532586",5,"2023-09-30 20:00:00",FALSE,2439,62,"Mountain West","Mountain West","2023-09-25",6,24,2,3,-7.58554356006078,-11.1836259410702,10.7193525106355,3.06853968902663,-13.2806474893645,13.2806474893645,"EB_features"
2023,"401532588",5,"2023-09-30 20:00:00",FALSE,2751,167,"Mountain West","Mountain West","2023-09-25",6,9,3,3,-4.89650725634921,-12.7699881636536,17.5827253782326,3.06853968902663,8.58272537823264,8.58272537823264,"EB_features"
2023,"401520288",5,"2023-09-30 22:00:00",FALSE,145,99,"SEC","SEC","2023-09-25",6,6,3,3,8.60251202051385,15.4790742069625,1.38625336045407,3.06853968902663,-4.61374663954593,4.61374663954593,"EB_features"
2023,"401524024",5,"2023-09-30 22:30:00",FALSE,24,2483,"Pac-12","Pac-12","2023-09-25",6,-36,3,3,-3.533224274467,13.4011525654447,-21.1116089900652,3.06853968902663,14.8883910099348,14.8883910099348,"EB_features"
2023,"401525852",5,"2023-09-30 23:00:00",FALSE,201,66,"Big 12","Big 12","2023-09-25",6,30,4,3,10.229732538545,6.01592273750331,20.1749518307393,3.06853968902663,-9.82504816926071,9.82504816926071,"EB_features"
2023,"401531414",5,"2023-09-30 23:00:00",FALSE,242,151,"American Athletic","American Athletic","2023-09-25",6,7,3,3,-9.49204755778836,-0.809183206288188,-0.739220471541364,3.06853968902663,-7.73922047154136,7.73922047154136,"EB_features"
2023,"401531878",5,"2023-09-30 23:00:00",FALSE,290,324,"Sun Belt","Sun Belt","2023-09-25",6,10,3,3,-4.48720198462731,-4.0664323671685,7.81981053500536,3.06853968902663,-2.18018946499464,2.18018946499464,"EB_features"
2023,"401531879",5,"2023-09-30 23:00:00",FALSE,2247,2653,"Sun Belt","Sun Belt","2023-09-25",6,-21,3,3,-5.52056810970323,-0.228119125865274,6.81100201995852,3.06853968902663,27.8110020199585,27.8110020199585,"EB_features"
2023,"401531883",5,"2023-09-30 23:00:00",FALSE,2572,326,"Sun Belt","Sun Belt","2023-09-25",6,-14,3,3,-5.25721763815564,-14.5646151712821,-0.874867752767852,3.06853968902663,13.1251322472321,13.1251322472321,"EB_features"
2023,"401520281",5,"2023-09-30 23:30:00",FALSE,2294,127,"Big Ten","Big Ten","2023-09-25",6,10,4,3,6.36108627424228,1.89109894563547,10.300441775744,3.06853968902663,0.300441775744011,0.300441775744011,"EB_features"
2023,"401520291",5,"2023-09-30 23:30:00",FALSE,2633,2579,"SEC","SEC","2023-09-25",6,21,3,3,18.1291906752804,7.85165706882928,14.1345226978021,3.06853968902663,-6.86547730219786,6.86547730219786,"EB_features"
2023,"401525438",5,"2023-09-30 23:30:00",FALSE,150,87,"ACC","FBS Independents","2023-09-25",6,-7,3,4,5.15665768979597,11.8901143480111,-1.69692229696407,3.06853968902663,5.30307770303593,5.30307770303593,"EB_features"
2023,"401531404",5,"2023-09-30 23:30:00",FALSE,2567,2429,"American Athletic","American Athletic","2023-09-25",6,18,3,3,-2.55476402389677,-13.9231796079272,14.9573596888276,3.06853968902663,-3.04264031117237,3.04264031117237,"EB_features"
2023,"401525516",5,"2023-10-01",FALSE,259,221,"ACC","ACC","2023-09-25",6,17,4,2,-1.62938060349827,1.81411084899596,0.486263579234633,3.06853968902663,-16.5137364207654,16.5137364207654,"EB_features"
2023,"401525853",5,"2023-10-01",FALSE,2628,277,"Big 12","Big 12","2023-09-25",6,-3,3,3,8.26463341282027,0.110435881600945,9.71654735166266,3.06853968902663,12.7165473516627,12.7165473516627,"EB_features"
2023,"401531882",5,"2023-10-01",FALSE,2433,2026,"Sun Belt","Sun Belt","2023-09-25",6,-1,2,3,-11.6744643239036,-3.17556301563631,-9.77893642256931,3.06853968902663,-8.77893642256931,8.77893642256931,"EB_features"
2023,"401532589",5,"2023-10-01",FALSE,2005,21,"Mountain West","Mountain West","2023-09-25",6,39,3,4,2.65725757265408,-5.54150521442767,15.4704354275137,3.06853968902663,-23.5295645724863,23.5295645724863,"EB_features"
2023,"401520285",5,"2023-10-01 01:00:00",FALSE,344,333,"SEC","SEC","2023-09-25",6,-23,3,4,7.99353881936778,22.7945033388696,-14.9880070757233,3.06853968902663,8.01199292427671,8.01199292427671,"EB_features"
2023,"401524021",5,"2023-10-01 02:00:00",FALSE,12,264,"Pac-12","Pac-12","2023-09-25",6,-7,3,3,1.95827610901674,9.51608546319503,-13.8854287883112,3.06853968902663,-6.88542878831119,6.88542878831119,"EB_features"
2023,"401532587",5,"2023-10-01 02:30:00",FALSE,278,2440,"Mountain West","Mountain West","2023-09-25",6,18,2,3,0.37588194939327,-10.7790022213138,21.7736419642532,3.06853968902663,3.77364196425315,3.77364196425315,"EB_features"
2023,"401520294",6,"2023-10-05",FALSE,2393,55,"Conference USA","Conference USA","2023-10-02",7,-15,4,4,-8.54469163294008,-8.54758311213612,-1.08795382210925,3.06853968902663,13.9120461778908,13.9120461778908,"EB_features"
2023,"401520297",6,"2023-10-05 01:00:00",FALSE,166,2229,"Conference USA","Conference USA","2023-10-02",7,17,4,4,-7.97839073394274,-13.2409558426855,6.10434386622733,3.06853968902663,-10.8956561337727,10.8956561337727,"EB_features"
2023,"401520296",6,"2023-10-05 23:00:00",FALSE,2335,2534,"Conference USA","Conference USA","2023-10-02",7,5,4,4,-6.65860971775929,-2.0923139896591,13.6624912583237,3.06853968902663,8.66249125832373,8.66249125832373,"EB_features"
2023,"401520295",6,"2023-10-06",FALSE,2348,98,"Conference USA","Conference USA","2023-10-02",7,-7,5,4,-12.6307363252992,-2.90706956034601,-8.1615066198741,3.06853968902663,-1.1615066198741,1.1615066198741,"EB_features"
2023,"401525857",6,"2023-10-06 23:30:00",FALSE,197,2306,"Big 12","Big 12","2023-10-02",7,8,3,3,0.654608718943525,9.41701498384415,-12.7499954691852,3.06853968902663,-20.7499954691852,20.7499954691852,"EB_features"
2023,"401520301",6,"2023-10-07",FALSE,356,158,"Big Ten","Big Ten","2023-10-02",7,-13,5,5,3.11708178883032,-1.13984550484991,4.69706361442826,3.06853968902663,17.6970636144283,17.6970636144283,"EB_features"
2023,"401520298",6,"2023-10-07 16:00:00",FALSE,349,103,"FBS Independents","ACC","2023-10-02",7,-3,3,4,-0.824620313369167,-4.0573937257766,7.46854362227948,3.06853968902663,10.4685436222795,10.4685436222795,"EB_features"
2023,"401520304",6,"2023-10-07 16:00:00",FALSE,344,2711,"SEC","Mid-American","2023-10-02",7,13,3,4,7.99353881936778,-11.1870697484118,22.5657315915861,3.06853968902663,9.5657315915861,9.5657315915861,"EB_features"
2023,"401520305",6,"2023-10-07 16:00:00",FALSE,142,99,"SEC","SEC","2023-10-02",7,-10,4,4,4.97044738842312,15.4790742069625,-5.58601651122578,3.06853968902663,4.41398348877422,4.41398348877422,"EB_features"
2023,"401520307",6,"2023-10-07 16:00:00",FALSE,194,120,"Big Ten","Big Ten","2023-10-02",7,20,3,4,22.0865710094723,7.87144826355545,18.0034146761944,3.06853968902663,-1.99658532380564,1.99658532380564,"EB_features"
2023,"401520311",6,"2023-10-07 16:00:00",FALSE,275,164,"Big Ten","Big Ten","2023-10-02",7,11,4,4,4.64507620554755,-3.6559936297895,9.98989895958678,3.06853968902663,-1.01010104041322,1.01010104041322,"EB_features"
2023,"401525861",6,"2023-10-07 16:00:00",TRUE,251,201,"Big 12","Big 12","2023-10-02",7,-4,5,5,16.897803771111,10.229732538545,0.114143777551998,3.06853968902663,4.114143777552,4.114143777552,"EB_features"
2023,"401526837",6,"2023-10-07 16:00:00",FALSE,113,2649,"FBS Independents","Mid-American","2023-10-02",7,-17,6,4,-15.8478986689729,-1.12926122918302,-13.7643228981995,3.06853968902663,3.2356771018005,3.2356771018005,"EB_features"
2023,"401525521",6,"2023-10-07 18:00:00",FALSE,152,276,"ACC","Sun Belt","2023-10-02",7,7,4,3,3.27846346635311,-1.57912755184323,3.34894835854505,3.06853968902663,-3.65105164145495,3.65105164145495,"EB_features"
2023,"401531389",6,"2023-10-07 18:00:00",FALSE,218,2636,"American Athletic","American Athletic","2023-10-02",7,-15,4,4,-5.1442240553318,3.44722632824845,-9.2217748208253,3.06853968902663,5.7782251791747,5.7782251791747,"EB_features"
2023,"401532415",6,"2023-10-07 18:00:00",FALSE,2084,2117,"Mid-American","Mid-American","2023-10-02",7,24,4,4,-2.089820824311,-6.62831266709798,3.12709345668637,3.06853968902663,-20.8729065433136,20.8729065433136,"EB_features"
2023,"401524028",6,"2023-10-07 19:00:00",FALSE,26,265,"Pac-12","Pac-12","2023-10-02",7,8,3,3,3.99812095837365,5.03738303061916,0.869237897105954,3.06853968902663,-7.13076210289405,7.13076210289405,"EB_features"
2023,"401520302",6,"2023-10-07 19:30:00",FALSE,2294,2509,"Big Ten","Big Ten","2023-10-02",7,6,5,5,6.36108627424228,-2.16497553357179,9.77864793960489,3.06853968902663,3.77864793960489,3.77864793960489,"EB_features"
2023,"401520310",6,"2023-10-07 19:30:00",FALSE,245,333,"SEC","SEC","2023-10-02",7,-6,5,4,9.74317528100165,22.7945033388696,-4.8779423502539,3.06853968902663,1.1220576497461,1.1220576497461,"EB_features"
2023,"401525517",6,"2023-10-07 19:30:00",FALSE,228,154,"ACC","ACC","2023-10-02",7,5,4,3,16.6913921602134,2.21565669896186,20.8030735267867,3.06853968902663,15.8030735267867,15.8030735267867,"EB_features"
2023,"401525518",6,"2023-10-07 19:30:00",FALSE,52,259,"ACC","ACC","2023-10-02",7,22,4,4,12.0152994100052,-1.62938060349827,25.5540091747626,3.06853968902663,3.55400917476264,3.55400917476264,"EB_features"
2023,"401525520",6,"2023-10-07 19:30:00",FALSE,153,183,"ACC","ACC","2023-10-02",7,33,4,4,7.10718459479112,3.57269828141835,6.86478198683963,3.06853968902663,-26.1352180131604,26.1352180131604,"EB_features"
2023,"401531433",6,"2023-10-07 19:30:00",FALSE,2426,249,"American Athletic","American Athletic","2023-10-02",7,3,3,3,-2.32843886509639,-6.69347320667538,9.64878053898102,3.06853968902663,6.64878053898102,6.64878053898102,"EB_features"
2023,"401531884",6,"2023-10-07 19:30:00",FALSE,309,326,"Sun Belt","Sun Belt","2023-10-02",7,4,4,4,-3.33112780422227,-14.5646151712821,7.84868250418712,3.06853968902663,3.84868250418712,3.84868250418712,"EB_features"
2023,"401532414",6,"2023-10-07 19:30:00",FALSE,2199,2050,"Mid-American","Mid-American","2023-10-02",7,14,4,4,-4.8574283917715,-8.13243262508609,9.18437522822706,3.06853968902663,-4.81562477177294,4.81562477177294,"EB_features"
2023,"401532416",6,"2023-10-07 19:30:00",FALSE,193,189,"Mid-American","Mid-American","2023-10-02",7,27,4,4,-4.57109848819065,-8.81466524876209,7.55071945868271,3.06853968902663,-19.4492805413173,19.4492805413173,"EB_features"
2023,"401532417",6,"2023-10-07 19:30:00",FALSE,195,2309,"Mid-American","Mid-American","2023-10-02",7,25,4,4,-2.28326483769577,-8.2546763636491,23.5515621270601,3.06853968902663,-1.44843787293992,1.44843787293992,"EB_features"
2023,"401532418",6,"2023-10-07 19:30:00",FALSE,2006,2459,"Mid-American","Mid-American","2023-10-02",7,-41,4,4,-9.05471421606347,-5.79165269315436,1.20058181111376,3.06853968902663,42.2005818111138,42.2005818111138,"EB_features"
2023,"401520299",6,"2023-10-07 20:00:00",FALSE,57,238,"SEC","SEC","2023-10-02",7,24,4,5,8.97662445826921,-2.15613603384531,18.3223490783454,3.06853968902663,-5.67765092165461,5.67765092165461,"EB_features"
2023,"401525860",6,"2023-10-07 20:00:00",FALSE,2305,2116,"Big 12","Big 12","2023-10-02",7,29,4,4,1.95578557439158,1.89550923963924,0.288363837788475,3.06853968902663,-28.7116361622115,28.7116361622115,"EB_features"
2023,"401531380",6,"2023-10-07 20:00:00",FALSE,5,58,"American Athletic","American Athletic","2023-10-02",7,21,4,4,-5.93024721607497,-8.77550152888007,-0.759656731670155,3.06853968902663,-21.7596567316702,21.7596567316702,"EB_features"
2023,"401531887",6,"2023-10-07 20:00:00",FALSE,2653,2032,"Sun Belt","Sun Belt","2023-10-02",7,34,4,4,-0.228119125865274,-9.18139744094876,18.0416701884785,3.06853968902663,-15.9583298115215,15.9583298115215,"EB_features"
2023,"401520309",6,"2023-10-07 21:00:00",FALSE,242,41,"American Athletic","FBS Independents","2023-10-02",7,-7,4,5,-9.49204755778836,-10.6555748157341,10.9088981240199,3.06853968902663,17.9088981240199,17.9088981240199,"EB_features"
2023,"401531340",6,"2023-10-07 22:00:00",FALSE,2226,202,"American Athletic","American Athletic","2023-10-02",7,3,3,4,-4.17549313463025,-10.092057674358,6.07651433662335,3.06853968902663,3.07651433662335,3.07651433662335,"EB_features"
2023,"401524026",6,"2023-10-07 22:30:00",FALSE,9,38,"Pac-12","Pac-12","2023-10-02",7,-3,4,5,-5.58949604479709,-12.4310739777089,-1.27338139991895,3.06853968902663,1.72661860008105,1.72661860008105,"EB_features"
2023,"401520300",6,"2023-10-07 23:00:00",FALSE,61,96,"SEC","SEC","2023-10-02",7,38,4,4,26.5374868654518,4.90144796452591,15.9853881741802,3.06853968902663,-22.0146118258198,22.0146118258198,"EB_features"
2023,"401531885",6,"2023-10-07 23:00:00",FALSE,2433,6,"Sun Belt","Sun Belt","2023-10-02",7,-48,2,4,-11.6744643239036,-0.31204205104997,-8.79102798706426,3.06853968902663,39.2089720129357,39.2089720129357,"EB_features"
2023,"401531886",6,"2023-10-07 23:00:00",FALSE,2572,295,"Sun Belt","Sun Belt","2023-10-02",7,-4,4,4,-5.25721763815564,-10.996763105513,-1.58404545324518,3.06853968902663,2.41595454675482,2.41595454675482,"EB_features"
2023,"401520303",6,"2023-10-07 23:30:00",FALSE,135,130,"Big Ten","Big Ten","2023-10-02",7,-42,5,5,4.99930381316464,21.1082908234881,-17.5865275279503,3.06853968902663,24.4134724720497,24.4134724720497,"EB_features"
2023,"401520308",6,"2023-10-07 23:30:00",FALSE,145,8,"SEC","SEC","2023-10-02",7,7,4,4,8.60251202051385,6.13774035314406,12.2271775185678,3.06853968902663,5.22717751856782,5.22717751856782,"EB_features"
2023,"401525439",6,"2023-10-07 23:37:00",FALSE,97,87,"ACC","FBS Independents","2023-10-02",7,13,4,5,2.50342108610032,11.8901143480111,-10.4892720250542,3.06853968902663,-23.4892720250542,23.4892720250542,"EB_features"
2023,"401525519",6,"2023-10-08",FALSE,2390,59,"ACC","ACC","2023-10-02",7,-3,3,4,2.19697992703741,-5.27477644278468,20.4519150242019,3.06853968902663,23.4519150242019,23.4519150242019,"EB_features"
2023,"401525858",6,"2023-10-08",FALSE,239,2641,"Big 12","Big 12","2023-10-02",7,-25,4,4,4.55271716117174,4.02460675540978,-2.07960338392856,3.06853968902663,22.9203966160714,22.9203966160714,"EB_features"
2023,"401525859",6,"2023-10-08",FALSE,66,2628,"Big 12","Big 12","2023-10-02",7,13,4,3,6.01592273750331,8.26463341282027,-3.44979774788131,3.06853968902663,-16.4497977478813,16.4497977478813,"EB_features"
2023,"401532590",6,"2023-10-08",FALSE,328,36,"Mountain West","Mountain West","2023-10-02",7,20,4,3,-7.33567188851325,-7.49445999327466,3.45293977526907,3.06853968902663,-16.5470602247309,16.5470602247309,"EB_features"
2023,"401532591",6,"2023-10-08",FALSE,2751,278,"Mountain West","Mountain West","2023-10-02",7,5,4,3,-4.89650725634921,0.37588194939327,-7.49386332919052,3.06853968902663,-12.4938633291905,12.4938633291905,"EB_features"
2023,"401532592",6,"2023-10-08",FALSE,68,23,"Mountain West","Mountain West","2023-10-02",7,8,4,4,4.83084921196508,-2.46217342263677,12.5101357909999,3.06853968902663,4.51013579099989,4.51013579099989,"EB_features"
2023,"401524027",6,"2023-10-08 02:00:00",FALSE,25,204,"Pac-12","Pac-12","2023-10-02",7,-12,4,4,-0.426200951687595,4.59741116196697,-5.36130711361353,3.06853968902663,6.63869288638647,6.63869288638647,"EB_features"
2023,"401524025",6,"2023-10-08 02:30:00",FALSE,30,12,"Pac-12","Pac-12","2023-10-02",7,2,5,3,10.8818374003839,1.95827610901674,18.7741146616729,3.06853968902663,16.7741146616729,16.7741146616729,"EB_features"
2023,"401520313",7,"2023-10-10 23:00:00",FALSE,2393,2348,"Conference USA","Conference USA","2023-10-09",8,8,5,6,-8.54469163294008,-12.6307363252992,3.0032311146057,3.06853968902663,-4.9967688853943,4.9967688853943,"EB_features"
2023,"401520312",7,"2023-10-10 23:30:00",FALSE,55,2335,"Conference USA","Conference USA","2023-10-09",8,-18,5,5,-8.54758311213612,-6.65860971775929,-3.9854625269862,3.06853968902663,14.0145374730138,14.0145374730138,"EB_features"
2023,"401531888",7,"2023-10-10 23:30:00",FALSE,2026,324,"Sun Belt","Sun Belt","2023-10-09",8,-3,4,4,-3.17556301563631,-4.0664323671685,6.66983170706928,3.06853968902663,9.66983170706928,9.66983170706928,"EB_features"
2023,"401520314",7,"2023-10-11 23:30:00",FALSE,2229,2638,"Conference USA","Conference USA","2023-10-09",8,-13,5,5,-13.2409558426855,-8.21450249754989,2.76214754434512,3.06853968902663,15.7621475443451,15.7621475443451,"EB_features"
2023,"401520315",7,"2023-10-12 01:00:00",FALSE,166,2534,"Conference USA","Conference USA","2023-10-09",8,14,5,5,-7.97839073394274,-2.0923139896591,-0.81184319369705,3.06853968902663,-14.811843193697,14.811843193697,"EB_features"
2023,"401525862",7,"2023-10-12 23:00:00",FALSE,248,277,"Big 12","Big 12","2023-10-09",8,2,5,4,-2.85862353774388,0.110435881600945,-4.46148052542488,3.06853968902663,-6.46148052542488,6.46148052542488,"EB_features"
2023,"401531415",7,"2023-10-12 23:30:00",FALSE,151,2567,"American Athletic","American Athletic","2023-10-09",8,-21,4,4,-0.809183206288188,-2.55476402389677,-3.32363276205771,3.06853968902663,17.6763672379423,17.6763672379423,"EB_features"
2023,"401531371",7,"2023-10-13 23:00:00",FALSE,235,2655,"American Athletic","American Athletic","2023-10-09",8,-10,4,4,3.52460579464826,4.78658971161309,0.876588215039643,3.06853968902663,10.8765882150396,10.8765882150396,"EB_features"
2023,"401532594",7,"2023-10-14",FALSE,328,278,"Mountain West","Mountain West","2023-10-09",8,-5,4,4,-7.33567188851325,0.37588194939327,-11.58343248249,3.06853968902663,-6.58343248249004,6.58343248249004,"EB_features"
2023,"401524029",7,"2023-10-14 02:00:00",FALSE,38,24,"Pac-12","Pac-12","2023-10-09",8,-3,6,4,-12.4310739777089,-3.533224274467,7.21567042054475,3.06853968902663,10.2156704205447,10.2156704205447,"EB_features"
2023,"401520316",7,"2023-10-14 16:00:00",FALSE,333,8,"SEC","SEC","2023-10-09",8,3,6,5,22.7945033388696,6.13774035314406,20.9137647358896,3.06853968902663,17.9137647358896,17.9137647358896,"EB_features"
2023,"401520321",7,"2023-10-14 16:00:00",FALSE,130,84,"Big Ten","Big Ten","2023-10-09",8,45,6,4,21.1082908234881,-1.30086491076485,32.1437652087014,3.06853968902663,-12.8562347912986,12.8562347912986,"EB_features"
2023,"401520323",7,"2023-10-14 16:00:00",FALSE,2509,194,"Big Ten","Big Ten","2023-10-09",8,-34,6,4,-2.16497553357179,22.0865710094723,-24.8826407728464,3.06853968902663,9.11735922715357,9.11735922715357,"EB_features"
2023,"401520324",7,"2023-10-14 16:00:00",FALSE,164,127,"Big Ten","Big Ten","2023-10-09",8,3,5,4,-3.6559936297895,1.89109894563547,7.45729880175417,3.06853968902663,4.45729880175417,4.45729880175417,"EB_features"
2023,"401520327",7,"2023-10-14 16:00:00",FALSE,238,61,"SEC","SEC","2023-10-09",8,-17,6,5,-2.15613603384531,26.5374868654518,-30.9212014888777,3.06853968902663,-13.9212014888777,13.9212014888777,"EB_features"
2023,"401525524",7,"2023-10-14 16:00:00",FALSE,52,183,"ACC","ACC","2023-10-09",8,38,5,5,12.0152994100052,3.57269828141835,17.1483817844607,3.06853968902663,-20.8516182155393,20.8516182155393,"EB_features"
2023,"401525863",7,"2023-10-14 16:00:00",FALSE,2132,66,"Big 12","Big 12","2023-10-09",8,-20,4,4,-2.14087644295686,6.01592273750331,-1.43850839228012,3.06853968902663,18.5614916077199,18.5614916077199,"EB_features"
2023,"401531390",7,"2023-10-14 16:00:00",FALSE,249,218,"American Athletic","American Athletic","2023-10-09",8,31,4,5,-6.69347320667538,-5.1442240553318,4.78593901447904,3.06853968902663,-26.214060985521,26.214060985521,"EB_features"
2023,"401531890",7,"2023-10-14 16:00:00",FALSE,256,290,"Sun Belt","Sun Belt","2023-10-09",8,28,4,4,-7.36617322981202,-4.48720198462731,0.437429889275177,3.06853968902663,-27.5625701107248,27.5625701107248,"EB_features"
2023,"401532422",7,"2023-10-14 16:00:00",FALSE,2199,2309,"Mid-American","Mid-American","2023-10-09",8,14,5,5,-4.8574283917715,-8.2546763636491,11.590792754527,3.06853968902663,-2.40920724547301,2.40920724547301,"EB_features"
2023,"401531405",7,"2023-10-14 18:00:00",FALSE,2429,2426,"American Athletic","American Athletic","2023-10-09",8,-14,4,4,-13.9231796079272,-2.32843886509639,-1.66908269070425,3.06853968902663,12.3309173092958,12.3309173092958,"EB_features"
2023,"401532419",7,"2023-10-14 18:00:00",FALSE,2050,2649,"Mid-American","Mid-American","2023-10-09",8,-7,5,5,-8.13243262508609,-1.12926122918302,-12.5553388507029,3.06853968902663,-5.55533885070286,5.55533885070286,"EB_features"
2023,"401524033",7,"2023-10-14 19:00:00",FALSE,254,25,"Pac-12","Pac-12","2023-10-09",8,20,4,4,12.0338685165383,-0.426200951687595,12.954245302804,3.06853968902663,-7.04575469719598,7.04575469719598,"EB_features"
2023,"401520317",7,"2023-10-14 19:30:00",FALSE,349,2653,"FBS Independents","Sun Belt","2023-10-09",8,-19,4,5,-0.824620313369167,-0.228119125865274,-1.05181635873458,3.06853968902663,17.9481836412654,17.9481836412654,"EB_features"
2023,"401520320",7,"2023-10-14 19:30:00",FALSE,120,356,"Big Ten","Big Ten","2023-10-09",8,-3,5,6,7.87144826355545,3.11708178883032,18.605710798358,3.06853968902663,21.605710798358,21.605710798358,"EB_features"
2023,"401520322",7,"2023-10-14 19:30:00",FALSE,213,113,"Big Ten","FBS Independents","2023-10-09",8,63,4,7,16.8718291596732,-15.8478986689729,45.0642749786305,3.06853968902663,-17.9357250213695,17.9357250213695,"EB_features"
2023,"401520325",7,"2023-10-14 19:30:00",FALSE,2579,57,"SEC","SEC","2023-10-09",8,-2,4,5,7.85165706882928,8.97662445826921,2.46132249668468,3.06853968902663,4.46132249668468,4.46132249668468,"EB_features"
2023,"401520326",7,"2023-10-14 19:30:00",FALSE,2633,245,"SEC","SEC","2023-10-09",8,7,4,6,18.1291906752804,9.74317528100165,8.70854306159291,3.06853968902663,1.70854306159291,1.70854306159291,"EB_features"
2023,"401524034",7,"2023-10-14 19:30:00",FALSE,264,2483,"Pac-12","Pac-12","2023-10-09",8,3,5,4,9.51608546319503,13.4011525654447,1.7561089316318,3.06853968902663,-1.2438910683682,1.2438910683682,"EB_features"
2023,"401525527",7,"2023-10-14 19:30:00",FALSE,259,154,"ACC","ACC","2023-10-09",8,17,6,4,-1.62938060349827,2.21565669896186,0.87945149889956,3.06853968902663,-16.1205485011004,16.1205485011004,"EB_features"
2023,"401525864",7,"2023-10-14 19:30:00",FALSE,197,2305,"Big 12","Big 12","2023-10-09",8,7,4,5,0.654608718943525,1.95578557439158,-2.46138177807024,3.06853968902663,-9.46138177807024,9.46138177807024,"EB_features"
2023,"401525865",7,"2023-10-14 19:30:00",FALSE,2628,252,"Big 12","Big 12","2023-10-09",8,33,4,4,8.26463341282027,0.0466773807331289,8.29463450077001,3.06853968902663,-24.70536549923,24.70536549923,"EB_features"
2023,"401531420",7,"2023-10-14 19:30:00",FALSE,58,2226,"American Athletic","American Athletic","2023-10-09",8,-42,5,4,-8.77550152888007,-4.17549313463025,3.18545478960306,3.06853968902663,45.1854547896031,45.1854547896031,"EB_features"
2023,"401532420",7,"2023-10-14 19:30:00",FALSE,2117,2006,"Mid-American","Mid-American","2023-10-09",8,7,5,5,-6.62831266709798,-9.05471421606347,9.1192600154295,3.06853968902663,2.1192600154295,2.1192600154295,"EB_features"
2023,"401532421",7,"2023-10-14 19:30:00",FALSE,2084,189,"Mid-American","Mid-American","2023-10-09",8,-10,5,5,-2.089820824311,-8.81466524876209,7.41661003644156,3.06853968902663,17.4166100364416,17.4166100364416,"EB_features"
2023,"401532423",7,"2023-10-14 19:30:00",FALSE,2711,193,"Mid-American","Mid-American","2023-10-09",8,-13,5,5,-11.1870697484118,-4.57109848819065,-9.76855199899118,3.06853968902663,3.23144800100882,3.23144800100882,"EB_features"
2023,"401520328",7,"2023-10-14 20:00:00",FALSE,275,2294,"Big Ten","Big Ten","2023-10-09",8,-9,5,6,4.64507620554755,6.36108627424228,7.30418510465648,3.06853968902663,16.3041851046565,16.3041851046565,"EB_features"
2023,"401532424",7,"2023-10-14 20:00:00",FALSE,2459,195,"Mid-American","Mid-American","2023-10-09",8,10,5,5,-5.79165269315436,-2.28326483769577,-2.29386148316661,3.06853968902663,-12.2938614831666,12.2938614831666,"EB_features"
2023,"401532597",7,"2023-10-14 21:00:00",FALSE,2440,2439,"Mountain West","Mountain West","2023-10-09",8,-18,4,4,-10.7790022213138,-7.58554356006078,-6.42408348602839,3.06853968902663,11.5759165139716,11.5759165139716,"EB_features"
2023,"401532596",7,"2023-10-14 22:00:00",FALSE,167,23,"Mountain West","Mountain West","2023-10-09",8,-28,4,4,-12.7699881636536,-2.46217342263677,-5.61579877833268,3.06853968902663,22.3842012216673,22.3842012216673,"EB_features"
2023,"401525525",7,"2023-10-14 22:30:00",FALSE,221,97,"ACC","ACC","2023-10-09",8,17,4,5,1.81411084899596,2.50342108610032,-8.25371973452035,3.06853968902663,-25.2537197345203,25.2537197345203,"EB_features"
2023,"401520319",7,"2023-10-14 23:00:00",FALSE,99,2,"SEC","SEC","2023-10-09",8,30,5,4,15.4790742069625,4.87145756160217,9.18810831736404,3.06853968902663,-20.811891682636,20.811891682636,"EB_features"
2023,"401524030",7,"2023-10-14 23:00:00",FALSE,265,12,"Pac-12","Pac-12","2023-10-09",8,-38,4,4,5.03738303061916,1.95827610901674,10.1522311216474,3.06853968902663,48.1522311216474,48.1522311216474,"EB_features"
2023,"401525866",7,"2023-10-14 23:00:00",FALSE,2641,2306,"Big 12","Big 12","2023-10-09",8,-17,4,4,4.02460675540978,9.41701498384415,-2.10492042281693,3.06853968902663,14.8950795771831,14.8950795771831,"EB_features"
2023,"401531889",7,"2023-10-14 23:00:00",FALSE,2247,276,"Sun Belt","Sun Belt","2023-10-09",8,17,4,4,-5.52056810970323,-1.57912755184323,-0.532528168130916,3.06853968902663,-17.5325281681309,17.5325281681309,"EB_features"
2023,"401531891",7,"2023-10-14 23:00:00",FALSE,326,2433,"Sun Belt","Sun Belt","2023-10-09",8,1,5,4,-14.5646151712821,-11.6744643239036,12.8347867471174,3.06853968902663,11.8347867471174,11.8347867471174,"EB_features"
2023,"401532598",7,"2023-10-14 23:00:00",FALSE,2005,2751,"Mountain West","Mountain West","2023-10-09",8,7,4,4,2.65725757265408,-4.89650725634921,14.9836581857999,3.06853968902663,7.98365818579992,7.98365818579992,"EB_features"
2023,"401520318",7,"2023-10-14 23:30:00",FALSE,96,142,"SEC","SEC","2023-10-09",8,-17,5,5,4.90144796452591,4.97044738842312,6.25895317213186,3.06853968902663,23.2589531721319,23.2589531721319,"EB_features"
2023,"401524031",7,"2023-10-14 23:30:00",FALSE,87,30,"FBS Independents","Pac-12","2023-10-09",8,28,6,5,11.8901143480111,10.8818374003839,2.38749677964552,3.06853968902663,-25.6125032203545,25.6125032203545,"EB_features"
2023,"401525526",7,"2023-10-14 23:30:00",FALSE,153,2390,"ACC","ACC","2023-10-09",8,10,5,3,7.10718459479112,2.19697992703741,3.90862021291474,3.06853968902663,-6.09137978708526,6.09137978708526,"EB_features"
2023,"401524032",7,"2023-10-15",FALSE,204,26,"Pac-12","Pac-12","2023-10-09",8,12,4,4,4.59741116196697,3.99812095837365,4.76654575544829,3.06853968902663,-7.23345424455171,7.23345424455171,"EB_features"
2023,"401525523",7,"2023-10-15",FALSE,150,152,"ACC","ACC","2023-10-09",8,21,4,5,5.15665768979597,3.27846346635311,14.6754014694576,3.06853968902663,-6.32459853054242,6.32459853054242,"EB_features"
2023,"401531381",7,"2023-10-15",FALSE,2636,5,"American Athletic","American Athletic","2023-10-09",8,21,5,5,3.44722632824845,-5.93024721607497,8.02949215358465,3.06853968902663,-12.9705078464153,12.9705078464153,"EB_features"
2023,"401532593",7,"2023-10-15 01:45:00",FALSE,36,68,"Mountain West","Mountain West","2023-10-09",8,1,3,4,-7.49445999327466,4.83084921196508,-6.78034279363859,3.06853968902663,-7.78034279363859,7.78034279363859,"EB_features"
2023,"401532595",7,"2023-10-15 03:00:00",FALSE,62,21,"Mountain West","Mountain West","2023-10-09",8,-7,5,5,-11.1836259410702,-5.54150521442767,-4.39440470764655,3.06853968902663,2.60559529235345,2.60559529235345,"EB_features"
2023,"401520330",8,"2023-10-17 23:00:00",FALSE,2335,2393,"Conference USA","Conference USA","2023-10-16",9,7,6,6,-6.65860971775929,-8.54469163294008,18.3885958238779,3.06853968902663,11.3885958238779,11.3885958238779,"EB_features"
2023,"401520329",8,"2023-10-17 23:30:00",FALSE,55,98,"Conference USA","Conference USA","2023-10-16",9,3,6,5,-8.54758311213612,-2.90706956034601,-1.23882798048623,3.06853968902663,-4.23882798048623,4.23882798048623,"EB_features"
2023,"401531892",8,"2023-10-17 23:30:00",FALSE,6,2572,"Sun Belt","Sun Belt","2023-10-16",9,52,5,5,-0.31204205104997,-5.25721763815564,21.2236894089256,3.06853968902663,-30.7763105910744,30.7763105910744,"EB_features"
2023,"401520331",8,"2023-10-18 23:00:00",FALSE,2534,2229,"Conference USA","Conference USA","2023-10-16",9,-6,6,6,-2.0923139896591,-13.2409558426855,11.1137342397618,3.06853968902663,17.1137342397618,17.1137342397618,"EB_features"
2023,"401520332",8,"2023-10-19 01:00:00",FALSE,2638,166,"Conference USA","Conference USA","2023-10-16",9,-21,6,6,-8.21450249754989,-7.97839073394274,-0.407585973260279,3.06853968902663,20.5924140267397,20.5924140267397,"EB_features"
2023,"401531341",8,"2023-10-19 23:00:00",FALSE,202,242,"American Athletic","American Athletic","2023-10-16",9,-32,5,5,-10.092057674358,-9.49204755778836,5.46318319754358,3.06853968902663,37.4631831975436,37.4631831975436,"EB_features"
2023,"401531893",8,"2023-10-19 23:00:00",FALSE,276,256,"Sun Belt","Sun Belt","2023-10-16",9,-11,5,5,-1.57912755184323,-7.36617322981202,0.566972847023275,3.06853968902663,11.5669728470233,11.5669728470233,"EB_features"
2023,"401531391",8,"2023-10-20 23:00:00",FALSE,218,2567,"American Athletic","American Athletic","2023-10-16",9,-55,6,5,-5.1442240553318,-2.55476402389677,-16.419662488053,3.06853968902663,38.580337511947,38.580337511947,"EB_features"
2023,"401520334",8,"2023-10-21 16:00:00",FALSE,8,344,"SEC","SEC","2023-10-16",9,-4,6,5,6.13774035314406,7.99353881936778,6.61957302866904,3.06853968902663,10.619573028669,10.619573028669,"EB_features"
2023,"401520337",8,"2023-10-21 16:00:00",FALSE,84,164,"Big Ten","Big Ten","2023-10-16",9,-17,5,6,-1.30086491076485,-3.6559936297895,-4.56518532722336,3.06853968902663,12.4348146727766,12.4348146727766,"EB_features"
2023,"401520343",8,"2023-10-21 16:00:00",FALSE,194,213,"Big Ten","Big Ten","2023-10-16",9,8,5,5,22.0865710094723,16.8718291596732,6.39559660905319,3.06853968902663,-1.60440339094681,1.60440339094681,"EB_features"
2023,"401525528",8,"2023-10-21 16:00:00",FALSE,59,103,"ACC","ACC","2023-10-16",9,-15,5,5,-5.27477644278468,-4.0573937257766,4.81988111898765,3.06853968902663,19.8198811189876,19.8198811189876,"EB_features"
2023,"401525868",8,"2023-10-21 16:00:00",FALSE,2132,239,"Big 12","Big 12","2023-10-16",9,-3,5,5,-2.14087644295686,4.55271716117174,3.14167330334267,3.06853968902663,6.14167330334267,6.14167330334267,"EB_features"
2023,"401525871",8,"2023-10-21 16:00:00",FALSE,201,2116,"Big 12","Big 12","2023-10-16",9,2,6,5,10.229732538545,1.89550923963924,24.531440607276,3.06853968902663,22.531440607276,22.531440607276,"EB_features"
2023,"401531382",8,"2023-10-21 16:00:00",FALSE,5,235,"American Athletic","American Athletic","2023-10-16",9,-24,5,5,-5.93024721607497,3.52460579464826,-6.64686949436025,3.06853968902663,17.3531305056398,17.3531305056398,"EB_features"
2023,"401531434",8,"2023-10-21 16:00:00",FALSE,2426,2005,"American Athletic","Mountain West","2023-10-16",9,-11,5,5,-2.32843886509639,2.65725757265408,-12.4952768995588,3.06853968902663,-1.49527689955882,1.49527689955882,"EB_features"
2023,"401532428",8,"2023-10-21 16:00:00",FALSE,195,2711,"Mid-American","Mid-American","2023-10-16",9,3,6,6,-2.28326483769577,-11.1870697484118,19.1302524696851,3.06853968902663,16.1302524696851,16.1302524696851,"EB_features"
2023,"401531406",8,"2023-10-21 18:00:00",FALSE,151,2429,"American Athletic","American Athletic","2023-10-16",9,-3,5,5,-0.809183206288188,-13.9231796079272,8.97849877486948,3.06853968902663,11.9784987748695,11.9784987748695,"EB_features"
2023,"401531894",8,"2023-10-21 18:00:00",FALSE,290,2433,"Sun Belt","Sun Belt","2023-10-16",9,10,5,5,-4.48720198462731,-11.6744643239036,16.1669165663647,3.06853968902663,6.16691656636467,6.16691656636467,"EB_features"
2023,"401532429",8,"2023-10-21 18:00:00",FALSE,189,2006,"Mid-American","Mid-American","2023-10-16",9,27,6,6,-8.81466524876209,-9.05471421606347,10.8493895180433,3.06853968902663,-16.1506104819567,16.1506104819567,"EB_features"
2023,"401520333",8,"2023-10-21 19:30:00",FALSE,333,2633,"SEC","SEC","2023-10-16",9,14,7,5,22.7945033388696,18.1291906752804,4.45993669287225,3.06853968902663,-9.54006330712775,9.54006330712775,"EB_features"
2023,"401520336",8,"2023-10-21 19:30:00",FALSE,356,275,"Big Ten","Big Ten","2023-10-16",9,-4,7,6,3.11708178883032,4.64507620554755,-5.31922188921992,3.06853968902663,-1.31922188921992,1.31922188921992,"EB_features"
2023,"401520338",8,"2023-10-21 19:30:00",FALSE,2294,135,"Big Ten","Big Ten","2023-10-16",9,-2,7,6,6.36108627424228,4.99930381316464,9.75521461238136,3.06853968902663,11.7552146123814,11.7552146123814,"EB_features"
2023,"401520341",8,"2023-10-21 19:30:00",FALSE,142,2579,"SEC","SEC","2023-10-16",9,22,6,5,4.97044738842312,7.85165706882928,3.45107151046521,3.06853968902663,-18.5489284895348,18.5489284895348,"EB_features"
2023,"401520342",8,"2023-10-21 19:30:00",FALSE,158,77,"Big Ten","Big Ten","2023-10-16",9,8,6,5,-1.13984550484991,-3.53057599256615,4.8448145694046,3.06853968902663,-3.1551854305954,3.1551854305954,"EB_features"
2023,"401520344",8,"2023-10-21 19:30:00",FALSE,41,58,"FBS Independents","American Athletic","2023-10-16",9,-3,6,6,-10.6555748157341,-8.77550152888007,0.571513888758344,3.06853968902663,3.57151388875834,3.57151388875834,"EB_features"
2023,"401524035",8,"2023-10-21 19:30:00",FALSE,2483,265,"Pac-12","Pac-12","2023-10-16",9,14,5,5,13.4011525654447,5.03738303061916,19.9148538998586,3.06853968902663,5.91485389985856,5.91485389985856,"EB_features"
2023,"401525532",8,"2023-10-21 19:30:00",FALSE,154,221,"ACC","ACC","2023-10-16",9,4,5,5,2.21565669896186,1.81411084899596,3.24295266355091,3.06853968902663,-0.757047336449087,0.757047336449087,"EB_features"
2023,"401525872",8,"2023-10-21 19:30:00",FALSE,277,197,"Big 12","Big 12","2023-10-16",9,-14,5,5,0.110435881600945,0.654608718943525,5.5775414211083,3.06853968902663,19.5775414211083,19.5775414211083,"EB_features"
2023,"401531372",8,"2023-10-21 19:30:00",FALSE,2655,249,"American Athletic","American Athletic","2023-10-16",9,7,5,5,4.78658971161309,-6.69347320667538,20.368443351391,3.06853968902663,13.368443351391,13.368443351391,"EB_features"
2023,"401532425",8,"2023-10-21 19:30:00",FALSE,2050,2117,"Mid-American","Mid-American","2023-10-16",9,7,6,6,-8.13243262508609,-6.62831266709798,-5.36066321932933,3.06853968902663,-12.3606632193293,12.3606632193293,"EB_features"
2023,"401532426",8,"2023-10-21 19:30:00",FALSE,2459,2199,"Mid-American","Mid-American","2023-10-16",9,7,6,6,-5.79165269315436,-4.8574283917715,10.9653662048987,3.06853968902663,3.96536620489868,3.96536620489868,"EB_features"
2023,"401532430",8,"2023-10-21 19:30:00",FALSE,2309,2084,"Mid-American","Mid-American","2023-10-16",9,-18,6,6,-8.2546763636491,-2.089820824311,-9.07289210814152,3.06853968902663,8.92710789185848,8.92710789185848,"EB_features"
2023,"401525869",8,"2023-10-21 20:00:00",FALSE,248,251,"Big 12","Big 12","2023-10-16",9,-7,6,6,-2.85862353774388,16.897803771111,-21.891798499629,3.06853968902663,-14.891798499629,14.891798499629,"EB_features"
2023,"401532427",8,"2023-10-21 20:00:00",FALSE,193,2649,"Mid-American","Mid-American","2023-10-16",9,-4,6,6,-4.57109848819065,-1.12926122918302,3.22574512461874,3.06853968902663,7.22574512461874,7.22574512461874,"EB_features"
2023,"401531397",8,"2023-10-21 22:00:00",FALSE,2226,2636,"American Athletic","American Athletic","2023-10-16",9,-26,5,5,-4.17549313463025,3.44722632824845,2.31889731386045,3.06853968902663,28.3188973138605,28.3188973138605,"EB_features"
2023,"401532600",8,"2023-10-21 22:00:00",FALSE,167,62,"Mountain West","Mountain West","2023-10-16",9,21,5,5,-12.7699881636536,-11.1836259410702,0.0628798351338857,3.06853968902663,-20.9371201648661,20.9371201648661,"EB_features"
2023,"401525531",8,"2023-10-21 22:30:00",FALSE,153,258,"ACC","ACC","2023-10-16",9,-4,6,5,7.10718459479112,-4.95993191875096,24.0621062004611,3.06853968902663,28.0621062004611,28.0621062004611,"EB_features"
2023,"401520335",8,"2023-10-21 23:00:00",FALSE,2,145,"SEC","SEC","2023-10-16",9,-7,5,5,4.87145756160217,8.60251202051385,-4.90459772604467,3.06853968902663,2.09540227395533,2.09540227395533,"EB_features"
2023,"401525867",8,"2023-10-21 23:00:00",FALSE,252,2641,"Big 12","Big 12","2023-10-16",9,13,5,6,0.0466773807331289,4.02460675540978,-3.29855979962315,3.06853968902663,-16.2985597996231,16.2985597996231,"EB_features"
2023,"401525870",8,"2023-10-21 23:00:00",FALSE,2306,2628,"Big 12","Big 12","2023-10-16",9,38,5,6,9.41701498384415,8.26463341282027,6.75755527550479,3.06853968902663,-31.2424447244952,31.2424447244952,"EB_features"
2023,"401531895",8,"2023-10-21 23:00:00",FALSE,295,2026,"Sun Belt","Sun Belt","2023-10-16",9,7,5,5,-10.996763105513,-3.17556301563631,-3.56810229592149,3.06853968902663,-10.5681022959215,10.5681022959215,"EB_features"
2023,"401531896",8,"2023-10-21 23:00:00",FALSE,2032,324,"Sun Belt","Sun Belt","2023-10-16",9,-10,5,5,-9.18139744094876,-4.0664323671685,-9.48520396014044,3.06853968902663,0.514796039859563,0.514796039859563,"EB_features"
2023,"401532599",8,"2023-10-21 23:00:00",FALSE,2439,36,"Mountain West","Mountain West","2023-10-16",9,2,5,4,-7.58554356006078,-7.49445999327466,12.3751886090125,3.06853968902663,10.3751886090125,10.3751886090125,"EB_features"
2023,"401532602",8,"2023-10-21 23:00:00",FALSE,23,328,"Mountain West","Mountain West","2023-10-16",9,21,6,6,-2.46217342263677,-7.33567188851325,3.19885498362607,3.06853968902663,-17.8011450163739,17.8011450163739,"EB_features"
2023,"401520339",8,"2023-10-21 23:30:00",FALSE,99,349,"SEC","FBS Independents","2023-10-16",9,62,6,5,15.4790742069625,-0.824620313369167,25.8237633553163,3.06853968902663,-36.1762366446837,36.1762366446837,"EB_features"
2023,"401520340",8,"2023-10-21 23:30:00",FALSE,127,130,"Big Ten","Big Ten","2023-10-16",9,-49,5,7,1.89109894563547,21.1082908234881,-24.5476623724827,3.06853968902663,24.4523376275173,24.4523376275173,"EB_features"
2023,"401525530",8,"2023-10-21 23:30:00",FALSE,52,150,"ACC","ACC","2023-10-16",9,18,6,4,12.0152994100052,5.15665768979597,10.9063449580893,3.06853968902663,-7.09365504191075,7.09365504191075,"EB_features"
2023,"401524037",8,"2023-10-22",FALSE,30,254,"Pac-12","Pac-12","2023-10-16",9,-2,7,5,10.8818374003839,12.0338685165383,4.95346859650443,3.06853968902663,6.95346859650443,6.95346859650443,"EB_features"
2023,"401525529",8,"2023-10-22",FALSE,2390,228,"ACC","ACC","2023-10-16",9,8,5,5,2.19697992703741,16.6913921602134,-2.4663162763523,3.06853968902663,-10.4663162763523,10.4663162763523,"EB_features"
2023,"401531897",8,"2023-10-22",FALSE,309,2247,"Sun Belt","Sun Belt","2023-10-16",9,-3,5,5,-3.33112780422227,-5.52056810970323,1.14428336796031,3.06853968902663,4.14428336796031,4.14428336796031,"EB_features"
2023,"401532601",8,"2023-10-22 01:00:00",FALSE,21,2440,"Mountain West","Mountain West","2023-10-16",9,-6,5,5,-5.54150521442767,-10.7790022213138,9.95085016513277,3.06853968902663,15.9508501651328,15.9508501651328,"EB_features"
2023,"401524036",8,"2023-10-22 02:30:00",FALSE,24,26,"Pac-12","Pac-12","2023-10-16",9,-35,5,4,-3.533224274467,3.99812095837365,-10.8894077481207,3.06853968902663,24.1105922518793,24.1105922518793,"EB_features"
2023,"401524038",8,"2023-10-22 02:30:00",FALSE,264,9,"Pac-12","Pac-12","2023-10-16",9,8,6,5,9.51608546319503,-5.58949604479709,31.6412342197576,3.06853968902663,23.6412342197576,23.6412342197576,"EB_features"
2023,"401520345",9,"2023-10-24 23:00:00",FALSE,2348,166,"Conference USA","Conference USA","2023-10-23",10,-3,7,7,-12.6307363252992,-7.97839073394274,-1.16474827249023,3.06853968902663,1.83525172750977,1.83525172750977,"EB_features"
2023,"401520346",9,"2023-10-24 23:30:00",FALSE,98,2335,"Conference USA","Conference USA","2023-10-23",10,-13,6,7,-2.90706956034601,-6.65860971775929,-1.61613102667195,3.06853968902663,11.383868973328,11.383868973328,"EB_features"
2023,"401520347",9,"2023-10-25 23:00:00",FALSE,2229,55,"Conference USA","Conference USA","2023-10-23",10,-25,7,7,-13.2409558426855,-8.54758311213612,-5.42272855751851,3.06853968902663,19.5772714424815,19.5772714424815,"EB_features"
2023,"401520348",9,"2023-10-26",FALSE,2534,2638,"Conference USA","Conference USA","2023-10-23",10,-3,7,7,-2.0923139896591,-8.21450249754989,8.29253142570908,3.06853968902663,11.2925314257091,11.2925314257091,"EB_features"
2023,"401525533",9,"2023-10-26 23:30:00",FALSE,259,183,"ACC","ACC","2023-10-23",10,28,7,6,-1.62938060349827,3.57269828141835,0.650151026390851,3.06853968902663,-27.3498489736091,27.3498489736091,"EB_features"
2023,"401531929",9,"2023-10-26 23:30:00",FALSE,290,2247,"Sun Belt","Sun Belt","2023-10-23",10,17,6,5,-4.48720198462731,-5.52056810970323,0.962134110864695,3.06853968902663,-16.0378658891353,16.0378658891353,"EB_features"
2023,"401531407",9,"2023-10-27 23:30:00",FALSE,2429,2226,"American Athletic","American Athletic","2023-10-23",10,-22,6,6,-13.9231796079272,-4.17549313463025,-3.90656537208466,3.06853968902663,18.0934346279153,18.0934346279153,"EB_features"
2023,"401520349",9,"2023-10-28 16:00:00",FALSE,349,113,"FBS Independents","FBS Independents","2023-10-23",10,-7,6,8,-0.824620313369167,-15.8478986689729,16.0987201885859,3.06853968902663,23.0987201885859,23.0987201885859,"EB_features"
2023,"401520351",9,"2023-10-28 16:00:00",FALSE,103,41,"ACC","FBS Independents","2023-10-23",10,7,6,7,-4.0573937257766,-10.6555748157341,14.8577067686929,3.06853968902663,7.85770676869291,7.85770676869291,"EB_features"
2023,"401520356",9,"2023-10-28 16:00:00",FALSE,77,120,"Big Ten","Big Ten","2023-10-23",10,6,6,6,-3.53057599256615,7.87144826355545,-10.3234509066323,3.06853968902663,-16.3234509066323,16.3234509066323,"EB_features"
2023,"401520358",9,"2023-10-28 16:00:00",FALSE,213,84,"Big Ten","Big Ten","2023-10-23",10,9,6,6,16.8718291596732,-1.30086491076485,33.6855736410245,3.06853968902663,24.6855736410245,24.6855736410245,"EB_features"
2023,"401520359",9,"2023-10-28 16:00:00",FALSE,245,2579,"SEC","SEC","2023-10-23",10,13,7,6,9.74317528100165,7.85165706882928,11.8053063804677,3.06853968902663,-1.19469361953234,1.19469361953234,"EB_features"
2023,"401525536",9,"2023-10-28 16:00:00",FALSE,154,52,"ACC","ACC","2023-10-23",10,-25,6,7,2.21565669896186,12.0152994100052,-19.7036375574659,3.06853968902663,5.29636244253412,5.29636244253412,"EB_features"
2023,"401525874",9,"2023-10-28 16:00:00",FALSE,2305,201,"Big 12","Big 12","2023-10-23",10,5,6,7,1.95578557439158,10.229732538545,-13.2103156538859,3.06853968902663,-18.2103156538859,18.2103156538859,"EB_features"
2023,"401525875",9,"2023-10-28 16:00:00",FALSE,2306,248,"Big 12","Big 12","2023-10-23",10,41,6,7,9.41701498384415,-2.85862353774388,21.1756115706214,3.06853968902663,-19.8243884293786,19.8243884293786,"EB_features"
2023,"401525878",9,"2023-10-28 16:00:00",FALSE,2116,277,"Big 12","Big 12","2023-10-23",10,-13,6,6,1.89550923963924,0.110435881600945,5.28832806910517,3.06853968902663,18.2883280691052,18.2883280691052,"EB_features"
2023,"401531342",9,"2023-10-28 16:00:00",FALSE,2567,202,"American Athletic","American Athletic","2023-10-23",10,59,6,6,-2.55476402389677,-10.092057674358,21.2257779747536,3.06853968902663,-37.7742220252464,37.7742220252464,"EB_features"
2023,"401532431",9,"2023-10-28 17:00:00",FALSE,2199,2711,"Mid-American","Mid-American","2023-10-23",10,-24,7,7,-4.8574283917715,-11.1870697484118,6.11842600456375,3.06853968902663,30.1184260045638,30.1184260045638,"EB_features"
2023,"401525534",9,"2023-10-28 18:00:00",FALSE,152,228,"ACC","ACC","2023-10-23",10,7,6,5,3.27846346635311,16.6913921602134,-10.8834860291501,3.06853968902663,-17.8834860291501,17.8834860291501,"EB_features"
2023,"401531430",9,"2023-10-28 19:00:00",FALSE,249,235,"American Athletic","American Athletic","2023-10-23",10,-3,6,6,-6.69347320667538,3.52460579464826,-10.6218689134445,3.06853968902663,-7.62186891344447,7.62186891344447,"EB_features"
2023,"401520350",9,"2023-10-28 19:30:00",FALSE,2,344,"SEC","SEC","2023-10-23",10,14,6,6,4.87145756160217,7.99353881936778,4.76388383414694,3.06853968902663,-9.23611616585306,9.23611616585306,"EB_features"
2023,"401520352",9,"2023-10-28 19:30:00",TRUE,57,61,"SEC","SEC","2023-10-23",10,-23,6,6,8.97662445826921,26.5374868654518,-15.4109453172693,3.06853968902663,7.58905468273069,7.58905468273069,"EB_features"
2023,"401520354",9,"2023-10-28 19:30:00",FALSE,135,127,"Big Ten","Big Ten","2023-10-23",10,15,7,6,4.99930381316464,1.89109894563547,8.35954009845294,3.06853968902663,-6.64045990154706,6.64045990154706,"EB_features"
2023,"401520355",9,"2023-10-28 19:30:00",FALSE,158,2509,"Big Ten","Big Ten","2023-10-23",10,17,7,7,-1.13984550484991,-2.16497553357179,4.18677242644678,3.06853968902663,-12.8132275735532,12.8132275735532,"EB_features"
2023,"401524044",9,"2023-10-28 19:30:00",FALSE,254,2483,"Pac-12","Pac-12","2023-10-23",10,-29,5,6,12.0338685165383,13.4011525654447,-4.40256366173194,3.06853968902663,24.5974363382681,24.5974363382681,"EB_features"
2023,"401525440",9,"2023-10-28 19:30:00",FALSE,87,221,"FBS Independents","ACC","2023-10-23",10,51,7,6,11.8901143480111,1.81411084899596,22.9286584561244,3.06853968902663,-28.0713415438756,28.0713415438756,"EB_features"
2023,"401525535",9,"2023-10-28 19:30:00",FALSE,97,150,"ACC","ACC","2023-10-23",10,23,6,6,2.50342108610032,5.15665768979597,-4.46562947805868,3.06853968902663,-27.4656294780587,27.4656294780587,"EB_features"
2023,"401525538",9,"2023-10-28 19:30:00",FALSE,2390,258,"ACC","ACC","2023-10-23",10,3,5,6,2.19697992703741,-4.95993191875096,15.9430210095586,3.06853968902663,12.9430210095586,12.9430210095586,"EB_features"
2023,"401525873",9,"2023-10-28 19:30:00",FALSE,239,66,"Big 12","Big 12","2023-10-23",10,-12,6,6,4.55271716117174,6.01592273750331,-5.6979304889345,3.06853968902663,6.3020695110655,6.3020695110655,"EB_features"
2023,"401525877",9,"2023-10-28 19:30:00",FALSE,251,252,"Big 12","Big 12","2023-10-23",10,29,7,6,16.897803771111,0.0466773807331289,23.2036639535045,3.06853968902663,-5.79633604649554,5.79633604649554,"EB_features"
2023,"401531398",9,"2023-10-28 19:30:00",FALSE,2636,151,"American Athletic","American Athletic","2023-10-23",10,14,7,6,3.44722632824845,-0.809183206288188,12.7740648742216,3.06853968902663,-1.22593512577838,1.22593512577838,"EB_features"
2023,"401531898",9,"2023-10-28 19:30:00",FALSE,2026,2572,"Sun Belt","Sun Belt","2023-10-23",10,10,6,6,-3.17556301563631,-5.25721763815564,16.3382890314519,3.06853968902663,6.3382890314519,6.3382890314519,"EB_features"
2023,"401532432",9,"2023-10-28 19:30:00",FALSE,195,193,"Mid-American","Mid-American","2023-10-23",10,-14,7,7,-2.28326483769577,-4.57109848819065,4.98385405699722,3.06853968902663,18.9838540569972,18.9838540569972,"EB_features"
2023,"401524041",9,"2023-10-28 20:00:00",FALSE,25,30,"Pac-12","Pac-12","2023-10-23",10,-1,6,7,-0.426200951687595,10.8818374003839,-10.3442428878818,3.06853968902663,-9.34424288788176,9.34424288788176,"EB_features"
2023,"401531373",9,"2023-10-28 20:00:00",FALSE,242,2655,"American Athletic","American Athletic","2023-10-23",10,-2,6,6,-9.49204755778836,4.78658971161309,-10.1086694798817,3.06853968902663,-8.10866947988168,8.10866947988168,"EB_features"
2023,"401531901",9,"2023-10-28 21:00:00",FALSE,2433,2032,"Sun Belt","Sun Belt","2023-10-23",10,-10,6,6,-11.6744643239036,-9.18139744094876,5.0794581165124,3.06853968902663,15.0794581165124,15.0794581165124,"EB_features"
2023,"401531902",9,"2023-10-28 21:00:00",FALSE,6,309,"Sun Belt","Sun Belt","2023-10-23",10,-13,6,5,-0.31204205104997,-3.33112780422227,13.2269761158518,3.06853968902663,26.2269761158518,26.2269761158518,"EB_features"
2023,"401532607",9,"2023-10-28 21:30:00",FALSE,68,2751,"Mountain West","Mountain West","2023-10-23",10,25,6,6,4.83084921196508,-4.89650725634921,5.06895511789793,3.06853968902663,-19.9310448821021,19.9310448821021,"EB_features"
2023,"401531899",9,"2023-10-28 22:00:00",FALSE,324,276,"Sun Belt","Sun Belt","2023-10-23",10,28,6,6,-4.0664323671685,-1.57912755184323,0.95143351220752,3.06853968902663,-27.0485664877925,27.0485664877925,"EB_features"
2023,"401520353",9,"2023-10-28 23:00:00",FALSE,96,2633,"SEC","SEC","2023-10-23",10,-6,6,6,4.90144796452591,18.1291906752804,-10.2001676279655,3.06853968902663,-4.20016762796546,4.20016762796546,"EB_features"
2023,"401524042",9,"2023-10-28 23:00:00",FALSE,24,264,"Pac-12","Pac-12","2023-10-23",10,-9,5,6,-3.533224274467,9.51608546319503,-22.5893741176199,3.06853968902663,-13.5893741176199,13.5893741176199,"EB_features"
2023,"401531903",9,"2023-10-28 23:00:00",FALSE,326,2653,"Sun Belt","Sun Belt","2023-10-23",10,-18,6,6,-14.5646151712821,-0.228119125865274,-8.92065436759775,3.06853968902663,9.07934563240225,9.07934563240225,"EB_features"
2023,"401532603",9,"2023-10-28 23:00:00",FALSE,36,2005,"Mountain West","Mountain West","2023-10-23",10,-17,6,6,-7.49445999327466,2.65725757265408,-14.7222116825839,3.06853968902663,2.27778831741606,2.27778831741606,"EB_features"
2023,"401520357",9,"2023-10-28 23:30:00",FALSE,145,238,"SEC","SEC","2023-10-23",10,26,6,7,8.60251202051385,-2.15613603384531,24.0609436144613,3.06853968902663,-1.93905638553865,1.93905638553865,"EB_features"
2023,"401520360",9,"2023-10-28 23:30:00",FALSE,275,194,"Big Ten","Big Ten","2023-10-23",10,-14,7,6,4.64507620554755,22.0865710094723,-17.6512344464679,3.06853968902663,-3.65123444646791,3.65123444646791,"EB_features"
2023,"401524043",9,"2023-10-28 23:30:00",FALSE,26,38,"Pac-12","Pac-12","2023-10-23",10,12,5,7,3.99812095837365,-12.4310739777089,15.0101591839885,3.06853968902663,3.01015918398849,3.01015918398849,"EB_features"
2023,"401524040",9,"2023-10-29",FALSE,9,265,"Pac-12","Pac-12","2023-10-23",10,11,5,6,-5.58949604479709,5.03738303061916,-9.84889148754816,3.06853968902663,-20.8488914875482,20.8488914875482,"EB_features"
2023,"401525537",9,"2023-10-29",FALSE,59,153,"ACC","ACC","2023-10-23",10,4,6,7,-5.27477644278468,7.10718459479112,-12.1231520463977,3.06853968902663,-16.1231520463977,16.1231520463977,"EB_features"
2023,"401525876",9,"2023-10-29",FALSE,197,2132,"Big 12","Big 12","2023-10-23",10,32,6,6,0.654608718943525,-2.14087644295686,10.9674483004013,3.06853968902663,-21.0325516995987,21.0325516995987,"EB_features"
2023,"401531900",9,"2023-10-29",FALSE,256,295,"Sun Belt","Sun Belt","2023-10-23",10,3,6,6,-7.36617322981202,-10.996763105513,14.1213507090332,3.06853968902663,11.1213507090332,11.1213507090332,"EB_features"
2023,"401524039",9,"2023-10-29 02:30:00",FALSE,12,204,"Pac-12","Pac-12","2023-10-23",10,3,6,6,1.95827610901674,4.59741116196697,-0.0128435030260587,3.06853968902663,-3.01284350302606,3.01284350302606,"EB_features"
2023,"401532604",9,"2023-10-29 02:30:00",FALSE,2440,167,"Mountain West","Mountain West","2023-10-23",10,10,5,6,-10.7790022213138,-12.7699881636536,3.59081574188053,3.06853968902663,-6.40918425811947,6.40918425811947,"EB_features"
2023,"401532606",9,"2023-10-29 02:30:00",FALSE,278,2439,"Mountain West","Mountain West","2023-10-23",10,7,6,6,0.37588194939327,-7.58554356006078,11.1698695433033,3.06853968902663,4.16986954330327,4.16986954330327,"EB_features"
2023,"401532605",9,"2023-10-29 03:59:00",FALSE,62,23,"Mountain West","Mountain West","2023-10-23",10,-35,7,7,-11.1836259410702,-2.46217342263677,-10.7175451986505,3.06853968902663,24.2824548013495,24.2824548013495,"EB_features"
2023,"401532433",10,"2023-10-31 23:00:00",FALSE,2117,2459,"Mid-American","Mid-American","2023-10-30",11,6,7,7,-6.62831266709798,-5.79165269315436,-3.35092436719578,3.06853968902663,-9.35092436719578,9.35092436719578,"EB_features"
2023,"401532434",10,"2023-10-31 23:30:00",FALSE,2649,2084,"Mid-American","Mid-American","2023-10-30",11,18,7,7,-1.12926122918302,-2.089820824311,9.05555525437239,3.06853968902663,-8.94444474562761,8.94444474562761,"EB_features"
2023,"401532435",10,"2023-11-01 23:00:00",FALSE,189,2050,"Mid-American","Mid-American","2023-10-30",11,3,7,7,-8.81466524876209,-8.13243262508609,12.6389388713442,3.06853968902663,9.63893887134424,9.63893887134424,"EB_features"
2023,"401532436",10,"2023-11-01 23:30:00",FALSE,2006,2309,"Mid-American","Mid-American","2023-10-30",11,4,7,7,-9.05471421606347,-8.2546763636491,6.19886133038345,3.06853968902663,2.19886133038345,2.19886133038345,"EB_features"
2023,"401525879",10,"2023-11-02 23:00:00",FALSE,2641,2628,"Big 12","Big 12","2023-10-30",11,7,7,7,4.02460675540978,8.26463341282027,0.71768269827063,3.06853968902663,-6.28231730172937,6.28231730172937,"EB_features"
2023,"401525539",10,"2023-11-02 23:30:00",FALSE,150,154,"ACC","ACC","2023-10-30",11,3,7,7,5.15665768979597,2.21565669896186,15.8014388140004,3.06853968902663,12.8014388140004,12.8014388140004,"EB_features"
2023,"401531904",10,"2023-11-02 23:30:00",FALSE,2653,6,"Sun Belt","Sun Belt","2023-10-30",11,18,7,7,-0.228119125865274,-0.31204205104997,2.78773163214652,3.06853968902663,-15.2122683678535,15.2122683678535,"EB_features"
2023,"401525540",10,"2023-11-03 23:30:00",FALSE,183,103,"ACC","ACC","2023-10-30",11,-7,7,7,3.57269828141835,-4.0573937257766,5.3311309961407,3.06853968902663,12.3311309961407,12.3311309961407,"EB_features"
2023,"401532609",10,"2023-11-04",FALSE,2751,36,"Mountain West","Mountain West","2023-10-30",11,9,7,7,-4.89650725634921,-7.49445999327466,9.10081966623035,3.06853968902663,0.100819666230349,0.100819666230349,"EB_features"
2023,"401520363",10,"2023-11-04 16:00:00",FALSE,57,8,"SEC","SEC","2023-10-30",11,-3,7,7,8.97662445826921,6.13774035314406,4.49387152850563,3.06853968902663,7.49387152850563,7.49387152850563,"EB_features"
2023,"401520365",10,"2023-11-04 16:00:00",FALSE,84,275,"Big Ten","Big Ten","2023-10-30",11,6,7,8,-1.30086491076485,4.64507620554755,-8.74374018106589,3.06853968902663,-14.7437401810659,14.7437401810659,"EB_features"
2023,"401520369",10,"2023-11-04 16:00:00",FALSE,127,158,"Big Ten","Big Ten","2023-10-30",11,3,7,8,1.89109894563547,-1.13984550484991,-1.83913627732653,3.06853968902663,-4.83913627732653,4.83913627732653,"EB_features"
2023,"401520374",10,"2023-11-04 16:00:00",FALSE,145,245,"SEC","SEC","2023-10-30",11,3,7,8,8.60251202051385,9.74317528100165,3.49460387468228,3.06853968902663,0.494603874682285,0.494603874682285,"EB_features"
2023,"401520375",10,"2023-11-04 16:00:00",FALSE,164,194,"Big Ten","Big Ten","2023-10-30",11,-19,7,7,-3.6559936297895,22.0865710094723,-21.0960445298986,3.06853968902663,-2.09604452989856,2.09604452989856,"EB_features"
2023,"401520376",10,"2023-11-04 16:00:00",FALSE,2579,55,"SEC","Conference USA","2023-10-30",11,10,7,8,7.85165706882928,-8.54758311213612,13.8277047222061,3.06853968902663,3.82770472220614,3.82770472220614,"EB_features"
2023,"401520377",10,"2023-11-04 16:00:00",FALSE,2633,41,"SEC","FBS Independents","2023-10-30",11,56,7,8,18.1291906752804,-10.6555748157341,35.7139741458051,3.06853968902663,-20.2860258541949,20.2860258541949,"EB_features"
2023,"401525441",10,"2023-11-04 16:00:00",FALSE,228,87,"ACC","FBS Independents","2023-10-30",11,8,7,8,16.6913921602134,11.8901143480111,-5.84988932387219,3.06853968902663,-13.8498893238722,13.8498893238722,"EB_features"
2023,"401525884",10,"2023-11-04 16:00:00",FALSE,251,2306,"Big 12","Big 12","2023-10-30",11,3,8,7,16.897803771111,9.41701498384415,6.16800900288935,3.06853968902663,3.16800900288935,3.16800900288935,"EB_features"
2023,"401524049",10,"2023-11-04 18:00:00",FALSE,254,9,"Pac-12","Pac-12","2023-10-30",11,52,7,6,12.0338685165383,-5.58949604479709,20.2006908237186,3.06853968902663,-31.7993091762814,31.7993091762814,"EB_features"
2023,"401525542",10,"2023-11-04 18:00:00",FALSE,258,59,"ACC","ACC","2023-10-30",11,-28,7,6,-4.95993191875096,-5.27477644278468,3.62395213676603,3.06853968902663,31.623952136766,31.623952136766,"EB_features"
2023,"401531392",10,"2023-11-04 18:00:00",FALSE,218,2426,"American Athletic","American Athletic","2023-10-30",11,14,7,6,-5.1442240553318,-2.32843886509639,-11.3627280653711,3.06853968902663,-25.3627280653711,25.3627280653711,"EB_features"
2023,"401520361",10,"2023-11-04 18:30:00",TRUE,2005,349,"Mountain West","FBS Independents","2023-10-30",11,-20,7,7,2.65725757265408,-0.824620313369167,18.4562355936731,3.06853968902663,38.4562355936731,38.4562355936731,"EB_features"
2023,"401531383",10,"2023-11-04 19:00:00",FALSE,5,2226,"American Athletic","American Athletic","2023-10-30",11,3,7,7,-5.93024721607497,-4.17549313463025,-1.25909890865299,3.06853968902663,-4.25909890865299,4.25909890865299,"EB_features"
2023,"401531399",10,"2023-11-04 19:00:00",FALSE,249,2636,"American Athletic","American Athletic","2023-10-30",11,-8,7,8,-6.69347320667538,3.44722632824845,-6.45949543691351,3.06853968902663,1.54050456308649,1.54050456308649,"EB_features"
2023,"401531425",10,"2023-11-04 19:00:00",FALSE,235,58,"American Athletic","American Athletic","2023-10-30",11,9,7,7,3.52460579464826,-8.77550152888007,18.1935751763039,3.06853968902663,9.19357517630389,9.19357517630389,"EB_features"
2023,"401531908",10,"2023-11-04 19:00:00",FALSE,2032,309,"Sun Belt","Sun Belt","2023-10-30",11,20,7,7,-9.18139744094876,-3.33112780422227,-11.2834807593307,3.06853968902663,-31.2834807593307,31.2834807593307,"EB_features"
2023,"401520364",10,"2023-11-04 19:30:00",FALSE,61,142,"SEC","SEC","2023-10-30",11,9,7,7,26.5374868654518,4.97044738842312,17.6536204016464,3.06853968902663,8.65362040164637,8.65362040164637,"EB_features"
2023,"401520367",10,"2023-11-04 19:30:00",FALSE,120,213,"Big Ten","Big Ten","2023-10-30",11,-36,7,7,7.87144826355545,16.8718291596732,-10.5213750244479,3.06853968902663,25.4786249755521,25.4786249755521,"EB_features"
2023,"401520370",10,"2023-11-04 19:30:00",FALSE,135,356,"Big Ten","Big Ten","2023-10-30",11,-1,8,8,4.99930381316464,3.11708178883032,6.68019073326515,3.06853968902663,7.68019073326515,7.68019073326515,"EB_features"
2023,"401520373",10,"2023-11-04 19:30:00",TRUE,77,2294,"Big Ten","Big Ten","2023-10-30",11,-3,7,8,-3.53057599256615,6.36108627424228,-8.29032208207208,3.06853968902663,-5.29032208207208,5.29032208207208,"EB_features"
2023,"401525541",10,"2023-11-04 19:30:00",FALSE,221,52,"ACC","ACC","2023-10-30",11,-17,7,8,1.81411084899596,12.0152994100052,-22.1960867001986,3.06853968902663,-5.19608670019859,5.19608670019859,"EB_features"
2023,"401525543",10,"2023-11-04 19:30:00",FALSE,97,259,"ACC","ACC","2023-10-30",11,31,7,8,2.50342108610032,-1.62938060349827,9.89066016738984,3.06853968902663,-21.1093398326102,21.1093398326102,"EB_features"
2023,"401525880",10,"2023-11-04 19:30:00",FALSE,239,248,"Big 12","Big 12","2023-10-30",11,-1,7,8,4.55271716117174,-2.85862353774388,2.8650100901349,3.06853968902663,3.8650100901349,3.8650100901349,"EB_features"
2023,"401525881",10,"2023-11-04 19:30:00",FALSE,2132,2116,"Big 12","Big 12","2023-10-30",11,-2,6,7,-2.14087644295686,1.89550923963924,-3.9524385448093,3.06853968902663,-1.9524385448093,1.9524385448093,"EB_features"
2023,"401525883",10,"2023-11-04 19:30:00",FALSE,197,201,"Big 12","Big 12","2023-10-30",11,3,6,8,0.654608718943525,10.229732538545,-12.2187201533907,3.06853968902663,-15.2187201533907,15.2187201533907,"EB_features"
2023,"401531374",10,"2023-11-04 19:30:00",FALSE,151,2655,"American Athletic","American Athletic","2023-10-30",11,-3,7,7,-0.809183206288188,4.78658971161309,-10.5555776929122,3.06853968902663,-7.55557769291223,7.55557769291223,"EB_features"
2023,"401531906",10,"2023-11-04 19:30:00",FALSE,2247,256,"Sun Belt","Sun Belt","2023-10-30",11,-28,7,6,-5.52056810970323,-7.36617322981202,-1.26992808214319,3.06853968902663,26.7300719178568,26.7300719178568,"EB_features"
2023,"401531907",10,"2023-11-04 19:30:00",FALSE,295,324,"Sun Belt","Sun Belt","2023-10-30",11,-4,6,7,-10.996763105513,-4.0664323671685,-3.60138221083432,3.06853968902663,0.398617789165676,0.398617789165676,"EB_features"
2023,"401520379",10,"2023-11-04 20:00:00",FALSE,238,2,"SEC","SEC","2023-10-30",11,-16,8,7,-2.15613603384531,4.87145756160217,-11.0638455741115,3.06853968902663,4.93615442588849,4.93615442588849,"EB_features"
2023,"401531343",10,"2023-11-04 20:00:00",FALSE,202,2429,"American Athletic","American Athletic","2023-10-30",11,-7,7,7,-10.092057674358,-13.9231796079272,0.810211323680784,3.06853968902663,7.81021132368078,7.81021132368078,"EB_features"
2023,"401531909",10,"2023-11-04 20:00:00",FALSE,2572,2433,"Sun Belt","Sun Belt","2023-10-30",11,17,7,7,-5.25721763815564,-11.6744643239036,3.31470379498052,3.06853968902663,-13.6852962050195,13.6852962050195,"EB_features"
2023,"401532610",10,"2023-11-04 20:00:00",FALSE,2440,62,"Mountain West","Mountain West","2023-10-30",11,-13,6,7,-10.7790022213138,-11.1836259410702,6.42819868072486,3.06853968902663,19.4281986807249,19.4281986807249,"EB_features"
2023,"401531910",10,"2023-11-04 21:00:00",FALSE,326,290,"Sun Belt","Sun Belt","2023-10-30",11,21,7,7,-14.5646151712821,-4.48720198462731,-4.32877259808461,3.06853968902663,-25.3287725980846,25.3287725980846,"EB_features"
2023,"401524047",10,"2023-11-04 21:30:00",FALSE,2483,25,"Pac-12","Pac-12","2023-10-30",11,44,7,7,13.4011525654447,-0.426200951687595,23.1918043707868,3.06853968902663,-20.8081956292132,20.8081956292132,"EB_features"
2023,"401520366",10,"2023-11-04 22:00:00",FALSE,2335,2348,"Conference USA","Conference USA","2023-10-30",11,26,8,8,-6.65860971775929,-12.6307363252992,18.0897961456028,3.06853968902663,-7.91020385439721,7.91020385439721,"EB_features"
2023,"401520372",10,"2023-11-04 22:00:00",FALSE,166,2393,"Conference USA","Conference USA","2023-10-30",11,6,8,7,-7.97839073394274,-8.54469163294008,6.37815094048845,3.06853968902663,0.378150940488455,0.378150940488455,"EB_features"
2023,"401531905",10,"2023-11-04 22:00:00",FALSE,2026,276,"Sun Belt","Sun Belt","2023-10-30",11,22,7,7,-3.17556301563631,-1.57912755184323,3.19297218736916,3.06853968902663,-18.8070278126308,18.8070278126308,"EB_features"
2023,"401532611",10,"2023-11-04 22:00:00",FALSE,167,2439,"Mountain West","Mountain West","2023-10-30",11,-42,6,6,-12.7699881636536,-7.58554356006078,-9.82599205799778,3.06853968902663,32.1740079420022,32.1740079420022,"EB_features"
2023,"401525882",10,"2023-11-04 23:00:00",FALSE,66,2305,"Big 12","Big 12","2023-10-30",11,-7,7,7,6.01592273750331,1.95578557439158,3.17235232745767,3.06853968902663,10.1723523274577,10.1723523274577,"EB_features"
2023,"401525885",10,"2023-11-04 23:00:00",FALSE,277,252,"Big 12","Big 12","2023-10-30",11,30,7,7,0.110435881600945,0.0466773807331289,5.85247335655055,3.06853968902663,-24.1475266434494,24.1475266434494,"EB_features"
2023,"401532612",10,"2023-11-04 23:00:00",FALSE,21,328,"Mountain West","Mountain West","2023-10-30",11,-8,7,7,-5.54150521442767,-7.33567188851325,0.1047150196683,3.06853968902663,8.1047150196683,8.1047150196683,"EB_features"
2023,"401520368",10,"2023-11-04 23:30:00",FALSE,130,2509,"Big Ten","Big Ten","2023-10-30",11,28,8,8,21.1082908234881,-2.16497553357179,34.7441158694849,3.06853968902663,6.74411586948492,6.74411586948492,"EB_features"
2023,"401520371",10,"2023-11-04 23:30:00",FALSE,344,96,"SEC","SEC","2023-10-30",11,-21,7,7,7.99353881936778,4.90144796452591,0.605214096977958,3.06853968902663,21.605214096978,21.605214096978,"EB_features"
2023,"401524048",10,"2023-11-04 23:30:00",FALSE,30,264,"Pac-12","Pac-12","2023-10-30",11,-10,9,8,10.8818374003839,9.51608546319503,0.216426606090403,3.06853968902663,10.2164266060904,10.2164266060904,"EB_features"
2023,"401531440",10,"2023-11-04 23:30:00",FALSE,242,2567,"American Athletic","American Athletic","2023-10-30",11,-5,7,7,-9.49204755778836,-2.55476402389677,-12.3554833045671,3.06853968902663,-7.35548330456707,7.35548330456707,"EB_features"
2023,"401520362",10,"2023-11-04 23:45:00",FALSE,333,99,"SEC","SEC","2023-10-30",11,14,8,7,22.7945033388696,15.4790742069625,4.42856258318312,3.06853968902663,-9.57143741681688,9.57143741681688,"EB_features"
2023,"401525544",10,"2023-11-05",FALSE,152,2390,"ACC","ACC","2023-10-30",11,14,7,7,3.27846346635311,2.19697992703741,-3.00495471586883,3.06853968902663,-17.0049547158688,17.0049547158688,"EB_features"
2023,"401520378",10,"2023-11-05 01:00:00",FALSE,2638,98,"Conference USA","Conference USA","2023-10-30",11,-8,8,7,-8.21450249754989,-2.90706956034601,-7.41746040865205,3.06853968902663,0.582539591347947,0.582539591347947,"EB_features"
2023,"401524050",10,"2023-11-05 01:00:00",FALSE,265,24,"Pac-12","Pac-12","2023-10-30",11,-3,6,7,5.03738303061916,-3.533224274467,15.5028017577531,3.06853968902663,18.5028017577531,18.5028017577531,"EB_features"
2023,"401524046",10,"2023-11-05 02:00:00",FALSE,38,204,"Pac-12","Pac-12","2023-10-30",11,-7,8,6,-12.4310739777089,4.59741116196697,-12.1474259254943,3.06853968902663,-5.14742592549433,5.14742592549433,"EB_features"
2023,"401532608",10,"2023-11-05 02:00:00",FALSE,278,68,"Mountain West","Mountain West","2023-10-30",11,7,6,7,0.37588194939327,4.83084921196508,6.5570485542474,3.06853968902663,-0.442951445752595,0.442951445752595,"EB_features"
2023,"401524045",10,"2023-11-05 02:30:00",FALSE,12,26,"Pac-12","Pac-12","2023-10-30",11,17,6,7,1.95827610901674,3.99812095837365,1.55050002266565,3.06853968902663,-15.4494999773343,15.4494999773343,"EB_features"
2023,"401532437",11,"2023-11-08",FALSE,2459,2050,"Mid-American","Mid-American","2023-11-06",12,-3,8,8,-5.79165269315436,-8.13243262508609,13.6809953956736,3.06853968902663,16.6809953956736,16.6809953956736,"EB_features"
2023,"401532438",11,"2023-11-08",FALSE,2711,2117,"Mid-American","Mid-American","2023-11-06",12,10,8,8,-11.1870697484118,-6.62831266709798,1.65532191023053,3.06853968902663,-8.34467808976947,8.34467808976947,"EB_features"
2023,"401532439",11,"2023-11-08 00:30:00",FALSE,2084,195,"Mid-American","Mid-American","2023-11-06",12,-10,8,8,-2.089820824311,-2.28326483769577,-2.33835591639171,3.06853968902663,7.66164408360829,7.66164408360829,"EB_features"
2023,"401532441",11,"2023-11-09",FALSE,193,2006,"Mid-American","Mid-American","2023-11-06",12,19,8,8,-4.57109848819065,-9.05471421606347,19.630484963575,3.06853968902663,0.630484963574958,0.630484963574958,"EB_features"
2023,"401532442",11,"2023-11-09",FALSE,2309,189,"Mid-American","Mid-American","2023-11-06",12,-30,8,8,-8.2546763636491,-8.81466524876209,-10.2642364930474,3.06853968902663,19.7357635069526,19.7357635069526,"EB_features"
2023,"401532440",11,"2023-11-09 00:30:00",FALSE,2649,2199,"Mid-American","Mid-American","2023-11-06",12,26,8,8,-1.12926122918302,-4.8574283917715,15.72957489764,3.06853968902663,-10.27042510236,10.27042510236,"EB_features"
2023,"401525546",11,"2023-11-10 00:30:00",FALSE,97,258,"ACC","ACC","2023-11-06",12,7,8,8,2.50342108610032,-4.95993191875096,18.8951983941177,3.06853968902663,11.8951983941177,11.8951983941177,"EB_features"
2023,"401531911",11,"2023-11-10 00:30:00",FALSE,309,2572,"Sun Belt","Sun Belt","2023-11-06",12,-3,8,8,-3.33112780422227,-5.25721763815564,14.2122969044406,3.06853968902663,17.2122969044406,17.2122969044406,"EB_features"
2023,"401531437",11,"2023-11-11 02:00:00",FALSE,2567,249,"American Athletic","American Athletic","2023-11-06",12,24,8,8,-2.55476402389677,-6.69347320667538,19.7357911531037,3.06853968902663,-4.26420884689626,4.26420884689626,"EB_features"
2023,"401532618",11,"2023-11-11 03:45:00",FALSE,2439,2751,"Mountain West","Mountain West","2023-11-06",12,20,8,8,-7.58554356006078,-4.89650725634921,6.54055899576479,3.06853968902663,-13.4594410042352,13.4594410042352,"EB_features"
2023,"401520383",11,"2023-11-11 17:00:00",FALSE,356,84,"Big Ten","Big Ten","2023-11-06",12,3,9,8,3.11708178883032,-1.30086491076485,5.41324768828111,3.06853968902663,2.41324768828111,2.41324768828111,"EB_features"
2023,"401520386",11,"2023-11-11 17:00:00",FALSE,96,333,"SEC","SEC","2023-11-06",12,-28,8,9,4.90144796452591,22.7945033388696,-11.4834689543694,3.06853968902663,16.5165310456306,16.5165310456306,"EB_features"
2023,"401520392",11,"2023-11-11 17:00:00",FALSE,158,120,"Big Ten","Big Ten","2023-11-06",12,-3,9,8,-1.13984550484991,7.87144826355545,-3.73560830874241,3.06853968902663,-0.73560830874241,0.73560830874241,"EB_features"
2023,"401520394",11,"2023-11-11 17:00:00",FALSE,213,130,"Big Ten","Big Ten","2023-11-06",12,-9,8,9,16.8718291596732,21.1082908234881,-0.773560500043927,3.06853968902663,8.22643949995607,8.22643949995607,"EB_features"
2023,"401520396",11,"2023-11-11 17:00:00",FALSE,2579,238,"SEC","SEC","2023-11-06",12,41,8,9,7.85165706882928,-2.15613603384531,14.5404251077071,3.06853968902663,-26.4595748922929,26.4595748922929,"EB_features"
2023,"401525547",11,"2023-11-11 17:00:00",FALSE,103,259,"ACC","ACC","2023-11-06",12,-26,8,9,-4.0573937257766,-1.62938060349827,1.64435317998238,3.06853968902663,27.6443531799824,27.6443531799824,"EB_features"
2023,"401525548",11,"2023-11-11 17:00:00",FALSE,228,59,"ACC","ACC","2023-11-06",12,21,8,8,16.6913921602134,-5.27477644278468,15.5147784355177,3.06853968902663,-5.48522156448231,5.48522156448231,"EB_features"
2023,"401525888",11,"2023-11-11 17:00:00",FALSE,2305,2641,"Big 12","Big 12","2023-11-06",12,-3,8,8,1.95578557439158,4.02460675540978,4.47286601621004,3.06853968902663,7.47286601621004,7.47286601621004,"EB_features"
2023,"401531344",11,"2023-11-11 17:00:00",FALSE,2655,202,"American Athletic","American Athletic","2023-11-06",12,2,8,8,4.78658971161309,-10.092057674358,24.306705744451,3.06853968902663,22.306705744451,22.306705744451,"EB_features"
2023,"401531393",11,"2023-11-11 17:00:00",FALSE,58,218,"American Athletic","American Athletic","2023-11-06",12,4,8,8,-8.77550152888007,-5.1442240553318,11.4345919040418,3.06853968902663,7.4345919040418,7.4345919040418,"EB_features"
2023,"401520388",11,"2023-11-11 18:00:00",FALSE,2335,295,"Conference USA","Sun Belt","2023-11-06",12,28,9,8,-6.65860971775929,-10.996763105513,13.7642210726604,3.06853968902663,-14.2357789273396,14.2357789273396,"EB_features"
2023,"401520385",11,"2023-11-11 19:00:00",FALSE,256,41,"Sun Belt","FBS Independents","2023-11-06",12,38,8,9,-7.36617322981202,-10.6555748157341,21.2304481840119,3.06853968902663,-16.7695518159881,16.7695518159881,"EB_features"
2023,"401524052",11,"2023-11-11 19:00:00",FALSE,38,12,"Pac-12","Pac-12","2023-11-06",12,-3,8,7,-12.4310739777089,1.95827610901674,-8.66705301061067,3.06853968902663,-5.66705301061067,5.66705301061067,"EB_features"
2023,"401525551",11,"2023-11-11 19:00:00",FALSE,154,152,"ACC","ACC","2023-11-06",12,-20,8,7,2.21565669896186,3.27846346635311,0.986093851469223,3.06853968902663,20.9860938514692,20.9860938514692,"EB_features"
2023,"401531408",11,"2023-11-11 19:00:00",FALSE,2429,235,"American Athletic","American Athletic","2023-11-06",12,-6,8,8,-13.9231796079272,3.52460579464826,-14.3720757902151,3.06853968902663,-8.37207579021511,8.37207579021511,"EB_features"
2023,"401531913",11,"2023-11-11 19:00:00",FALSE,2247,2026,"Sun Belt","Sun Belt","2023-11-06",12,-28,8,8,-5.52056810970323,-3.17556301563631,1.31957629071069,3.06853968902663,29.3195762907107,29.3195762907107,"EB_features"
2023,"401531915",11,"2023-11-11 19:00:00",FALSE,2433,2653,"Sun Belt","Sun Belt","2023-11-06",12,-31,8,8,-11.6744643239036,-0.228119125865274,-20.4139269868861,3.06853968902663,10.5860730131139,10.5860730131139,"EB_features"
2023,"401520387",11,"2023-11-11 20:00:00",FALSE,2348,2534,"Conference USA","Conference USA","2023-11-06",12,-15,9,8,-12.6307363252992,-2.0923139896591,1.21823512587493,3.06853968902663,16.2182351258749,16.2182351258749,"EB_features"
2023,"401525889",11,"2023-11-11 20:00:00",FALSE,2306,239,"Big 12","Big 12","2023-11-06",12,34,8,8,9.41701498384415,4.55271716117174,25.3547775975128,3.06853968902663,-8.64522240248723,8.64522240248723,"EB_features"
2023,"401532615",11,"2023-11-11 20:00:00",FALSE,328,2440,"Mountain West","Mountain West","2023-11-06",12,17,8,8,-7.33567188851325,-10.7790022213138,11.7713280809048,3.06853968902663,-5.22867191909516,5.22867191909516,"EB_features"
2023,"401520384",11,"2023-11-11 20:30:00",FALSE,2294,164,"Big Ten","Big Ten","2023-11-06",12,22,9,8,6.36108627424228,-3.6559936297895,5.43632102694634,3.06853968902663,-16.5636789730537,16.5636789730537,"EB_features"
2023,"401520390",11,"2023-11-11 20:30:00",FALSE,2393,2229,"Conference USA","Conference USA","2023-11-06",12,34,8,8,-8.54469163294008,-13.2409558426855,8.72551550470976,3.06853968902663,-25.2744844952902,25.2744844952902,"EB_features"
2023,"401520391",11,"2023-11-11 20:30:00",FALSE,142,2633,"SEC","SEC","2023-11-06",12,29,8,8,4.97044738842312,18.1291906752804,-6.52556630406791,3.06853968902663,-35.5255663040679,35.5255663040679,"EB_features"
2023,"401520395",11,"2023-11-11 20:30:00",FALSE,2509,135,"Big Ten","Big Ten","2023-11-06",12,19,9,9,-2.16497553357179,4.99930381316464,-1.2030878874055,3.06853968902663,-20.2030878874055,20.2030878874055,"EB_features"
2023,"401520398",11,"2023-11-11 20:30:00",FALSE,275,77,"Big Ten","Big Ten","2023-11-06",12,-14,9,8,4.64507620554755,-3.53057599256615,10.8851192410211,3.06853968902663,24.8851192410211,24.8851192410211,"EB_features"
2023,"401520399",11,"2023-11-11 20:30:00",FALSE,98,166,"Conference USA","Conference USA","2023-11-06",12,-9,7,9,-2.90706956034601,-7.97839073394274,7.89692881715398,3.06853968902663,16.896928817154,16.896928817154,"EB_features"
2023,"401524056",11,"2023-11-11 20:30:00",FALSE,264,254,"Pac-12","Pac-12","2023-11-06",12,7,9,8,9.51608546319503,12.0338685165383,6.52729603697604,3.06853968902663,-0.472703963023958,0.472703963023958,"EB_features"
2023,"401525550",11,"2023-11-11 20:30:00",FALSE,52,2390,"ACC","ACC","2023-11-06",12,7,9,7,12.0152994100052,2.19697992703741,15.9443765308338,3.06853968902663,8.94437653083383,8.94437653083383,"EB_features"
2023,"401525552",11,"2023-11-11 20:30:00",TRUE,183,221,"ACC","ACC","2023-11-06",12,15,8,8,3.57269828141835,1.81411084899596,1.72325674483809,3.06853968902663,-13.2767432551619,13.2767432551619,"EB_features"
2023,"401525892",11,"2023-11-11 20:30:00",FALSE,2116,197,"Big 12","Big 12","2023-11-06",12,42,8,8,1.89550923963924,0.654608718943525,-1.40367090615281,3.06853968902663,-43.4036709061528,43.4036709061528,"EB_features"
2023,"401531384",11,"2023-11-11 20:30:00",FALSE,2426,5,"American Athletic","American Athletic","2023-11-06",12,25,7,8,-2.32843886509639,-5.93024721607497,3.2375070306651,3.06853968902663,-21.7624929693349,21.7624929693349,"EB_features"
2023,"401531912",11,"2023-11-11 20:30:00",FALSE,324,326,"Sun Belt","Sun Belt","2023-11-06",12,8,8,8,-4.0664323671685,-14.5646151712821,8.33734750124571,3.06853968902663,0.337347501245706,0.337347501245706,"EB_features"
2023,"401520380",11,"2023-11-11 21:00:00",FALSE,8,2,"SEC","SEC","2023-11-06",12,-38,8,8,6.13774035314406,4.87145756160217,2.18464206276772,3.06853968902663,40.1846420627677,40.1846420627677,"EB_features"
2023,"401524051",11,"2023-11-11 21:00:00",FALSE,25,265,"Pac-12","Pac-12","2023-11-06",12,3,8,7,-0.426200951687595,5.03738303061916,-0.0878704222462874,3.06853968902663,-3.08787042224629,3.08787042224629,"EB_features"
2023,"401531416",11,"2023-11-11 21:00:00",FALSE,2226,151,"American Athletic","American Athletic","2023-11-06",12,-15,8,8,-4.17549313463025,-0.809183206288188,6.28995608203392,3.06853968902663,21.2899560820339,21.2899560820339,"EB_features"
2023,"401531916",11,"2023-11-11 22:00:00",FALSE,6,2032,"Sun Belt","Sun Belt","2023-11-06",12,7,8,8,-0.31204205104997,-9.18139744094876,19.9305209649703,3.06853968902663,12.9305209649703,12.9305209649703,"EB_features"
2023,"401524054",11,"2023-11-11 22:30:00",FALSE,204,24,"Pac-12","Pac-12","2023-11-06",12,45,7,7,4.59741116196697,-3.533224274467,21.2851414939538,3.06853968902663,-23.7148585060462,23.7148585060462,"EB_features"
2023,"401520382",11,"2023-11-12",FALSE,61,145,"SEC","SEC","2023-11-06",12,35,8,8,26.5374868654518,8.60251202051385,12.4898634077613,3.06853968902663,-22.5101365922387,22.5101365922387,"EB_features"
2023,"401525887",11,"2023-11-12",FALSE,248,2132,"Big 12","Big 12","2023-11-06",12,-10,9,8,-2.85862353774388,-2.14087644295686,6.20201131012382,3.06853968902663,16.2020113101238,16.2020113101238,"EB_features"
2023,"401525890",11,"2023-11-12",FALSE,201,277,"Big 12","Big 12","2023-11-06",12,39,9,8,10.229732538545,0.110435881600945,16.1966459591077,3.06853968902663,-22.8033540408923,22.8033540408923,"EB_features"
2023,"401531914",11,"2023-11-12",FALSE,276,290,"Sun Belt","Sun Belt","2023-11-06",12,5,8,8,-1.57912755184323,-4.48720198462731,0.846392337053147,3.06853968902663,-4.15360766294685,4.15360766294685,"EB_features"
2023,"401532617",11,"2023-11-12",FALSE,36,21,"Mountain West","Mountain West","2023-11-06",12,3,8,8,-7.49445999327466,-5.54150521442767,4.13639412099943,3.06853968902663,1.13639412099943,1.13639412099943,"EB_features"
2023,"401520389",11,"2023-11-12 00:30:00",FALSE,99,57,"SEC","SEC","2023-11-06",12,17,8,8,15.4790742069625,8.97662445826921,15.8096266533454,3.06853968902663,-1.19037334665456,1.19037334665456,"EB_features"
2023,"401520393",11,"2023-11-12 00:30:00",FALSE,194,127,"Big Ten","Big Ten","2023-11-06",12,35,8,8,22.0865710094723,1.89109894563547,34.5823633272742,3.06853968902663,-0.417636672725827,0.417636672725827,"EB_features"
2023,"401520397",11,"2023-11-12 00:30:00",FALSE,245,344,"SEC","SEC","2023-11-06",12,41,9,8,9.74317528100165,7.99353881936778,14.8639635935204,3.06853968902663,-26.1360364064796,26.1360364064796,"EB_features"
2023,"401525891",11,"2023-11-12 00:30:00",FALSE,2628,251,"Big 12","Big 12","2023-11-06",12,-3,8,9,8.26463341282027,16.897803771111,-10.9430215659135,3.06853968902663,-7.94302156591355,7.94302156591355,"EB_features"
2023,"401531400",11,"2023-11-12 00:30:00",FALSE,2636,242,"American Athletic","American Athletic","2023-11-06",12,20,9,8,3.44722632824845,-9.49204755778836,11.5469968861626,3.06853968902663,-8.4530031138374,8.4530031138374,"EB_features"
2023,"401525549",11,"2023-11-12 01:00:00",FALSE,153,150,"ACC","ACC","2023-11-06",12,2,8,8,7.10718459479112,5.15665768979597,2.60864255890464,3.06853968902663,0.608642558904639,0.608642558904639,"EB_features"
2023,"401524055",11,"2023-11-12 02:00:00",FALSE,26,9,"Pac-12","Pac-12","2023-11-06",12,-10,7,8,3.99812095837365,-5.58949604479709,19.4004223020059,3.06853968902663,29.4004223020059,29.4004223020059,"EB_features"
2023,"401532616",11,"2023-11-12 03:00:00",FALSE,68,167,"Mountain West","Mountain West","2023-11-06",12,28,7,8,4.83084921196508,-12.7699881636536,23.2162043745312,3.06853968902663,-4.78379562546879,4.78379562546879,"EB_features"
2023,"401525886",11,"2023-11-12 03:15:00",FALSE,252,66,"Big 12","Big 12","2023-11-06",12,-32,8,8,0.0466773807331289,6.01592273750331,-4.0519167828364,3.06853968902663,27.9480832171636,27.9480832171636,"EB_features"
2023,"401524053",11,"2023-11-12 03:30:00",FALSE,2483,30,"Pac-12","Pac-12","2023-11-06",12,9,8,10,13.4011525654447,10.8818374003839,13.8827472561353,3.06853968902663,4.88274725613527,4.88274725613527,"EB_features"
2023,"401532614",11,"2023-11-12 03:30:00",FALSE,23,278,"Mountain West","Mountain West","2023-11-06",12,24,8,7,-2.46217342263677,0.37588194939327,-3.43748022973073,3.06853968902663,-27.4374802297307,27.4374802297307,"EB_features"
2023,"401532613",11,"2023-11-12 04:00:00",FALSE,62,2005,"Mountain West","Mountain West","2023-11-06",12,14,9,8,-11.1836259410702,2.65725757265408,-19.4569820621896,3.06853968902663,-33.4569820621896,33.4569820621896,"EB_features"
2023,"401532443",12,"2023-11-15",FALSE,189,2649,"Mid-American","Mid-American","2023-11-13",13,-1,9,9,-8.81466524876209,-1.12926122918302,-3.50505085725858,3.06853968902663,-2.50505085725858,2.50505085725858,"EB_features"
2023,"401532444",12,"2023-11-15",FALSE,2459,2711,"Mid-American","Mid-American","2023-11-13",13,24,9,9,-5.79165269315436,-11.1870697484118,7.49643149160393,3.06853968902663,-16.5035685083961,16.5035685083961,"EB_features"
2023,"401532445",12,"2023-11-15",FALSE,2199,2006,"Mid-American","Mid-American","2023-11-13",13,3,9,9,-4.8574283917715,-9.05471421606347,7.27801122813693,3.06853968902663,4.27801122813693,4.27801122813693,"EB_features"
2023,"401532446",12,"2023-11-16",FALSE,195,2117,"Mid-American","Mid-American","2023-11-13",13,14,9,9,-2.28326483769577,-6.62831266709798,12.1269700910313,3.06853968902663,-1.87302990896868,1.87302990896868,"EB_features"
2023,"401532447",12,"2023-11-16",FALSE,193,2084,"Mid-American","Mid-American","2023-11-13",13,13,9,9,-4.57109848819065,-2.089820824311,10.7304817037889,3.06853968902663,-2.26951829621113,2.26951829621113,"EB_features"
2023,"401525553",12,"2023-11-17",FALSE,221,103,"ACC","ACC","2023-11-13",13,8,9,9,1.81411084899596,-4.0573937257766,2.67593914076418,3.06853968902663,-5.32406085923582,5.32406085923582,"EB_features"
2023,"401531401",12,"2023-11-18 02:00:00",FALSE,2636,58,"American Athletic","American Athletic","2023-11-13",13,28,9,9,3.44722632824845,-8.77550152888007,15.9065670400361,3.06853968902663,-12.0934329599639,12.0934329599639,"EB_features"
2023,"401524057",12,"2023-11-18 03:30:00",FALSE,265,38,"Pac-12","Pac-12","2023-11-13",13,42,9,10,5.03738303061916,-12.4310739777089,7.85335927689135,3.06853968902663,-34.1466407231087,34.1466407231087,"EB_features"
2023,"401520403",12,"2023-11-18 17:00:00",FALSE,349,324,"FBS Independents","Sun Belt","2023-11-13",13,7,8,9,-0.824620313369167,-4.0664323671685,-2.01373184085517,3.06853968902663,-9.01373184085516,9.01373184085516,"EB_features"
2023,"401520405",12,"2023-11-18 17:00:00",FALSE,84,127,"Big Ten","Big Ten","2023-11-13",13,-3,9,8,-1.30086491076485,1.89109894563547,4.23107647594,3.06853968902663,7.23107647594,7.23107647594,"EB_features"
2023,"401520410",12,"2023-11-18 17:00:00",FALSE,120,130,"Big Ten","Big Ten","2023-11-13",13,-7,9,10,7.87144826355545,21.1082908234881,-19.3349744118555,3.06853968902663,-12.3349744118555,12.3349744118555,"EB_features"
2023,"401520412",12,"2023-11-18 17:00:00",FALSE,344,2572,"SEC","Sun Belt","2023-11-13",13,21,8,9,7.99353881936778,-5.25721763815564,20.1529777263859,3.06853968902663,-0.847022273614119,0.847022273614119,"EB_features"
2023,"401520414",12,"2023-11-18 17:00:00",FALSE,77,2509,"Big Ten","Big Ten","2023-11-13",13,8,9,10,-3.53057599256615,-2.16497553357179,4.25935373210665,3.06853968902663,-3.74064626789335,3.74064626789335,"EB_features"
2023,"401520416",12,"2023-11-18 17:00:00",FALSE,145,2433,"SEC","Sun Belt","2023-11-13",13,32,8,9,8.60251202051385,-11.6744643239036,36.0482837112592,3.06853968902663,4.04828371125918,4.04828371125918,"EB_features"
2023,"401520417",12,"2023-11-18 17:00:00",FALSE,213,164,"Big Ten","Big Ten","2023-11-13",13,21,9,9,16.8718291596732,-3.6559936297895,24.8263226317062,3.06853968902663,3.82632263170622,3.82632263170622,"EB_features"
2023,"401525558",12,"2023-11-18 17:00:00",FALSE,2390,97,"ACC","ACC","2023-11-13",13,-7,9,9,2.19697992703741,2.50342108610032,1.83414963223925,3.06853968902663,8.83414963223925,8.83414963223925,"EB_features"
2023,"401525893",12,"2023-11-18 17:00:00",FALSE,252,201,"Big 12","Big 12","2023-11-13",13,-7,8,9,0.0466773807331289,10.229732538545,-17.3959540441277,3.06853968902663,-10.3959540441277,10.3959540441277,"EB_features"
2023,"401531375",12,"2023-11-18 17:00:00",FALSE,2226,2655,"American Athletic","American Athletic","2023-11-13",13,-16,9,9,-4.17549313463025,4.78658971161309,-5.95982405073291,3.06853968902663,10.0401759492671,10.0401759492671,"EB_features"
2023,"401531417",12,"2023-11-18 17:00:00",FALSE,2426,151,"American Athletic","American Athletic","2023-11-13",13,10,8,9,-2.32843886509639,-0.809183206288188,2.12586671797332,3.06853968902663,-7.87413328202668,7.87413328202668,"EB_features"
2023,"401531431",12,"2023-11-18 17:00:00",FALSE,235,2567,"American Athletic","American Athletic","2023-11-13",13,-4,9,9,3.52460579464826,-2.55476402389677,-2.41124167540664,3.06853968902663,1.58875832459336,1.58875832459336,"EB_features"
2023,"401520408",12,"2023-11-18 18:00:00",FALSE,2335,113,"Conference USA","FBS Independents","2023-11-13",13,24,10,9,-6.65860971775929,-15.8478986689729,25.555004810896,3.06853968902663,1.55500481089599,1.55500481089599,"EB_features"
2023,"401520407",12,"2023-11-18 19:00:00",FALSE,55,2348,"Conference USA","Conference USA","2023-11-13",13,39,9,10,-8.54758311213612,-12.6307363252992,12.3037361435031,3.06853968902663,-26.6962638564969,26.6962638564969,"EB_features"
2023,"401520411",12,"2023-11-18 19:00:00",FALSE,2393,2638,"Conference USA","Conference USA","2023-11-13",13,4,9,9,-8.54469163294008,-8.21450249754989,7.90136441391935,3.06853968902663,3.90136441391935,3.90136441391935,"EB_features"
2023,"401531409",12,"2023-11-18 19:00:00",FALSE,2429,242,"American Athletic","American Athletic","2023-11-13",13,-21,9,8,-13.9231796079272,-9.49204755778836,-3.57826710667566,3.06853968902663,17.4217328933243,17.4217328933243,"EB_features"
2023,"401531918",12,"2023-11-18 19:00:00",FALSE,256,2026,"Sun Belt","Sun Belt","2023-11-13",13,-3,9,9,-7.36617322981202,-3.17556301563631,7.89777057091944,3.06853968902663,10.8977705709194,10.8977705709194,"EB_features"
2023,"401532448",12,"2023-11-18 19:00:00",FALSE,2050,2309,"Mid-American","Mid-American","2023-11-13",13,31,9,9,-8.13243262508609,-8.2546763636491,10.8169128067623,3.06853968902663,-20.1830871932377,20.1830871932377,"EB_features"
2023,"401532620",12,"2023-11-18 19:00:00",FALSE,2751,62,"Mountain West","Mountain West","2023-11-13",13,33,9,9,-4.89650725634921,-11.1836259410702,16.0566030564941,3.06853968902663,-16.9433969435059,16.9433969435059,"EB_features"
2023,"401524058",12,"2023-11-18 19:30:00",FALSE,12,254,"Pac-12","Pac-12","2023-11-13",13,24,9,9,1.95827610901674,12.0338685165383,-1.81815270744611,3.06853968902663,-25.8181527074461,25.8181527074461,"EB_features"
2023,"401525899",12,"2023-11-18 19:30:00",FALSE,277,2132,"Big 12","Big 12","2023-11-13",13,21,8,8,0.110435881600945,-2.14087644295686,14.4722715659142,3.06853968902663,-6.52772843408578,6.52772843408578,"EB_features"
2023,"401525555",12,"2023-11-18 20:00:00",FALSE,258,150,"ACC","ACC","2023-11-13",13,3,9,8,-4.95993191875096,5.15665768979597,-11.9333267913977,3.06853968902663,-14.9333267913977,14.9333267913977,"EB_features"
2023,"401531345",12,"2023-11-18 20:00:00",FALSE,202,249,"American Athletic","American Athletic","2023-11-13",13,-7,9,9,-10.092057674358,-6.69347320667538,-2.8232308425813,3.06853968902663,4.1767691574187,4.1767691574187,"EB_features"
2023,"401531385",12,"2023-11-18 20:00:00",FALSE,5,218,"American Athletic","American Athletic","2023-11-13",13,10,9,9,-5.93024721607497,-5.1442240553318,10.1533166287215,3.06853968902663,0.153316628721507,0.153316628721507,"EB_features"
2023,"401531919",12,"2023-11-18 20:00:00",FALSE,2032,326,"Sun Belt","Sun Belt","2023-11-13",13,46,9,9,-9.18139744094876,-14.5646151712821,-2.02939378433499,3.06853968902663,-48.029393784335,48.029393784335,"EB_features"
2023,"401532621",12,"2023-11-18 20:00:00",FALSE,36,2440,"Mountain West","Mountain West","2023-11-13",13,10,8,9,-7.49445999327466,-10.7790022213138,8.99708764375875,3.06853968902663,-1.00291235624125,1.00291235624125,"EB_features"
2023,"401520406",12,"2023-11-18 20:30:00",FALSE,2294,356,"Big Ten","Big Ten","2023-11-13",13,2,10,10,6.36108627424228,3.11708178883032,11.2070105235863,3.06853968902663,9.20701052358629,9.20701052358629,"EB_features"
2023,"401520419",12,"2023-11-18 20:30:00",FALSE,2633,61,"SEC","SEC","2023-11-13",13,-28,9,8,18.1291906752804,26.5374868654518,-3.49421171525111,3.06853968902663,24.5057882847489,24.5057882847489,"EB_features"
2023,"401520423",12,"2023-11-18 20:30:00",FALSE,98,2534,"Conference USA","Conference USA","2023-11-13",13,5,9,9,-2.90706956034601,-2.0923139896591,8.52483127384519,3.06853968902663,3.52483127384519,3.52483127384519,"EB_features"
2023,"401524062",12,"2023-11-18 20:30:00",FALSE,30,26,"Pac-12","Pac-12","2023-11-13",13,-18,10,8,10.8818374003839,3.99812095837365,7.80786228133888,3.06853968902663,25.8078622813389,25.8078622813389,"EB_features"
2023,"401525442",12,"2023-11-18 20:30:00",FALSE,87,154,"FBS Independents","ACC","2023-11-13",13,38,9,9,11.8901143480111,2.21565669896186,24.5356024121296,3.06853968902663,-13.4643975878704,13.4643975878704,"EB_features"
2023,"401525554",12,"2023-11-18 20:30:00",FALSE,228,153,"ACC","ACC","2023-11-13",13,11,9,8,16.6913921602134,7.10718459479112,6.17531248143575,3.06853968902663,-4.82468751856425,4.82468751856425,"EB_features"
2023,"401525559",12,"2023-11-18 20:30:00",FALSE,259,152,"ACC","ACC","2023-11-13",13,-7,10,9,-1.62938060349827,3.27846346635311,0.0500712151360418,3.06853968902663,7.05007121513604,7.05007121513604,"EB_features"
2023,"401525897",12,"2023-11-18 20:30:00",FALSE,2628,239,"Big 12","Big 12","2023-11-13",13,25,8,9,8.26463341282027,4.55271716117174,14.0016941355361,3.06853968902663,-10.9983058644639,10.9983058644639,"EB_features"
2023,"401531921",12,"2023-11-18 20:30:00",FALSE,2653,309,"Sun Belt","Sun Belt","2023-11-13",13,7,9,9,-0.228119125865274,-3.33112780422227,15.5914904652184,3.06853968902663,8.59149046521838,8.59149046521838,"EB_features"
2023,"401532624",12,"2023-11-18 20:30:00",FALSE,2005,2439,"Mountain West","Mountain West","2023-11-13",13,-4,8,9,2.65725757265408,-7.58554356006078,7.73333114334078,3.06853968902663,11.7333311433408,11.7333311433408,"EB_features"
2023,"401520404",12,"2023-11-18 21:00:00",FALSE,2,166,"SEC","Conference USA","2023-11-13",13,-21,9,10,4.87145756160217,-7.97839073394274,20.7400880646346,3.06853968902663,41.7400880646346,41.7400880646346,"EB_features"
2023,"401520415",12,"2023-11-18 21:00:00",FALSE,194,135,"Big Ten","Big Ten","2023-11-13",13,34,8,10,22.0865710094723,4.99930381316464,29.8944999789426,3.06853968902663,-4.10550002105744,4.10550002105744,"EB_features"
2023,"401524059",12,"2023-11-18 21:00:00",FALSE,9,2483,"Pac-12","Pac-12","2023-11-13",13,-36,8,8,-5.58949604479709,13.4011525654447,-27.7545624678084,3.06853968902663,8.24543753219156,8.24543753219156,"EB_features"
2023,"401525894",12,"2023-11-18 21:00:00",FALSE,248,197,"Big 12","Big 12","2023-11-13",13,-13,9,9,-2.85862353774388,0.654608718943525,-3.41194963884978,3.06853968902663,9.58805036115022,9.58805036115022,"EB_features"
2023,"401525898",12,"2023-11-18 22:00:00",FALSE,2641,2116,"Big 12","Big 12","2023-11-13",13,1,9,9,4.02460675540978,1.89550923963924,3.51569703964254,3.06853968902663,2.51569703964254,2.51569703964254,"EB_features"
2023,"401531920",12,"2023-11-18 22:00:00",FALSE,6,276,"Sun Belt","Sun Belt","2023-11-13",13,28,9,8,-0.31204205104997,-1.57912755184323,10.9247044267208,3.06853968902663,-17.0752955732792,17.0752955732792,"EB_features"
2023,"401531917",12,"2023-11-18 23:00:00",FALSE,290,295,"Sun Belt","Sun Belt","2023-11-13",13,-3,8,9,-4.48720198462731,-10.996763105513,7.23129749285705,3.06853968902663,10.231297492857,10.231297492857,"EB_features"
2023,"401524061",12,"2023-11-18 23:30:00",FALSE,24,25,"Pac-12","Pac-12","2023-11-13",13,-12,9,9,-3.533224274467,-0.426200951687595,-5.16749647349811,3.06853968902663,6.83250352650189,6.83250352650189,"EB_features"
2023,"401525896",12,"2023-11-19",FALSE,2305,2306,"Big 12","Big 12","2023-11-13",13,-4,9,9,1.95578557439158,9.41701498384415,-10.1869383165031,3.06853968902663,-6.1869383165031,6.1869383165031,"EB_features"
2023,"401532619",12,"2023-11-19",FALSE,328,68,"Mountain West","Mountain West","2023-11-13",13,-35,9,8,-7.33567188851325,4.83084921196508,-4.36063407146351,3.06853968902663,30.6393659285365,30.6393659285365,"EB_features"
2023,"401520402",12,"2023-11-19 00:30:00",FALSE,8,2229,"SEC","Conference USA","2023-11-13",13,24,9,9,6.13774035314406,-13.2409558426855,25.6164051010983,3.06853968902663,1.61640510109827,1.61640510109827,"EB_features"
2023,"401520413",12,"2023-11-19 00:30:00",FALSE,142,57,"SEC","SEC","2023-11-13",13,2,9,8,4.97044738842312,8.97662445826921,9.67854231803113,3.06853968902663,7.67854231803113,7.67854231803113,"EB_features"
2023,"401520418",12,"2023-11-19 00:30:00",FALSE,2579,96,"SEC","SEC","2023-11-13",13,3,9,9,7.85165706882928,4.90144796452591,2.73584495512365,3.06853968902663,-0.264155044876346,0.264155044876346,"EB_features"
2023,"401520422",12,"2023-11-19 00:30:00",FALSE,275,158,"Big Ten","Big Ten","2023-11-13",13,7,10,10,4.64507620554755,-1.13984550484991,7.25466921196393,3.06853968902663,0.254669211963931,0.254669211963931,"EB_features"
2023,"401524060",12,"2023-11-19 00:30:00",FALSE,204,264,"Pac-12","Pac-12","2023-11-13",13,-2,9,10,4.59741116196697,9.51608546319503,-1.66328653254263,3.06853968902663,0.336713467457372,0.336713467457372,"EB_features"
2023,"401520409",12,"2023-11-19 01:00:00",FALSE,99,2247,"SEC","Sun Belt","2023-11-13",13,42,8,9,15.4790742069625,-5.52056810970323,30.6056135035425,3.06853968902663,-11.3943864964575,11.3943864964575,"EB_features"
2023,"401525557",12,"2023-11-19 01:00:00",FALSE,59,183,"ACC","ACC","2023-11-13",13,9,9,9,-5.27477644278468,3.57269828141835,2.92235666458462,3.06853968902663,-6.07764333541538,6.07764333541538,"EB_features"
2023,"401525895",12,"2023-11-19 01:00:00",FALSE,66,251,"Big 12","Big 12","2023-11-13",13,-10,8,9,6.01592273750331,16.897803771111,-12.3807600019546,3.06853968902663,-2.38076000195461,2.38076000195461,"EB_features"
2023,"401532622",12,"2023-11-19 03:30:00",FALSE,278,167,"Mountain West","Mountain West","2023-11-13",13,-8,8,8,0.37588194939327,-12.7699881636536,26.3680079182464,3.06853968902663,34.3680079182464,34.3680079182464,"EB_features"
2023,"401532623",12,"2023-11-19 03:30:00",FALSE,23,21,"Mountain West","Mountain West","2023-11-13",13,11,8,8,-2.46217342263677,-5.54150521442767,12.1020500005802,3.06853968902663,1.10205000058019,1.10205000058019,"EB_features"
2023,"401532450",13,"2023-11-22",FALSE,2711,189,"Mid-American","Mid-American","2023-11-20",14,-24,10,10,-11.1870697484118,-8.81466524876209,-3.19049802027186,3.06853968902663,20.8095019797281,20.8095019797281,"EB_features"
2023,"401532449",13,"2023-11-22 00:30:00",FALSE,2084,2199,"Mid-American","Mid-American","2023-11-20",14,-13,10,10,-2.089820824311,-4.8574283917715,8.04395917871824,3.06853968902663,21.0439591787182,21.0439591787182,"EB_features"
2023,"401520424",13,"2023-11-24 00:30:00",FALSE,344,145,"SEC","SEC","2023-11-20",14,-10,10,10,7.99353881936778,8.60251202051385,-9.12817271331665,3.06853968902663,0.87182728668335,0.87182728668335,"EB_features"
2023,"401520425",13,"2023-11-24 17:00:00",FALSE,158,2294,"Big Ten","Big Ten","2023-11-20",14,-3,10,11,-1.13984550484991,6.36108627424228,-3.44617690005745,3.06853968902663,-0.446176900057454,0.446176900057454,"EB_features"
2023,"401525560",13,"2023-11-24 17:00:00",FALSE,103,2390,"ACC","ACC","2023-11-20",14,-25,10,10,-4.0573937257766,2.19697992703741,-8.64392342855504,3.06853968902663,16.356076571445,16.356076571445,"EB_features"
2023,"401525900",13,"2023-11-24 17:00:00",FALSE,201,2628,"Big 12","Big 12","2023-11-20",14,24,11,10,10.229732538545,8.26463341282027,15.0369069822504,3.06853968902663,-8.96309301774962,8.96309301774962,"EB_features"
2023,"401531394",13,"2023-11-24 17:00:00",FALSE,218,235,"American Athletic","American Athletic","2023-11-20",14,-24,10,10,-5.1442240553318,3.52460579464826,-18.0823000272293,3.06853968902663,5.9176999727707,5.9176999727707,"EB_features"
2023,"401532451",13,"2023-11-24 17:00:00",FALSE,2117,2649,"Mid-American","Mid-American","2023-11-20",14,-15,10,10,-6.62831266709798,-1.12926122918302,-8.68092236734603,3.06853968902663,6.31907763265397,6.31907763265397,"EB_features"
2023,"401532452",13,"2023-11-24 17:00:00",FALSE,2006,195,"Mid-American","Mid-American","2023-11-20",14,-11,10,10,-9.05471421606347,-2.28326483769577,-12.5640667040837,3.06853968902663,-1.56406670408366,1.56406670408366,"EB_features"
2023,"401531376",13,"2023-11-24 20:30:00",FALSE,2655,2636,"American Athletic","American Athletic","2023-11-20",14,13,10,11,4.78658971161309,3.44722632824845,3.95820666273895,3.06853968902663,-9.04179333726105,9.04179333726105,"EB_features"
2023,"401532629",13,"2023-11-24 20:30:00",FALSE,167,328,"Mountain West","Mountain West","2023-11-20",14,-3,9,9,-12.7699881636536,-7.33567188851325,-8.90557453703713,3.06853968902663,-5.90557453703713,5.90557453703713,"EB_features"
2023,"401520426",13,"2023-11-24 21:00:00",FALSE,8,142,"SEC","SEC","2023-11-20",14,-34,9,9,6.13774035314406,4.97044738842312,-7.74701447718808,3.06853968902663,26.2529855228119,26.2529855228119,"EB_features"
2023,"401532625",13,"2023-11-24 21:00:00",FALSE,68,2005,"Mountain West","Mountain West","2023-11-20",14,8,9,10,4.83084921196508,2.65725757265408,2.71871596136506,3.06853968902663,-5.28128403863494,5.28128403863494,"EB_features"
2023,"401520435",13,"2023-11-25 00:30:00",TRUE,127,213,"Big Ten","Big Ten","2023-11-20",14,-42,10,10,1.89109894563547,16.8718291596732,-27.8444982631519,3.06853968902663,14.1555017368481,14.1555017368481,"EB_features"
2023,"401525901",13,"2023-11-25 00:30:00",FALSE,251,2641,"Big 12","Big 12","2023-11-20",14,50,10,10,16.897803771111,4.02460675540978,17.4836714452541,3.06853968902663,-32.5163285547459,32.5163285547459,"EB_features"
2023,"401524063",13,"2023-11-25 01:30:00",FALSE,2483,204,"Pac-12","Pac-12","2023-11-20",14,24,10,9,13.4011525654447,4.59741116196697,14.2716032835627,3.06853968902663,-9.72839671643734,9.72839671643734,"EB_features"
2023,"401520432",13,"2023-11-25 17:00:00",FALSE,97,96,"ACC","SEC","2023-11-20",14,-7,10,9,2.50342108610032,4.90144796452591,5.80963821166384,3.06853968902663,12.8096382116638,12.8096382116638,"EB_features"
2023,"401520433",13,"2023-11-25 17:00:00",FALSE,99,245,"SEC","SEC","2023-11-20",14,12,9,10,15.4790742069625,9.74317528100165,7.65424804288349,3.06853968902663,-4.34575195711651,4.34575195711651,"EB_features"
2023,"401520434",13,"2023-11-25 17:00:00",FALSE,130,194,"Big Ten","Big Ten","2023-11-20",14,6,11,10,21.1082908234881,22.0865710094723,4.08400076073876,3.06853968902663,-1.91599923926124,1.91599923926124,"EB_features"
2023,"401520438",13,"2023-11-25 17:00:00",FALSE,2509,84,"Big Ten","Big Ten","2023-11-20",14,4,11,10,-2.16497553357179,-1.30086491076485,4.8755981120265,3.06853968902663,0.875598112026501,0.875598112026501,"EB_features"
2023,"401520440",13,"2023-11-25 17:00:00",FALSE,2534,2393,"Conference USA","Conference USA","2023-11-20",14,3,10,10,-2.0923139896591,-8.54469163294008,2.34489711338544,3.06853968902663,-0.655102886614563,0.655102886614563,"EB_features"
2023,"401520443",13,"2023-11-25 17:00:00",FALSE,113,41,"FBS Independents","FBS Independents","2023-11-20",14,-13,10,10,-15.8478986689729,-10.6555748157341,1.97394693691897,3.06853968902663,14.973946936919,14.973946936919,"EB_features"
2023,"401525561",13,"2023-11-25 17:00:00",FALSE,150,221,"ACC","ACC","2023-11-20",14,11,10,10,5.15665768979597,1.81411084899596,16.130685224845,3.06853968902663,5.13068522484495,5.13068522484495,"EB_features"
2023,"401525906",13,"2023-11-25 17:00:00",FALSE,2116,248,"Big 12","Big 12","2023-11-20",14,14,10,11,1.89550923963924,-2.85862353774388,13.1106070963043,3.06853968902663,-0.889392903695663,0.889392903695663,"EB_features"
2023,"401531435",13,"2023-11-25 17:00:00",FALSE,2567,2426,"American Athletic","American Athletic","2023-11-20",14,45,10,9,-2.55476402389677,-2.32843886509639,18.4461213880625,3.06853968902663,-26.5538786119375,26.5538786119375,"EB_features"
2023,"401531927",13,"2023-11-25 17:00:00",FALSE,2572,2653,"Sun Belt","Sun Belt","2023-11-20",14,-18,10,10,-5.25721763815564,-0.228119125865274,-17.1713363010871,3.06853968902663,0.82866369891293,0.82866369891293,"EB_features"
2023,"401532453",13,"2023-11-25 17:00:00",FALSE,2309,2459,"Mid-American","Mid-American","2023-11-20",14,-10,10,10,-8.2546763636491,-5.79165269315436,-15.4939445496348,3.06853968902663,-5.49394454963476,5.49394454963476,"EB_features"
2023,"401532454",13,"2023-11-25 17:00:00",FALSE,2050,193,"Mid-American","Mid-American","2023-11-20",14,-2,10,10,-8.13243262508609,-4.57109848819065,-9.0503010253718,3.06853968902663,-7.0503010253718,7.0503010253718,"EB_features"
2023,"401531421",13,"2023-11-25 18:00:00",FALSE,242,2226,"American Athletic","American Athletic","2023-11-20",14,3,10,10,-9.49204755778836,-4.17549313463025,3.88916225849841,3.06853968902663,0.889162258498407,0.889162258498407,"EB_features"
2023,"401525563",13,"2023-11-25 19:00:00",FALSE,183,154,"ACC","ACC","2023-11-20",14,4,9,10,3.57269828141835,2.21565669896186,5.43849548682725,3.06853968902663,1.43849548682725,1.43849548682725,"EB_features"
2023,"401531346",13,"2023-11-25 19:00:00",FALSE,151,202,"American Athletic","American Athletic","2023-11-20",14,-2,10,10,-0.809183206288188,-10.092057674358,11.584259356649,3.06853968902663,13.584259356649,13.584259356649,"EB_features"
2023,"401531386",13,"2023-11-25 19:00:00",FALSE,249,5,"American Athletic","American Athletic","2023-11-20",14,3,10,10,-6.69347320667538,-5.93024721607497,4.99297114621099,3.06853968902663,1.99297114621099,1.99297114621099,"EB_features"
2023,"401531925",13,"2023-11-25 19:00:00",FALSE,295,2247,"Sun Belt","Sun Belt","2023-11-20",14,1,10,9,-10.996763105513,-5.52056810970323,2.1977552999442,3.06853968902663,1.1977552999442,1.1977552999442,"EB_features"
2023,"401520428",13,"2023-11-25 20:00:00",FALSE,2229,98,"Conference USA","Conference USA","2023-11-20",14,-13,9,10,-13.2409558426855,-2.90706956034601,-10.6602777498246,3.06853968902663,2.33972225017541,2.33972225017541,"EB_features"
2023,"401524067",13,"2023-11-25 20:00:00",FALSE,254,38,"Pac-12","Pac-12","2023-11-20",14,6,10,11,12.0338685165383,-12.4310739777089,19.7839248143113,3.06853968902663,13.7839248143113,13.7839248143113,"EB_features"
2023,"401531926",13,"2023-11-25 20:00:00",FALSE,309,2433,"Sun Belt","Sun Belt","2023-11-20",14,31,10,10,-3.33112780422227,-11.6744643239036,15.6285306308031,3.06853968902663,-15.3714693691969,15.3714693691969,"EB_features"
2023,"401532628",13,"2023-11-25 20:00:00",FALSE,2439,23,"Mountain West","Mountain West","2023-11-20",14,-6,10,9,-7.58554356006078,-2.46217342263677,4.12984723617121,3.06853968902663,10.1298472361712,10.1298472361712,"EB_features"
2023,"401520427",13,"2023-11-25 20:30:00",FALSE,2,333,"SEC","SEC","2023-11-20",14,-3,10,10,4.87145756160217,22.7945033388696,-12.5922502344533,3.06853968902663,-9.59225023445332,9.59225023445332,"EB_features"
2023,"401520431",13,"2023-11-25 20:30:00",FALSE,356,77,"Big Ten","Big Ten","2023-11-20",14,-2,11,10,3.11708178883032,-3.53057599256615,2.31891284899739,3.06853968902663,4.31891284899739,4.31891284899739,"EB_features"
2023,"401520436",13,"2023-11-25 20:30:00",FALSE,135,275,"Big Ten","Big Ten","2023-11-20",14,-14,11,10,4.99930381316464,4.64507620554755,-1.35849137412944,3.06853968902663,12.6415086258706,12.6415086258706,"EB_features"
2023,"401520439",13,"2023-11-25 20:30:00",FALSE,164,120,"Big Ten","Big Ten","2023-11-20",14,-18,10,10,-3.6559936297895,7.87144826355545,-1.98596480288469,3.06853968902663,16.0140351971153,16.0140351971153,"EB_features"
2023,"401520442",13,"2023-11-25 20:30:00",FALSE,2633,238,"SEC","SEC","2023-11-20",14,24,10,10,18.1291906752804,-2.15613603384531,27.948903072901,3.06853968902663,3.94890307290103,3.94890307290103,"EB_features"
2023,"401520444",13,"2023-11-25 20:30:00",FALSE,2638,2335,"Conference USA","Conference USA","2023-11-20",14,-14,10,11,-8.21450249754989,-6.65860971775929,-14.4915713964709,3.06853968902663,-0.491571396470922,0.491571396470922,"EB_features"
2023,"401524064",13,"2023-11-25 20:30:00",FALSE,9,12,"Pac-12","Pac-12","2023-11-20",14,-36,10,10,-5.58949604479709,1.95827610901674,-13.1189822589611,3.06853968902663,22.8810177410389,22.8810177410389,"EB_features"
2023,"401525564",13,"2023-11-25 20:30:00",FALSE,258,259,"ACC","ACC","2023-11-20",14,-38,10,11,-4.95993191875096,-1.62938060349827,-1.91665659007898,3.06853968902663,36.083343409921,36.083343409921,"EB_features"
2023,"401525905",13,"2023-11-25 20:30:00",FALSE,197,252,"Big 12","Big 12","2023-11-20",14,6,10,10,0.654608718943525,0.0466773807331289,10.785654774696,3.06853968902663,4.78565477469596,4.78565477469596,"EB_features"
2023,"401531922",13,"2023-11-25 20:30:00",FALSE,2026,290,"Sun Belt","Sun Belt","2023-11-20",14,28,10,10,-3.17556301563631,-4.48720198462731,8.55475355603481,3.06853968902663,-19.4452464439652,19.4452464439652,"EB_features"
2023,"401531923",13,"2023-11-25 20:30:00",FALSE,324,256,"Sun Belt","Sun Belt","2023-11-20",14,-42,10,10,-4.0664323671685,-7.36617322981202,-2.90339529894326,3.06853968902663,39.0966047010567,39.0966047010567,"EB_features"
2023,"401531924",13,"2023-11-25 20:30:00",FALSE,276,2032,"Sun Belt","Sun Belt","2023-11-20",14,14,10,10,-1.57912755184323,-9.18139744094876,5.40408187615324,3.06853968902663,-8.59591812384676,8.59591812384676,"EB_features"
2023,"401520437",13,"2023-11-25 21:00:00",FALSE,166,55,"Conference USA","Conference USA","2023-11-20",14,3,11,10,-7.97839073394274,-8.54758311213612,1.67481863226844,3.06853968902663,-1.32518136773156,1.32518136773156,"EB_features"
2023,"401524068",13,"2023-11-25 21:00:00",FALSE,264,265,"Pac-12","Pac-12","2023-11-20",14,3,10,10,9.51608546319503,5.03738303061916,16.0540317359068,3.06853968902663,13.0540317359068,13.0540317359068,"EB_features"
2023,"401520429",13,"2023-11-26",FALSE,57,52,"SEC","ACC","2023-11-20",14,-9,9,10,8.97662445826921,12.0152994100052,-10.4923481181928,3.06853968902663,-1.49234811819284,1.49234811819284,"EB_features"
2023,"401524065",13,"2023-11-26",FALSE,24,87,"Pac-12","FBS Independents","2023-11-20",14,-33,10,10,-3.533224274467,11.8901143480111,-25.6754122175956,3.06853968902663,7.32458778240439,7.32458778240439,"EB_features"
2023,"401525902",13,"2023-11-26",FALSE,239,277,"Big 12","Big 12","2023-11-20",14,-3,10,10,4.55271716117174,0.110435881600945,-6.26273538519169,3.06853968902663,-3.26273538519169,3.26273538519169,"EB_features"
2023,"401531928",13,"2023-11-26",FALSE,326,6,"Sun Belt","Sun Belt","2023-11-20",14,8,10,10,-14.5646151712821,-0.31204205104997,-11.3339282687683,3.06853968902663,-19.3339282687683,19.3339282687683,"EB_features"
2023,"401520430",13,"2023-11-26 00:30:00",FALSE,59,61,"ACC","SEC","2023-11-20",14,-8,9,10,-5.27477644278468,26.5374868654518,-25.2664992282872,3.06853968902663,-17.2664992282872,17.2664992282872,"EB_features"
2023,"401520441",13,"2023-11-26 00:30:00",FALSE,2579,228,"SEC","ACC","2023-11-20",14,-9,9,10,7.85165706882928,16.6913921602134,-2.98122678664546,3.06853968902663,6.01877321335454,6.01877321335454,"EB_features"
2023,"401525903",13,"2023-11-26 00:30:00",FALSE,2132,2305,"Big 12","Big 12","2023-11-20",14,-33,10,9,-2.14087644295686,1.95578557439158,-8.79121806723285,3.06853968902663,24.2087819327672,24.2087819327672,"EB_features"
2023,"401531410",13,"2023-11-26 00:30:00",FALSE,58,2429,"American Athletic","American Athletic","2023-11-20",14,34,10,10,-8.77550152888007,-13.9231796079272,5.47358158514987,3.06853968902663,-28.5264184148501,28.5264184148501,"EB_features"
2023,"401525562",13,"2023-11-26 01:00:00",FALSE,152,153,"ACC","ACC","2023-11-20",14,19,10,10,3.27846346635311,7.10718459479112,-1.44517124103789,3.06853968902663,-20.4451712410379,20.4451712410379,"EB_features"
2023,"401525904",13,"2023-11-26 01:00:00",FALSE,2306,66,"Big 12","Big 12","2023-11-20",14,-7,9,9,9.41701498384415,6.01592273750331,14.9329758464183,3.06853968902663,21.9329758464183,21.9329758464183,"EB_features"
2023,"401532630",13,"2023-11-26 02:00:00",FALSE,2440,2751,"Mountain West","Mountain West","2023-11-20",14,-36,10,10,-10.7790022213138,-4.89650725634921,-9.23203482505801,3.06853968902663,26.767965174942,26.767965174942,"EB_features"
2023,"401524066",13,"2023-11-26 03:30:00",FALSE,26,25,"Pac-12","Pac-12","2023-11-20",14,-26,10,10,3.99812095837365,-0.426200951687595,10.0084935529214,3.06853968902663,36.0084935529214,36.0084935529214,"EB_features"
2023,"401532627",13,"2023-11-26 03:30:00",FALSE,21,278,"Mountain West","Mountain West","2023-11-20",14,15,9,9,-5.54150521442767,0.37588194939327,-10.4233569759911,3.06853968902663,-25.4233569759911,25.4233569759911,"EB_features"
2023,"401532626",13,"2023-11-26 04:00:00",FALSE,62,36,"Mountain West","Mountain West","2023-11-20",14,3,11,10,-11.1836259410702,-7.49445999327466,-3.55969913128114,3.06853968902663,-6.55969913128114,6.55969913128114,"EB_features"
2023,"401539476",14,"2023-12-02",FALSE,2335,166,"Conference USA","Conference USA","2023-11-27",15,14,12,12,-6.65860971775929,-7.97839073394274,11.4378934729593,3.06853968902663,-2.5621065270407,2.5621065270407,"EB_features"
2023,"401539475",14,"2023-12-02 01:00:00",TRUE,264,2483,"Pac-12","Pac-12","2023-11-27",15,3,12,11,9.51608546319503,13.4011525654447,-7.62624582918606,3.06853968902663,-10.6262458291861,10.6262458291861,"EB_features"
2023,"401539479",14,"2023-12-02 17:00:00",TRUE,251,197,"Big 12","Big 12","2023-11-27",15,28,12,11,16.897803771111,0.654608718943525,17.5638331150289,3.06853968902663,-10.4361668849711,10.4361668849711,"EB_features"
2023,"401539481",14,"2023-12-02 17:00:00",TRUE,2649,193,"Mid-American","Mid-American","2023-11-27",15,-9,11,11,-1.12926122918302,-4.57109848819065,2.5333695373756,3.06853968902663,11.5333695373756,11.5333695373756,"EB_features"
2023,"401539482",14,"2023-12-02 20:00:00",FALSE,2439,68,"Mountain West","Mountain West","2023-11-27",15,-24,11,11,-7.58554356006078,4.83084921196508,-0.563184423426216,3.06853968902663,23.4368155765738,23.4368155765738,"EB_features"
2023,"401539477",14,"2023-12-02 21:00:00",FALSE,2655,2567,"American Athletic","American Athletic","2023-11-27",15,-12,11,11,4.78658971161309,-2.55476402389677,-3.13644936855718,3.06853968902663,8.86355063144282,8.86355063144282,"EB_features"
2023,"401539483",14,"2023-12-02 21:00:00",TRUE,333,61,"SEC","SEC","2023-11-27",15,3,11,10,22.7945033388696,26.5374868654518,-5.19085968068923,3.06853968902663,-8.19085968068923,8.19085968068923,"EB_features"
2023,"401539484",14,"2023-12-02 21:00:00",FALSE,2653,2026,"Sun Belt","Sun Belt","2023-11-27",15,26,11,11,-0.228119125865274,-3.17556301563631,8.20549256034596,3.06853968902663,-17.794507439654,17.794507439654,"EB_features"
2023,"401539478",14,"2023-12-03 01:00:00",TRUE,52,97,"ACC","ACC","2023-11-27",15,10,10,11,12.0152994100052,2.50342108610032,11.4836125535265,3.06853968902663,1.48361255352649,1.48361255352649,"EB_features"
2023,"401539480",14,"2023-12-03 01:00:00",TRUE,2294,130,"Big Ten","Big Ten","2023-11-27",15,-26,12,12,6.36108627424228,21.1082908234881,-22.3282656802699,3.06853968902663,3.67173431973015,3.67173431973015,"EB_features"
2023,"401520445",15,"2023-12-09 20:00:00",TRUE,349,2426,"FBS Independents","American Athletic","2023-12-04",16,6,9,10,-0.824620313369167,-2.32843886509639,1.74622546107872,3.06853968902663,-4.25377453892128,4.25377453892128,"EB_features"
2023,"401551733",1,"2023-12-16 16:00:00",TRUE,195,290,"Mid-American","Sun Belt","2023-12-11",17,20,11,11,-2.28326483769577,-4.48720198462731,5.26143729065032,3.06853968902663,-14.7385627093497,14.7385627093497,"EB_features"
2023,"401551751",1,"2023-12-16 19:15:00",TRUE,309,55,"Sun Belt","Conference USA","2023-12-11",17,-3,11,11,-3.33112780422227,-8.54758311213612,-1.3423104229575,3.06853968902663,1.6576895770425,1.6576895770425,"EB_features"
2023,"401551731",1,"2023-12-16 20:30:00",TRUE,2026,193,"Sun Belt","Mid-American","2023-12-11",17,4,12,12,-3.17556301563631,-4.57109848819065,0.416194713426635,3.06853968902663,-3.58380528657336,3.58380528657336,"EB_features"
2023,"401551732",1,"2023-12-16 22:45:00",TRUE,278,166,"Mountain West","Conference USA","2023-12-11",17,27,11,13,0.37588194939327,-7.97839073394274,3.32905336677224,3.06853968902663,-23.6709466332278,23.6709466332278,"EB_features"
2023,"401551752",1,"2023-12-17 00:30:00",TRUE,68,26,"Mountain West","Pac-12","2023-12-11",17,-13,12,11,4.83084921196508,3.99812095837365,0.538964864715656,3.06853968902663,13.5389648647157,13.5389648647157,"EB_features"
2023,"401551753",1,"2023-12-17 02:15:00",TRUE,2641,25,"Big 12","Pac-12","2023-12-11",17,20,11,11,4.02460675540978,-0.426200951687595,1.17216841556406,3.06853968902663,-18.8278315844359,18.8278315844359,"EB_features"
2023,"401551469",1,"2023-12-18 19:30:00",TRUE,295,98,"Sun Belt","Conference USA","2023-12-18",18,-3,11,11,-10.996763105513,-2.90706956034601,-3.75367911795854,3.06853968902663,-0.75367911795854,0.75367911795854,"EB_features"
2023,"401551735",1,"2023-12-20 02:00:00",TRUE,276,2636,"Sun Belt","American Athletic","2023-12-18",18,-18,11,12,-1.57912755184323,3.44722632824845,-8.15525951081572,3.06853968902663,9.84474048918428,9.84474048918428,"EB_features"
2023,"401551737",1,"2023-12-22 01:00:00",TRUE,183,58,"ACC","American Athletic","2023-12-18",18,-45,11,11,3.57269828141835,-8.77550152888007,9.72804819019652,3.06853968902663,54.7280481901965,54.7280481901965,"EB_features"
2023,"401551754",1,"2023-12-22 23:30:00",TRUE,2116,59,"Big 12","ACC","2023-12-18",18,-13,11,11,1.89550923963924,-5.27477644278468,5.18644810268439,3.06853968902663,18.1864481026844,18.1864481026844,"EB_features"
2023,"401551739",1,"2023-12-23 17:00:00",TRUE,150,2653,"ACC","Sun Belt","2023-12-18",18,7,11,12,5.15665768979597,-0.228119125865274,1.92076314450429,3.06853968902663,-5.07923685549571,5.07923685549571,"EB_features"
2023,"401551741",1,"2023-12-23 17:00:00",TRUE,2459,2032,"Mid-American","Sun Belt","2023-12-18",18,2,11,11,-5.79165269315436,-9.18139744094876,4.56297373687923,3.06853968902663,2.56297373687923,2.56297373687923,"EB_features"
2023,"401551742",1,"2023-12-23 20:30:00",TRUE,2005,256,"Mountain West","Sun Belt","2023-12-18",18,10,11,11,2.65725757265408,-7.36617322981202,-3.11993958434487,3.06853968902663,-13.1199395843449,13.1199395843449,"EB_features"
2023,"401551743",1,"2023-12-23 20:30:00",TRUE,328,2247,"Mountain West","Sun Belt","2023-12-18",18,-23,11,11,-7.33567188851325,-5.52056810970323,-0.250187617011155,3.06853968902663,22.7498123829888,22.7498123829888,"EB_features"
2023,"401551755",1,"2023-12-24",FALSE,2199,6,"Mid-American","Sun Belt","2023-12-18",18,-49,11,11,-4.8574283917715,-0.31204205104997,-11.7462165893483,3.06853968902663,37.2537834106517,37.2537834106517,"EB_features"
2023,"401551744",1,"2023-12-24 00:30:00",TRUE,77,254,"Big Ten","Pac-12","2023-12-18",18,7,11,11,-3.53057599256615,12.0338685165383,-9.91631694237981,3.06853968902663,-16.9163169423798,16.9163169423798,"EB_features"
2023,"401551746",1,"2023-12-24 03:30:00",TRUE,23,324,"Mountain West","Sun Belt","2023-12-18",18,-10,11,11,-2.46217342263677,-4.0664323671685,6.26284231671667,3.06853968902663,16.2628423167167,16.2628423167167,"EB_features"
2023,"401551756",1,"2023-12-26 19:00:00",TRUE,135,189,"Big Ten","Mid-American","2023-12-25",19,6,12,11,4.99930381316464,-8.81466524876209,3.2945099797371,3.06853968902663,-2.7054900202629,2.7054900202629,"EB_features"
2023,"401551748",1,"2023-12-26 22:30:00",TRUE,242,326,"American Athletic","Sun Belt","2023-12-25",19,-24,11,11,-9.49204755778836,-14.5646151712821,4.23177045952589,3.06853968902663,28.2317704595259,28.2317704595259,"EB_features"
2023,"401551757",1,"2023-12-27 02:00:00",TRUE,2439,2305,"Mountain West","Big 12","2023-12-25",19,-13,12,11,-7.58554356006078,1.95578557439158,-9.31303480795278,3.06853968902663,3.68696519204722,3.68696519204722,"EB_features"
2023,"401551758",1,"2023-12-27 19:00:00",TRUE,2655,259,"American Athletic","ACC","2023-12-25",19,-21,12,12,4.78658971161309,-1.62938060349827,0.526252893544741,3.06853968902663,21.5262528935447,21.5262528935447,"EB_features"
2023,"401551761",1,"2023-12-27 22:30:00",TRUE,277,153,"Big 12","ACC","2023-12-25",19,20,11,11,0.110435881600945,7.10718459479112,-4.02374252847046,3.06853968902663,-24.0237425284705,24.0237425284705,"EB_features"
2023,"401581109",1,"2023-12-28 01:00:00",TRUE,30,97,"Pac-12","ACC","2023-12-25",19,14,12,12,10.8818374003839,2.50342108610032,1.61551850532877,3.06853968902663,-12.3844814946712,12.3844814946712,"EB_features"
2023,"401551749",1,"2023-12-28 02:00:00",TRUE,197,245,"Big 12","SEC","2023-12-25",19,8,12,11,0.654608718943525,9.74317528100165,-11.4411314630048,3.06853968902663,-19.4411314630048,19.4411314630048,"EB_features"
2023,"401551750",1,"2023-12-28 16:00:00",TRUE,103,2567,"ACC","American Athletic","2023-12-25",19,9,11,12,-4.0573937257766,-2.55476402389677,-15.6512686517337,3.06853968902663,-24.6512686517337,24.6512686517337,"EB_features"
2023,"401551762",1,"2023-12-28 19:15:00",TRUE,2390,164,"ACC","Big Ten","2023-12-25",19,-7,11,11,2.19697992703741,-3.6559936297895,6.79595755926627,3.06853968902663,13.7959575592663,13.7959575592663,"EB_features"
2023,"401551764",1,"2023-12-28 22:45:00",TRUE,2306,152,"Big 12","ACC","2023-12-25",19,9,11,11,9.41701498384415,3.27846346635311,11.6136115145221,3.06853968902663,2.61361151452215,2.61361151452215,"EB_features"
2023,"401551765",1,"2023-12-29 02:15:00",TRUE,201,12,"Big 12","Pac-12","2023-12-25",19,-14,12,11,10.229732538545,1.95827610901674,9.72214182852204,3.06853968902663,23.722141828522,23.722141828522,"EB_features"
2023,"401551766",1,"2023-12-29 17:00:00",TRUE,96,228,"SEC","ACC","2023-12-25",19,-3,11,11,4.90144796452591,16.6913921602134,-5.34769251647574,3.06853968902663,-2.34769251647574,2.34769251647574,"EB_features"
2023,"401551798",1,"2023-12-29 19:00:00",TRUE,87,204,"FBS Independents","Pac-12","2023-12-25",19,32,11,11,11.8901143480111,4.59741116196697,9.10317585560908,3.06853968902663,-22.8968241443909,22.8968241443909,"EB_features"
2023,"401551767",1,"2023-12-29 20:30:00",FALSE,66,235,"Big 12","American Athletic","2023-12-25",19,-10,11,11,6.01592273750331,3.52460579464826,8.49733792716294,3.06853968902663,18.4973379271629,18.4973379271629,"EB_features"
2023,"401551768",1,"2023-12-30 01:00:00",TRUE,194,142,"Big Ten","SEC","2023-12-25",19,-11,11,11,22.0865710094723,4.97044738842312,12.4083540557023,3.06853968902663,23.4083540557023,23.4083540557023,"EB_features"
2023,"401551769",1,"2023-12-30 17:00:00",TRUE,213,145,"Big Ten","SEC","2023-12-25",19,-13,11,11,16.8718291596732,8.60251202051385,11.8447803765738,3.06853968902663,24.8447803765738,24.8447803765738,"EB_features"
2023,"401551770",1,"2023-12-30 19:00:00",TRUE,120,2,"Big Ten","SEC","2023-12-25",19,18,11,11,7.87144826355545,4.87145756160217,0.467081166227498,3.06853968902663,-17.5329188337725,17.5329188337725,"EB_features"
2023,"401551773",1,"2023-12-30 21:00:00",TRUE,52,61,"ACC","SEC","2023-12-25",19,-60,12,12,12.0152994100052,26.5374868654518,-6.20137886199539,3.06853968902663,53.7986211380046,53.7986211380046,"EB_features"
2023,"401554566",1,"2023-12-30 21:30:00",TRUE,2751,2649,"Mountain West","Mid-American","2023-12-25",19,1,11,12,-4.89650725634921,-1.12926122918302,-2.29130226424844,3.06853968902663,-3.29130226424844,3.29130226424844,"EB_features"
2023,"401551778",1,"2024-01-01 17:00:00",TRUE,99,275,"SEC","Big Ten","2024-01-01",20,4,11,12,15.4790742069625,4.64507620554755,16.183696068169,3.06853968902663,12.183696068169,12.183696068169,"EB_features"
2023,"401551780",1,"2024-01-01 18:00:00",TRUE,2633,2294,"SEC","Big Ten","2024-01-01",20,35,11,13,18.1291906752804,6.36108627424228,10.9415714269965,3.06853968902663,-24.0584285730035,24.0584285730035,"EB_features"
2023,"401551782",1,"2024-01-01 18:00:00",TRUE,2483,2335,"Pac-12","Conference USA","2024-01-01",20,39,12,13,13.4011525654447,-6.65860971775929,19.182581344698,3.06853968902663,-19.817418655302,19.817418655302,"EB_features"
2023,"401551786",1,"2024-01-01 22:00:00",TRUE,130,333,"Big Ten","SEC","2024-01-01",20,7,13,12,21.1082908234881,22.7945033388696,4.7016222390457,3.06853968902663,-2.2983777609543,2.2983777609543,"EB_features"
2023,"401551788",1,"2024-01-02 01:45:00",TRUE,264,251,"Pac-12","Big 12","2024-01-01",20,6,13,13,9.51608546319503,16.897803771111,-6.16833395272549,3.06853968902663,-12.1683339527255,12.1683339527255,"EB_features"
2023,"401551789",1,"2024-01-09 00:30:00",TRUE,130,264,"Big Ten","Pac-12","2024-01-08",21,21,14,14,21.1082908234881,9.51608546319503,10.9725487777355,3.06853968902663,-10.0274512222645,10.0274512222645,"EB_features"
2024,"401635525",1,"2024-08-24 16:00:00",TRUE,59,52,"ACC","ACC","2024-08-19",1,3,0,0,2.85837747766035,10.6153093026183,-8.70882201181283,3.06853968902663,-11.7088220118128,11.7088220118128,"EB_features"
2024,"401643696",1,"2024-08-25",FALSE,2440,2567,"Mountain West","ACC","2024-08-19",1,-5,0,0,-11.3145116846518,4.96254356224963,-15.2059508209472,3.06853968902663,-10.2059508209472,10.2059508209472,"EB_features"
2024,"401628448",1,"2024-08-30",FALSE,135,153,"Big Ten","ACC","2024-08-26",2,-2,0,0,0.0684802670985124,5.46803246291015,-2.99361736971113,3.06853968902663,-0.993617369711132,0.993617369711132,"EB_features"
2024,"401640998",1,"2024-08-30",FALSE,55,324,"Conference USA","Sun Belt","2024-08-26",2,-28,0,0,-10.1593831528788,-3.35717487071493,-4.56840008992583,3.06853968902663,23.4315999100742,23.4315999100742,"EB_features"
2024,"401628328",1,"2024-08-30 23:00:00",FALSE,201,218,"SEC","American Athletic","2024-08-26",2,48,0,0,18.2965051751606,-13.849234283236,39.1590365115638,3.06853968902663,-8.8409634884362,8.8409634884362,"EB_features"
2024,"401628453",1,"2024-08-30 23:00:00",FALSE,127,2226,"Big Ten","American Athletic","2024-08-26",2,6,0,0,-2.72134278456529,-8.19678500433853,9.21589959936447,3.06853968902663,3.21589959936447,3.21589959936447,"EB_features"
2024,"401628461",1,"2024-08-31 01:00:00",FALSE,275,2711,"Big Ten","Mid-American","2024-08-26",2,14,0,0,5.28636944114385,-7.26618680585012,17.161480121558,3.06853968902663,3.161480121558,3.161480121558,"EB_features"
2024,"401634300",1,"2024-08-31 02:30:00",FALSE,24,2628,"ACC","Big 12","2024-08-26",2,-7,0,0,0.830373297170923,4.93535426727664,-1.54018312010068,3.06853968902663,5.45981687989932,5.45981687989932,"EB_features"
2024,"401628323",1,"2024-08-31 16:00:00",TRUE,61,228,"SEC","ACC","2024-08-26",2,31,0,0,25.0270647520481,15.3240886417131,10.8936746946641,3.06853968902663,-20.1063253053359,20.1063253053359,"EB_features"
2024,"401628333",1,"2024-08-31 16:00:00",FALSE,238,259,"SEC","ACC","2024-08-26",2,7,0,0,-4.81172655903755,7.14726264116556,-10.3579942468089,3.06853968902663,-17.3579942468089,17.3579942468089,"EB_features"
2024,"401628451",1,"2024-08-31 16:00:00",FALSE,120,41,"Big Ten","FBS Independents","2024-08-26",2,43,0,0,5.9524202700039,-12.7907734184717,24.1118002783063,3.06853968902663,-18.8881997216937,18.8881997216937,"EB_features"
2024,"401628457",1,"2024-08-31 16:00:00",FALSE,277,213,"Big 12","Big Ten","2024-08-26",2,-22,0,0,4.44987645835145,20.16269811066,-14.5724774245994,3.06853968902663,7.42752257540061,7.42752257540061,"EB_features"
2024,"401634305",1,"2024-08-31 16:00:00",FALSE,221,2309,"ACC","Mid-American","2024-08-26",2,31,0,0,-4.44471549431581,-16.2403860688761,16.3117133899094,3.06853968902663,-14.6882866100906,14.6882866100906,"EB_features"
2024,"401628322",1,"2024-08-31 19:30:00",FALSE,57,2390,"SEC","ACC","2024-08-26",2,-24,0,0,10.0954861111822,9.91806312120734,3.26773510228562,3.06853968902663,27.2677351022856,27.2677351022856,"EB_features"
2024,"401628331",1,"2024-08-31 19:30:00",FALSE,251,36,"SEC","Mountain West","2024-08-26",2,52,0,0,19.9060090333261,-4.19381731824135,30.1257709432841,3.06853968902663,-21.8742290567159,21.8742290567159,"EB_features"
2024,"401628449",1,"2024-08-31 19:30:00",FALSE,84,2229,"Big Ten","Conference USA","2024-08-26",2,24,0,0,-4.13495303517146,-9.57189665084299,9.17267664750788,3.06853968902663,-14.8273233524921,14.8273233524921,"EB_features"
2024,"401628454",1,"2024-08-31 19:30:00",FALSE,158,2638,"Big Ten","Conference USA","2024-08-26",2,33,0,0,4.72701851957832,-10.6445072711898,20.3263788943513,3.06853968902663,-12.6736211056487,12.6736211056487,"EB_features"
2024,"401628455",1,"2024-08-31 19:30:00",FALSE,194,2006,"Big Ten","Mid-American","2024-08-26",2,46,0,0,20.6954681302168,-14.8745594216698,43.0035353670809,3.06853968902663,-2.99646463291914,2.99646463291914,"EB_features"
2024,"401629039",1,"2024-08-31 19:30:00",FALSE,113,2199,"FBS Independents","Mid-American","2024-08-26",2,-14,0,0,-15.151516688312,-12.684840792594,0.299166202009631,3.06853968902663,14.2991662020096,14.2991662020096,"EB_features"
2024,"401634304",1,"2024-08-31 19:30:00",FALSE,183,195,"ACC","Mid-American","2024-08-26",2,16,0,0,-4.38004060195256,-5.11978417368822,3.8990607308515,3.06853968902663,-12.1009392691485,12.1009392691485,"EB_features"
2024,"401641015",1,"2024-08-31 19:30:00",FALSE,2636,338,"American Athletic","Conference USA","2024-08-26",2,12,0,0,0.266581951710468,-5.26505502996835,9.2789902891469,3.06853968902663,-2.7210097108531,2.7210097108531,"EB_features"
2024,"401644683",1,"2024-08-31 19:30:00",TRUE,77,193,"Big Ten","Mid-American","2024-08-26",2,7,0,0,0.939315961674559,-1.16257553874423,2.35982465469053,3.06853968902663,-4.64017534530947,4.64017534530947,"EB_features"
2024,"401643700",1,"2024-08-31 20:00:00",FALSE,290,68,"Sun Belt","Mountain West","2024-08-26",2,-11,0,0,-4.21225630018632,4.28940332870459,-6.47639923576875,3.06853968902663,4.52360076423125,4.52360076423125,"EB_features"
2024,"401628329",1,"2024-08-31 20:15:00",FALSE,2579,295,"SEC","Sun Belt","2024-08-26",2,4,0,0,6.14453110544943,-4.48642628840934,15.0040726868022,3.06853968902663,11.0040726868022,11.0040726868022,"EB_features"
2024,"401643775",1,"2024-08-31 21:00:00",FALSE,6,249,"Sun Belt","American Athletic","2024-08-26",2,-14,0,0,-2.26484320274907,-7.93214233590472,9.43130019177489,3.06853968902663,23.4313001917749,23.4313001917749,"EB_features"
2024,"401628319",1,"2024-08-31 23:00:00",FALSE,333,98,"SEC","Conference USA","2024-08-26",2,63,0,0,19.9416806668532,-7.87189034252338,34.2952469618973,3.06853968902663,-28.7047530381027,28.7047530381027,"EB_features"
2024,"401636611",1,"2024-08-31 23:00:00",FALSE,248,2439,"Big 12","Mountain West","2024-08-26",2,-20,0,0,-4.13577014970085,-1.6849149891182,0.31692837518569,3.06853968902663,20.3169283751857,20.3169283751857,"EB_features"
2024,"401641039",1,"2024-08-31 23:00:00",FALSE,242,2534,"American Athletic","Conference USA","2024-08-26",2,-20,0,0,-4.36888273417892,-10.7700880211558,10.2552674782268,3.06853968902663,30.2552674782268,30.2552674782268,"EB_features"
2024,"401643701",1,"2024-08-31 23:00:00",FALSE,2653,2440,"Sun Belt","Mountain West","2024-08-26",2,-2,0,0,0.114776361429243,-11.3145116846518,15.9003703098403,3.06853968902663,17.9003703098403,17.9003703098403,"EB_features"
2024,"401628332",1,"2024-08-31 23:30:00",FALSE,245,87,"SEC","FBS Independents","2024-08-26",2,-10,0,0,13.1941688029351,19.1641400028386,-3.63403521672737,3.06853968902663,6.36596478327263,6.36596478327263,"EB_features"
2024,"401628452",1,"2024-08-31 23:30:00",FALSE,130,278,"Big Ten","Mountain West","2024-08-26",2,20,0,0,19.5132016690649,-0.036504032394126,25.0172832359962,3.06853968902663,5.0172832359962,5.0172832359962,"EB_features"
2024,"401628459",1,"2024-08-31 23:30:00",FALSE,62,26,"Mountain West","Big Ten","2024-08-26",2,-3,0,0,-6.53828048195651,0.775443857492128,-5.14268672794224,3.06853968902663,-2.14268672794224,2.14268672794224,"EB_features"
2024,"401628324",1,"2024-08-31 23:45:00",FALSE,96,2572,"SEC","Sun Belt","2024-08-26",2,31,0,0,7.29553049450051,-10.6299266966903,23.1937154261869,3.06853968902663,-7.80628457381307,7.80628457381307,"EB_features"
2024,"401634302",1,"2024-09-01",FALSE,59,2247,"ACC","Sun Belt","2024-08-26",2,23,1,0,2.85837747766035,-7.68151542658429,16.8533035736288,3.06853968902663,-6.14669642637119,6.14669642637119,"EB_features"
2024,"401643774",1,"2024-09-01",FALSE,2429,256,"American Athletic","Sun Belt","2024-08-26",2,-23,0,0,-10.1538557854714,-5.16734296001291,-2.52989196365516,3.06853968902663,20.4701080363448,20.4701080363448,"EB_features"
2024,"401636608",1,"2024-09-01 02:30:00",FALSE,12,167,"Big 12","Mountain West","2024-08-26",2,22,0,0,8.76134128362684,-11.8252431172049,26.181402277448,3.06853968902663,4.18140227744796,4.18140227744796,"EB_features"
2024,"401636609",1,"2024-09-01 02:30:00",FALSE,9,2751,"Big 12","Mountain West","2024-08-26",2,41,0,0,-4.95028850657729,-2.5266365890753,0.347469858271993,3.06853968902663,-40.652530141728,40.652530141728,"EB_features"
2024,"401628334",1,"2024-09-01 23:30:00",TRUE,99,30,"SEC","Big Ten","2024-08-26",2,-7,0,0,15.4137991102542,10.1161692172943,5.9477273828556,3.06853968902663,12.9477273828556,12.9477273828556,"EB_features"
2024,"401634306",1,"2024-09-02 23:30:00",FALSE,52,103,"ACC","ACC","2024-09-02",3,-15,1,0,10.6153093026183,-0.147779488413948,13.2009482240852,3.06853968902663,28.2009482240852,28.2009482240852,"EB_features"
2024,"401634765",2,"2024-09-06 23:00:00",FALSE,2567,252,"ACC","Big 12","2024-09-02",3,-3,1,0,4.96254356224963,0.365786836075239,6.99123399062643,3.06853968902663,9.99123399062643,9.99123399062643,"EB_features"
2024,"401635533",2,"2024-09-07 01:00:00",TRUE,77,150,"Big Ten","ACC","2024-09-02",3,-6,1,0,0.939315961674559,3.01352607681778,-1.5553837967432,3.06853968902663,4.4446162032568,4.4446162032568,"EB_features"
2024,"401628336",2,"2024-09-07 16:00:00",FALSE,197,8,"Big 12","SEC","2024-09-02",3,8,0,0,5.59274623764673,0.267980266345633,9.04673314812282,3.06853968902663,1.04673314812282,1.04673314812282,"EB_features"
2024,"401628347",2,"2024-09-07 16:00:00",FALSE,130,251,"Big Ten","SEC","2024-09-02",3,-19,1,1,19.5132016690649,19.9060090333261,-1.85438966020115,3.06853968902663,17.1456103397988,17.1456103397988,"EB_features"
2024,"401628470",2,"2024-09-07 16:00:00",FALSE,213,189,"Big Ten","Mid-American","2024-09-02",3,7,1,0,20.16269811066,-4.42708900938513,31.9137775691906,3.06853968902663,24.9137775691906,24.9137775691906,"EB_features"
2024,"401628471",2,"2024-09-07 16:00:00",FALSE,164,2006,"Big Ten","Mid-American","2024-09-02",3,32,0,1,4.49079344124815,-14.8745594216698,25.3097183514778,3.06853968902663,-6.69028164852216,6.69028164852216,"EB_features"
2024,"401635534",2,"2024-09-07 16:00:00",FALSE,183,59,"ACC","ACC","2024-09-02",3,3,1,1,-4.38004060195256,2.85837747766035,-4.99278640073204,3.06853968902663,-7.99278640073204,7.99278640073204,"EB_features"
2024,"401635538",2,"2024-09-07 16:00:00",FALSE,2132,221,"Big 12","ACC","2024-09-02",3,-1,0,1,-6.87277373104661,-4.44471549431581,-2.10552494980257,3.06853968902663,-1.10552494980257,1.10552494980257,"EB_features"
2024,"401636616",2,"2024-09-07 16:00:00",FALSE,2655,2306,"American Athletic","Big 12","2024-09-02",3,-7,0,0,-2.92613582213276,11.3528556616141,-12.9626951015172,3.06853968902663,-5.96269510151718,5.96269510151718,"EB_features"
2024,"401643784",2,"2024-09-07 16:00:00",FALSE,235,2653,"American Athletic","Sun Belt","2024-09-02",3,21,0,1,4.32814820641058,0.114776361429243,10.5759908508307,3.06853968902663,-10.4240091491693,10.4240091491693,"EB_features"
2024,"401645323",2,"2024-09-07 16:00:00",FALSE,2226,349,"American Athletic","American Athletic","2024-09-02",3,-17,1,0,-8.19678500433853,-4.34921764224247,-0.7151977911057,3.06853968902663,16.2848022088943,16.2848022088943,"EB_features"
2024,"401628337",2,"2024-09-07 19:30:00",FALSE,2,25,"SEC","ACC","2024-09-02",3,-7,0,0,8.10607339834971,3.40089719913306,8.35111055310893,3.06853968902663,15.3511105531089,15.3511105531089,"EB_features"
2024,"401628340",2,"2024-09-07 19:30:00",FALSE,96,2579,"SEC","SEC","2024-09-02",3,-25,1,1,7.29553049450051,6.14453110544943,7.4958432589859,3.06853968902663,32.4958432589859,32.4958432589859,"EB_features"
2024,"401628464",2,"2024-09-07 19:30:00",FALSE,2294,66,"Big Ten","Big 12","2024-09-02",3,-1,0,0,6.75996408973984,9.12289331601332,0.415644121230691,3.06853968902663,1.41564412123069,1.41564412123069,"EB_features"
2024,"401628465",2,"2024-09-07 19:30:00",FALSE,120,127,"Big Ten","Big Ten","2024-09-02",3,-3,1,1,5.9524202700039,-2.72134278456529,16.4907182271288,3.06853968902663,19.4907182271288,19.4907182271288,"EB_features"
2024,"401628473",2,"2024-09-07 19:30:00",FALSE,264,2199,"Big Ten","Mid-American","2024-09-02",3,21,0,1,6.9980335395817,-12.684840792594,22.7835992590094,3.06853968902663,1.78359925900939,1.78359925900939,"EB_features"
2024,"401628977",2,"2024-09-07 19:30:00",FALSE,87,2459,"FBS Independents","Mid-American","2024-09-02",3,-2,1,0,19.1641400028386,-2.60157726530493,28.5662263063891,3.06853968902663,30.5662263063891,30.5662263063891,"EB_features"
2024,"401629040",2,"2024-09-07 19:30:00",FALSE,2649,113,"Mid-American","FBS Independents","2024-09-02",3,15,0,1,-1.52521694802914,-15.151516688312,20.750182179024,3.06853968902663,5.75018217902398,5.75018217902398,"EB_features"
2024,"401635535",2,"2024-09-07 19:30:00",FALSE,97,55,"ACC","Conference USA","2024-09-02",3,35,0,1,2.89914633384597,-10.1593831528788,21.6348104080595,3.06853968902663,-13.3651895919405,13.3651895919405,"EB_features"
2024,"401635537",2,"2024-09-07 19:30:00",FALSE,153,2429,"ACC","American Athletic","2024-09-02",3,18,1,0,5.46803246291015,-10.1538557854714,20.4418616310636,3.06853968902663,2.44186163106364,2.44186163106364,"EB_features"
2024,"401636618",2,"2024-09-07 19:30:00",FALSE,254,239,"Big 12","Big 12","2024-09-02",3,11,0,0,4.96459412776005,-1.89332082277664,10.768022167938,3.06853968902663,-0.231977832061977,0.231977832061977,"EB_features"
2024,"401645324",2,"2024-09-07 19:30:00",FALSE,2426,218,"American Athletic","American Athletic","2024-09-02",3,27,0,1,-8.04147390077089,-13.849234283236,11.0624920272123,3.06853968902663,-15.9375079727877,15.9375079727877,"EB_features"
2024,"401643783",2,"2024-09-07 20:00:00",FALSE,326,2636,"Sun Belt","American Athletic","2024-09-02",3,39,0,1,-9.3032873207793,0.266581951710468,-8.12919560986821,3.06853968902663,-47.1291956098682,47.1291956098682,"EB_features"
2024,"401628342",2,"2024-09-07 20:15:00",FALSE,145,2393,"SEC","Conference USA","2024-09-02",3,49,0,0,11.512446845488,-8.1038970630424,25.0920989360264,3.06853968902663,-23.9079010639736,23.9079010639736,"EB_features"
2024,"401635540",2,"2024-09-07 20:30:00",FALSE,259,276,"ACC","Sun Belt","2024-09-02",3,17,1,0,7.14726264116556,-8.0934480177641,17.2865117711782,3.06853968902663,0.286511771178166,0.286511771178166,"EB_features"
2024,"401640979",2,"2024-09-07 22:00:00",TRUE,2229,2117,"Conference USA","Mid-American","2024-09-02",3,36,1,0,-9.57189665084299,-7.1824529563317,-5.15388431193438,3.06853968902663,-41.1538843119344,41.1538843119344,"EB_features"
2024,"401643778",2,"2024-09-07 22:00:00",FALSE,295,151,"Sun Belt","American Athletic","2024-09-02",3,-6,1,0,-4.48642628840934,-5.71868001849941,6.28602127968762,3.06853968902663,12.2860212796876,12.2860212796876,"EB_features"
2024,"401643781",2,"2024-09-07 22:00:00",FALSE,195,6,"Mid-American","Sun Belt","2024-09-02",3,7,1,1,-5.11978417368822,-2.26484320274907,1.7516487503812,3.06853968902663,-5.2483512496188,5.2483512496188,"EB_features"
2024,"401636617",2,"2024-09-07 22:30:00",FALSE,2116,2534,"Big 12","Conference USA","2024-09-02",3,31,0,1,0.200115796405301,-10.7700880211558,10.3424050812464,3.06853968902663,-20.6575949187536,20.6575949187536,"EB_features"
2024,"401628335",2,"2024-09-07 23:00:00",FALSE,333,58,"SEC","American Athletic","2024-09-02",3,26,1,0,19.9416806668532,-1.64619211889056,32.0896890531597,3.06853968902663,6.08968905315973,6.08968905315973,"EB_features"
2024,"401628344",2,"2024-09-07 23:00:00",FALSE,142,2084,"SEC","Mid-American","2024-09-02",3,38,0,0,12.9826987201321,-9.36936444215472,28.1635313777293,3.06853968902663,-9.83646862227067,9.83646862227067,"EB_features"
2024,"401628462",2,"2024-09-07 23:00:00",FALSE,356,2305,"Big Ten","Big 12","2024-09-02",3,6,0,0,-0.824160316874744,3.04245096598535,-1.27256194898837,3.06853968902663,-7.27256194898837,7.27256194898837,"EB_features"
2024,"401635639",2,"2024-09-07 23:00:00",FALSE,154,258,"ACC","ACC","2024-09-02",3,-1,0,0,-4.06957012501362,-2.84858555293252,1.697722263094,3.06853968902663,2.697722263094,2.697722263094,"EB_features"
2024,"401641016",2,"2024-09-07 23:00:00",FALSE,338,309,"Conference USA","Sun Belt","2024-09-02",3,-24,1,0,-5.26505502996835,-3.01566665905323,0.0896164992654227,3.06853968902663,24.0896164992654,24.0896164992654,"EB_features"
2024,"401643705",2,"2024-09-07 23:00:00",FALSE,2005,23,"Mountain West","Mountain West","2024-09-02",3,-10,0,0,0.622702545168083,-3.32749707398681,7.50348718768369,3.06853968902663,17.5034871876837,17.5034871876837,"EB_features"
2024,"401643708",2,"2024-09-07 23:00:00",FALSE,2440,290,"Mountain West","Sun Belt","2024-09-02",3,-3,2,1,-11.3145116846518,-4.21225630018632,-0.136145212874526,3.06853968902663,2.86385478712547,2.86385478712547,"EB_features"
2024,"401643779",2,"2024-09-07 23:00:00",FALSE,2032,202,"Sun Belt","American Athletic","2024-09-02",3,4,0,0,-3.05992443752921,-11.630170096533,12.6904811635709,3.06853968902663,8.69048116357086,8.69048116357086,"EB_features"
2024,"401643780",2,"2024-09-07 23:00:00",FALSE,2433,5,"Sun Belt","American Athletic","2024-09-02",3,26,0,0,-13.6486868620194,-7.5510916685212,-3.7773205606925,3.06853968902663,-29.7773205606925,29.7773205606925,"EB_features"
2024,"401628346",2,"2024-09-07 23:30:00",TRUE,152,2633,"ACC","SEC","2024-09-02",3,-41,0,0,3.60451319490385,10.7380074269029,-8.0088794114301,3.06853968902663,32.9911205885699,32.9911205885699,"EB_features"
2024,"401628467",2,"2024-09-07 23:30:00",FALSE,158,38,"Big Ten","Big 12","2024-09-02",3,18,1,0,4.72701851957832,-0.235254822549477,10.7520274997743,3.06853968902663,-7.24797250022567,7.24797250022567,"EB_features"
2024,"401628468",2,"2024-09-07 23:30:00",FALSE,194,2711,"Big Ten","Mid-American","2024-09-02",3,56,1,1,20.6954681302168,-7.26618680585012,34.4340003937187,3.06853968902663,-21.5659996062813,21.5659996062813,"EB_features"
2024,"401628345",2,"2024-09-07 23:45:00",FALSE,201,248,"SEC","Big 12","2024-09-02",3,4,1,1,18.2965051751606,-4.13577014970085,33.1132354021709,3.06853968902663,29.1132354021709,29.1132354021709,"EB_features"
2024,"401635532",2,"2024-09-08",FALSE,228,2026,"ACC","Sun Belt","2024-09-02",3,46,1,0,15.3240886417131,1.26187239186551,15.5053435028525,3.06853968902663,-30.4946564971475,30.4946564971475,"EB_features"
2024,"401628469",2,"2024-09-08 02:00:00",FALSE,2483,68,"Big Ten","Mountain West","2024-09-02",3,3,0,1,21.0301631942092,4.28940332870459,21.1097047674231,3.06853968902663,18.1097047674231,18.1097047674231,"EB_features"
2024,"401636859",2,"2024-09-08 02:00:00",FALSE,265,2641,"Pac-12","Big 12","2024-09-02",3,21,0,0,2.79935337603828,4.64476712290881,0.996666399134063,3.06853968902663,-20.0033336008659,20.0033336008659,"EB_features"
2024,"401640989",2,"2024-09-08 02:15:00",FALSE,166,2335,"Conference USA","Conference USA","2024-09-02",3,-6,0,0,-7.25320439837915,0.613054166612684,-5.76302506973456,3.06853968902663,0.236974930265443,0.236974930265443,"EB_features"
2024,"401628343",2,"2024-09-08 02:30:00",FALSE,9,344,"Big 12","SEC","2024-09-02",3,7,0,0,-4.95028850657729,-2.89135942278666,0.756949574493868,3.06853968902663,-6.24305042550613,6.24305042550613,"EB_features"
2024,"401643709",2,"2024-09-08 02:30:00",FALSE,21,204,"Mountain West","Pac-12","2024-09-02",3,-21,0,0,-8.2101643831943,0.997777657654213,-7.26935293893553,3.06853968902663,13.7306470610645,13.7306470610645,"EB_features"
2024,"401628472",2,"2024-09-08 03:00:00",FALSE,30,328,"Big Ten","Mountain West","2024-09-02",3,48,0,0,10.1161692172943,-7.82715494563226,23.2137749394389,3.06853968902663,-24.7862250605611,24.7862250605611,"EB_features"
2024,"401636867",3,"2024-09-12 23:30:00",FALSE,326,9,"Sun Belt","Big 12","2024-09-09",4,-3,1,1,-9.3032873207793,-4.95028850657729,-0.626253061537278,3.06853968902663,2.37374693846272,2.37374693846272,"EB_features"
2024,"401636863",3,"2024-09-13 23:00:00",TRUE,2305,2439,"Big 12","Mountain West","2024-09-09",4,-3,1,1,3.04245096598535,-1.6849149891182,-0.134352419197004,3.06853968902663,2.865647580803,2.865647580803,"EB_features"
2024,"401636864",3,"2024-09-14",FALSE,2306,12,"Big 12","Big 12","2024-09-09",4,24,1,1,11.3528556616141,8.76134128362684,5.68118904792737,3.06853968902663,-18.3188109520726,18.3188109520726,"EB_features"
2024,"401628350",3,"2024-09-14 16:00:00",FALSE,275,333,"Big Ten","SEC","2024-09-09",4,-32,1,2,5.28636944114385,19.9416806668532,-18.4667325074133,3.06853968902663,13.5332674925867,13.5332674925867,"EB_features"
2024,"401628359",3,"2024-09-14 16:00:00",FALSE,2579,99,"SEC","SEC","2024-09-09",4,-3,2,1,6.14453110544943,15.4137991102542,-2.55843185394976,3.06853968902663,0.44156814605024,0.44156814605024,"EB_features"
2024,"401628475",3,"2024-09-14 16:00:00",FALSE,356,2117,"Big Ten","Mid-American","2024-09-09",4,21,1,1,-0.824160316874744,-7.1824529563317,18.4741340690788,3.06853968902663,-2.52586593092117,2.52586593092117,"EB_features"
2024,"401628479",3,"2024-09-14 16:00:00",FALSE,130,2032,"Big Ten","Sun Belt","2024-09-09",4,10,2,1,19.5132016690649,-3.05992443752921,26.5025083820724,3.06853968902663,16.5025083820724,16.5025083820724,"EB_features"
2024,"401635542",3,"2024-09-14 16:00:00",FALSE,52,235,"ACC","American Athletic","2024-09-09",4,-8,2,1,10.6153093026183,4.32814820641058,2.37033993668061,3.06853968902663,10.3703399366806,10.3703399366806,"EB_features"
2024,"401635546",3,"2024-09-14 16:00:00",FALSE,152,2348,"ACC","Conference USA","2024-09-09",4,10,1,0,3.60451319490385,-10.9203660765961,13.8773162351494,3.06853968902663,3.87731623514937,3.87731623514937,"EB_features"
2024,"401636865",3,"2024-09-14 16:00:00",FALSE,193,2132,"Mid-American","Big 12","2024-09-09",4,-11,1,1,-1.16257553874423,-6.87277373104661,8.38959344479815,3.06853968902663,19.3895934447982,19.3895934447982,"EB_features"
2024,"401636868",3,"2024-09-14 16:00:00",FALSE,2641,249,"Big 12","American Athletic","2024-09-09",4,45,0,1,4.64476712290881,-7.93214233590472,13.4308701593828,3.06853968902663,-31.5691298406172,31.5691298406172,"EB_features"
2024,"401636869",3,"2024-09-14 16:00:00",FALSE,202,197,"American Athletic","Big 12","2024-09-09",4,-35,1,1,-11.630170096533,5.59274623764673,-14.6450139920587,3.06853968902663,20.3549860079413,20.3549860079413,"EB_features"
2024,"401628357",3,"2024-09-14 16:45:00",FALSE,142,103,"SEC","ACC","2024-09-09",4,6,1,1,12.9826987201321,-0.147779488413948,14.6166954746904,3.06853968902663,8.61669547469035,8.61669547469035,"EB_features"
2024,"401629041",3,"2024-09-14 17:00:00",FALSE,2084,113,"Mid-American","FBS Independents","2024-09-09",4,31,1,2,-9.36936444215472,-15.151516688312,9.44288688239782,3.06853968902663,-21.5571131176022,21.5571131176022,"EB_features"
2024,"401643786",3,"2024-09-14 18:00:00",FALSE,218,324,"American Athletic","Sun Belt","2024-09-09",4,-8,2,1,-13.849234283236,-3.35717487071493,-16.7078104915801,3.06853968902663,-8.70781049158008,8.70781049158008,"EB_features"
2024,"401628353",3,"2024-09-14 19:30:00",FALSE,57,245,"SEC","SEC","2024-09-09",4,-13,1,1,10.0954861111822,13.1941688029351,-3.02070480421535,3.06853968902663,9.97929519578465,9.97929519578465,"EB_features"
2024,"401628358",3,"2024-09-14 19:30:00",FALSE,201,2655,"SEC","American Athletic","2024-09-09",4,15,2,1,18.2965051751606,-2.92613582213276,22.7260306372573,3.06853968902663,7.72603063725726,7.72603063725726,"EB_features"
2024,"401628481",3,"2024-09-14 19:30:00",FALSE,135,2440,"Big Ten","Mountain West","2024-09-09",4,27,1,3,0.0684802670985124,-11.3145116846518,12.62660939463,3.06853968902663,-14.37339060537,14.37339060537,"EB_features"
2024,"401628483",3,"2024-09-14 19:30:00",FALSE,204,2483,"Pac-12","Big Ten","2024-09-09",4,-35,0,0,0.997777657654213,21.0301631942092,-19.4221156430919,3.06853968902663,15.5778843569081,15.5778843569081,"EB_features"
2024,"401628484",3,"2024-09-14 19:30:00",TRUE,264,265,"Big Ten","Pac-12","2024-09-09",4,-5,1,0,6.9980335395817,2.79935337603828,4.43609776928144,3.06853968902663,9.43609776928144,9.43609776928144,"EB_features"
2024,"401628978",3,"2024-09-14 19:30:00",FALSE,2509,87,"Big Ten","FBS Independents","2024-09-09",4,-59,0,2,-0.183915433373066,19.1641400028386,-15.3481984971321,3.06853968902663,43.6518015028679,43.6518015028679,"EB_features"
2024,"401635544",3,"2024-09-14 19:30:00",FALSE,2390,2050,"ACC","Mid-American","2024-09-09",4,62,1,0,9.91806312120734,-9.09899353968169,28.9638928023354,3.06853968902663,-33.0361071976646,33.0361071976646,"EB_features"
2024,"401635547",3,"2024-09-14 19:30:00",FALSE,221,277,"ACC","Big 12","2024-09-09",4,4,2,1,-4.44471549431581,4.44987645835145,-2.67769188528077,3.06853968902663,-6.67769188528077,6.67769188528077,"EB_features"
2024,"401628477",3,"2024-09-14 20:00:00",FALSE,2294,2653,"Big Ten","Sun Belt","2024-09-09",4,17,1,2,6.75996408973984,0.114776361429243,14.6460052270768,3.06853968902663,-2.35399477292318,2.35399477292318,"EB_features"
2024,"401643785",3,"2024-09-14 20:00:00",FALSE,151,2026,"American Athletic","Sun Belt","2024-09-09",4,-2,1,0,-5.71868001849941,1.26187239186551,-2.49670083040197,3.06853968902663,-0.496700830401966,0.496700830401966,"EB_features"
2024,"401628351",3,"2024-09-14 20:15:00",FALSE,8,5,"SEC","American Athletic","2024-09-09",4,10,1,1,0.267980266345633,-7.5510916685212,16.9844696055034,3.06853968902663,6.98446960550339,6.98446960550339,"EB_features"
2024,"401636870",3,"2024-09-14 20:30:00",FALSE,328,254,"Mountain West","Big 12","2024-09-09",4,-17,0,1,-7.82715494563226,4.96459412776005,-11.3316090371206,3.06853968902663,5.6683909628794,5.6683909628794,"EB_features"
2024,"401629030",3,"2024-09-14 22:00:00",FALSE,150,41,"ACC","FBS Independents","2024-09-09",4,5,1,1,3.01352607681778,-12.7907734184717,25.3096625911306,3.06853968902663,20.3096625911306,20.3096625911306,"EB_features"
2024,"401635548",3,"2024-09-14 22:00:00",FALSE,295,259,"Sun Belt","ACC","2024-09-09",4,-20,2,2,-4.48642628840934,7.14726264116556,-6.15121045448685,3.06853968902663,13.8487895455132,13.8487895455132,"EB_features"
2024,"401640980",3,"2024-09-14 22:00:00",FALSE,2226,2229,"American Athletic","Conference USA","2024-09-09",4,18,2,2,-8.19678500433853,-9.57189665084299,-0.0824094448676171,3.06853968902663,-18.0824094448676,18.0824094448676,"EB_features"
2024,"401640990",3,"2024-09-14 22:00:00",FALSE,2335,2638,"Conference USA","Conference USA","2024-09-09",4,18,0,1,0.613054166612684,-10.6445072711898,17.6127555642045,3.06853968902663,-0.387244435795548,0.387244435795548,"EB_features"
2024,"401628355",3,"2024-09-14 22:30:00",FALSE,154,145,"ACC","SEC","2024-09-09",4,-34,1,1,-4.06957012501362,11.512446845488,-18.8598916294772,3.06853968902663,15.1401083705228,15.1401083705228,"EB_features"
2024,"401628361",3,"2024-09-14 23:00:00",FALSE,251,2636,"SEC","American Athletic","2024-09-09",4,49,2,2,19.9060090333261,0.266581951710468,38.1218016337485,3.06853968902663,-10.8781983662515,10.8781983662515,"EB_features"
2024,"401628362",3,"2024-09-14 23:00:00",FALSE,2247,238,"Sun Belt","SEC","2024-09-09",4,4,1,1,-7.68151542658429,-4.81172655903755,-4.43689703902176,3.06853968902663,-8.43689703902176,8.43689703902176,"EB_features"
2024,"401640999",3,"2024-09-14 23:00:00",FALSE,2199,55,"Mid-American","Conference USA","2024-09-09",4,3,2,2,-12.684840792594,-10.1593831528788,8.82543159950156,3.06853968902663,5.82543159950156,5.82543159950156,"EB_features"
2024,"401641017",3,"2024-09-14 23:00:00",FALSE,23,338,"Mountain West","Conference USA","2024-09-09",4,21,1,2,-3.32749707398681,-5.26505502996835,13.1942457771695,3.06853968902663,-7.80575422283053,7.80575422283053,"EB_features"
2024,"401641024",3,"2024-09-14 23:00:00",FALSE,2393,98,"Conference USA","Conference USA","2024-09-09",4,-28,1,1,-8.1038970630424,-7.87189034252338,3.78152875953267,3.06853968902663,31.7815287595327,31.7815287595327,"EB_features"
2024,"401641040",3,"2024-09-14 23:00:00",FALSE,2534,62,"Conference USA","Mountain West","2024-09-09",4,18,2,1,-10.7700880211558,-6.53828048195651,0.051771952862079,3.06853968902663,-17.9482280471379,17.9482280471379,"EB_features"
2024,"401643789",3,"2024-09-14 23:00:00",FALSE,2572,58,"Sun Belt","American Athletic","2024-09-09",4,-25,1,1,-10.6299266966903,-1.64619211889056,-10.3295230320227,3.06853968902663,14.6704769679773,14.6704769679773,"EB_features"
2024,"401628352",3,"2024-09-14 23:30:00",FALSE,2,167,"SEC","Mountain West","2024-09-09",4,26,1,1,8.10607339834971,-11.8252431172049,22.1903045323167,3.06853968902663,-3.80969546768329,3.80969546768329,"EB_features"
2024,"401628354",3,"2024-09-14 23:30:00",FALSE,96,61,"SEC","SEC","2024-09-09",4,-1,2,1,7.29553049450051,25.0270647520481,-23.7234077026844,3.06853968902663,-22.7234077026844,22.7234077026844,"EB_features"
2024,"401628356",3,"2024-09-14 23:30:00",FALSE,344,2649,"SEC","Mid-American","2024-09-09",4,-24,0,1,-2.89135942278666,-1.52521694802914,2.5125590706672,3.06853968902663,26.5125590706672,26.5125590706672,"EB_features"
2024,"401628476",3,"2024-09-14 23:30:00",FALSE,26,84,"Big Ten","Big Ten","2024-09-09",4,-29,1,1,0.775443857492128,-4.13495303517146,4.57735457946119,3.06853968902663,33.5773545794612,33.5773545794612,"EB_features"
2024,"401636860",3,"2024-09-14 23:30:00",FALSE,239,2005,"Big 12","Mountain West","2024-09-09",4,28,1,1,-1.89332082277664,0.622702545168083,3.12234795816016,3.06853968902663,-24.8776520418398,24.8776520418398,"EB_features"
2024,"401636861",3,"2024-09-14 23:30:00",FALSE,36,38,"Mountain West","Big 12","2024-09-09",4,-19,1,1,-4.19381731824135,-0.235254822549477,-3.27470954899246,3.06853968902663,15.7252904510075,15.7252904510075,"EB_features"
2024,"401636866",3,"2024-09-14 23:30:00",FALSE,2628,2116,"Big 12","Big 12","2024-09-09",4,-1,1,1,4.93535426727664,0.200115796405301,5.75352940374456,3.06853968902663,6.75352940374456,6.75352940374456,"EB_features"
2024,"401628360",3,"2024-09-14 23:45:00",FALSE,2633,2309,"SEC","Mid-American","2024-09-09",4,71,1,1,10.7380074269029,-16.2403860688761,41.335735116556,3.06853968902663,-29.664264883444,29.664264883444,"EB_features"
2024,"401628478",3,"2024-09-15",FALSE,258,120,"ACC","Big Ten","2024-09-09",4,-14,1,2,-2.84858555293252,5.9524202700039,-6.57371869786778,3.06853968902663,7.42628130213222,7.42628130213222,"EB_features"
2024,"401636862",3,"2024-09-15",FALSE,248,242,"Big 12","American Athletic","2024-09-09",4,26,2,1,-4.13577014970085,-4.36888273417892,9.79480379548727,3.06853968902663,-16.2051962045127,16.2051962045127,"EB_features"
2024,"401636871",3,"2024-09-15 01:00:00",FALSE,2751,252,"Mountain West","Big 12","2024-09-09",4,-20,1,1,-2.5266365890753,0.365786836075239,-8.64929007010303,3.06853968902663,11.350709929897,11.350709929897,"EB_features"
2024,"401635541",3,"2024-09-15 02:30:00",FALSE,25,21,"ACC","Mountain West","2024-09-09",4,21,1,0,3.40089719913306,-8.2101643831943,18.66296857122,3.06853968902663,-2.33703142877998,2.33703142877998,"EB_features"
2024,"401641033",3,"2024-09-15 02:30:00",FALSE,278,166,"Mountain West","Conference USA","2024-09-09",4,48,1,0,-0.036504032394126,-7.25320439837915,11.5027670725307,3.06853968902663,-36.4972329274693,36.4972329274693,"EB_features"
2024,"401643790",4,"2024-09-19 23:30:00",FALSE,2026,6,"Sun Belt","Sun Belt","2024-09-16",5,-34,2,2,1.26187239186551,-2.26484320274907,7.85002755408389,3.06853968902663,41.8500275540839,41.8500275540839,"EB_features"
2024,"401634766",4,"2024-09-20 23:30:00",FALSE,183,24,"ACC","ACC","2024-09-16",5,-2,2,1,-4.38004060195256,0.830373297170923,1.66379282927134,3.06853968902663,3.66379282927134,3.66379282927134,"EB_features"
2024,"401628485",4,"2024-09-21",FALSE,158,356,"Big Ten","Big Ten","2024-09-16",5,-7,2,2,4.72701851957832,-0.824160316874744,11.379171346574,3.06853968902663,18.379171346574,18.379171346574,"EB_features"
2024,"401643714",4,"2024-09-21 02:00:00",FALSE,265,23,"Pac-12","Mountain West","2024-09-16",5,2,2,2,2.79935337603828,-3.32749707398681,11.5966545298623,3.06853968902663,9.59665452986229,9.59665452986229,"EB_features"
2024,"401628367",4,"2024-09-21 16:00:00",FALSE,344,57,"SEC","SEC","2024-09-16",5,-17,2,2,-2.89135942278666,10.0954861111822,-10.302340909548,3.06853968902663,6.69765909045202,6.69765909045202,"EB_features"
2024,"401628486",4,"2024-09-21 16:00:00",FALSE,84,2429,"Big Ten","American Athletic","2024-09-16",5,38,2,2,-4.13495303517146,-10.1538557854714,20.3650823888395,3.06853968902663,-17.6349176111605,17.6349176111605,"EB_features"
2024,"401628492",4,"2024-09-21 16:00:00",FALSE,194,276,"Big Ten","Sun Belt","2024-09-16",5,35,2,1,20.6954681302168,-8.0934480177641,38.4539712217894,3.06853968902663,3.45397122178944,3.45397122178944,"EB_features"
2024,"401635552",4,"2024-09-21 16:00:00",FALSE,228,152,"ACC","ACC","2024-09-16",5,24,2,2,15.3240886417131,3.60451319490385,22.0187481630821,3.06853968902663,-1.9812518369179,1.9812518369179,"EB_features"
2024,"401635556",4,"2024-09-21 16:00:00",FALSE,153,256,"ACC","Sun Belt","2024-09-16",5,-20,2,1,5.46803246291015,-5.16734296001291,10.76295930795,3.06853968902663,30.76295930795,30.76295930795,"EB_features"
2024,"401636873",4,"2024-09-21 16:00:00",FALSE,2132,248,"Big 12","Big 12","2024-09-16",5,34,2,2,-6.87277373104661,-4.13577014970085,2.25624880282902,3.06853968902663,-31.743751197171,31.743751197171,"EB_features"
2024,"401636879",4,"2024-09-21 16:00:00",FALSE,277,2305,"Big 12","Big 12","2024-09-16",5,4,2,2,4.44987645835145,3.04245096598535,3.2402736774015,3.06853968902663,-0.7597263225985,0.7597263225985,"EB_features"
2024,"401643791",4,"2024-09-21 16:00:00",FALSE,309,2655,"Sun Belt","American Athletic","2024-09-16",5,-8,1,2,-3.01566665905323,-2.92613582213276,3.96648097030959,3.06853968902663,11.9664809703096,11.9664809703096,"EB_features"
2024,"401645328",4,"2024-09-21 16:00:00",FALSE,349,242,"American Athletic","American Athletic","2024-09-16",5,23,1,1,-4.34921764224247,-4.36888273417892,11.648305553461,3.06853968902663,-11.351694446539,11.351694446539,"EB_features"
2024,"401628364",4,"2024-09-21 16:45:00",FALSE,96,195,"SEC","Mid-American","2024-09-16",5,35,3,2,7.29553049450051,-5.11978417368822,17.3191449802478,3.06853968902663,-17.6808550197522,17.6808550197522,"EB_features"
2024,"401644735",4,"2024-09-21 17:00:00",FALSE,2117,2050,"Mid-American","Mid-American","2024-09-16",5,3,2,1,-7.1824529563317,-9.09899353968169,3.2167119115026,3.06853968902663,0.216711911502605,0.216711911502605,"EB_features"
2024,"401635558",4,"2024-09-21 18:00:00",FALSE,324,258,"Sun Belt","ACC","2024-09-16",5,-19,2,1,-3.35717487071493,-2.84858555293252,4.84211319230877,3.06853968902663,23.8421131923088,23.8421131923088,"EB_features"
2024,"401636875",4,"2024-09-21 18:00:00",FALSE,66,2032,"Big 12","Sun Belt","2024-09-16",5,45,1,2,9.12289331601332,-3.05992443752921,16.5201547518107,3.06853968902663,-28.4798452481893,28.4798452481893,"EB_features"
2024,"401643715",4,"2024-09-21 18:00:00",FALSE,218,328,"American Athletic","Mountain West","2024-09-16",5,16,3,2,-13.849234283236,-7.82715494563226,-3.13685630906485,3.06853968902663,-19.1368563090649,19.1368563090649,"EB_features"
2024,"401641000",4,"2024-09-21 19:00:00",FALSE,55,2572,"Conference USA","Sun Belt","2024-09-16",5,37,3,2,-10.1593831528788,-10.6299266966903,2.11084075372931,3.06853968902663,-34.8891592462707,34.8891592462707,"EB_features"
2024,"401628363",4,"2024-09-21 19:30:00",FALSE,2,8,"SEC","SEC","2024-09-16",5,-10,2,2,8.10607339834971,0.267980266345633,10.1157310595075,3.06853968902663,20.1157310595075,20.1157310595075,"EB_features"
2024,"401628365",4,"2024-09-21 19:30:00",FALSE,99,26,"SEC","Big Ten","2024-09-16",5,17,2,2,15.4137991102542,0.775443857492128,23.7804957627505,3.06853968902663,6.78049576275047,6.78049576275047,"EB_features"
2024,"401628489",4,"2024-09-21 19:30:00",FALSE,130,30,"Big Ten","Big Ten","2024-09-16",5,3,3,2,19.5132016690649,10.1161692172943,2.86810520753886,3.06853968902663,-0.131894792461138,0.131894792461138,"EB_features"
2024,"401628493",4,"2024-09-21 19:30:00",FALSE,213,2309,"Big Ten","Mid-American","2024-09-16",5,56,2,2,20.16269811066,-16.2403860688761,48.0432071311672,3.06853968902663,-7.95679286883284,7.95679286883284,"EB_features"
2024,"401628494",4,"2024-09-21 19:30:00",FALSE,259,164,"ACC","Big Ten","2024-09-16",5,-3,3,1,7.14726264116556,4.49079344124815,3.48752858204611,3.06853968902663,6.48752858204611,6.48752858204611,"EB_features"
2024,"401628979",4,"2024-09-21 19:30:00",FALSE,87,193,"FBS Independents","Mid-American","2024-09-16",5,25,3,2,19.1641400028386,-1.16257553874423,32.0811971220757,3.06853968902663,7.08119712207566,7.08119712207566,"EB_features"
2024,"401635554",4,"2024-09-21 19:30:00",FALSE,97,59,"ACC","ACC","2024-09-16",5,12,1,3,2.89914633384597,2.85837747766035,4.38209650375183,3.06853968902663,-7.61790349624817,7.61790349624817,"EB_features"
2024,"401636877",4,"2024-09-21 19:30:00",FALSE,2641,9,"Big 12","Big 12","2024-09-16",5,8,2,3,4.64476712290881,-4.95028850657729,9.39466145383539,3.06853968902663,1.39466145383539,1.39466145383539,"EB_features"
2024,"401644736",4,"2024-09-21 19:30:00",FALSE,2459,2084,"Mid-American","Mid-American","2024-09-16",5,-3,1,2,-2.60157726530493,-9.36936444215472,15.5987771957648,3.06853968902663,18.5987771957648,18.5987771957648,"EB_features"
2024,"401645329",4,"2024-09-21 19:30:00",FALSE,2426,235,"American Athletic","American Athletic","2024-09-16",5,12,1,2,-8.04147390077089,4.32814820641058,-11.2972341353657,3.06853968902663,-23.2972341353657,23.2972341353657,"EB_features"
2024,"401635553",4,"2024-09-21 20:00:00",FALSE,2393,150,"Conference USA","ACC","2024-09-16",5,-28,2,2,-8.1038970630424,3.01352607681778,-15.3206637290236,3.06853968902663,12.6793362709764,12.6793362709764,"EB_features"
2024,"401636876",4,"2024-09-21 20:00:00",FALSE,197,254,"Big 12","Big 12","2024-09-16",5,-3,2,2,5.59274623764673,4.96459412776005,5.54702595846935,3.06853968902663,8.54702595846935,8.54702595846935,"EB_features"
2024,"401628368",4,"2024-09-21 20:15:00",FALSE,142,238,"SEC","SEC","2024-09-16",5,3,2,2,12.9826987201321,-4.81172655903755,21.9932021476477,3.06853968902663,18.9932021476477,18.9932021476477,"EB_features"
2024,"401635557",4,"2024-09-21 21:00:00",FALSE,2567,2628,"ACC","Big 12","2024-09-16",5,24,2,2,4.96254356224963,4.93535426727664,0.0960009446420957,3.06853968902663,-23.9039990553579,23.9039990553579,"EB_features"
2024,"401641028",4,"2024-09-21 21:00:00",FALSE,36,2638,"Mountain West","Conference USA","2024-09-16",5,10,2,2,-4.19381731824135,-10.6445072711898,6.94349572207839,3.06853968902663,-3.05650427792161,3.05650427792161,"EB_features"
2024,"401640991",4,"2024-09-21 22:00:00",FALSE,2335,151,"Conference USA","American Athletic","2024-09-16",5,11,2,2,0.613054166612684,-5.71868001849941,9.01889452873503,3.06853968902663,-1.98110547126497,1.98110547126497,"EB_features"
2024,"401628491",4,"2024-09-21 23:00:00",FALSE,264,77,"Big Ten","Big Ten","2024-09-16",5,19,2,2,6.9980335395817,0.939315961674559,9.51914564479334,3.06853968902663,-9.48085435520666,9.48085435520666,"EB_features"
2024,"401629031",4,"2024-09-21 23:00:00",FALSE,41,2226,"FBS Independents","American Athletic","2024-09-16",5,34,2,3,-12.7907734184717,-8.19678500433853,-4.05064699300832,3.06853968902663,-38.0506469930083,38.0506469930083,"EB_features"
2024,"401635551",4,"2024-09-21 23:00:00",FALSE,52,25,"ACC","ACC","2024-09-16",5,5,3,1,10.6153093026183,3.40089719913306,1.42220418115656,3.06853968902663,-3.57779581884344,3.57779581884344,"EB_features"
2024,"401635555",4,"2024-09-21 23:00:00",FALSE,58,2390,"American Athletic","ACC","2024-09-16",5,-35,2,2,-1.64619211889056,9.91806312120734,-15.2399773661911,3.06853968902663,19.7600226338089,19.7600226338089,"EB_features"
2024,"401641008",4,"2024-09-21 23:00:00",FALSE,2348,202,"Conference USA","American Athletic","2024-09-16",5,-3,1,2,-10.9203660765961,-11.630170096533,5.81587298025851,3.06853968902663,8.81587298025851,8.81587298025851,"EB_features"
2024,"401641034",4,"2024-09-21 23:00:00",FALSE,2534,166,"Conference USA","Conference USA","2024-09-16",5,20,3,1,-10.7700880211558,-7.25320439837915,3.56103619781926,3.06853968902663,-16.4389638021807,16.4389638021807,"EB_features"
2024,"401641037",4,"2024-09-21 23:00:00",FALSE,98,2649,"Conference USA","Mid-American","2024-09-16",5,5,2,2,-7.87189034252338,-1.52521694802914,-6.37322242622656,3.06853968902663,-11.3732224262266,11.3732224262266,"EB_features"
2024,"401643716",4,"2024-09-21 23:00:00",FALSE,249,2751,"American Athletic","Mountain West","2024-09-16",5,27,2,1,-7.93214233590472,-2.5266365890753,2.52776003395022,3.06853968902663,-24.4722399660498,24.4722399660498,"EB_features"
2024,"401628369",4,"2024-09-21 23:30:00",FALSE,201,2633,"SEC","SEC","2024-09-16",5,-10,3,2,18.2965051751606,10.7380074269029,-2.14480046255612,3.06853968902663,7.85519953744388,7.85519953744388,"EB_features"
2024,"401628370",4,"2024-09-21 23:30:00",FALSE,2579,2006,"SEC","Mid-American","2024-09-16",5,43,3,2,6.14453110544943,-14.8745594216698,30.3437442956304,3.06853968902663,-12.6562557043696,12.6562557043696,"EB_features"
2024,"401628372",4,"2024-09-21 23:30:00",FALSE,245,189,"SEC","Mid-American","2024-09-16",5,6,2,1,13.1941688029351,-4.42708900938513,19.2087818009226,3.06853968902663,13.2087818009226,13.2087818009226,"EB_features"
2024,"401628487",4,"2024-09-21 23:30:00",FALSE,135,2294,"Big Ten","Big Ten","2024-09-16",5,-17,2,2,0.0684802670985124,6.75996408973984,-2.37153412135532,3.06853968902663,14.6284658786447,14.6284658786447,"EB_features"
2024,"401628366",4,"2024-09-21 23:45:00",FALSE,145,290,"SEC","Sun Belt","2024-09-16",5,39,2,2,11.512446845488,-4.21225630018632,26.2855173427981,3.06853968902663,-12.7144826572019,12.7144826572019,"EB_features"
2024,"401628371",4,"2024-09-22",FALSE,251,2433,"SEC","Sun Belt","2024-09-16",5,48,3,1,19.9060090333261,-13.6486868620194,42.4334474318793,3.06853968902663,-5.56655256812073,5.56655256812073,"EB_features"
2024,"401628490",4,"2024-09-22",FALSE,103,127,"ACC","Big Ten","2024-09-16",5,4,2,2,-0.147779488413948,-2.72134278456529,9.49063637114445,3.06853968902663,5.49063637114445,5.49063637114445,"EB_features"
2024,"401636874",4,"2024-09-22",FALSE,38,239,"Big 12","Big 12","2024-09-16",5,7,2,2,-0.235254822549477,-1.89332082277664,2.33880014808057,3.06853968902663,-4.66119985191943,4.66119985191943,"EB_features"
2024,"401643711",4,"2024-09-22 00:30:00",FALSE,167,278,"Mountain West","Mountain West","2024-09-16",5,-17,2,1,-11.8252431172049,-0.036504032394126,-10.4075312763756,3.06853968902663,6.59246872362441,6.59246872362441,"EB_features"
2024,"401643717",4,"2024-09-22 00:30:00",FALSE,204,2509,"Pac-12","Big Ten","2024-09-16",5,17,2,1,0.997777657654213,-0.183915433373066,11.1926269001131,3.06853968902663,-5.80737309988686,5.80737309988686,"EB_features"
2024,"401636872",4,"2024-09-22 02:30:00",FALSE,252,2306,"Big 12","Big 12","2024-09-16",5,29,1,2,0.365786836075239,11.3528556616141,-9.5016478931729,3.06853968902663,-38.5016478931729,38.5016478931729,"EB_features"
2024,"401645331",5,"2024-09-26 23:30:00",FALSE,218,349,"American Athletic","American Athletic","2024-09-23",6,-28,4,2,-13.849234283236,-4.34921764224247,-12.7768421457479,3.06853968902663,15.2231578542521,15.2231578542521,"EB_features"
2024,"401634767",5,"2024-09-27 23:30:00",FALSE,2390,259,"ACC","ACC","2024-09-23",6,4,3,4,9.91806312120734,7.14726264116556,19.4515742045305,3.06853968902663,15.4515742045305,15.4515742045305,"EB_features"
2024,"401628501",5,"2024-09-28",FALSE,164,264,"Big Ten","Big Ten","2024-09-23",6,3,2,3,4.49079344124815,6.9980335395817,2.24930381517942,3.06853968902663,-0.750696184820578,0.750696184820578,"EB_features"
2024,"401628377",5,"2024-09-28 16:00:00",FALSE,145,96,"SEC","SEC","2024-09-23",6,-3,3,4,11.512446845488,7.29553049450051,13.9769859032278,3.06853968902663,16.9769859032278,16.9769859032278,"EB_features"
2024,"401628496",5,"2024-09-28 16:00:00",FALSE,84,120,"Big Ten","Big Ten","2024-09-23",6,14,3,3,-4.13495303517146,5.9524202700039,-0.656196324664767,3.06853968902663,-14.6561963246648,14.6561963246648,"EB_features"
2024,"401628497",5,"2024-09-28 16:00:00",FALSE,130,135,"Big Ten","Big Ten","2024-09-23",6,3,4,3,19.5132016690649,0.0684802670985124,19.9098405776508,3.06853968902663,16.9098405776508,16.9098405776508,"EB_features"
2024,"401628499",5,"2024-09-28 16:00:00",FALSE,2509,158,"Big Ten","Big Ten","2024-09-23",6,-18,1,3,-0.183915433373066,4.72701851957832,-11.3762213380727,3.06853968902663,6.62377866192729,6.62377866192729,"EB_features"
2024,"401629032",5,"2024-09-28 16:00:00",FALSE,41,2084,"FBS Independents","Mid-American","2024-09-23",6,44,3,3,-12.7907734184717,-9.36936444215472,0.553587814411659,3.06853968902663,-43.4464121855883,43.4464121855883,"EB_features"
2024,"401635560",5,"2024-09-28 16:00:00",FALSE,103,98,"ACC","Conference USA","2024-09-23",6,1,2,3,-0.147779488413948,-7.87189034252338,16.0154014665873,3.06853968902663,15.0154014665873,15.0154014665873,"EB_features"
2024,"401635564",5,"2024-09-28 16:00:00",FALSE,152,2459,"ACC","Mid-American","2024-09-23",6,7,3,2,3.60451319490385,-2.60157726530493,0.919195617744925,3.06853968902663,-6.08080438225508,6.08080438225508,"EB_features"
2024,"401636880",5,"2024-09-28 16:00:00",FALSE,239,252,"Big 12","Big 12","2024-09-23",6,-6,2,2,-1.89332082277664,0.365786836075239,1.06376737480379,3.06853968902663,7.06376737480379,7.06376737480379,"EB_features"
2024,"401636883",5,"2024-09-28 16:00:00",FALSE,2306,197,"Big 12","Big 12","2024-09-23",6,22,2,3,11.3528556616141,5.59274623764673,9.62016579989353,3.06853968902663,-12.3798342001065,12.3798342001065,"EB_features"
2024,"401645332",5,"2024-09-28 16:00:00",FALSE,5,2426,"American Athletic","American Athletic","2024-09-23",6,-23,2,2,-7.5510916685212,-8.04147390077089,-6.37148033800217,3.06853968902663,16.6285196619978,16.6285196619978,"EB_features"
2024,"401645337",5,"2024-09-28 16:00:00",FALSE,2655,58,"American Athletic","American Athletic","2024-09-23",6,35,3,3,-2.92613582213276,-1.64619211889056,5.13231394832713,3.06853968902663,-29.8676860516729,29.8676860516729,"EB_features"
2024,"401643793",5,"2024-09-28 17:30:00",FALSE,256,2050,"Sun Belt","Mid-American","2024-09-23",6,56,2,2,-5.16734296001291,-9.09899353968169,20.2713207873348,3.06853968902663,-35.7286792126652,35.7286792126652,"EB_features"
2024,"401641041",5,"2024-09-28 19:00:00",TRUE,2534,326,"Conference USA","Sun Belt","2024-09-23",6,1,4,2,-10.7700880211558,-9.3032873207793,-3.69495263664301,3.06853968902663,-4.69495263664301,4.69495263664301,"EB_features"
2024,"401628373",5,"2024-09-28 19:30:00",TRUE,245,8,"SEC","SEC","2024-09-23",6,4,3,3,13.1941688029351,0.267980266345633,11.3488277556865,3.06853968902663,7.34882775568649,7.34882775568649,"EB_features"
2024,"401628375",5,"2024-09-28 19:30:00",FALSE,2,201,"SEC","SEC","2024-09-23",6,-6,3,4,8.10607339834971,18.2965051751606,-8.61010747533135,3.06853968902663,-2.61010747533135,2.61010747533135,"EB_features"
2024,"401628502",5,"2024-09-28 19:30:00",FALSE,30,275,"Big Ten","Big Ten","2024-09-23",6,17,3,2,10.1161692172943,5.28636944114385,16.5161143769314,3.06853968902663,-0.483885623068559,0.483885623068559,"EB_features"
2024,"401628980",5,"2024-09-28 19:30:00",FALSE,87,97,"FBS Independents","ACC","2024-09-23",6,7,4,2,19.1641400028386,2.89914633384597,18.2141478995481,3.06853968902663,11.2141478995481,11.2141478995481,"EB_features"
2024,"401629043",5,"2024-09-28 19:30:00",FALSE,193,113,"Mid-American","FBS Independents","2024-09-23",6,3,3,3,-1.16257553874423,-15.151516688312,20.0248875373436,3.06853968902663,17.0248875373436,17.0248875373436,"EB_features"
2024,"401635659",5,"2024-09-28 19:30:00",FALSE,154,309,"ACC","Sun Belt","2024-09-23",6,-3,2,2,-4.06957012501362,-3.01566665905323,-2.10758255074779,3.06853968902663,0.892417449252206,0.892417449252206,"EB_features"
2024,"401636882",5,"2024-09-28 19:30:00",TRUE,2305,2628,"Big 12","Big 12","2024-09-23",6,-11,3,3,3.04245096598535,4.93535426727664,-0.417022876140897,3.06853968902663,10.5829771238591,10.5829771238591,"EB_features"
2024,"401636885",5,"2024-09-28 19:30:00",FALSE,2116,38,"Big 12","Big 12","2024-09-23",6,-27,2,2,0.200115796405301,-0.235254822549477,7.33943897964827,3.06853968902663,34.3394389796483,34.3394389796483,"EB_features"
2024,"401643720",5,"2024-09-28 19:30:00",FALSE,2439,278,"Mountain West","Mountain West","2024-09-23",6,45,2,2,-1.6849149891182,-0.036504032394126,0.628110447405587,3.06853968902663,-44.3718895525944,44.3718895525944,"EB_features"
2024,"401643721",5,"2024-09-28 19:30:00",FALSE,2117,21,"Mid-American","Mountain West","2024-09-23",6,1,3,2,-7.1824529563317,-8.2101643831943,-0.170839336615485,3.06853968902663,-1.17083933661549,1.17083933661549,"EB_features"
2024,"401643792",5,"2024-09-28 19:30:00",FALSE,2247,290,"Sun Belt","Sun Belt","2024-09-23",6,-17,2,3,-7.68151542658429,-4.21225630018632,1.09715556582374,3.06853968902663,18.0971555658237,18.0971555658237,"EB_features"
2024,"401643794",5,"2024-09-28 19:30:00",FALSE,276,2711,"Sun Belt","Mid-American","2024-09-23",6,7,2,2,-8.0934480177641,-7.26618680585012,6.03188018523887,3.06853968902663,-0.968119814761129,0.968119814761129,"EB_features"
2024,"401644738",5,"2024-09-28 19:30:00",FALSE,195,2006,"Mid-American","Mid-American","2024-09-23",6,20,3,3,-5.11978417368822,-14.8745594216698,13.6957351967733,3.06853968902663,-6.30426480322671,6.30426480322671,"EB_features"
2024,"401644739",5,"2024-09-28 19:30:00",FALSE,2309,2199,"Mid-American","Mid-American","2024-09-23",6,-19,3,3,-16.2403860688761,-12.684840792594,-10.5488451433565,3.06853968902663,8.45115485664351,8.45115485664351,"EB_features"
2024,"401635562",5,"2024-09-28 20:00:00",FALSE,150,153,"ACC","ACC","2024-09-23",6,1,3,3,3.01352607681778,5.46803246291015,5.50255352289316,3.06853968902663,4.50255352289316,4.50255352289316,"EB_features"
2024,"401645334",5,"2024-09-28 20:00:00",FALSE,151,2636,"American Athletic","American Athletic","2024-09-23",6,10,3,3,-5.71868001849941,0.266581951710468,5.00528218960194,3.06853968902663,-4.99471781039806,4.99471781039806,"EB_features"
2024,"401628378",5,"2024-09-28 20:15:00",FALSE,251,344,"SEC","SEC","2024-09-23",6,22,3,3,19.9060090333261,-2.89135942278666,40.5617114262533,3.06853968902663,18.5617114262533,18.5617114262533,"EB_features"
2024,"401643795",5,"2024-09-28 21:00:00",FALSE,189,295,"Mid-American","Sun Belt","2024-09-23",6,-3,2,3,-4.42708900938513,-4.48642628840934,10.5058625879172,3.06853968902663,13.5058625879172,13.5058625879172,"EB_features"
2024,"401640981",5,"2024-09-28 22:00:00",TRUE,2229,2348,"Conference USA","Conference USA","2024-09-23",6,7,3,2,-9.57189665084299,-10.9203660765961,3.6801740963473,3.06853968902663,-3.3198259036527,3.3198259036527,"EB_features"
2024,"401635561",5,"2024-09-28 23:00:00",FALSE,228,24,"ACC","ACC","2024-09-23",6,26,3,2,15.3240886417131,0.830373297170923,20.4433184736612,3.06853968902663,-5.55668152633882,5.55668152633882,"EB_features"
2024,"401636881",5,"2024-09-28 23:00:00",FALSE,248,66,"Big 12","Big 12","2024-09-23",6,-20,4,2,-4.13577014970085,9.12289331601332,-17.8822430456792,3.06853968902663,2.11775695432078,2.11775695432078,"EB_features"
2024,"401643796",5,"2024-09-28 23:00:00",FALSE,2653,2433,"Sun Belt","Sun Belt","2024-09-23",6,-4,3,1,0.114776361429243,-13.6486868620194,8.52345166704475,3.06853968902663,12.5234516670447,12.5234516670447,"EB_features"
2024,"401645333",5,"2024-09-28 23:00:00",FALSE,242,2429,"American Athletic","American Athletic","2024-09-23",6,-1,3,3,-4.36888273417892,-10.1538557854714,5.01529100763358,3.06853968902663,6.01529100763358,6.01529100763358,"EB_features"
2024,"401645336",5,"2024-09-28 23:00:00",FALSE,249,202,"American Athletic","American Athletic","2024-09-23",6,32,3,3,-7.93214233590472,-11.630170096533,10.212049554428,3.06853968902663,-21.787950445572,21.787950445572,"EB_features"
2024,"401628374",5,"2024-09-28 23:30:00",FALSE,333,61,"SEC","SEC","2024-09-23",6,7,3,2,19.9416806668532,25.0270647520481,2.92094024357221,3.06853968902663,-4.07905975642779,4.07905975642779,"EB_features"
2024,"401628495",5,"2024-09-28 23:30:00",FALSE,213,356,"Big Ten","Big Ten","2024-09-23",6,14,3,3,20.16269811066,-0.824160316874744,21.7135358970448,3.06853968902663,7.71353589704476,7.71353589704476,"EB_features"
2024,"401628498",5,"2024-09-28 23:30:00",FALSE,127,194,"Big Ten","Big Ten","2024-09-23",6,-31,2,3,-2.72134278456529,20.6954681302168,-23.8934721904899,3.06853968902663,7.10652780951007,7.10652780951007,"EB_features"
2024,"401641025",5,"2024-09-28 23:30:00",FALSE,235,2393,"American Athletic","Conference USA","2024-09-23",6,17,3,3,4.32814820641058,-8.1038970630424,26.7533775888717,3.06853968902663,9.75337758887166,9.75337758887166,"EB_features"
2024,"401628376",5,"2024-09-28 23:45:00",FALSE,99,6,"SEC","Sun Belt","2024-09-23",6,32,3,3,15.4137991102542,-2.26484320274907,20.7791999128056,3.06853968902663,-11.2208000871944,11.2208000871944,"EB_features"
2024,"401635563",5,"2024-09-29",FALSE,2567,52,"ACC","ACC","2024-09-23",6,26,3,4,4.96254356224963,10.6153093026183,4.18538555489305,3.06853968902663,-21.8146144451069,21.8146144451069,"EB_features"
2024,"401636884",5,"2024-09-29",FALSE,2641,2132,"Big 12","Big 12","2024-09-23",6,3,3,3,4.64476712290881,-6.87277373104661,10.4533555759891,3.06853968902663,7.45335557598911,7.45335557598911,"EB_features"
2024,"401641035",5,"2024-09-29",FALSE,166,167,"Conference USA","Mountain West","2024-09-23",6,-10,3,2,-7.25320439837915,-11.8252431172049,2.00339083507559,3.06853968902663,12.0033908350756,12.0033908350756,"EB_features"
2024,"401643718",5,"2024-09-29",FALSE,2751,2005,"Mountain West","Mountain West","2024-09-23",6,12,3,2,-2.5266365890753,0.622702545168083,-5.62545728798,3.06853968902663,-17.62545728798,17.62545728798,"EB_features"
2024,"401643719",5,"2024-09-29 02:00:00",FALSE,68,265,"Mountain West","Pac-12","2024-09-23",6,21,2,3,4.28940332870459,2.79935337603828,4.25336237611767,3.06853968902663,-16.7466376238823,16.7466376238823,"EB_features"
2024,"401636886",5,"2024-09-29 02:15:00",FALSE,254,12,"Big 12","Big 12","2024-09-23",6,-13,3,2,4.96459412776005,8.76134128362684,4.02752973466555,3.06853968902663,17.0275297346655,17.0275297346655,"EB_features"
2024,"401628500",5,"2024-09-29 03:00:00",FALSE,26,2483,"Big Ten","Big Ten","2024-09-23",6,-21,3,2,0.775443857492128,21.0301631942092,-24.1296701384742,3.06853968902663,-3.12967013847421,3.12967013847421,"EB_features"
2024,"401643797",6,"2024-10-03 23:00:00",FALSE,2653,326,"Sun Belt","Sun Belt","2024-09-30",7,-21,4,3,0.114776361429243,-9.3032873207793,0.931552004399788,3.06853968902663,21.9315520043998,21.9315520043998,"EB_features"
2024,"401641029",6,"2024-10-04 01:00:00",FALSE,2638,2534,"Conference USA","Conference USA","2024-09-30",7,-20,3,5,-10.6445072711898,-10.7700880211558,-4.25843679683118,3.06853968902663,15.7415632031688,15.7415632031688,"EB_features"
2024,"401641001",6,"2024-10-04 23:00:00",FALSE,338,55,"Conference USA","Conference USA","2024-09-30",7,-39,3,4,-5.26505502996835,-10.1593831528788,3.31467956959604,3.06853968902663,42.314679569596,42.314679569596,"EB_features"
2024,"401636891",6,"2024-10-04 23:30:00",FALSE,2628,248,"Big 12","Big 12","2024-09-30",7,-11,4,5,4.93535426727664,-4.13577014970085,11.8256754510214,3.06853968902663,22.8256754510214,22.8256754510214,"EB_features"
2024,"401628506",6,"2024-10-05 01:00:00",FALSE,2483,127,"Big Ten","Big Ten","2024-09-30",7,21,2,4,21.0301631942092,-2.72134278456529,28.1544474175612,3.06853968902663,7.15444741756118,7.15444741756118,"EB_features"
2024,"401634779",6,"2024-10-05 01:00:00",FALSE,2439,183,"Mountain West","ACC","2024-09-30",7,-3,3,3,-1.6849149891182,-4.38004060195256,13.5448624591396,3.06853968902663,16.5448624591396,16.5448624591396,"EB_features"
2024,"401628383",6,"2024-10-05 16:00:00",FALSE,245,142,"SEC","SEC","2024-09-30",7,31,4,3,13.1941688029351,12.9826987201321,3.21094220105762,3.06853968902663,-27.7890577989424,27.7890577989424,"EB_features"
2024,"401628509",6,"2024-10-05 16:00:00",FALSE,275,2509,"Big Ten","Big Ten","2024-09-30",7,46,3,3,5.28636944114385,-0.183915433373066,15.6883193791137,3.06853968902663,-30.3116806208863,30.3116806208863,"EB_features"
2024,"401628510",6,"2024-10-05 16:00:00",FALSE,213,26,"Big Ten","Big Ten","2024-09-30",7,16,4,3,20.16269811066,0.775443857492128,26.4873670598467,3.06853968902663,10.4873670598467,10.4873670598467,"EB_features"
2024,"401629044",6,"2024-10-05 16:00:00",FALSE,2459,113,"Mid-American","FBS Independents","2024-09-30",7,14,3,4,-2.60157726530493,-15.151516688312,20.9898081126581,3.06853968902663,6.98980811265805,6.98980811265805,"EB_features"
2024,"401635567",6,"2024-10-05 16:00:00",FALSE,258,103,"ACC","ACC","2024-09-30",7,10,3,4,-2.84858555293252,-0.147779488413948,-0.624593676222464,3.06853968902663,-10.6245936762225,10.6245936762225,"EB_features"
2024,"401635571",6,"2024-10-05 16:00:00",FALSE,97,2567,"ACC","ACC","2024-09-30",7,-7,3,3,2.89914633384597,4.96254356224963,5.11779066366067,3.06853968902663,12.1177906636607,12.1177906636607,"EB_features"
2024,"401635572",6,"2024-10-05 16:00:00",FALSE,153,221,"ACC","ACC","2024-09-30",7,-10,4,3,5.46803246291015,-4.44471549431581,7.49357426147143,3.06853968902663,17.4935742614714,17.4935742614714,"EB_features"
2024,"401635638",6,"2024-10-05 16:00:00",FALSE,152,154,"ACC","ACC","2024-09-30",7,-4,4,3,3.60451319490385,-4.06957012501362,8.90669327625246,3.06853968902663,12.9066932762525,12.9066932762525,"EB_features"
2024,"401643722",6,"2024-10-05 16:00:00",FALSE,2005,2426,"Mountain West","American Athletic","2024-09-30",7,-27,2,3,0.622702545168083,-8.04147390077089,-1.68202973077262,3.06853968902663,25.3179702692274,25.3179702692274,"EB_features"
2024,"401645339",6,"2024-10-05 16:00:00",FALSE,202,349,"American Athletic","American Athletic","2024-09-30",7,-42,4,3,-11.630170096533,-4.34921764224247,-14.6307691167518,3.06853968902663,27.3692308832482,27.3692308832482,"EB_features"
2024,"401645338",6,"2024-10-05 17:00:00",FALSE,5,2655,"American Athletic","American Athletic","2024-09-30",7,-51,3,4,-7.5510916685212,-2.92613582213276,-14.6670597403847,3.06853968902663,36.3329402596153,36.3329402596153,"EB_features"
2024,"401644741",6,"2024-10-05 18:00:00",FALSE,2050,2711,"Mid-American","Mid-American","2024-09-30",7,-3,3,3,-9.09899353968169,-7.26618680585012,-5.95493270737566,3.06853968902663,-2.95493270737566,2.95493270737566,"EB_features"
2024,"401628381",6,"2024-10-05 19:30:00",FALSE,61,2,"SEC","SEC","2024-09-30",7,18,3,4,25.0270647520481,8.10607339834971,27.2991591694652,3.06853968902663,9.29915916946519,9.29915916946519,"EB_features"
2024,"401628382",6,"2024-10-05 19:30:00",FALSE,2579,145,"SEC","SEC","2024-09-30",7,-24,4,4,6.14453110544943,11.512446845488,-3.49330018261814,3.06853968902663,20.5066998173819,20.5066998173819,"EB_features"
2024,"401628503",6,"2024-10-05 19:30:00",TRUE,77,84,"Big Ten","Big Ten","2024-09-30",7,-17,3,4,0.939315961674559,-4.13495303517146,-8.54464062022846,3.06853968902663,8.45535937977154,8.45535937977154,"EB_features"
2024,"401628504",6,"2024-10-05 19:30:00",FALSE,194,2294,"Big Ten","Big Ten","2024-09-30",7,28,4,3,20.6954681302168,6.75996408973984,19.7001463067838,3.06853968902663,-8.29985369321624,8.29985369321624,"EB_features"
2024,"401629033",6,"2024-10-05 19:30:00",FALSE,41,218,"FBS Independents","American Athletic","2024-09-30",7,9,4,5,-12.7907734184717,-13.849234283236,16.3868855063158,3.06853968902663,7.38688550631578,7.38688550631578,"EB_features"
2024,"401635573",6,"2024-10-05 19:30:00",FALSE,24,259,"ACC","ACC","2024-09-30",7,-24,3,5,0.830373297170923,7.14726264116556,-5.72556848377357,3.06853968902663,18.2744315162264,18.2744315162264,"EB_features"
2024,"401643799",6,"2024-10-05 19:30:00",FALSE,276,2026,"Sun Belt","Sun Belt","2024-09-30",7,15,3,3,-8.0934480177641,1.26187239186551,3.8859701076845,3.06853968902663,-11.1140298923155,11.1140298923155,"EB_features"
2024,"401644684",6,"2024-10-05 19:30:00",FALSE,2649,193,"Mid-American","Mid-American","2024-09-30",7,10,3,4,-1.52521694802914,-1.16257553874423,8.97303019265049,3.06853968902663,-1.02696980734951,1.02696980734951,"EB_features"
2024,"401644740",6,"2024-10-05 19:30:00",FALSE,2006,189,"Mid-American","Mid-American","2024-09-30",7,-7,4,3,-14.8745594216698,-4.42708900938513,-15.9660300712847,3.06853968902663,-8.96603007128474,8.96603007128474,"EB_features"
2024,"401645340",6,"2024-10-05 19:30:00",FALSE,2429,151,"American Athletic","American Athletic","2024-09-30",7,31,4,4,-10.1538557854714,-5.71868001849941,-5.66002804683331,3.06853968902663,-36.6600280468333,36.6600280468333,"EB_features"
2024,"401628508",6,"2024-10-05 20:00:00",FALSE,158,164,"Big Ten","Big Ten","2024-09-30",7,7,4,3,4.72701851957832,4.49079344124815,3.43579988024752,3.06853968902663,-3.56420011975248,3.56420011975248,"EB_features"
2024,"401636890",6,"2024-10-05 20:00:00",FALSE,197,277,"Big 12","Big 12","2024-09-30",7,-24,4,3,5.59274623764673,4.44987645835145,6.98498675984892,3.06853968902663,30.9849867598489,30.9849867598489,"EB_features"
2024,"401628384",6,"2024-10-05 20:15:00",FALSE,238,333,"SEC","SEC","2024-09-30",7,5,3,4,-4.81172655903755,19.9416806668532,-27.2767289625706,3.06853968902663,-32.2767289625706,32.2767289625706,"EB_features"
2024,"401643724",6,"2024-10-05 22:30:00",FALSE,204,36,"Pac-12","Mountain West","2024-09-30",7,8,3,3,0.997777657654213,-4.19381731824135,13.1306775992794,3.06853968902663,5.13067759927936,5.13067759927936,"EB_features"
2024,"401635569",6,"2024-10-05 23:00:00",FALSE,52,228,"ACC","ACC","2024-09-30",7,-16,4,4,10.6153093026183,15.3240886417131,-10.6334154392561,3.06853968902663,5.36658456074394,5.36658456074394,"EB_features"
2024,"401643723",6,"2024-10-05 23:00:00",FALSE,68,328,"Mountain West","Mountain West","2024-09-30",7,32,2,3,4.28940332870459,-7.82715494563226,27.2465008064183,3.06853968902663,-4.75349919358167,4.75349919358167,"EB_features"
2024,"401643798",6,"2024-10-05 23:00:00",FALSE,324,295,"Sun Belt","Sun Belt","2024-09-30",7,8,3,4,-3.35717487071493,-4.48642628840934,3.46383308255611,3.06853968902663,-4.53616691744389,4.53616691744389,"EB_features"
2024,"401643800",6,"2024-10-05 23:00:00",FALSE,2032,6,"Sun Belt","Sun Belt","2024-09-30",7,2,3,4,-3.05992443752921,-2.26484320274907,-0.516590184360621,3.06853968902663,-2.51659018436062,2.51659018436062,"EB_features"
2024,"401643801",6,"2024-10-05 23:00:00",FALSE,2433,256,"Sun Belt","Sun Belt","2024-09-30",7,2,3,3,-13.6486868620194,-5.16734296001291,-13.4415935307881,3.06853968902663,-15.4415935307881,15.4415935307881,"EB_features"
2024,"401643802",6,"2024-10-05 23:00:00",FALSE,2572,309,"Sun Belt","Sun Belt","2024-09-30",7,-10,3,3,-10.6299266966903,-3.01566665905323,-16.5682428847891,3.06853968902663,-6.5682428847891,6.5682428847891,"EB_features"
2024,"401628379",6,"2024-10-05 23:30:00",FALSE,8,2633,"SEC","SEC","2024-09-30",7,5,4,3,0.267980266345633,10.7380074269029,-16.8883538860935,3.06853968902663,-21.8883538860935,21.8883538860935,"EB_features"
2024,"401628505",6,"2024-10-05 23:30:00",FALSE,264,130,"Big Ten","Big Ten","2024-09-30",7,10,4,5,6.9980335395817,19.5132016690649,-3.21623013448037,3.06853968902663,-13.2162301344804,13.2162301344804,"EB_features"
2024,"401628507",6,"2024-10-05 23:30:00",FALSE,135,30,"Big Ten","Big Ten","2024-09-30",7,7,4,4,0.0684802670985124,10.1161692172943,-11.1770707401238,3.06853968902663,-18.1770707401238,18.1770707401238,"EB_features"
2024,"401636889",6,"2024-10-05 23:30:00",FALSE,66,239,"Big 12","Big 12","2024-09-30",7,22,3,4,9.12289331601332,-1.89332082277664,17.0759006142863,3.06853968902663,-4.92409938571374,4.92409938571374,"EB_features"
2024,"401643726",6,"2024-10-05 23:30:00",FALSE,23,2440,"Mountain West","Mountain West","2024-09-30",7,4,3,4,-3.32749707398681,-11.3145116846518,14.7570300424167,3.06853968902663,10.7570300424167,10.7570300424167,"EB_features"
2024,"401628380",6,"2024-10-05 23:45:00",FALSE,57,2116,"SEC","Big 12","2024-09-30",7,11,3,3,10.0954861111822,0.200115796405301,9.42760901827868,3.06853968902663,-1.57239098172132,1.57239098172132,"EB_features"
2024,"401635570",6,"2024-10-06",FALSE,59,150,"ACC","ACC","2024-09-30",7,10,4,4,2.85837747766035,3.01352607681778,2.57535970998658,3.06853968902663,-7.42464029001342,7.42464029001342,"EB_features"
2024,"401636888",6,"2024-10-06",FALSE,9,2305,"Big 12","Big 12","2024-09-30",7,4,4,4,-4.95028850657729,3.04245096598535,2.12024747150075,3.06853968902663,-1.87975252849925,1.87975252849925,"EB_features"
2024,"401643725",6,"2024-10-06",FALSE,21,62,"Mountain West","Mountain West","2024-09-30",7,3,3,2,-8.2101643831943,-6.53828048195651,0.854048555098458,3.06853968902663,-2.14595144490154,2.14595144490154,"EB_features"
2024,"401635568",6,"2024-10-06 02:30:00",FALSE,25,2390,"ACC","ACC","2024-09-30",7,-1,3,4,3.40089719913306,9.91806312120734,-11.4516189274418,3.06853968902663,-10.4516189274418,10.4516189274418,"EB_features"
2024,"401636887",6,"2024-10-06 03:00:00",FALSE,12,2641,"Big 12","Big 12","2024-09-30",7,-6,2,3,8.76134128362684,4.64476712290881,1.20657437624167,3.06853968902663,7.20657437624167,7.20657437624167,"EB_features"
2024,"401640982",7,"2024-10-08 23:00:00",FALSE,2335,2229,"Conference USA","Conference USA","2024-10-07",8,7,3,4,0.613054166612684,-9.57189665084299,10.2482910343524,3.06853968902663,3.24829103435237,3.24829103435237,"EB_features"
2024,"401641002",7,"2024-10-09 23:30:00",FALSE,55,166,"Conference USA","Conference USA","2024-10-07",8,41,5,4,-10.1593831528788,-7.25320439837915,12.0008674067397,3.06853968902663,-28.9991325932603,28.9991325932603,"EB_features"
2024,"401643803",7,"2024-10-10 23:30:00",FALSE,256,324,"Sun Belt","Sun Belt","2024-10-07",8,32,4,4,-5.16734296001291,-3.35717487071493,10.7448494620631,3.06853968902663,-21.2551505379369,21.2551505379369,"EB_features"
2024,"401641009",7,"2024-10-11",FALSE,2348,2393,"Conference USA","Conference USA","2024-10-07",8,27,3,4,-10.9203660765961,-8.1038970630424,5.83025604735457,3.06853968902663,-21.1697439526454,21.1697439526454,"EB_features"
2024,"401641030",7,"2024-10-11",FALSE,98,2638,"Conference USA","Conference USA","2024-10-07",8,27,4,4,-7.87189034252338,-10.6445072711898,13.1771105357346,3.06853968902663,-13.8228894642654,13.8228894642654,"EB_features"
2024,"401628513",7,"2024-10-12",FALSE,120,77,"Big Ten","Big Ten","2024-10-07",8,-27,4,4,5.9524202700039,0.939315961674559,13.3772376620883,3.06853968902663,40.3772376620883,40.3772376620883,"EB_features"
2024,"401643733",7,"2024-10-12 01:00:00",FALSE,328,2439,"Mountain West","Mountain West","2024-10-07",8,-16,4,4,-7.82715494563226,-1.6849149891182,-19.4721412704636,3.06853968902663,-3.47214127046357,3.47214127046357,"EB_features"
2024,"401636892",7,"2024-10-12 02:30:00",FALSE,9,254,"Big 12","Big 12","2024-10-07",8,8,4,4,-4.95028850657729,4.96459412776005,-0.247378438969001,3.06853968902663,-8.247378438969,8.247378438969,"EB_features"
2024,"401628385",7,"2024-10-12 16:00:00",FALSE,333,2579,"SEC","SEC","2024-10-07",8,2,5,5,19.9416806668532,6.14453110544943,19.3533740611018,3.06853968902663,17.3533740611018,17.3533740611018,"EB_features"
2024,"401628389",7,"2024-10-12 16:00:00",FALSE,113,142,"FBS Independents","SEC","2024-10-07",8,-42,5,4,-15.151516688312,12.9826987201321,-24.7594669179888,3.06853968902663,17.2405330820112,17.2405330820112,"EB_features"
2024,"401628512",7,"2024-10-12 16:00:00",FALSE,2294,264,"Big Ten","Big Ten","2024-10-07",8,24,4,5,6.75996408973984,6.9980335395817,3.3851242407962,3.06853968902663,-20.6148757592038,20.6148757592038,"EB_features"
2024,"401628517",7,"2024-10-12 16:00:00",FALSE,164,275,"Big Ten","Big Ten","2024-10-07",8,-35,4,4,4.49079344124815,5.28636944114385,4.85372387141232,3.06853968902663,39.8537238714123,39.8537238714123,"EB_features"
2024,"401635576",7,"2024-10-12 16:00:00",FALSE,154,228,"ACC","ACC","2024-10-07",8,-35,4,5,-4.06957012501362,15.3240886417131,-19.4961623911033,3.06853968902663,15.5038376088967,15.5038376088967,"EB_features"
2024,"401635577",7,"2024-10-12 16:00:00",FALSE,153,59,"ACC","ACC","2024-10-07",8,-7,5,4,5.46803246291015,2.85837747766035,1.31538843409911,3.06853968902663,8.31538843409911,8.31538843409911,"EB_features"
2024,"401644743",7,"2024-10-12 16:00:00",FALSE,2309,2050,"Mid-American","Mid-American","2024-10-07",8,-2,4,4,-16.2403860688761,-9.09899353968169,-3.63182288981701,3.06853968902663,-1.63182288981701,1.63182288981701,"EB_features"
2024,"401644745",7,"2024-10-12 16:00:00",FALSE,2084,2649,"Mid-American","Mid-American","2024-10-07",8,15,4,4,-9.36936444215472,-1.52521694802914,-9.63959680356012,3.06853968902663,-24.6395968035601,24.6395968035601,"EB_features"
2024,"401645342",7,"2024-10-12 16:00:00",FALSE,349,5,"American Athletic","American Athletic","2024-10-07",8,34,4,4,-4.34921764224247,-7.5510916685212,24.9978054124142,3.06853968902663,-9.00219458758581,9.00219458758581,"EB_features"
2024,"401644685",7,"2024-10-12 18:00:00",FALSE,2199,193,"Mid-American","Mid-American","2024-10-07",8,-24,4,5,-12.684840792594,-1.16257553874423,-0.990477763793888,3.06853968902663,23.0095222362061,23.0095222362061,"EB_features"
2024,"401628390",7,"2024-10-12 19:30:00",TRUE,201,251,"SEC","SEC","2024-10-07",8,-31,5,5,18.2965051751606,19.9060090333261,-11.1320712987291,3.06853968902663,19.8679287012709,19.8679287012709,"EB_features"
2024,"401628511",7,"2024-10-12 19:30:00",FALSE,356,2509,"Big Ten","Big Ten","2024-10-07",8,1,4,4,-0.824160316874744,-0.183915433373066,20.1890987662919,3.06853968902663,19.1890987662919,19.1890987662919,"EB_features"
2024,"401628516",7,"2024-10-12 19:30:00",FALSE,30,213,"Big Ten","Big Ten","2024-10-07",8,-3,5,5,10.1161692172943,20.16269811066,-2.09506800599825,3.06853968902663,0.904931994001755,0.904931994001755,"EB_features"
2024,"401628981",7,"2024-10-12 19:30:00",FALSE,87,24,"FBS Independents","ACC","2024-10-07",8,42,5,4,19.1641400028386,0.830373297170923,26.4033053724307,3.06853968902663,-15.5966946275693,15.5966946275693,"EB_features"
2024,"401635575",7,"2024-10-12 19:30:00",FALSE,221,25,"ACC","ACC","2024-10-07",8,2,4,3,-4.44471549431581,3.40089719913306,-1.14878779978748,3.06853968902663,-3.14878779978748,3.14878779978748,"EB_features"
2024,"401635578",7,"2024-10-12 19:30:00",FALSE,258,97,"ACC","ACC","2024-10-07",8,-4,4,4,-2.84858555293252,2.89914633384597,-4.37581152302142,3.06853968902663,-0.375811523021424,0.375811523021424,"EB_features"
2024,"401636895",7,"2024-10-12 19:30:00",FALSE,2116,2132,"Big 12","Big 12","2024-10-07",8,-6,4,4,0.200115796405301,-6.87277373104661,2.37094774505107,3.06853968902663,8.37094774505107,8.37094774505107,"EB_features"
2024,"401643729",7,"2024-10-12 19:30:00",FALSE,36,23,"Mountain West","Mountain West","2024-10-07",8,7,4,4,-4.19381731824135,-3.32749707398681,-4.09200001581651,3.06853968902663,-11.0920000158165,11.0920000158165,"EB_features"
2024,"401643732",7,"2024-10-12 19:30:00",FALSE,2751,21,"Mountain West","Mountain West","2024-10-07",8,-3,4,3,-2.5266365890753,-8.2101643831943,4.1039592987244,3.06853968902663,7.1039592987244,7.1039592987244,"EB_features"
2024,"401643805",7,"2024-10-12 19:30:00",FALSE,2247,295,"Sun Belt","Sun Belt","2024-10-07",8,-7,3,5,-7.68151542658429,-4.48642628840934,-2.0928992694995,3.06853968902663,4.9071007305005,4.9071007305005,"EB_features"
2024,"401644742",7,"2024-10-12 19:30:00",FALSE,2711,2006,"Mid-American","Mid-American","2024-10-07",8,10,4,5,-7.26618680585012,-14.8745594216698,11.0359246528687,3.06853968902663,1.03592465286873,1.03592465286873,"EB_features"
2024,"401644744",7,"2024-10-12 19:30:00",FALSE,189,2459,"Mid-American","Mid-American","2024-10-07",8,-10,4,4,-4.42708900938513,-2.60157726530493,4.01227510698915,3.06853968902663,14.0122751069892,14.0122751069892,"EB_features"
2024,"401645341",7,"2024-10-12 19:30:00",TRUE,58,235,"American Athletic","American Athletic","2024-10-07",8,-18,4,4,-1.64619211889056,4.32814820641058,-8.62884996729043,3.06853968902663,9.37115003270957,9.37115003270957,"EB_features"
2024,"401636893",7,"2024-10-12 20:00:00",FALSE,252,12,"Big 12","Big 12","2024-10-07",8,22,4,3,0.365786836075239,8.76134128362684,4.50473224306181,3.06853968902663,-17.4952677569382,17.4952677569382,"EB_features"
2024,"401644746",7,"2024-10-12 20:00:00",FALSE,2117,195,"Mid-American","Mid-American","2024-10-07",8,-2,4,4,-7.1824529563317,-5.11978417368822,-5.15846735431438,3.06853968902663,-3.15846735431438,3.15846735431438,"EB_features"
2024,"401628386",7,"2024-10-12 20:15:00",FALSE,61,344,"SEC","SEC","2024-10-07",8,10,4,4,25.0270647520481,-2.89135942278666,36.1968796300615,3.06853968902663,26.1968796300615,26.1968796300615,"EB_features"
2024,"401643807",7,"2024-10-12 21:00:00",FALSE,2433,2572,"Sun Belt","Sun Belt","2024-10-07",8,17,4,4,-13.6486868620194,-10.6299266966903,13.6363595508702,3.06853968902663,-3.36364044912978,3.36364044912978,"EB_features"
2024,"401628391",7,"2024-10-12 23:00:00",FALSE,2633,57,"SEC","SEC","2024-10-07",8,6,4,4,10.7380074269029,10.0954861111822,15.5001676665608,3.06853968902663,9.50016766656075,9.50016766656075,"EB_features"
2024,"401643727",7,"2024-10-12 23:00:00",FALSE,167,2005,"Mountain West","Mountain West","2024-10-07",8,15,4,4,-11.8252431172049,0.622702545168083,0.60266328975331,3.06853968902663,-14.3973367102467,14.3973367102467,"EB_features"
2024,"401643730",7,"2024-10-12 23:00:00",FALSE,278,265,"Mountain West","Pac-12","2024-10-07",8,-8,4,4,-0.036504032394126,2.79935337603828,-2.7223175814886,3.06853968902663,5.2776824185114,5.2776824185114,"EB_features"
2024,"401643808",7,"2024-10-12 23:00:00",FALSE,326,2032,"Sun Belt","Sun Belt","2024-10-07",8,32,4,4,-9.3032873207793,-3.05992443752921,8.83275981650346,3.06853968902663,-23.1672401834965,23.1672401834965,"EB_features"
2024,"401645343",7,"2024-10-12 23:00:00",FALSE,2226,249,"American Athletic","American Athletic","2024-10-07",8,-4,4,4,-8.19678500433853,-7.93214233590472,-3.12603456102626,3.06853968902663,0.87396543897374,0.87396543897374,"EB_features"
2024,"401645344",7,"2024-10-12 23:00:00",FALSE,242,2636,"American Athletic","American Athletic","2024-10-07",8,2,4,4,-4.36888273417892,0.266581951710468,-0.00243765752521385,3.06853968902663,-2.00243765752521,2.00243765752521,"EB_features"
2024,"401628388",7,"2024-10-12 23:30:00",FALSE,99,145,"SEC","SEC","2024-10-07",8,3,4,5,15.4137991102542,11.512446845488,-1.39789849431011,3.06853968902663,-4.39789849431011,4.39789849431011,"EB_features"
2024,"401628515",7,"2024-10-12 23:30:00",FALSE,2483,194,"Big Ten","Big Ten","2024-10-07",8,1,4,5,21.0301631942092,20.6954681302168,-2.14236281278994,3.06853968902663,-3.14236281278994,3.14236281278994,"EB_features"
2024,"401643731",7,"2024-10-12 23:30:00",FALSE,2440,204,"Mountain West","Pac-12","2024-10-07",8,5,5,4,-11.3145116846518,0.997777657654213,-6.0487752426774,3.06853968902663,-11.0487752426774,11.0487752426774,"EB_features"
2024,"401643806",7,"2024-10-12 23:30:00",FALSE,309,2026,"Sun Belt","Sun Belt","2024-10-07",8,10,4,4,-3.01566665905323,1.26187239186551,11.904578572632,3.06853968902663,1.904578572632,1.904578572632,"EB_features"
2024,"401628387",7,"2024-10-12 23:45:00",FALSE,96,238,"SEC","SEC","2024-10-07",8,-7,5,4,7.29553049450051,-4.81172655903755,11.5855060276356,3.06853968902663,18.5855060276356,18.5855060276356,"EB_features"
2024,"401635574",7,"2024-10-13",FALSE,152,183,"ACC","ACC","2024-10-07",8,-7,5,4,3.60451319490385,-4.38004060195256,0.942525989805136,3.06853968902663,7.94252598980514,7.94252598980514,"EB_features"
2024,"401636896",7,"2024-10-13",FALSE,277,66,"Big 12","Big 12","2024-10-07",8,-12,4,4,4.44987645835145,9.12289331601332,-7.0935588341759,3.06853968902663,4.9064411658241,4.9064411658241,"EB_features"
2024,"401643804",7,"2024-10-13",FALSE,290,276,"Sun Belt","Sun Belt","2024-10-07",8,1,4,4,-4.21225630018632,-8.0934480177641,5.40648580212276,3.06853968902663,4.40648580212276,4.40648580212276,"EB_features"
2024,"401628514",7,"2024-10-13 01:00:00",FALSE,26,135,"Big Ten","Big Ten","2024-10-07",8,-4,5,5,0.775443857492128,0.0684802670985124,-2.13629285207596,3.06853968902663,1.86370714792404,1.86370714792404,"EB_features"
2024,"401636894",7,"2024-10-13 02:15:00",FALSE,38,2306,"Big 12","Big 12","2024-10-07",8,-3,4,4,-0.235254822549477,11.3528556616141,-4.93340333279959,3.06853968902663,-1.93340333279959,1.93340333279959,"EB_features"
2024,"401643728",7,"2024-10-13 03:00:00",FALSE,62,68,"Mountain West","Mountain West","2024-10-07",8,-21,2,4,-6.53828048195651,4.28940332870459,-17.5509771454715,3.06853968902663,3.44902285452846,3.44902285452846,"EB_features"
2024,"401643809",8,"2024-10-15 23:30:00",FALSE,6,2653,"Sun Belt","Sun Belt","2024-10-14",9,16,5,5,-2.26484320274907,0.114776361429243,6.30353418179652,3.06853968902663,-9.69646581820348,9.69646581820348,"EB_features"
2024,"401641019",8,"2024-10-16",FALSE,2393,338,"Conference USA","Conference USA","2024-10-14",9,9,5,4,-8.1038970630424,-5.26505502996835,1.50116533995549,3.06853968902663,-7.49883466004451,7.49883466004451,"EB_features"
2024,"401641010",8,"2024-10-16 01:00:00",FALSE,166,2348,"Conference USA","Conference USA","2024-10-14",9,3,5,4,-7.25320439837915,-10.9203660765961,-5.42020447437725,3.06853968902663,-8.42020447437725,8.42020447437725,"EB_features"
2024,"401641038",8,"2024-10-16 23:00:00",FALSE,2534,98,"Conference USA","Conference USA","2024-10-14",9,-17,6,5,-10.7700880211558,-7.87189034252338,2.78029266343611,3.06853968902663,19.7802926634361,19.7802926634361,"EB_features"
2024,"401640983",8,"2024-10-17 01:00:00",FALSE,2638,2229,"Conference USA","Conference USA","2024-10-14",9,9,5,5,-10.6445072711898,-9.57189665084299,-6.97811829169954,3.06853968902663,-15.9781182916995,15.9781182916995,"EB_features"
2024,"401643810",8,"2024-10-17 23:00:00",FALSE,276,2247,"Sun Belt","Sun Belt","2024-10-14",9,15,4,4,-8.0934480177641,-7.68151542658429,7.29327998132328,3.06853968902663,-7.70672001867672,7.70672001867672,"EB_features"
2024,"401634768",8,"2024-10-17 23:30:00",FALSE,259,103,"ACC","ACC","2024-10-14",9,21,6,5,7.14726264116556,-0.147779488413948,11.154816699847,3.06853968902663,-9.84518330015299,9.84518330015299,"EB_features"
2024,"401634769",8,"2024-10-18 23:00:00",FALSE,150,52,"ACC","ACC","2024-10-14",9,7,5,6,3.01352607681778,10.6153093026183,3.94866700100601,3.06853968902663,-3.05133299899399,3.05133299899399,"EB_features"
2024,"401628523",8,"2024-10-19",FALSE,2509,2483,"Big Ten","Big Ten","2024-10-14",9,-35,5,5,-0.183915433373066,21.0301631942092,-30.9994617885002,3.06853968902663,4.00053821149978,4.00053821149978,"EB_features"
2024,"401636898",8,"2024-10-19 02:15:00",FALSE,252,197,"Big 12","Big 12","2024-10-14",9,3,5,5,0.365786836075239,5.59274623764673,11.7873430864264,3.06853968902663,8.78734308642636,8.78734308642636,"EB_features"
2024,"401643735",8,"2024-10-19 02:30:00",FALSE,2440,278,"Mountain West","Mountain West","2024-10-14",9,-3,6,5,-11.3145116846518,-0.036504032394126,-3.74937139639689,3.06853968902663,-0.74937139639689,0.74937139639689,"EB_features"
2024,"401628395",8,"2024-10-19 16:00:00",FALSE,142,2,"SEC","SEC","2024-10-14",9,4,5,5,12.9826987201321,8.10607339834971,9.31317865134201,3.06853968902663,5.31317865134201,5.31317865134201,"EB_features"
2024,"401628519",8,"2024-10-19 16:00:00",FALSE,84,158,"Big Ten","Big Ten","2024-10-14",9,49,5,5,-4.13495303517146,4.72701851957832,5.60775843512823,3.06853968902663,-43.3922415648718,43.3922415648718,"EB_features"
2024,"401628522",8,"2024-10-19 16:00:00",TRUE,77,275,"Big Ten","Big Ten","2024-10-14",9,-20,5,5,0.939315961674559,5.28636944114385,-7.18842547899366,3.06853968902663,12.8115745210063,12.8115745210063,"EB_features"
2024,"401628524",8,"2024-10-19 16:00:00",FALSE,164,26,"Big Ten","Big Ten","2024-10-14",9,-3,5,5,4.49079344124815,0.775443857492128,7.70231009580048,3.06853968902663,10.7023100958005,10.7023100958005,"EB_features"
2024,"401629034",8,"2024-10-19 16:00:00",FALSE,41,154,"FBS Independents","ACC","2024-10-14",9,-3,5,5,-12.7907734184717,-4.06957012501362,4.35981747564541,3.06853968902663,7.35981747564541,7.35981747564541,"EB_features"
2024,"401635588",8,"2024-10-19 16:00:00",FALSE,228,258,"ACC","ACC","2024-10-14",9,17,6,5,15.3240886417131,-2.84858555293252,21.5089335937829,3.06853968902663,4.50893359378288,4.50893359378288,"EB_features"
2024,"401635589",8,"2024-10-19 16:00:00",FALSE,97,2390,"ACC","ACC","2024-10-14",9,-7,5,5,2.89914633384597,9.91806312120734,-7.30579522121178,3.06853968902663,-0.305795221211783,0.305795221211783,"EB_features"
2024,"401636899",8,"2024-10-19 16:00:00",FALSE,2132,9,"Big 12","Big 12","2024-10-14",9,10,5,6,-6.87277373104661,-4.95028850657729,2.92100467118414,3.06853968902663,-7.07899532881586,7.07899532881586,"EB_features"
2024,"401643811",8,"2024-10-19 16:00:00",FALSE,324,309,"Sun Belt","Sun Belt","2024-10-14",9,-10,5,5,-3.35717487071493,-3.01566665905323,0.787385505621839,3.06853968902663,10.7873855056218,10.7873855056218,"EB_features"
2024,"401645346",8,"2024-10-19 16:00:00",FALSE,349,151,"American Athletic","American Athletic","2024-10-14",9,17,5,5,-4.34921764224247,-5.71868001849941,18.2865755436073,3.06853968902663,1.28657554360733,1.28657554360733,"EB_features"
2024,"401628396",8,"2024-10-19 16:45:00",FALSE,201,2579,"SEC","SEC","2024-10-14",9,-26,6,6,18.2965051751606,6.14453110544943,6.60681699817533,3.06853968902663,32.6068169981753,32.6068169981753,"EB_features"
2024,"401644750",8,"2024-10-19 18:00:00",FALSE,2199,2117,"Mid-American","Mid-American","2024-10-14",9,4,5,5,-12.684840792594,-7.1824529563317,6.06696248960592,3.06853968902663,2.06696248960592,2.06696248960592,"EB_features"
2024,"401645351",8,"2024-10-19 18:00:00",FALSE,218,202,"American Athletic","American Athletic","2024-10-14",9,10,6,5,-13.849234283236,-11.630170096533,5.6277835897467,3.06853968902663,-4.3722164102533,4.3722164102533,"EB_features"
2024,"401628397",8,"2024-10-19 19:30:00",FALSE,2633,333,"SEC","SEC","2024-10-14",9,7,5,6,10.7380074269029,19.9416806668532,-2.76597113072388,3.06853968902663,-9.76597113072387,9.76597113072387,"EB_features"
2024,"401628518",8,"2024-10-19 19:30:00",FALSE,356,130,"Big Ten","Big Ten","2024-10-14",9,14,5,6,-0.824160316874744,19.5132016690649,-7.91656730450727,3.06853968902663,-21.9165673045073,21.9165673045073,"EB_features"
2024,"401628982",8,"2024-10-19 19:30:00",TRUE,59,87,"ACC","FBS Independents","2024-10-14",9,-18,6,6,2.85837747766035,19.1641400028386,-17.8534129283902,3.06853968902663,0.146587071609833,0.146587071609833,"EB_features"
2024,"401635587",8,"2024-10-19 19:30:00",FALSE,25,152,"ACC","ACC","2024-10-14",9,-1,5,5,3.40089719913306,3.60451319490385,11.8679099109675,3.06853968902663,12.8679099109675,12.8679099109675,"EB_features"
2024,"401636901",8,"2024-10-19 19:30:00",TRUE,2305,248,"Big 12","Big 12","2024-10-14",9,28,5,6,3.04245096598535,-4.13577014970085,4.55774389038302,3.06853968902663,-23.442256109617,23.442256109617,"EB_features"
2024,"401643736",8,"2024-10-19 19:30:00",FALSE,265,62,"Pac-12","Mountain West","2024-10-14",9,32,5,3,2.79935337603828,-6.53828048195651,18.3678737544092,3.06853968902663,-13.6321262455908,13.6321262455908,"EB_features"
2024,"401643813",8,"2024-10-19 19:30:00",FALSE,295,326,"Sun Belt","Sun Belt","2024-10-14",9,10,6,5,-4.48642628840934,-9.3032873207793,-2.96160587225748,3.06853968902663,-12.9616058722575,12.9616058722575,"EB_features"
2024,"401644686",8,"2024-10-19 19:30:00",FALSE,193,195,"Mid-American","Mid-American","2024-10-14",9,10,6,5,-1.16257553874423,-5.11978417368822,7.70584335197025,3.06853968902663,-2.29415664802975,2.29415664802975,"EB_features"
2024,"401644748",8,"2024-10-19 19:30:00",FALSE,189,2309,"Mid-American","Mid-American","2024-10-14",9,21,5,5,-4.42708900938513,-16.2403860688761,27.0999010939129,3.06853968902663,6.0999010939129,6.0999010939129,"EB_features"
2024,"401644749",8,"2024-10-19 19:30:00",FALSE,2084,2711,"Mid-American","Mid-American","2024-10-14",9,-7,5,5,-9.36936444215472,-7.26618680585012,3.8515437615018,3.06853968902663,10.8515437615018,10.8515437615018,"EB_features"
2024,"401644751",8,"2024-10-19 19:30:00",FALSE,2459,2649,"Mid-American","Mid-American","2024-10-14",9,-7,5,5,-2.60157726530493,-1.52521694802914,4.29719868320281,3.06853968902663,11.2971986832028,11.2971986832028,"EB_features"
2024,"401645345",8,"2024-10-19 19:30:00",FALSE,58,5,"American Athletic","American Athletic","2024-10-14",9,10,5,5,-1.64619211889056,-7.5510916685212,15.317433704725,3.06853968902663,5.31743370472502,5.31743370472502,"EB_features"
2024,"401645347",8,"2024-10-19 19:30:00",FALSE,2426,2429,"American Athletic","American Athletic","2024-10-14",9,34,4,5,-8.04147390077089,-10.1538557854714,14.7284377364082,3.06853968902663,-19.2715622635918,19.2715622635918,"EB_features"
2024,"401645348",8,"2024-10-19 19:30:00",FALSE,2636,2226,"American Athletic","American Athletic","2024-10-14",9,14,5,5,0.266581951710468,-8.19678500433853,4.17731548343953,3.06853968902663,-9.82268451656047,9.82268451656047,"EB_features"
2024,"401645350",8,"2024-10-19 19:30:00",FALSE,2655,242,"American Athletic","American Athletic","2024-10-14",9,14,5,5,-2.92613582213276,-4.36888273417892,22.7231725401154,3.06853968902663,8.72317254011542,8.72317254011542,"EB_features"
2024,"401628521",8,"2024-10-19 20:00:00",FALSE,120,30,"Big Ten","Big Ten","2024-10-14",9,1,5,6,5.9524202700039,10.1161692172943,-7.07709718696466,3.06853968902663,-8.07709718696466,8.07709718696466,"EB_features"
2024,"401636897",8,"2024-10-19 20:00:00",FALSE,12,38,"Big 12","Big 12","2024-10-14",9,-27,5,4,8.76134128362684,-0.235254822549477,3.53814647799091,3.06853968902663,30.5381464779909,30.5381464779909,"EB_features"
2024,"401636902",8,"2024-10-19 20:00:00",FALSE,2641,239,"Big 12","Big 12","2024-10-14",9,-24,5,5,4.64476712290881,-1.89332082277664,10.9256692704426,3.06853968902663,34.9256692704426,34.9256692704426,"EB_features"
2024,"401643737",8,"2024-10-19 20:00:00",FALSE,328,167,"Mountain West","Mountain West","2024-10-14",9,-5,5,5,-7.82715494563226,-11.8252431172049,-0.199316400328831,3.06853968902663,4.80068359967117,4.80068359967117,"EB_features"
2024,"401643738",8,"2024-10-19 20:00:00",FALSE,23,2751,"Mountain West","Mountain West","2024-10-14",9,10,5,5,-3.32749707398681,-2.5266365890753,12.0960998294855,3.06853968902663,2.09609982948548,2.09609982948548,"EB_features"
2024,"401643812",8,"2024-10-19 20:00:00",FALSE,290,256,"Sun Belt","Sun Belt","2024-10-14",9,14,4,5,-4.21225630018632,-5.16734296001291,-8.21653870346661,3.06853968902663,-22.2165387034666,22.2165387034666,"EB_features"
2024,"401628394",8,"2024-10-19 20:15:00",FALSE,344,245,"SEC","SEC","2024-10-14",9,-10,5,5,-2.89135942278666,13.1941688029351,-15.5509893727722,3.06853968902663,-5.55098937277221,5.55098937277221,"EB_features"
2024,"401628392",8,"2024-10-19 23:00:00",FALSE,8,99,"SEC","SEC","2024-10-14",9,-24,5,5,0.267980266345633,15.4137991102542,-9.44699988178088,3.06853968902663,14.5530001182191,14.5530001182191,"EB_features"
2024,"401628399",8,"2024-10-19 23:00:00",FALSE,238,2050,"SEC","Mid-American","2024-10-14",9,10,5,5,-4.81172655903755,-9.09899353968169,27.2616909469339,3.06853968902663,17.2616909469339,17.2616909469339,"EB_features"
2024,"401643814",8,"2024-10-19 23:00:00",FALSE,2572,2032,"Sun Belt","Sun Belt","2024-10-14",9,-16,5,5,-10.6299266966903,-3.05992443752921,-7.18970041355549,3.06853968902663,8.81029958644451,8.81029958644451,"EB_features"
2024,"401628398",8,"2024-10-19 23:30:00",FALSE,251,61,"SEC","SEC","2024-10-14",9,-15,6,5,19.9060090333261,25.0270647520481,8.66496386813265,3.06853968902663,23.6649638681327,23.6649638681327,"EB_features"
2024,"401628520",8,"2024-10-19 23:30:00",FALSE,127,2294,"Big Ten","Big Ten","2024-10-14",9,12,5,5,-2.72134278456529,6.75996408973984,-9.51341004263473,3.06853968902663,-21.5134100426347,21.5134100426347,"EB_features"
2024,"401636900",8,"2024-10-19 23:30:00",FALSE,66,2116,"Big 12","Big 12","2024-10-14",9,3,4,5,9.12289331601332,0.200115796405301,19.3767110852101,3.06853968902663,16.3767110852101,16.3767110852101,"EB_features"
2024,"401636904",8,"2024-10-19 23:30:00",FALSE,277,2306,"Big 12","Big 12","2024-10-14",9,-27,4,4,4.44987645835145,11.3528556616141,-3.72213081767728,3.06853968902663,23.2778691823227,23.2778691823227,"EB_features"
2024,"401645349",8,"2024-10-19 23:30:00",FALSE,235,249,"American Athletic","American Athletic","2024-10-14",9,8,5,5,4.32814820641058,-7.93214233590472,12.1220419438148,3.06853968902663,4.12204194381484,4.12204194381484,"EB_features"
2024,"401628393",8,"2024-10-19 23:45:00",FALSE,57,96,"SEC","SEC","2024-10-14",9,28,5,6,10.0954861111822,7.29553049450051,2.88260172541412,3.06853968902663,-25.1173982745859,25.1173982745859,"EB_features"
2024,"401635590",8,"2024-10-20",FALSE,24,2567,"ACC","ACC","2024-10-14",9,-30,5,5,0.830373297170923,4.96254356224963,-11.6496851776745,3.06853968902663,18.3503148223255,18.3503148223255,"EB_features"
2024,"401643734",8,"2024-10-20",FALSE,2005,36,"Mountain West","Mountain West","2024-10-14",9,-8,5,5,0.622702545168083,-4.19381731824135,-1.57452675632133,3.06853968902663,6.42547324367867,6.42547324367867,"EB_features"
2024,"401643739",8,"2024-10-20 02:00:00",FALSE,204,2439,"Pac-12","Mountain West","2024-10-14",9,-8,5,5,0.997777657654213,-1.6849149891182,-3.73222568301616,3.06853968902663,4.26777431698384,4.26777431698384,"EB_features"
2024,"401636903",8,"2024-10-20 02:30:00",FALSE,254,2628,"Big 12","Big 12","2024-10-14",9,-6,5,5,4.96459412776005,4.93535426727664,5.5095186366775,3.06853968902663,11.5095186366775,11.5095186366775,"EB_features"
2024,"401640984",9,"2024-10-22 23:30:00",TRUE,2229,2534,"Conference USA","Conference USA","2024-10-21",10,-3,6,7,-9.57189665084299,-10.7700880211558,-1.80192162833356,3.06853968902663,1.19807837166644,1.19807837166644,"EB_features"
2024,"401641011",9,"2024-10-23",FALSE,2348,2638,"Conference USA","Conference USA","2024-10-21",10,4,5,6,-10.9203660765961,-10.6445072711898,7.01075668869445,3.06853968902663,3.01075668869445,3.01075668869445,"EB_features"
2024,"401640993",9,"2024-10-23 23:00:00",FALSE,338,2335,"Conference USA","Conference USA","2024-10-21",10,3,5,4,-5.26505502996835,0.613054166612684,-13.0579670835147,3.06853968902663,-16.0579670835147,16.0579670835147,"EB_features"
2024,"401641003",9,"2024-10-23 23:30:00",FALSE,55,2393,"Conference USA","Conference USA","2024-10-21",10,22,6,6,-10.1593831528788,-8.1038970630424,15.0711054824569,3.06853968902663,-6.92889451754314,6.92889451754314,"EB_features"
2024,"401643815",9,"2024-10-24 23:00:00",FALSE,295,290,"Sun Belt","Sun Belt","2024-10-21",10,28,7,6,-4.48642628840934,-4.21225630018632,1.44137953553175,3.06853968902663,-26.5586204644683,26.5586204644683,"EB_features"
2024,"401634770",9,"2024-10-24 23:30:00",FALSE,221,183,"ACC","ACC","2024-10-21",10,28,5,5,-4.44471549431581,-4.38004060195256,4.18843190540377,3.06853968902663,-23.8115680945962,23.8115680945962,"EB_features"
2024,"401634771",9,"2024-10-25 23:30:00",FALSE,103,97,"ACC","ACC","2024-10-21",10,-4,6,6,-0.147779488413948,2.89914633384597,-4.77963327780655,3.06853968902663,-0.77963327780655,0.77963327780655,"EB_features"
2024,"401643740",9,"2024-10-26 02:30:00",FALSE,2439,68,"Mountain West","Mountain West","2024-10-21",10,-5,5,5,-1.6849149891182,4.28940332870459,-2.62176697177702,3.06853968902663,2.37823302822298,2.37823302822298,"EB_features"
2024,"401628532",9,"2024-10-26 03:00:00",FALSE,30,164,"Big Ten","Big Ten","2024-10-21",10,22,7,6,10.1161692172943,4.49079344124815,15.372624171749,3.06853968902663,-6.62737582825101,6.62737582825101,"EB_features"
2024,"401628402",9,"2024-10-26 16:00:00",FALSE,145,201,"SEC","SEC","2024-10-21",10,12,6,7,11.512446845488,18.2965051751606,12.0832892396493,3.06853968902663,0.0832892396492593,0.0832892396492593,"EB_features"
2024,"401628526",9,"2024-10-26 16:00:00",FALSE,84,264,"Big Ten","Big Ten","2024-10-21",10,14,6,6,-4.13495303517146,6.9980335395817,9.9981121389045,3.06853968902663,-4.0018878610955,4.0018878610955,"EB_features"
2024,"401628530",9,"2024-10-26 16:00:00",FALSE,194,158,"Big Ten","Big Ten","2024-10-21",10,4,6,6,20.6954681302168,4.72701851957832,28.0082257243107,3.06853968902663,24.0082257243107,24.0082257243107,"EB_features"
2024,"401628983",9,"2024-10-26 16:00:00",TRUE,2426,87,"American Athletic","FBS Independents","2024-10-21",10,-37,5,7,-8.04147390077089,19.1641400028386,-19.216803737958,3.06853968902663,17.783196262042,17.783196262042,"EB_features"
2024,"401635597",9,"2024-10-26 16:00:00",FALSE,259,59,"ACC","ACC","2024-10-21",10,15,7,7,7.14726264116556,2.85837747766035,8.85809225016223,3.06853968902663,-6.14190774983777,6.14190774983777,"EB_features"
2024,"401635598",9,"2024-10-26 16:00:00",FALSE,258,153,"ACC","ACC","2024-10-21",10,-27,6,6,-2.84858555293252,5.46803246291015,2.90755038992924,3.06853968902663,29.9075503899292,29.9075503899292,"EB_features"
2024,"401644755",9,"2024-10-26 16:00:00",FALSE,195,2084,"Mid-American","Mid-American","2024-10-21",10,31,6,6,-5.11978417368822,-9.36936444215472,5.76574041325335,3.06853968902663,-25.2342595867466,25.2342595867466,"EB_features"
2024,"401645353",9,"2024-10-26 16:00:00",FALSE,235,2429,"American Athletic","American Athletic","2024-10-21",10,5,6,6,4.32814820641058,-10.1538557854714,19.3910024845585,3.06853968902663,14.3910024845585,14.3910024845585,"EB_features"
2024,"401645354",9,"2024-10-26 16:00:00",FALSE,249,2655,"American Athletic","American Athletic","2024-10-21",10,-8,6,6,-7.93214233590472,-2.92613582213276,-7.31711987894854,3.06853968902663,0.682880121051463,0.682880121051463,"EB_features"
2024,"401628403",9,"2024-10-26 16:45:00",FALSE,344,8,"SEC","SEC","2024-10-21",10,-33,6,6,-2.89135942278666,0.267980266345633,-2.19520146299445,3.06853968902663,30.8047985370055,30.8047985370055,"EB_features"
2024,"401643816",9,"2024-10-26 17:00:00",FALSE,2026,2247,"Sun Belt","Sun Belt","2024-10-21",10,7,5,5,1.26187239186551,-7.68151542658429,4.23584063529656,3.06853968902663,-2.76415936470344,2.76415936470344,"EB_features"
2024,"401644687",9,"2024-10-26 18:00:00",FALSE,193,2117,"Mid-American","Mid-American","2024-10-21",10,39,7,6,-1.16257553874423,-7.1824529563317,14.9095257238767,3.06853968902663,-24.0904742761233,24.0904742761233,"EB_features"
2024,"401645352",9,"2024-10-26 18:00:00",FALSE,151,218,"American Athletic","American Athletic","2024-10-21",10,22,6,7,-5.71868001849941,-13.849234283236,10.5336847161002,3.06853968902663,-11.4663152838998,11.4663152838998,"EB_features"
2024,"401628400",9,"2024-10-26 19:30:00",FALSE,333,142,"SEC","SEC","2024-10-21",10,34,7,6,19.9416806668532,12.9826987201321,16.6472469077156,3.06853968902663,-17.3527530922844,17.3527530922844,"EB_features"
2024,"401628525",9,"2024-10-26 19:30:00",FALSE,2483,356,"Big Ten","Big Ten","2024-10-21",10,29,6,6,21.0301631942092,-0.824160316874744,23.4001205734121,3.06853968902663,-5.59987942658791,5.59987942658791,"EB_features"
2024,"401628527",9,"2024-10-26 19:30:00",FALSE,2294,77,"Big Ten","Big Ten","2024-10-21",10,26,6,6,6.75996408973984,0.939315961674559,10.4563826002299,3.06853968902663,-15.5436173997701,15.5436173997701,"EB_features"
2024,"401628528",9,"2024-10-26 19:30:00",FALSE,135,120,"Big Ten","Big Ten","2024-10-21",10,25,6,6,0.0684802670985124,5.9524202700039,0.773676682089239,3.06853968902663,-24.2263233179108,24.2263233179108,"EB_features"
2024,"401629035",9,"2024-10-26 19:30:00",FALSE,41,242,"FBS Independents","American Athletic","2024-10-21",10,7,6,6,-12.7907734184717,-4.36888273417892,9.06634115701141,3.06853968902663,2.06634115701141,2.06634115701141,"EB_features"
2024,"401635599",9,"2024-10-26 19:30:00",FALSE,24,154,"ACC","ACC","2024-10-21",10,-3,5,6,0.830373297170923,-4.06957012501362,4.98232572091282,3.06853968902663,7.98232572091282,7.98232572091282,"EB_features"
2024,"401636906",9,"2024-10-26 19:30:00",FALSE,239,197,"Big 12","Big 12","2024-10-21",10,10,6,6,-1.89332082277664,5.59274623764673,3.27386313639597,3.06853968902663,-6.72613686360403,6.72613686360403,"EB_features"
2024,"401636910",9,"2024-10-26 19:30:00",FALSE,2628,2641,"Big 12","Big 12","2024-10-21",10,1,5,6,4.93535426727664,4.64476712290881,-0.230600480155303,3.06853968902663,-1.2306004801553,1.2306004801553,"EB_features"
2024,"401636911",9,"2024-10-26 19:30:00",FALSE,2116,252,"Big 12","Big 12","2024-10-21",10,-13,6,6,0.200115796405301,0.365786836075239,-5.90362815667548,3.06853968902663,7.09637184332452,7.09637184332452,"EB_features"
2024,"401643817",9,"2024-10-26 19:30:00",FALSE,256,2572,"Sun Belt","Sun Belt","2024-10-21",10,17,6,6,-5.16734296001291,-10.6299266966903,29.160065152072,3.06853968902663,12.160065152072,12.160065152072,"EB_features"
2024,"401644752",9,"2024-10-26 19:30:00",FALSE,2006,2199,"Mid-American","Mid-American","2024-10-21",10,4,6,6,-14.8745594216698,-12.684840792594,-3.21951052450653,3.06853968902663,-7.21951052450653,7.21951052450653,"EB_features"
2024,"401644753",9,"2024-10-26 19:30:00",FALSE,2050,2459,"Mid-American","Mid-American","2024-10-21",10,2,6,6,-9.09899353968169,-2.60157726530493,-13.5874493759854,3.06853968902663,-15.5874493759854,15.5874493759854,"EB_features"
2024,"401644754",9,"2024-10-26 19:30:00",FALSE,2649,189,"Mid-American","Mid-American","2024-10-21",10,-15,6,6,-1.52521694802914,-4.42708900938513,5.83839342186636,3.06853968902663,20.8383934218664,20.8383934218664,"EB_features"
2024,"401644756",9,"2024-10-26 19:30:00",FALSE,2711,2309,"Mid-American","Mid-American","2024-10-21",10,31,6,6,-7.26618680585012,-16.2403860688761,20.0758207980845,3.06853968902663,-10.9241792019155,10.9241792019155,"EB_features"
2024,"401645355",9,"2024-10-26 19:30:00",FALSE,202,2636,"American Athletic","American Athletic","2024-10-21",10,1,6,6,-11.630170096533,0.266581951710468,-7.91832063101392,3.06853968902663,-8.91832063101392,8.91832063101392,"EB_features"
2024,"401635594",9,"2024-10-26 20:00:00",FALSE,25,204,"ACC","Pac-12","2024-10-21",10,37,6,5,3.40089719913306,0.997777657654213,8.72120926951749,3.06853968902663,-28.2787907304825,28.2787907304825,"EB_features"
2024,"401628405",9,"2024-10-26 20:15:00",FALSE,238,251,"SEC","SEC","2024-10-21",10,-3,6,7,-4.81172655903755,19.9060090333261,-22.2103082434245,3.06853968902663,-19.2103082434245,19.2103082434245,"EB_features"
2024,"401643741",9,"2024-10-26 21:00:00",FALSE,36,167,"Mountain West","Mountain West","2024-10-21",10,11,5,6,-4.19381731824135,-11.8252431172049,7.80021174165824,3.06853968902663,-3.19978825834176,3.19978825834176,"EB_features"
2024,"401643819",9,"2024-10-26 21:00:00",FALSE,6,2433,"Sun Belt","Sun Belt","2024-10-21",10,29,6,5,-2.26484320274907,-13.6486868620194,8.67899760426318,3.06853968902663,-20.3210023957368,20.3210023957368,"EB_features"
2024,"401635596",9,"2024-10-26 23:00:00",FALSE,2390,52,"ACC","ACC","2024-10-21",10,22,6,7,9.91806312120734,10.6153093026183,20.816895502328,3.06853968902663,-1.18310449767196,1.18310449767196,"EB_features"
2024,"401636905",9,"2024-10-26 23:00:00",FALSE,12,277,"Big 12","Big 12","2024-10-21",10,-5,6,6,8.76134128362684,4.44987645835145,2.1733017355345,3.06853968902663,7.1733017355345,7.1733017355345,"EB_features"
2024,"401636908",9,"2024-10-26 23:00:00",FALSE,248,254,"Big 12","Big 12","2024-10-21",10,3,7,5,-4.13577014970085,4.96459412776005,-5.75082932982245,3.06853968902663,-8.75082932982245,8.75082932982245,"EB_features"
2024,"401643745",9,"2024-10-26 23:00:00",FALSE,2751,328,"Mountain West","Mountain West","2024-10-21",10,-2,6,6,-2.5266365890753,-7.82715494563226,7.52809470572071,3.06853968902663,9.52809470572071,9.52809470572071,"EB_features"
2024,"401643818",9,"2024-10-26 23:00:00",FALSE,2032,2653,"Sun Belt","Sun Belt","2024-10-21",10,3,6,6,-3.05992443752921,0.114776361429243,2.61981719519186,3.06853968902663,-0.380182804808142,0.380182804808142,"EB_features"
2024,"401628404",9,"2024-10-26 23:30:00",FALSE,245,99,"SEC","SEC","2024-10-21",10,15,6,6,13.1941688029351,15.4137991102542,-0.324831236437975,3.06853968902663,-15.324831236438,15.324831236438,"EB_features"
2024,"401628529",9,"2024-10-26 23:30:00",FALSE,130,127,"Big Ten","Big Ten","2024-10-21",10,7,7,6,19.5132016690649,-2.72134278456529,12.6619992042302,3.06853968902663,5.66199920423015,5.66199920423015,"EB_features"
2024,"401628531",9,"2024-10-26 23:30:00",FALSE,275,213,"Big Ten","Big Ten","2024-10-21",10,-15,6,6,5.28636944114385,20.16269811066,-5.42890233986336,3.06853968902663,9.57109766013664,9.57109766013664,"EB_features"
2024,"401628401",9,"2024-10-26 23:45:00",FALSE,96,2,"SEC","SEC","2024-10-21",10,-14,7,6,7.29553049450051,8.10607339834971,4.51365252124948,3.06853968902663,18.5136525212495,18.5136525212495,"EB_features"
2024,"401635595",9,"2024-10-27",FALSE,150,2567,"ACC","ACC","2024-10-21",10,-1,6,5,3.01352607681778,4.96254356224963,-3.99714191066571,3.06853968902663,-2.99714191066571,2.99714191066571,"EB_features"
2024,"401636909",9,"2024-10-27",FALSE,2306,2305,"Big 12","Big 12","2024-10-21",10,2,6,6,11.3528556616141,3.04245096598535,14.2546492933159,3.06853968902663,12.2546492933159,12.2546492933159,"EB_features"
2024,"401643742",9,"2024-10-27",FALSE,278,23,"Mountain West","Mountain West","2024-10-21",10,23,6,6,-0.036504032394126,-3.32749707398681,4.4576755741513,3.06853968902663,-18.5423244258487,18.5423244258487,"EB_features"
2024,"401636907",9,"2024-10-27 02:15:00",FALSE,38,2132,"Big 12","Big 12","2024-10-21",10,11,6,6,-0.235254822549477,-6.87277373104661,8.61013965629031,3.06853968902663,-2.38986034370969,2.38986034370969,"EB_features"
2024,"401643744",9,"2024-10-27 02:30:00",FALSE,21,265,"Mountain West","Pac-12","2024-10-21",10,-3,5,6,-8.2101643831943,2.79935337603828,-14.8974541136067,3.06853968902663,-11.8974541136067,11.8974541136067,"EB_features"
2024,"401643743",9,"2024-10-27 03:59:00",FALSE,62,2440,"Mountain West","Mountain West","2024-10-21",10,21,5,7,-6.53828048195651,-11.3145116846518,-0.279362680984351,3.06853968902663,-21.2793626809844,21.2793626809844,"EB_features"
2024,"401640985",10,"2024-10-29 23:00:00",TRUE,2229,166,"Conference USA","Conference USA","2024-10-28",11,21,7,6,-9.57189665084299,-7.25320439837915,10.3605846812307,3.06853968902663,-10.6394153187693,10.6394153187693,"EB_features"
2024,"401643820",10,"2024-10-29 23:30:00",FALSE,326,309,"Sun Belt","Sun Belt","2024-10-28",11,-6,6,6,-9.3032873207793,-3.01566665905323,3.91031072018423,3.06853968902663,9.91031072018423,9.91031072018423,"EB_features"
2024,"401641012",10,"2024-10-30",FALSE,2534,2348,"Conference USA","Conference USA","2024-10-28",11,6,8,6,-10.7700880211558,-10.9203660765961,8.9398342680964,3.06853968902663,2.9398342680964,2.9398342680964,"EB_features"
2024,"401640994",10,"2024-10-30 23:00:00",FALSE,2335,55,"Conference USA","Conference USA","2024-10-28",11,-10,5,7,0.613054166612684,-10.1593831528788,5.06280753920221,3.06853968902663,15.0628075392022,15.0628075392022,"EB_features"
2024,"401641020",10,"2024-10-30 23:30:00",FALSE,98,338,"Conference USA","Conference USA","2024-10-28",11,17,6,6,-7.87189034252338,-5.26505502996835,16.3152578195195,3.06853968902663,-0.684742180480537,0.684742180480537,"EB_features"
2024,"401645356",10,"2024-10-31 23:30:00",FALSE,2429,2655,"American Athletic","American Athletic","2024-10-28",11,-31,7,7,-10.1538557854714,-2.92613582213276,-13.7519529937862,3.06853968902663,17.2480470062138,17.2480470062138,"EB_features"
2024,"401629036",10,"2024-11-01 23:00:00",FALSE,41,2247,"FBS Independents","Sun Belt","2024-10-28",11,7,7,6,-12.7907734184717,-7.68151542658429,7.02734667235332,3.06853968902663,0.0273466723533158,0.0273466723533158,"EB_features"
2024,"401645357",10,"2024-11-01 23:30:00",FALSE,2226,58,"American Athletic","American Athletic","2024-10-28",11,-23,6,6,-8.19678500433853,-1.64619211889056,-2.07983549064816,3.06853968902663,20.9201645093518,20.9201645093518,"EB_features"
2024,"401643747",10,"2024-11-02",FALSE,68,21,"Mountain West","Mountain West","2024-10-28",11,32,6,5,4.28940332870459,-8.2101643831943,26.7418268416466,3.06853968902663,-5.25817315835344,5.25817315835344,"EB_features"
2024,"401628406",10,"2024-11-02 16:00:00",FALSE,8,145,"SEC","SEC","2024-10-28",11,-32,7,7,0.267980266345633,11.512446845488,-11.0796991711998,3.06853968902663,20.9203008288002,20.9203008288002,"EB_features"
2024,"401628533",10,"2024-11-02 16:00:00",FALSE,356,135,"Big Ten","Big Ten","2024-10-28",11,-8,7,7,-0.824160316874744,0.0684802670985124,0.182143519748651,3.06853968902663,8.18214351974865,8.18214351974865,"EB_features"
2024,"401628538",10,"2024-11-02 16:00:00",FALSE,2509,77,"Big Ten","Big Ten","2024-10-28",11,-6,6,7,-0.183915433373066,0.939315961674559,-8.77209489557938,3.06853968902663,-2.77209489557938,2.77209489557938,"EB_features"
2024,"401628539",10,"2024-11-02 16:00:00",FALSE,213,194,"Big Ten","Big Ten","2024-10-28",11,-7,7,7,20.16269811066,20.6954681302168,-3.10388593049675,3.06853968902663,3.89611406950325,3.89611406950325,"EB_features"
2024,"401635516",10,"2024-11-02 16:00:00",FALSE,152,24,"ACC","ACC","2024-10-28",11,31,7,7,3.60451319490385,0.830373297170923,7.04987789982186,3.06853968902663,-23.9501221001781,23.9501221001781,"EB_features"
2024,"401635601",10,"2024-11-02 16:00:00",FALSE,2390,150,"ACC","ACC","2024-10-28",11,22,7,6,9.91806312120734,3.01352607681778,19.8314849281978,3.06853968902663,-2.16851507180218,2.16851507180218,"EB_features"
2024,"401635604",10,"2024-11-02 16:00:00",FALSE,183,259,"ACC","ACC","2024-10-28",11,7,6,8,-4.38004060195256,7.14726264116556,-10.1874133722762,3.06853968902663,-17.1874133722762,17.1874133722762,"EB_features"
2024,"401643746",10,"2024-11-02 16:00:00",FALSE,349,2005,"American Athletic","Mountain West","2024-10-28",11,17,6,6,-4.34921764224247,0.622702545168083,21.1913729692464,3.06853968902663,4.19137296924637,4.19137296924637,"EB_features"
2024,"401644757",10,"2024-11-02 16:00:00",FALSE,2006,2084,"Mid-American","Mid-American","2024-10-28",11,-11,7,7,-14.8745594216698,-9.36936444215472,-1.43404637236776,3.06853968902663,9.56595362763224,9.56595362763224,"EB_features"
2024,"401644758",10,"2024-11-02 16:00:00",FALSE,2199,2649,"Mid-American","Mid-American","2024-10-28",11,-1,7,7,-12.684840792594,-1.52521694802914,-7.35019625942289,3.06853968902663,-6.35019625942289,6.35019625942289,"EB_features"
2024,"401645359",10,"2024-11-02 16:00:00",FALSE,2636,235,"American Athletic","American Athletic","2024-10-28",11,8,7,7,0.266581951710468,4.32814820641058,-9.63667309934614,3.06853968902663,-17.6366730993461,17.6366730993461,"EB_features"
2024,"401628407",10,"2024-11-02 16:45:00",FALSE,2,238,"SEC","SEC","2024-10-28",11,-10,7,7,8.10607339834971,-4.81172655903755,6.5448869469877,3.06853968902663,16.5448869469877,16.5448869469877,"EB_features"
2024,"401643821",10,"2024-11-02 18:30:00",FALSE,2026,295,"Sun Belt","Sun Belt","2024-10-28",11,8,6,8,1.26187239186551,-4.48642628840934,-4.88195976134086,3.06853968902663,-12.8819597613409,12.8819597613409,"EB_features"
2024,"401645358",10,"2024-11-02 18:30:00",FALSE,5,202,"American Athletic","American Athletic","2024-10-28",11,38,6,7,-7.5510916685212,-11.630170096533,4.49746550152937,3.06853968902663,-33.5025344984706,33.5025344984706,"EB_features"
2024,"401628408",10,"2024-11-02 19:30:00",TRUE,61,57,"SEC","SEC","2024-10-28",11,14,6,6,25.0270647520481,10.0954861111822,15.018567273404,3.06853968902663,1.01856727340401,1.01856727340401,"EB_features"
2024,"401628534",10,"2024-11-02 19:30:00",FALSE,127,84,"Big Ten","Big Ten","2024-10-28",11,-37,7,7,-2.72134278456529,-4.13495303517146,-9.33739233064643,3.06853968902663,27.6626076693536,27.6626076693536,"EB_features"
2024,"401628536",10,"2024-11-02 19:30:00",FALSE,130,2483,"Big Ten","Big Ten","2024-10-28",11,-21,8,7,19.5132016690649,21.0301631942092,-10.7967078797262,3.06853968902663,10.2032921202738,10.2032921202738,"EB_features"
2024,"401628537",10,"2024-11-02 19:30:00",FALSE,158,26,"Big Ten","Big Ten","2024-10-28",11,-7,7,7,4.72701851957832,0.775443857492128,8.73413122390156,3.06853968902663,15.7341312239016,15.7341312239016,"EB_features"
2024,"401635602",10,"2024-11-02 19:30:00",FALSE,52,153,"ACC","ACC","2024-10-28",11,-24,8,7,10.6153093026183,5.46803246291015,1.2613624095208,3.06853968902663,25.2613624095208,25.2613624095208,"EB_features"
2024,"401636913",10,"2024-11-02 19:30:00",FALSE,248,2306,"Big 12","Big 12","2024-10-28",11,5,8,6,-4.13577014970085,11.3528556616141,-16.2860162968796,3.06853968902663,-21.2860162968796,21.2860162968796,"EB_features"
2024,"401636914",10,"2024-11-02 19:30:00",FALSE,66,2641,"Big 12","Big 12","2024-10-28",11,-1,6,7,9.12289331601332,4.64476712290881,13.7743242442289,3.06853968902663,14.7743242442289,14.7743242442289,"EB_features"
2024,"401636915",10,"2024-11-02 19:30:00",FALSE,197,9,"Big 12","Big 12","2024-10-28",11,-21,7,7,5.59274623764673,-4.95028850657729,4.6071460729542,3.06853968902663,25.6071460729542,25.6071460729542,"EB_features"
2024,"401636916",10,"2024-11-02 19:30:00",FALSE,2116,12,"Big 12","Big 12","2024-10-28",11,44,7,7,0.200115796405301,8.76134128362684,2.56104545342277,3.06853968902663,-41.4389545465772,41.4389545465772,"EB_features"
2024,"401641026",10,"2024-11-02 19:30:00",FALSE,2638,2393,"Conference USA","Conference USA","2024-10-28",11,-7,7,7,-10.6445072711898,-8.1038970630424,5.60401037326183,3.06853968902663,12.6040103732618,12.6040103732618,"EB_features"
2024,"401643822",10,"2024-11-02 19:30:00",FALSE,276,2433,"Sun Belt","Sun Belt","2024-10-28",11,5,6,6,-8.0934480177641,-13.6486868620194,9.02305219086514,3.06853968902663,4.02305219086514,4.02305219086514,"EB_features"
2024,"401643750",10,"2024-11-02 20:00:00",FALSE,167,2751,"Mountain West","Mountain West","2024-10-28",11,-4,7,7,-11.8252431172049,-2.5266365890753,3.32869721370078,3.06853968902663,7.32869721370078,7.32869721370078,"EB_features"
2024,"401643824",10,"2024-11-02 20:00:00",FALSE,2653,324,"Sun Belt","Sun Belt","2024-10-28",11,14,7,6,0.114776361429243,-3.35717487071493,-0.0814715745112271,3.06853968902663,-14.0814715745112,14.0814715745112,"EB_features"
2024,"401645360",10,"2024-11-02 20:00:00",FALSE,242,2426,"American Athletic","American Athletic","2024-10-28",11,14,7,6,-4.36888273417892,-8.04147390077089,-10.4716782310289,3.06853968902663,-24.4716782310289,24.4716782310289,"EB_features"
2024,"401628409",10,"2024-11-02 20:15:00",FALSE,344,113,"SEC","FBS Independents","2024-10-28",11,25,7,6,-2.89135942278666,-15.151516688312,18.6522951802357,3.06853968902663,-6.34770481976431,6.34770481976431,"EB_features"
2024,"401643749",10,"2024-11-02 23:00:00",FALSE,278,62,"Mountain West","Mountain West","2024-10-28",11,-1,6,5,-0.036504032394126,-6.53828048195651,12.9524804571427,3.06853968902663,13.9524804571427,13.9524804571427,"EB_features"
2024,"401628411",10,"2024-11-02 23:30:00",FALSE,2579,245,"SEC","SEC","2024-10-28",11,24,7,7,6.14453110544943,13.1941688029351,0.46955333786335,3.06853968902663,-23.5304466621367,23.5304466621367,"EB_features"
2024,"401628535",10,"2024-11-02 23:30:00",FALSE,2294,275,"Big Ten","Big Ten","2024-10-28",11,32,7,7,6.75996408973984,5.28636944114385,3.5207849698289,3.06853968902663,-28.4792150301711,28.4792150301711,"EB_features"
2024,"401628540",10,"2024-11-02 23:30:00",FALSE,264,30,"Big Ten","Big Ten","2024-10-28",11,5,7,8,6.9980335395817,10.1161692172943,-5.74350501773256,3.06853968902663,-10.7435050177326,10.7435050177326,"EB_features"
2024,"401635600",10,"2024-11-02 23:30:00",FALSE,228,97,"ACC","ACC","2024-10-28",11,-12,7,7,15.3240886417131,2.89914633384597,12.1855395311607,3.06853968902663,24.1855395311607,24.1855395311607,"EB_features"
2024,"401643823",10,"2024-11-02 23:30:00",FALSE,6,290,"Sun Belt","Sun Belt","2024-10-28",11,-4,7,7,-2.26484320274907,-4.21225630018632,6.24912820617133,3.06853968902663,10.2491282061713,10.2491282061713,"EB_features"
2024,"401628412",10,"2024-11-02 23:45:00",FALSE,2633,96,"SEC","SEC","2024-10-28",11,10,6,8,10.7380074269029,7.29553049450051,17.199068019748,3.06853968902663,7.19906801974798,7.19906801974798,"EB_features"
2024,"401635627",10,"2024-11-03",FALSE,2567,221,"ACC","ACC","2024-10-28",11,23,6,6,4.96254356224963,-4.44471549431581,11.1235736943012,3.06853968902663,-11.8764263056988,11.8764263056988,"EB_features"
2024,"401636912",10,"2024-11-03",FALSE,239,2628,"Big 12","Big 12","2024-10-28",11,3,7,7,-1.89332082277664,4.93535426727664,4.75835854790436,3.06853968902663,1.75835854790436,1.75835854790436,"EB_features"
2024,"401643748",10,"2024-11-03",FALSE,2440,36,"Mountain West","Mountain West","2024-10-28",11,-17,7,7,-11.3145116846518,-4.19381731824135,1.86756818540774,3.06853968902663,18.8675681854077,18.8675681854077,"EB_features"
2024,"401644760",11,"2024-11-06 00:30:00",FALSE,2117,189,"Mid-American","Mid-American","2024-11-04",12,-10,7,7,-7.1824529563317,-4.42708900938513,-11.9854527345753,3.06853968902663,-1.9854527345753,1.9854527345753,"EB_features"
2024,"401644688",11,"2024-11-06 01:00:00",FALSE,2050,193,"Mid-American","Mid-American","2024-11-04",12,-6,7,8,-9.09899353968169,-1.16257553874423,-12.4336208596401,3.06853968902663,-6.43362085964007,6.43362085964007,"EB_features"
2024,"401644761",11,"2024-11-07",FALSE,2309,195,"Mid-American","Mid-American","2024-11-04",12,-41,7,7,-16.2403860688761,-5.11978417368822,-17.3582424702488,3.06853968902663,23.6417575297512,23.6417575297512,"EB_features"
2024,"401644762",11,"2024-11-07",FALSE,2711,2459,"Mid-American","Mid-American","2024-11-04",12,-14,7,7,-7.26618680585012,-2.60157726530493,-2.38242027642304,3.06853968902663,11.617579723577,11.617579723577,"EB_features"
2024,"401643825",11,"2024-11-08 01:00:00",FALSE,324,2026,"Sun Belt","Sun Belt","2024-11-04",12,14,7,7,-3.35717487071493,1.26187239186551,4.74057502001676,3.06853968902663,-9.25942497998324,9.25942497998324,"EB_features"
2024,"401645361",11,"2024-11-08 01:00:00",FALSE,151,2226,"American Athletic","American Athletic","2024-11-04",12,35,7,7,-5.71868001849941,-8.19678500433853,8.00362563699388,3.06853968902663,-26.9963743630061,26.9963743630061,"EB_features"
2024,"401634773",11,"2024-11-09 01:00:00",FALSE,154,25,"ACC","ACC","2024-11-04",12,-10,7,7,-4.06957012501362,3.40089719913306,-10.3720923916478,3.06853968902663,-0.372092391647765,0.372092391647765,"EB_features"
2024,"401628542",11,"2024-11-09 02:00:00",FALSE,26,2294,"Big Ten","Big Ten","2024-11-04",12,3,8,8,0.775443857492128,6.75996408973984,-8.2390756845953,3.06853968902663,-11.2390756845953,11.2390756845953,"EB_features"
2024,"401645362",11,"2024-11-09 02:00:00",FALSE,235,242,"American Athletic","American Athletic","2024-11-04",12,7,8,8,4.32814820641058,-4.36888273417892,14.4834763787408,3.06853968902663,7.48347637874082,7.48347637874082,"EB_features"
2024,"401643754",11,"2024-11-09 03:30:00",FALSE,21,167,"Mountain West","Mountain West","2024-11-04",12,-5,7,8,-8.2101643831943,-11.8252431172049,5.74108965226526,3.06853968902663,10.7410896522653,10.7410896522653,"EB_features"
2024,"401628417",11,"2024-11-09 17:00:00",FALSE,251,57,"SEC","SEC","2024-11-04",12,32,8,7,19.9060090333261,10.0954861111822,17.5757764861308,3.06853968902663,-14.4242235138692,14.4242235138692,"EB_features"
2024,"401628544",11,"2024-11-09 17:00:00",FALSE,164,135,"Big Ten","Big Ten","2024-11-04",12,7,7,8,4.49079344124815,0.0684802670985124,-2.55894038170799,3.06853968902663,-9.55894038170799,9.55894038170799,"EB_features"
2024,"401628545",11,"2024-11-09 17:00:00",FALSE,194,2509,"Big Ten","Big Ten","2024-11-04",12,45,8,7,20.6954681302168,-0.183915433373066,41.3159622723286,3.06853968902663,-3.68403772767139,3.68403772767139,"EB_features"
2024,"401635606",11,"2024-11-09 17:00:00",FALSE,103,183,"ACC","ACC","2024-11-04",12,6,7,7,-0.147779488413948,-4.38004060195256,4.08386592590813,3.06853968902663,-1.91613407409187,1.91613407409187,"EB_features"
2024,"401635609",11,"2024-11-09 17:00:00",FALSE,59,2390,"ACC","ACC","2024-11-04",12,5,8,8,2.85837747766035,9.91806312120734,-12.5600479567908,3.06853968902663,-17.5600479567908,17.5600479567908,"EB_features"
2024,"401636918",11,"2024-11-09 17:00:00",FALSE,2132,277,"Big 12","Big 12","2024-11-04",12,-7,7,7,-6.87277373104661,4.44987645835145,3.22136288160427,3.06853968902663,10.2213628816043,10.2213628816043,"EB_features"
2024,"401643828",11,"2024-11-09 17:00:00",FALSE,2433,326,"Sun Belt","Sun Belt","2024-11-04",12,-21,7,7,-13.6486868620194,-9.3032873207793,-6.29406661776784,3.06853968902663,14.7059333822322,14.7059333822322,"EB_features"
2024,"401645363",11,"2024-11-09 17:00:00",FALSE,58,2426,"American Athletic","American Athletic","2024-11-04",12,-21,7,7,-1.64619211889056,-8.04147390077089,-0.784523855333445,3.06853968902663,20.2154761446666,20.2154761446666,"EB_features"
2024,"401640995",11,"2024-11-09 18:00:00",FALSE,2393,2335,"Conference USA","Conference USA","2024-11-04",12,-20,8,6,-8.1038970630424,0.613054166612684,-9.57753957352979,3.06853968902663,10.4224604264702,10.4224604264702,"EB_features"
2024,"401629037",11,"2024-11-09 19:30:00",FALSE,5,41,"American Athletic","FBS Independents","2024-11-04",12,-8,7,8,-7.5510916685212,-12.7907734184717,-5.11682972013389,3.06853968902663,2.88317027986611,2.88317027986611,"EB_features"
2024,"401643829",11,"2024-11-09 20:00:00",FALSE,2572,276,"Sun Belt","Sun Belt","2024-11-04",12,-34,7,7,-10.6299266966903,-8.0934480177641,-11.387034689218,3.06853968902663,22.612965310782,22.612965310782,"EB_features"
2024,"401628414",11,"2024-11-09 20:30:00",FALSE,145,61,"SEC","SEC","2024-11-04",12,18,8,7,11.512446845488,25.0270647520481,-0.713215107573325,3.06853968902663,-18.7132151075733,18.7132151075733,"EB_features"
2024,"401628541",11,"2024-11-09 20:30:00",FALSE,84,130,"Big Ten","Big Ten","2024-11-04",12,5,8,9,-4.13495303517146,19.5132016690649,9.62660618654189,3.06853968902663,4.62660618654189,4.62660618654189,"EB_features"
2024,"401629045",11,"2024-11-09 20:30:00",FALSE,249,349,"American Athletic","American Athletic","2024-11-04",12,-11,7,7,-7.93214233590472,-4.34921764224247,-6.56995949298871,3.06853968902663,4.43004050701129,4.43004050701129,"EB_features"
2024,"401635607",11,"2024-11-09 20:30:00",FALSE,259,228,"ACC","ACC","2024-11-04",12,-10,9,8,7.14726264116556,15.3240886417131,-3.15283682604136,3.06853968902663,6.84716317395864,6.84716317395864,"EB_features"
2024,"401635608",11,"2024-11-09 20:30:00",FALSE,152,150,"ACC","ACC","2024-11-04",12,-10,8,8,3.60451319490385,3.01352607681778,-1.05580784010994,3.06853968902663,8.94419215989006,8.94419215989006,"EB_features"
2024,"401636919",11,"2024-11-09 20:30:00",TRUE,2305,66,"Big 12","Big 12","2024-11-04",12,9,7,7,3.04245096598535,9.12289331601332,-9.69324710042946,3.06853968902663,-18.6932471004295,18.6932471004295,"EB_features"
2024,"401643755",11,"2024-11-09 20:30:00",FALSE,204,23,"Pac-12","Mountain West","2024-11-04",12,-11,7,7,0.997777657654213,-3.32749707398681,4.46040038010152,3.06853968902663,15.4604003801015,15.4604003801015,"EB_features"
2024,"401643826",11,"2024-11-09 20:30:00",FALSE,256,2247,"Sun Belt","Sun Belt","2024-11-04",12,31,7,7,-5.16734296001291,-7.68151542658429,18.4195841160817,3.06853968902663,-12.5804158839183,12.5804158839183,"EB_features"
2024,"401636921",11,"2024-11-09 21:00:00",FALSE,2641,38,"Big 12","Big 12","2024-11-04",12,-14,8,7,4.64476712290881,-0.235254822549477,0.248502807468488,3.06853968902663,14.2485028074685,14.2485028074685,"EB_features"
2024,"401641021",11,"2024-11-09 21:00:00",FALSE,2638,338,"Conference USA","Conference USA","2024-11-04",12,8,8,7,-10.6445072711898,-5.26505502996835,2.27982460996477,3.06853968902663,-5.72017539003523,5.72017539003523,"EB_features"
2024,"401645364",11,"2024-11-09 21:00:00",FALSE,2655,218,"American Athletic","American Athletic","2024-11-04",12,46,8,8,-2.92613582213276,-13.849234283236,29.5600806668452,3.06853968902663,-16.4399193331548,16.4399193331548,"EB_features"
2024,"401628418",11,"2024-11-09 21:15:00",FALSE,238,2579,"SEC","SEC","2024-11-04",12,-21,8,8,-4.81172655903755,6.14453110544943,-7.74508552976869,3.06853968902663,13.2549144702313,13.2549144702313,"EB_features"
2024,"401641004",11,"2024-11-09 21:30:00",FALSE,2348,55,"Conference USA","Conference USA","2024-11-04",12,-7,7,8,-10.9203660765961,-10.1593831528788,-5.55130309879165,3.06853968902663,1.44869690120835,1.44869690120835,"EB_features"
2024,"401643827",11,"2024-11-09 22:00:00",FALSE,309,2032,"Sun Belt","Sun Belt","2024-11-04",12,36,7,7,-3.01566665905323,-3.05992443752921,12.346143836523,3.06853968902663,-23.653856163477,23.653856163477,"EB_features"
2024,"401641036",11,"2024-11-09 23:00:00",FALSE,166,98,"Conference USA","Conference USA","2024-11-04",12,-13,7,7,-7.25320439837915,-7.87189034252338,-14.2639258842406,3.06853968902663,-1.26392588424059,1.26392588424059,"EB_features"
2024,"401628416",11,"2024-11-10",FALSE,2633,344,"SEC","SEC","2024-11-04",12,19,7,8,10.7380074269029,-2.89135942278666,27.2976347655213,3.06853968902663,8.2976347655213,8.2976347655213,"EB_features"
2024,"401628543",11,"2024-11-10",FALSE,2483,120,"Big Ten","Big Ten","2024-11-04",12,21,8,7,21.0301631942092,5.9524202700039,24.2544380698889,3.06853968902663,3.25443806988893,3.25443806988893,"EB_features"
2024,"401636917",11,"2024-11-10",FALSE,9,2116,"Big 12","Big 12","2024-11-04",12,4,8,8,-4.95028850657729,0.200115796405301,2.11854723396588,3.06853968902663,-1.88145276603412,1.88145276603412,"EB_features"
2024,"401636920",11,"2024-11-10",FALSE,2628,197,"Big 12","Big 12","2024-11-04",12,25,7,8,4.93535426727664,5.59274623764673,5.42729107596524,3.06853968902663,-19.5727089240348,19.5727089240348,"EB_features"
2024,"401628413",11,"2024-11-10 00:30:00",FALSE,99,333,"SEC","SEC","2024-11-04",12,-29,7,8,15.4137991102542,19.9416806668532,-4.99936273696319,3.06853968902663,24.0006372630368,24.0006372630368,"EB_features"
2024,"401628984",11,"2024-11-10 00:30:00",FALSE,87,52,"FBS Independents","ACC","2024-11-04",12,49,8,9,19.1641400028386,10.6153093026183,26.7661748163515,3.06853968902663,-22.2338251836485,22.2338251836485,"EB_features"
2024,"401628415",11,"2024-11-10 00:45:00",FALSE,142,201,"SEC","SEC","2024-11-04",12,7,7,8,12.9826987201321,18.2965051751606,0.395914565766469,3.06853968902663,-6.60408543423353,6.60408543423353,"EB_features"
2024,"401628546",11,"2024-11-10 01:00:00",FALSE,213,264,"Big Ten","Big Ten","2024-11-04",12,29,8,8,20.16269811066,6.9980335395817,15.9251938123354,3.06853968902663,-13.0748061876646,13.0748061876646,"EB_features"
2024,"401635610",11,"2024-11-10 01:00:00",FALSE,221,258,"ACC","ACC","2024-11-04",12,-5,6,7,-4.44471549431581,-2.84858555293252,9.5670482204375,3.06853968902663,14.5670482204375,14.5670482204375,"EB_features"
2024,"401643752",11,"2024-11-10 01:00:00",FALSE,68,2440,"Mountain West","Mountain West","2024-11-04",12,7,7,8,4.28940332870459,-11.3145116846518,25.5991056617157,3.06853968902663,18.5991056617157,18.5991056617157,"EB_features"
2024,"401643753",11,"2024-11-10 02:00:00",FALSE,62,2439,"Mountain West","Mountain West","2024-11-04",12,-2,7,7,-6.53828048195651,-1.6849149891182,-11.4595668195125,3.06853968902663,-9.45956681951246,9.45956681951246,"EB_features"
2024,"401643751",11,"2024-11-10 02:45:00",FALSE,2005,278,"Mountain West","Mountain West","2024-11-04",12,8,7,8,0.622702545168083,-0.036504032394126,-8.20559972517264,3.06853968902663,-16.2055997251726,16.2055997251726,"EB_features"
2024,"401636922",11,"2024-11-10 03:15:00",FALSE,254,252,"Big 12","Big 12","2024-11-04",12,-1,7,7,4.96459412776005,0.365786836075239,-6.23229842883837,3.06853968902663,-5.23229842883837,5.23229842883837,"EB_features"
2024,"401643756",11,"2024-11-10 03:30:00",FALSE,265,328,"Pac-12","Mountain West","2024-11-04",12,21,7,7,2.79935337603828,-7.82715494563226,24.5528587030767,3.06853968902663,3.55285870307669,3.55285870307669,"EB_features"
2024,"401644763",12,"2024-11-13",FALSE,2084,2050,"Mid-American","Mid-American","2024-11-11",13,3,8,8,-9.36936444215472,-9.09899353968169,7.11810596977054,3.06853968902663,4.11810596977054,4.11810596977054,"EB_features"
2024,"401644764",12,"2024-11-13",FALSE,189,2711,"Mid-American","Mid-American","2024-11-11",13,18,8,8,-4.42708900938513,-7.26618680585012,10.6307223078651,3.06853968902663,-7.36927769213486,7.36927769213486,"EB_features"
2024,"401644765",12,"2024-11-13",FALSE,2649,2117,"Mid-American","Mid-American","2024-11-11",13,27,8,8,-1.52521694802914,-7.1824529563317,16.3525941870765,3.06853968902663,-10.6474058129235,10.6474058129235,"EB_features"
2024,"401644689",12,"2024-11-14",FALSE,193,2309,"Mid-American","Mid-American","2024-11-11",13,27,9,8,-1.16257553874423,-16.2403860688761,29.7075069896844,3.06853968902663,2.70750698968435,2.70750698968435,"EB_features"
2024,"401644766",12,"2024-11-14",FALSE,2459,2006,"Mid-American","Mid-American","2024-11-11",13,13,8,8,-2.60157726530493,-14.8745594216698,19.175330532774,3.06853968902663,6.175330532774,6.175330532774,"EB_features"
2024,"401644767",12,"2024-11-14",FALSE,195,2199,"Mid-American","Mid-American","2024-11-11",13,25,8,8,-5.11978417368822,-12.684840792594,11.6468843012216,3.06853968902663,-13.3531156987784,13.3531156987784,"EB_features"
2024,"401645365",12,"2024-11-15 00:30:00",FALSE,202,151,"American Athletic","American Athletic","2024-11-11",13,-7,8,8,-11.630170096533,-5.71868001849941,-12.9926901613977,3.06853968902663,-5.99269016139767,5.99269016139767,"EB_features"
2024,"401643759",12,"2024-11-16 01:00:00",FALSE,36,2751,"Mountain West","Mountain West","2024-11-11",13,14,8,8,-4.19381731824135,-2.5266365890753,9.37544976657571,3.06853968902663,-4.62455023342429,4.62455023342429,"EB_features"
2024,"401645366",12,"2024-11-16 01:00:00",FALSE,2636,249,"American Athletic","American Athletic","2024-11-11",13,21,8,8,0.266581951710468,-7.93214233590472,-0.14893936422936,3.06853968902663,-21.1489393642294,21.1489393642294,"EB_features"
2024,"401628553",12,"2024-11-16 02:00:00",FALSE,264,26,"Big Ten","Big Ten","2024-11-11",13,12,8,9,6.9980335395817,0.775443857492128,7.68384368323909,3.06853968902663,-4.31615631676091,4.31615631676091,"EB_features"
2024,"401636923",12,"2024-11-16 03:15:00",FALSE,12,248,"Big 12","Big 12","2024-11-11",13,24,8,9,8.76134128362684,-4.13577014970085,4.3741998538069,3.06853968902663,-19.6258001461931,19.6258001461931,"EB_features"
2024,"401628419",12,"2024-11-16 17:00:00",FALSE,8,251,"SEC","SEC","2024-11-11",13,-10,8,9,0.267980266345633,19.9060090333261,-19.5775126451064,3.06853968902663,-9.57751264510639,9.57751264510639,"EB_features"
2024,"401628550",12,"2024-11-16 17:00:00",TRUE,77,194,"Big Ten","Big Ten","2024-11-11",13,-24,8,9,0.939315961674559,20.6954681302168,-26.6476545504257,3.06853968902663,-2.64765455042572,2.64765455042572,"EB_features"
2024,"401629046",12,"2024-11-16 17:00:00",FALSE,113,2335,"FBS Independents","Conference USA","2024-11-11",13,-1,7,7,-15.151516688312,0.613054166612684,-14.0515657915231,3.06853968902663,-13.0515657915231,13.0515657915231,"EB_features"
2024,"401635582",12,"2024-11-16 17:00:00",FALSE,221,228,"ACC","ACC","2024-11-11",13,-4,7,9,-4.44471549431581,15.3240886417131,-10.2940494250575,3.06853968902663,-6.29404942505747,6.29404942505747,"EB_features"
2024,"401636925",12,"2024-11-16 17:00:00",FALSE,38,254,"Big 12","Big 12","2024-11-11",13,25,8,7,-0.235254822549477,4.96459412776005,11.022912100637,3.06853968902663,-13.977087899363,13.977087899363,"EB_features"
2024,"401641013",12,"2024-11-16 17:00:00",FALSE,98,2348,"Conference USA","Conference USA","2024-11-11",13,-5,8,8,-7.87189034252338,-10.9203660765961,12.5400453899281,3.06853968902663,17.5400453899281,17.5400453899281,"EB_features"
2024,"401645370",12,"2024-11-16 17:00:00",FALSE,2426,2655,"American Athletic","American Athletic","2024-11-11",13,-35,8,9,-8.04147390077089,-2.92613582213276,-5.30136375123529,3.06853968902663,29.6986362487647,29.6986362487647,"EB_features"
2024,"401628426",12,"2024-11-16 17:45:00",FALSE,2,2433,"SEC","Sun Belt","2024-11-11",13,34,8,8,8.10607339834971,-13.6486868620194,20.0417422513788,3.06853968902663,-13.9582577486212,13.9582577486212,"EB_features"
2024,"401643832",12,"2024-11-16 18:00:00",FALSE,276,324,"Sun Belt","Sun Belt","2024-11-11",13,12,8,8,-8.0934480177641,-3.35717487071493,5.25617437444954,3.06853968902663,-6.74382562555046,6.74382562555046,"EB_features"
2024,"401640986",12,"2024-11-16 19:00:00",FALSE,55,2229,"Conference USA","Conference USA","2024-11-11",13,3,9,8,-10.1593831528788,-9.57189665084299,7.69528314300388,3.06853968902663,4.69528314300388,4.69528314300388,"EB_features"
2024,"401645369",12,"2024-11-16 19:00:00",FALSE,218,2226,"American Athletic","American Athletic","2024-11-11",13,3,9,8,-13.849234283236,-8.19678500433853,-0.380300760503037,3.06853968902663,-3.38030076050304,3.38030076050304,"EB_features"
2024,"401628547",12,"2024-11-16 19:30:00",FALSE,356,127,"Big Ten","Big Ten","2024-11-11",13,22,8,8,-0.824160316874744,-2.72134278456529,6.82216737635992,3.06853968902663,-15.1778326236401,15.1778326236401,"EB_features"
2024,"401635581",12,"2024-11-16 20:00:00",FALSE,25,183,"ACC","ACC","2024-11-11",13,-8,8,8,3.40089719913306,-4.38004060195256,10.8666690290898,3.06853968902663,18.8666690290898,18.8666690290898,"EB_features"
2024,"401641022",12,"2024-11-16 20:00:00",FALSE,338,2534,"Conference USA","Conference USA","2024-11-11",13,-6,8,9,-5.26505502996835,-10.7700880211558,-7.0333329705097,3.06853968902663,-1.0333329705097,1.0333329705097,"EB_features"
2024,"401643760",12,"2024-11-16 20:00:00",FALSE,328,62,"Mountain West","Mountain West","2024-11-11",13,45,7,7,-7.82715494563226,-6.53828048195651,-4.3968032141088,3.06853968902663,-49.3968032141088,49.3968032141088,"EB_features"
2024,"401628420",12,"2024-11-16 20:30:00",FALSE,57,99,"SEC","SEC","2024-11-11",13,11,8,7,10.0954861111822,15.4137991102542,-5.17766958483334,3.06853968902663,-16.1776695848333,16.1776695848333,"EB_features"
2024,"401628552",12,"2024-11-16 20:30:00",FALSE,2509,213,"Big Ten","Big Ten","2024-11-11",13,-39,8,8,-0.183915433373066,20.16269811066,-28.5564372360396,3.06853968902663,10.4435627639604,10.4435627639604,"EB_features"
2024,"401628985",12,"2024-11-16 20:30:00",FALSE,87,258,"FBS Independents","ACC","2024-11-11",13,21,8,7,19.1641400028386,-2.84858555293252,28.7501257120964,3.06853968902663,7.75012571209639,7.75012571209639,"EB_features"
2024,"401635517",12,"2024-11-16 20:30:00",FALSE,24,97,"ACC","ACC","2024-11-11",13,3,8,8,0.830373297170923,2.89914633384597,-16.1580709490053,3.06853968902663,-19.1580709490053,19.1580709490053,"EB_features"
2024,"401635580",12,"2024-11-16 20:30:00",FALSE,2567,103,"ACC","ACC","2024-11-11",13,10,8,8,4.96254356224963,-0.147779488413948,14.8145260141876,3.06853968902663,4.81452601418756,4.81452601418756,"EB_features"
2024,"401643757",12,"2024-11-16 20:30:00",FALSE,2005,204,"Mountain West","Pac-12","2024-11-11",13,28,7,8,0.622702545168083,0.997777657654213,-4.4729594009603,3.06853968902663,-32.4729594009603,32.4729594009603,"EB_features"
2024,"401645368",12,"2024-11-16 20:30:00",FALSE,2429,58,"American Athletic","American Athletic","2024-11-11",13,-35,8,8,-10.1538557854714,-1.64619211889056,-1.57248470091413,3.06853968902663,33.4275152990859,33.4275152990859,"EB_features"
2024,"401628549",12,"2024-11-16 21:00:00",FALSE,30,158,"Big Ten","Big Ten","2024-11-11",13,8,9,8,10.1161692172943,4.72701851957832,12.2544302291121,3.06853968902663,4.25443022911208,4.25443022911208,"EB_features"
2024,"401636929",12,"2024-11-16 21:00:00",FALSE,277,239,"Big 12","Big 12","2024-11-11",13,-14,8,8,4.44987645835145,-1.89332082277664,3.93066294654903,3.06853968902663,17.930662946549,17.930662946549,"EB_features"
2024,"401643830",12,"2024-11-16 21:00:00",FALSE,290,2653,"Sun Belt","Sun Belt","2024-11-11",13,-8,8,8,-4.21225630018632,0.114776361429243,7.81661104581895,3.06853968902663,15.8166110458189,15.8166110458189,"EB_features"
2024,"401643833",12,"2024-11-16 21:00:00",FALSE,295,256,"Sun Belt","Sun Belt","2024-11-11",13,-3,9,8,-4.48642628840934,-5.16734296001291,-4.27006779395581,3.06853968902663,-1.27006779395581,1.27006779395581,"EB_features"
2024,"401628423",12,"2024-11-16 21:15:00",FALSE,2579,142,"SEC","SEC","2024-11-11",13,4,9,7,6.14453110544943,12.9826987201321,11.1129450650166,3.06853968902663,7.11294506501664,7.11294506501664,"EB_features"
2024,"401643831",12,"2024-11-16 22:00:00",FALSE,2247,2032,"Sun Belt","Sun Belt","2024-11-11",13,-7,8,8,-7.68151542658429,-3.05992443752921,2.64247522991751,3.06853968902663,9.64247522991752,9.64247522991752,"EB_features"
2024,"401628548",12,"2024-11-16 23:00:00",FALSE,120,164,"Big Ten","Big Ten","2024-11-11",13,-14,7,8,5.9524202700039,4.49079344124815,4.52123840575602,3.06853968902663,18.521238405756,18.521238405756,"EB_features"
2024,"401636927",12,"2024-11-17",FALSE,2306,9,"Big 12","Big 12","2024-11-11",13,-10,8,8,11.3528556616141,-4.95028850657729,11.5285265981529,3.06853968902663,21.5285265981529,21.5285265981529,"EB_features"
2024,"401643758",12,"2024-11-17",FALSE,23,68,"Mountain West","Mountain West","2024-11-11",13,-21,8,7,-3.32749707398681,4.28940332870459,-13.1622822121602,3.06853968902663,7.83771778783978,7.83771778783978,"EB_features"
2024,"401643834",12,"2024-11-17",FALSE,309,6,"Sun Belt","Sun Belt","2024-11-11",13,-2,8,8,-3.01566665905323,-2.26484320274907,7.06362836480021,3.06853968902663,9.06362836480021,9.06362836480021,"EB_features"
2024,"401643835",12,"2024-11-17",FALSE,326,2572,"Sun Belt","Sun Belt","2024-11-11",13,55,8,8,-9.3032873207793,-10.6299266966903,25.013688471436,3.06853968902663,-29.986311528564,29.986311528564,"EB_features"
2024,"401628421",12,"2024-11-17 00:30:00",FALSE,61,2633,"SEC","SEC","2024-11-11",13,14,8,7,25.0270647520481,10.7380074269029,8.26715544227128,3.06853968902663,-5.73284455772872,5.73284455772872,"EB_features"
2024,"401628551",12,"2024-11-17 00:30:00",FALSE,275,2483,"Big Ten","Big Ten","2024-11-11",13,-3,8,8,5.28636944114385,21.0301631942092,-14.001532952124,3.06853968902663,-11.001532952124,11.001532952124,"EB_features"
2024,"401628424",12,"2024-11-17 00:45:00",FALSE,245,166,"SEC","Conference USA","2024-11-11",13,35,8,8,13.1941688029351,-7.25320439837915,38.2814229861564,3.06853968902663,3.28142298615635,3.28142298615635,"EB_features"
2024,"401635583",12,"2024-11-17 01:00:00",FALSE,153,154,"ACC","ACC","2024-11-11",13,7,8,8,5.46803246291015,-4.06957012501362,14.363611156581,3.06853968902663,7.36361115658104,7.36361115658104,"EB_features"
2024,"401636926",12,"2024-11-17 01:00:00",FALSE,66,2132,"Big 12","Big 12","2024-11-11",13,17,8,8,9.12289331601332,-6.87277373104661,12.9605742294366,3.06853968902663,-4.03942577056336,4.03942577056336,"EB_features"
2024,"401645367",12,"2024-11-17 01:00:00",FALSE,235,5,"American Athletic","American Athletic","2024-11-11",13,35,9,8,4.32814820641058,-7.5510916685212,19.363299385175,3.06853968902663,-15.636700614825,15.636700614825,"EB_features"
2024,"401643761",12,"2024-11-17 02:30:00",FALSE,167,265,"Mountain West","Pac-12","2024-11-11",13,3,9,7,-11.8252431172049,2.79935337603828,-15.1302575046527,3.06853968902663,-18.1302575046527,18.1302575046527,"EB_features"
2024,"401636924",12,"2024-11-17 03:15:00",FALSE,252,2305,"Big 12","Big 12","2024-11-11",13,-4,7,8,0.365786836075239,3.04245096598535,7.73600712013343,3.06853968902663,11.7360071201334,11.7360071201334,"EB_features"
2024,"401643762",12,"2024-11-17 03:30:00",FALSE,2439,21,"Mountain West","Mountain West","2024-11-11",13,21,7,8,-1.6849149891182,-8.2101643831943,21.3052399048538,3.06853968902663,0.305239904853757,0.305239904853757,"EB_features"
2024,"401644769",13,"2024-11-20",FALSE,2309,2006,"Mid-American","Mid-American","2024-11-18",14,-21,9,9,-16.2403860688761,-14.8745594216698,-7.28831674392476,3.06853968902663,13.7116832560752,13.7116832560752,"EB_features"
2024,"401644770",13,"2024-11-20 00:30:00",FALSE,2117,2711,"Mid-American","Mid-American","2024-11-18",14,2,9,9,-7.1824529563317,-7.26618680585012,-4.2400215441818,3.06853968902663,-6.2400215441818,6.2400215441818,"EB_features"
2024,"401644690",13,"2024-11-20 01:00:00",FALSE,193,2459,"Mid-American","Mid-American","2024-11-18",14,11,10,9,-1.16257553874423,-2.60157726530493,3.64892142423354,3.06853968902663,-7.35107857576646,7.35107857576646,"EB_features"
2024,"401644772",13,"2024-11-21",FALSE,2199,2084,"Mid-American","Mid-American","2024-11-18",14,-17,9,9,-12.684840792594,-9.36936444215472,2.06187198425692,3.06853968902663,19.0618719842569,19.0618719842569,"EB_features"
2024,"401644773",13,"2024-11-21",FALSE,2649,195,"Mid-American","Mid-American","2024-11-18",14,-17,9,9,-1.52521694802914,-5.11978417368822,3.74699317952153,3.06853968902663,20.7469931795215,20.7469931795215,"EB_features"
2024,"401634772",13,"2024-11-22 00:30:00",FALSE,59,152,"ACC","ACC","2024-11-18",14,1,9,9,2.85837747766035,3.60451319490385,9.87545031484663,3.06853968902663,8.87545031484663,8.87545031484663,"EB_features"
2024,"401645374",13,"2024-11-23",FALSE,2636,218,"American Athletic","American Athletic","2024-11-18",14,24,9,10,0.266581951710468,-13.849234283236,14.8694038056136,3.06853968902663,-9.13059619438636,9.13059619438636,"EB_features"
2024,"401628558",13,"2024-11-23 01:00:00",FALSE,127,2509,"Big Ten","Big Ten","2024-11-18",14,7,9,9,-2.72134278456529,-0.183915433373066,13.1457665394788,3.06853968902663,6.14576653947883,6.14576653947883,"EB_features"
2024,"401643767",13,"2024-11-23 03:00:00",FALSE,23,2439,"Mountain West","Mountain West","2024-11-18",14,-11,8,8,-3.32749707398681,-1.6849149891182,-5.58039976222518,3.06853968902663,5.41960023777482,5.41960023777482,"EB_features"
2024,"401628429",13,"2024-11-23 17:00:00",FALSE,57,145,"SEC","SEC","2024-11-18",14,7,9,9,10.0954861111822,11.512446845488,-9.12922667280171,3.06853968902663,-16.1292266728017,16.1292266728017,"EB_features"
2024,"401628554",13,"2024-11-23 17:00:00",FALSE,164,356,"Big Ten","Big Ten","2024-11-18",14,-7,9,9,4.49079344124815,-0.824160316874744,2.87288793951731,3.06853968902663,9.87288793951731,9.87288793951731,"EB_features"
2024,"401628555",13,"2024-11-23 17:00:00",FALSE,194,84,"Big Ten","Big Ten","2024-11-18",14,23,10,9,20.6954681302168,-4.13495303517146,14.7581669656344,3.06853968902663,-8.24183303436555,8.24183303436555,"EB_features"
2024,"401628556",13,"2024-11-23 17:00:00",FALSE,120,2294,"Big Ten","Big Ten","2024-11-18",14,-16,9,9,5.9524202700039,6.75996408973984,-6.2905918434296,3.06853968902663,9.7094081565704,9.7094081565704,"EB_features"
2024,"401635518",13,"2024-11-23 17:00:00",FALSE,183,41,"ACC","FBS Independents","2024-11-18",14,7,9,9,-4.38004060195256,-12.7907734184717,10.911870336849,3.06853968902663,3.91187033684903,3.91187033684903,"EB_features"
2024,"401635612",13,"2024-11-23 17:00:00",FALSE,103,153,"ACC","ACC","2024-11-18",14,20,9,8,-0.147779488413948,5.46803246291015,-1.49536792344574,3.06853968902663,-21.4953679234457,21.4953679234457,"EB_features"
2024,"401635618",13,"2024-11-23 17:00:00",FALSE,2390,154,"ACC","ACC","2024-11-18",14,28,9,8,9.91806312120734,-4.06957012501362,27.2369987681099,3.06853968902663,-0.763001231890058,0.763001231890058,"EB_features"
2024,"401635619",13,"2024-11-23 17:00:00",FALSE,258,2567,"ACC","ACC","2024-11-18",14,-26,9,9,-2.84858555293252,4.96254356224963,-9.47942790924503,3.06853968902663,16.520572090755,16.520572090755,"EB_features"
2024,"401641005",13,"2024-11-23 17:00:00",FALSE,55,2534,"Conference USA","Conference USA","2024-11-18",14,10,10,10,-10.1593831528788,-10.7700880211558,5.35586654324263,3.06853968902663,-4.64413345675737,4.64413345675737,"EB_features"
2024,"401628430",13,"2024-11-23 17:45:00",FALSE,61,113,"SEC","FBS Independents","2024-11-18",14,38,8,8,25.0270647520481,-15.151516688312,47.6387611852619,3.06853968902663,9.63876118526194,9.63876118526194,"EB_features"
2024,"401628435",13,"2024-11-23 18:00:00",FALSE,2633,2638,"SEC","Conference USA","2024-11-18",14,56,8,9,10.7380074269029,-10.6445072711898,38.815795309334,3.06853968902663,-17.184204690666,17.184204690666,"EB_features"
2024,"401640996",13,"2024-11-23 18:00:00",FALSE,2335,98,"Conference USA","Conference USA","2024-11-18",14,17,8,9,0.613054166612684,-7.87189034252338,2.66679351031879,3.06853968902663,-14.3332064896812,14.3332064896812,"EB_features"
2024,"401644774",13,"2024-11-23 19:00:00",FALSE,2050,189,"Mid-American","Mid-American","2024-11-18",14,-25,9,9,-9.09899353968169,-4.42708900938513,-12.258184998645,3.06853968902663,12.741815001355,12.741815001355,"EB_features"
2024,"401645373",13,"2024-11-23 19:00:00",FALSE,5,242,"American Athletic","American Athletic","2024-11-18",14,26,8,9,-7.5510916685212,-4.36888273417892,-2.81763286199148,3.06853968902663,-28.8176328619915,28.8176328619915,"EB_features"
2024,"401641027",13,"2024-11-23 19:30:00",FALSE,2393,166,"Conference USA","Conference USA","2024-11-18",14,-15,9,8,-8.1038970630424,-7.25320439837915,5.25474814745176,3.06853968902663,20.2547481474518,20.2547481474518,"EB_features"
2024,"401643836",13,"2024-11-23 19:30:00",FALSE,2026,256,"Sun Belt","Sun Belt","2024-11-18",14,14,8,9,1.26187239186551,-5.16734296001291,-10.5035780137939,3.06853968902663,-24.5035780137939,24.5035780137939,"EB_features"
2024,"401636935",13,"2024-11-23 20:00:00",FALSE,2628,12,"Big 12","Big 12","2024-11-18",14,21,9,9,4.93535426727664,8.76134128362684,7.43013828680617,3.06853968902663,-13.5698617131938,13.5698617131938,"EB_features"
2024,"401640987",13,"2024-11-23 20:00:00",FALSE,338,2229,"Conference USA","Conference USA","2024-11-18",14,1,9,9,-5.26505502996835,-9.57189665084299,-5.15340565509363,3.06853968902663,-6.15340565509363,6.15340565509363,"EB_features"
2024,"401643839",13,"2024-11-23 20:00:00",FALSE,2032,2433,"Sun Belt","Sun Belt","2024-11-18",14,7,9,9,-3.05992443752921,-13.6486868620194,4.64997797759218,3.06853968902663,-2.35002202240782,2.35002202240782,"EB_features"
2024,"401643841",13,"2024-11-23 20:00:00",FALSE,2572,6,"Sun Belt","Sun Belt","2024-11-18",14,-21,8,8,-10.6299266966903,-2.26484320274907,-15.8936042851794,3.06853968902663,5.10639571482061,5.10639571482061,"EB_features"
2024,"401645371",13,"2024-11-23 20:00:00",FALSE,2226,2429,"American Athletic","American Athletic","2024-11-18",14,-12,9,9,-8.19678500433853,-10.1538557854714,0.815226471098734,3.06853968902663,12.8152264710987,12.8152264710987,"EB_features"
2024,"401628436",13,"2024-11-23 20:30:00",FALSE,251,96,"SEC","SEC","2024-11-18",14,17,10,9,19.9060090333261,7.29553049450051,22.5531166082208,3.06853968902663,5.55311660822084,5.55311660822084,"EB_features"
2024,"401628557",13,"2024-11-23 20:30:00",FALSE,130,77,"Big Ten","Big Ten","2024-11-18",14,44,10,9,19.5132016690649,0.939315961674559,11.939952879543,3.06853968902663,-32.060047120457,32.060047120457,"EB_features"
2024,"401628559",13,"2024-11-23 20:30:00",FALSE,135,213,"Big Ten","Big Ten","2024-11-18",14,-1,9,10,0.0684802670985124,20.16269811066,-12.179328562955,3.06853968902663,-11.179328562955,11.179328562955,"EB_features"
2024,"401628560",13,"2024-11-23 20:30:00",FALSE,158,275,"Big Ten","Big Ten","2024-11-18",14,19,9,8,4.72701851957832,5.28636944114385,0.119105420208929,3.06853968902663,-18.8808945797911,18.8808945797911,"EB_features"
2024,"401635613",13,"2024-11-23 20:30:00",FALSE,25,24,"ACC","ACC","2024-11-18",14,3,9,9,3.40089719913306,0.830373297170923,15.2049857842843,3.06853968902663,12.2049857842843,12.2049857842843,"EB_features"
2024,"401636930",13,"2024-11-23 20:30:00",FALSE,9,252,"Big 12","Big 12","2024-11-18",14,5,9,8,-4.95028850657729,0.365786836075239,-3.81074734602618,3.06853968902663,-8.81074734602618,8.81074734602618,"EB_features"
2024,"401636932",13,"2024-11-23 20:30:00",TRUE,2305,38,"Big 12","Big 12","2024-11-18",14,16,8,9,3.04245096598535,-0.235254822549477,-4.74271121026826,3.06853968902663,-20.7427112102683,20.7427112102683,"EB_features"
2024,"401636934",13,"2024-11-23 20:30:00",FALSE,197,2641,"Big 12","Big 12","2024-11-18",14,-8,9,9,5.59274623764673,4.64476712290881,-2.48422707060783,3.06853968902663,5.51577292939217,5.51577292939217,"EB_features"
2024,"401636937",13,"2024-11-23 20:30:00",FALSE,277,2116,"Big 12","Big 12","2024-11-18",14,10,9,9,4.44987645835145,0.200115796405301,1.57227328097928,3.06853968902663,-8.42772671902071,8.42772671902071,"EB_features"
2024,"401643766",13,"2024-11-23 20:30:00",FALSE,328,21,"Mountain West","Mountain West","2024-11-18",14,21,9,8,-7.82715494563226,-8.2101643831943,3.58696959051305,3.06853968902663,-17.413030409487,17.413030409487,"EB_features"
2024,"401643837",13,"2024-11-23 20:30:00",FALSE,324,290,"Sun Belt","Sun Belt","2024-11-18",14,-20,9,9,-3.35717487071493,-4.21225630018632,1.71436631162362,3.06853968902663,21.7143663116236,21.7143663116236,"EB_features"
2024,"401645372",13,"2024-11-23 20:30:00",FALSE,249,151,"American Athletic","American Athletic","2024-11-18",14,-12,9,9,-7.93214233590472,-5.71868001849941,3.48994007110621,3.06853968902663,15.4899400711062,15.4899400711062,"EB_features"
2024,"401645375",13,"2024-11-23 20:30:00",FALSE,58,202,"American Athletic","American Athletic","2024-11-18",14,33,9,9,-1.64619211889056,-11.630170096533,21.0205885436489,3.06853968902663,-11.9794114563511,11.9794114563511,"EB_features"
2024,"401628427",13,"2024-11-23 21:00:00",FALSE,8,2348,"SEC","Conference USA","2024-11-18",14,21,9,9,0.267980266345633,-10.9203660765961,19.4733877540299,3.06853968902663,-1.52661224597014,1.52661224597014,"EB_features"
2024,"401635617",13,"2024-11-23 21:00:00",FALSE,97,221,"ACC","ACC","2024-11-18",14,28,9,9,2.89914633384597,-4.44471549431581,10.2714297375016,3.06853968902663,-17.7285702624984,17.7285702624984,"EB_features"
2024,"401628432",13,"2024-11-23 21:15:00",FALSE,344,142,"SEC","SEC","2024-11-18",14,-19,9,9,-2.89135942278666,12.9826987201321,-11.4072078978792,3.06853968902663,7.59279210212078,7.59279210212078,"EB_features"
2024,"401643840",13,"2024-11-23 22:00:00",FALSE,309,2653,"Sun Belt","Sun Belt","2024-11-18",14,21,8,9,-3.01566665905323,0.114776361429243,12.3106626122933,3.06853968902663,-8.68933738770673,8.68933738770673,"EB_features"
2024,"401628572",13,"2024-11-24",FALSE,204,265,"Pac-12","Pac-12","2024-11-18",14,3,9,8,0.997777657654213,2.79935337603828,-9.1889613932169,3.06853968902663,-12.1889613932169,12.1889613932169,"EB_features"
2024,"401636931",13,"2024-11-24",FALSE,248,239,"Big 12","Big 12","2024-11-18",14,-10,10,9,-4.13577014970085,-1.89332082277664,-6.21355369487443,3.06853968902663,3.78644630512557,3.78644630512557,"EB_features"
2024,"401640959",13,"2024-11-24",TRUE,87,349,"FBS Independents","American Athletic","2024-11-18",14,35,10,8,19.1641400028386,-4.34921764224247,19.0182154196801,3.06853968902663,-15.9817845803199,15.9817845803199,"EB_features"
2024,"401643764",13,"2024-11-24",FALSE,2751,68,"Mountain West","Mountain West","2024-11-18",14,-4,9,8,-2.5266365890753,4.28940332870459,-19.5809826006719,3.06853968902663,-15.5809826006719,15.5809826006719,"EB_features"
2024,"401643842",13,"2024-11-24",FALSE,326,2247,"Sun Belt","Sun Belt","2024-11-18",14,-8,8,9,-9.3032873207793,-7.68151542658429,16.3018185805236,3.06853968902663,24.3018185805236,24.3018185805236,"EB_features"
2024,"401628428",13,"2024-11-24 00:30:00",FALSE,2,245,"SEC","SEC","2024-11-18",14,2,9,8,8.10607339834971,13.1941688029351,-4.84498648814464,3.06853968902663,-6.84498648814464,6.84498648814464,"EB_features"
2024,"401628433",13,"2024-11-24 00:30:00",FALSE,201,333,"SEC","SEC","2024-11-18",14,21,9,9,18.2965051751606,19.9416806668532,-12.5934339738464,3.06853968902663,-33.5934339738464,33.5934339738464,"EB_features"
2024,"401636936",13,"2024-11-24 00:30:00",FALSE,254,66,"Big 12","Big 12","2024-11-18",14,-3,9,8,4.96459412776005,9.12289331601332,-8.21275363556155,3.06853968902663,-5.21275363556155,5.21275363556155,"EB_features"
2024,"401643838",13,"2024-11-24 00:30:00",FALSE,295,276,"Sun Belt","Sun Belt","2024-11-18",14,-7,10,9,-4.48642628840934,-8.0934480177641,4.283819794594,3.06853968902663,11.283819794594,11.283819794594,"EB_features"
2024,"401628431",13,"2024-11-24 00:45:00",FALSE,99,238,"SEC","SEC","2024-11-18",14,7,9,9,15.4137991102542,-4.81172655903755,13.6992097600768,3.06853968902663,6.69920976007677,6.69920976007677,"EB_features"
2024,"401635615",13,"2024-11-24 01:00:00",FALSE,150,259,"ACC","ACC","2024-11-18",14,3,9,10,3.01352607681778,7.14726264116556,-2.71255746702513,3.06853968902663,-5.71255746702512,5.71255746702512,"EB_features"
2024,"401636933",13,"2024-11-24 01:00:00",FALSE,2306,2132,"Big 12","Big 12","2024-11-18",14,26,8,8,11.3528556616141,-6.87277373104661,12.5150535756384,3.06853968902663,-13.4849464243616,13.4849464243616,"EB_features"
2024,"401628561",13,"2024-11-24 03:30:00",FALSE,26,30,"Big Ten","Big Ten","2024-11-18",14,-6,10,10,0.775443857492128,10.1161692172943,-8.85478099979477,3.06853968902663,-2.85478099979477,2.85478099979477,"EB_features"
2024,"401643763",13,"2024-11-24 03:30:00",FALSE,2440,2005,"Mountain West","Mountain West","2024-11-18",14,-3,10,9,-11.3145116846518,0.622702545168083,1.57321332372881,3.06853968902663,4.57321332372881,4.57321332372881,"EB_features"
2024,"401643765",13,"2024-11-24 03:30:00",FALSE,278,36,"Mountain West","Mountain West","2024-11-18",14,6,9,9,-0.036504032394126,-4.19381731824135,5.51092784181131,3.06853968902663,-0.489072158188691,0.489072158188691,"EB_features"
2024,"401644775",14,"2024-11-27",FALSE,2006,2649,"Mid-American","Mid-American","2024-11-25",15,7,10,10,-14.8745594216698,-1.52521694802914,-9.91194351370022,3.06853968902663,-16.9119435137002,16.9119435137002,"EB_features"
2024,"401644776",14,"2024-11-27",FALSE,2084,2309,"Mid-American","Mid-American","2024-11-25",15,36,10,10,-9.36936444215472,-16.2403860688761,20.9449860563801,3.06853968902663,-15.0550139436199,15.0550139436199,"EB_features"
2024,"401645376",14,"2024-11-29 00:30:00",FALSE,2655,235,"American Athletic","American Athletic","2024-11-25",15,-10,10,10,-2.92613582213276,4.32814820641058,12.3803767927595,3.06853968902663,22.3803767927595,22.3803767927595,"EB_features"
2024,"401628568",14,"2024-11-29 17:00:00",FALSE,275,135,"Big Ten","Big Ten","2024-11-25",15,-17,10,10,5.28636944114385,0.0684802670985124,3.29087272325399,3.06853968902663,20.290872723254,20.290872723254,"EB_features"
2024,"401636938",14,"2024-11-29 17:00:00",FALSE,38,197,"Big 12","Big 12","2024-11-25",15,52,10,10,-0.235254822549477,5.59274623764673,13.8778369468694,3.06853968902663,-38.1221630531306,38.1221630531306,"EB_features"
2024,"401643769",14,"2024-11-29 17:00:00",FALSE,68,204,"Mountain West","Pac-12","2024-11-25",15,16,9,9,4.28940332870459,0.997777657654213,21.9710519978461,3.06853968902663,5.97105199784614,5.97105199784614,"EB_features"
2024,"401644691",14,"2024-11-29 17:00:00",FALSE,189,193,"Mid-American","Mid-American","2024-11-25",15,-16,10,11,-4.42708900938513,-1.16257553874423,4.2431182187841,3.06853968902663,20.2431182187841,20.2431182187841,"EB_features"
2024,"401644777",14,"2024-11-29 17:00:00",FALSE,195,2050,"Mid-American","Mid-American","2024-11-25",15,21,10,10,-5.11978417368822,-9.09899353968169,18.9729316951723,3.06853968902663,-2.02706830482769,2.02706830482769,"EB_features"
2024,"401645379",14,"2024-11-29 17:00:00",FALSE,151,2426,"American Athletic","American Athletic","2024-11-25",15,-14,10,9,-5.71868001849941,-8.04147390077089,-1.9395798656178,3.06853968902663,12.0604201343822,12.0604201343822,"EB_features"
2024,"401628442",14,"2024-11-29 20:30:00",FALSE,145,344,"SEC","SEC","2024-11-25",15,12,10,10,11.512446845488,-2.89135942278666,29.4596383213064,3.06853968902663,17.4596383213064,17.4596383213064,"EB_features"
2024,"401640997",14,"2024-11-29 20:30:00",FALSE,2534,2335,"Conference USA","Conference USA","2024-11-25",15,2,11,9,-10.7700880211558,0.613054166612684,-0.341937575682931,3.06853968902663,-2.34193757568293,2.34193757568293,"EB_features"
2024,"401643770",14,"2024-11-29 20:30:00",FALSE,36,328,"Mountain West","Mountain West","2024-11-25",15,5,9,10,-4.19381731824135,-7.82715494563226,8.66706874653303,3.06853968902663,3.66706874653303,3.66706874653303,"EB_features"
2024,"401643843",14,"2024-11-29 20:30:00",FALSE,6,326,"Sun Belt","Sun Belt","2024-11-25",15,-7,10,9,-2.26484320274907,-9.3032873207793,-1.10500194693044,3.06853968902663,5.89499805306956,5.89499805306956,"EB_features"
2024,"401635625",14,"2024-11-29 21:00:00",FALSE,23,24,"Mountain West","ACC","2024-11-25",15,3,10,10,-3.32749707398681,0.830373297170923,3.97781068416625,3.06853968902663,0.97781068416625,0.97781068416625,"EB_features"
2024,"401628439",14,"2024-11-30 00:30:00",FALSE,61,59,"SEC","ACC","2024-11-25",15,2,10,10,25.0270647520481,2.85837747766035,22.5762481978915,3.06853968902663,20.5762481978915,20.5762481978915,"EB_features"
2024,"401628562",14,"2024-11-30 00:30:00",FALSE,2294,158,"Big Ten","Big Ten","2024-11-25",15,3,10,10,6.75996408973984,4.72701851957832,9.07140092457565,3.06853968902663,6.07140092457565,6.07140092457565,"EB_features"
2024,"401636939",14,"2024-11-30 01:00:00",FALSE,2116,254,"Big 12","Big 12","2024-11-25",15,-14,10,9,0.200115796405301,4.96459412776005,5.68914835902852,3.06853968902663,19.6891483590285,19.6891483590285,"EB_features"
2024,"401628440",14,"2024-11-30 17:00:00",FALSE,96,97,"SEC","ACC","2024-11-25",15,-27,10,10,7.29553049450051,2.89914633384597,-0.553910569960434,3.06853968902663,26.4460894300396,26.4460894300396,"EB_features"
2024,"401628444",14,"2024-11-30 17:00:00",FALSE,228,2579,"ACC","SEC","2024-11-25",15,-3,10,10,15.3240886417131,6.14453110544943,2.26207935074545,3.06853968902663,5.26207935074545,5.26207935074545,"EB_features"
2024,"401628446",14,"2024-11-30 17:00:00",FALSE,238,2633,"SEC","SEC","2024-11-25",15,-13,9,10,-4.81172655903755,10.7380074269029,-12.0698879169923,3.06853968902663,0.930112083007684,0.930112083007684,"EB_features"
2024,"401628563",14,"2024-11-30 17:00:00",TRUE,77,356,"Big Ten","Big Ten","2024-11-25",15,-10,10,10,0.939315961674559,-0.824160316874744,-6.58054392788678,3.06853968902663,3.41945607211322,3.41945607211322,"EB_features"
2024,"401628566",14,"2024-11-30 17:00:00",FALSE,194,130,"Big Ten","Big Ten","2024-11-25",15,-3,11,11,20.6954681302168,19.5132016690649,19.0492313986467,3.06853968902663,22.0492313986467,22.0492313986467,"EB_features"
2024,"401629038",14,"2024-11-30 17:00:00",FALSE,113,41,"FBS Independents","FBS Independents","2024-11-25",15,-5,9,10,-15.151516688312,-12.7907734184717,-9.0425045914135,3.06853968902663,-4.0425045914135,4.0425045914135,"EB_features"
2024,"401635622",14,"2024-11-30 17:00:00",FALSE,154,150,"ACC","ACC","2024-11-25",15,-6,10,9,-4.06957012501362,3.01352607681778,-5.80253774752691,3.06853968902663,0.197462252473093,0.197462252473093,"EB_features"
2024,"401636941",14,"2024-11-30 17:00:00",FALSE,239,2305,"Big 12","Big 12","2024-11-25",15,28,9,10,-1.89332082277664,3.04245096598535,-0.492502467028436,3.06853968902663,-28.4925024670284,28.4925024670284,"EB_features"
2024,"401636945",14,"2024-11-30 17:00:00",FALSE,2641,277,"Big 12","Big 12","2024-11-25",15,37,10,10,4.64476712290881,4.44987645835145,4.43190398223951,3.06853968902663,-32.5680960177605,32.5680960177605,"EB_features"
2024,"401643848",14,"2024-11-30 17:00:00",FALSE,2433,309,"Sun Belt","Sun Belt","2024-11-25",15,-14,10,10,-13.6486868620194,-3.01566665905323,-11.4053855412965,3.06853968902663,2.59461445870353,2.59461445870353,"EB_features"
2024,"401645378",14,"2024-11-30 17:00:00",FALSE,349,2636,"American Athletic","American Athletic","2024-11-25",15,5,8,10,-4.34921764224247,0.266581951710468,14.724360248629,3.06853968902663,9.72436024862905,9.72436024862905,"EB_features"
2024,"401645381",14,"2024-11-30 17:00:00",FALSE,218,249,"American Athletic","American Athletic","2024-11-25",15,-7,11,10,-13.849234283236,-7.93214233590472,-8.85547361362022,3.06853968902663,-1.85547361362022,1.85547361362022,"EB_features"
2024,"401644780",14,"2024-11-30 18:30:00",FALSE,2711,2199,"Mid-American","Mid-American","2024-11-25",15,8,10,10,-7.26618680585012,-12.684840792594,7.6050726943179,3.06853968902663,-0.394927305682103,0.394927305682103,"EB_features"
2024,"401640988",14,"2024-11-30 19:00:00",TRUE,2229,2393,"Conference USA","Conference USA","2024-11-25",15,11,10,10,-9.57189665084299,-8.1038970630424,10.8869266300864,3.06853968902663,-0.113073369913646,0.113073369913646,"EB_features"
2024,"401643845",14,"2024-11-30 19:00:00",FALSE,2247,324,"Sun Belt","Sun Belt","2024-11-25",15,-21,9,10,-7.68151542658429,-3.35717487071493,-1.66033782301077,3.06853968902663,19.3396621769892,19.3396621769892,"EB_features"
2024,"401643849",14,"2024-11-30 19:00:00",FALSE,2653,2572,"Sun Belt","Sun Belt","2024-11-25",15,32,10,10,0.114776361429243,-10.6299266966903,19.3629468638778,3.06853968902663,-12.6370531361222,12.6370531361222,"EB_features"
2024,"401645382",14,"2024-11-30 19:00:00",FALSE,242,58,"American Athletic","American Athletic","2024-11-25",15,7,10,10,-4.36888273417892,-1.64619211889056,-4.8744855484171,3.06853968902663,-11.8744855484171,11.8744855484171,"EB_features"
2024,"401635620",14,"2024-11-30 20:00:00",FALSE,103,221,"ACC","ACC","2024-11-25",15,11,10,10,-0.147779488413948,-4.44471549431581,4.37222069429855,3.06853968902663,-6.62777930570145,6.62777930570145,"EB_features"
2024,"401643847",14,"2024-11-30 20:00:00",FALSE,2032,295,"Sun Belt","Sun Belt","2024-11-25",15,-8,10,10,-3.05992443752921,-4.48642628840934,-5.20955727477155,3.06853968902663,2.79044272522845,2.79044272522845,"EB_features"
2024,"401628437",14,"2024-11-30 20:30:00",FALSE,333,2,"SEC","SEC","2024-11-25",15,14,9,9,19.9416806668532,8.10607339834971,23.5367635472733,3.06853968902663,9.53676354727334,9.53676354727334,"EB_features"
2024,"401628443",14,"2024-11-30 20:30:00",FALSE,142,8,"SEC","SEC","2024-11-25",15,7,10,10,12.9826987201321,0.267980266345633,9.67064233324808,3.06853968902663,2.67064233324808,2.67064233324808,"EB_features"
2024,"401628565",14,"2024-11-30 20:30:00",FALSE,213,120,"Big Ten","Big Ten","2024-11-25",15,37,11,10,20.16269811066,5.9524202700039,22.4976896231285,3.06853968902663,-14.5023103768715,14.5023103768715,"EB_features"
2024,"401628567",14,"2024-11-30 20:30:00",FALSE,127,164,"Big Ten","Big Ten","2024-11-25",15,-27,10,10,-2.72134278456529,4.49079344124815,-2.52983646815968,3.06853968902663,24.4701635318403,24.4701635318403,"EB_features"
2024,"401628570",14,"2024-11-30 20:30:00",FALSE,26,278,"Big Ten","Mountain West","2024-11-25",15,7,10,9,0.775443857492128,-0.036504032394126,7.21552729146115,3.06853968902663,0.215527291461147,0.215527291461147,"EB_features"
2024,"401628571",14,"2024-11-30 20:30:00",FALSE,30,87,"Big Ten","FBS Independents","2024-11-25",15,-14,10,10,10.1161692172943,19.1641400028386,-7.75876066202459,3.06853968902663,6.24123933797541,6.24123933797541,"EB_features"
2024,"401635621",14,"2024-11-30 20:30:00",FALSE,2567,25,"ACC","ACC","2024-11-25",15,32,10,10,4.96254356224963,3.40089719913306,11.7195079601602,3.06853968902663,-20.2804920398398,20.2804920398398,"EB_features"
2024,"401635623",14,"2024-11-30 20:30:00",FALSE,183,2390,"ACC","ACC","2024-11-25",15,4,10,10,-4.38004060195256,9.91806312120734,-15.052877269594,3.06853968902663,-19.052877269594,19.052877269594,"EB_features"
2024,"401635624",14,"2024-11-30 20:30:00",FALSE,153,152,"ACC","ACC","2024-11-25",15,-5,10,10,5.46803246291015,3.60451319490385,6.7026739773397,3.06853968902663,11.7026739773397,11.7026739773397,"EB_features"
2024,"401636940",14,"2024-11-30 20:30:00",FALSE,12,9,"Big 12","Big 12","2024-11-25",15,-42,10,11,8.76134128362684,-4.95028850657729,-3.92363220818534,3.06853968902663,38.0763677918147,38.0763677918147,"EB_features"
2024,"401644779",14,"2024-11-30 20:30:00",FALSE,2459,2117,"Mid-American","Mid-American","2024-11-25",15,8,10,10,-2.60157726530493,-7.1824529563317,17.1646123831095,3.06853968902663,9.16461238310946,9.16461238310946,"EB_features"
2024,"401645377",14,"2024-11-30 20:30:00",FALSE,2429,5,"American Athletic","American Athletic","2024-11-25",15,2,10,10,-10.1538557854714,-7.5510916685212,4.29180556375913,3.06853968902663,2.29180556375913,2.29180556375913,"EB_features"
2024,"401645380",14,"2024-11-30 20:30:00",FALSE,202,2226,"American Athletic","American Athletic","2024-11-25",15,-47,10,10,-11.630170096533,-8.19678500433853,-2.81429743751876,3.06853968902663,44.1857025624812,44.1857025624812,"EB_features"
2024,"401641006",14,"2024-11-30 21:00:00",FALSE,98,55,"Conference USA","Conference USA","2024-11-25",15,2,10,11,-7.87189034252338,-10.1593831528788,1.9936999009444,3.06853968902663,-0.00630009905560458,0.00630009905560458,"EB_features"
2024,"401641014",14,"2024-11-30 21:00:00",FALSE,2348,338,"Conference USA","Conference USA","2024-11-25",15,33,10,10,-10.9203660765961,-5.26505502996835,7.63239899953568,3.06853968902663,-25.3676010004643,25.3676010004643,"EB_features"
2024,"401641031",14,"2024-11-30 21:00:00",FALSE,166,2638,"Conference USA","Conference USA","2024-11-25",15,-7,10,10,-7.25320439837915,-10.6445072711898,2.16675204778402,3.06853968902663,9.16675204778402,9.16675204778402,"EB_features"
2024,"401636943",14,"2024-11-30 23:00:00",FALSE,2132,2628,"Big 12","Big 12","2024-11-25",15,-7,9,10,-6.87277373104661,4.93535426727664,-0.0293109293969009,3.06853968902663,6.9706890706031,6.9706890706031,"EB_features"
2024,"401643844",14,"2024-11-30 23:00:00",FALSE,290,2026,"Sun Belt","Sun Belt","2024-11-25",15,9,10,9,-4.21225630018632,1.26187239186551,6.64890540228513,3.06853968902663,-2.35109459771487,2.35109459771487,"EB_features"
2024,"401643773",14,"2024-11-30 23:30:00",FALSE,265,2751,"Pac-12","Mountain West","2024-11-25",15,-1,9,9,2.79935337603828,-2.5266365890753,18.8190931647952,3.06853968902663,19.8190931647952,19.8190931647952,"EB_features"
2024,"401628438",14,"2024-12-01",FALSE,52,57,"ACC","SEC","2024-11-25",15,-20,10,10,10.6153093026183,10.0954861111822,-11.0525049238494,3.06853968902663,8.9474950761506,8.9474950761506,"EB_features"
2024,"401628441",14,"2024-12-01",FALSE,99,201,"SEC","SEC","2024-11-25",15,20,9,9,15.4137991102542,18.2965051751606,6.55294620121067,3.06853968902663,-13.4470537987893,13.4470537987893,"EB_features"
2024,"401628564",14,"2024-12-01",FALSE,84,2509,"Big Ten","Big Ten","2024-11-25",15,66,10,10,-4.13495303517146,-0.183915433373066,29.8723436736041,3.06853968902663,-36.1276563263959,36.1276563263959,"EB_features"
2024,"401628445",14,"2024-12-01 00:30:00",FALSE,245,251,"SEC","SEC","2024-11-25",15,-10,9,11,13.1941688029351,19.9060090333261,-8.19510884192897,3.06853968902663,1.80489115807103,1.80489115807103,"EB_features"
2024,"401628569",14,"2024-12-01 00:30:00",FALSE,2483,264,"Big Ten","Big Ten","2024-11-25",15,28,10,10,21.0301631942092,6.9980335395817,20.3704458902912,3.06853968902663,-7.6295541097088,7.6295541097088,"EB_features"
2024,"401636944",14,"2024-12-01 00:30:00",FALSE,66,2306,"Big 12","Big 12","2024-11-25",15,8,9,9,9.12289331601332,11.3528556616141,5.77675422275188,3.06853968902663,-2.22324577724812,2.22324577724812,"EB_features"
2024,"401635640",14,"2024-12-01 01:00:00",FALSE,259,258,"ACC","ACC","2024-11-25",15,20,10,10,7.14726264116556,-2.84858555293252,14.8569804920332,3.06853968902663,-5.1430195079668,5.1430195079668,"EB_features"
2024,"401643772",14,"2024-12-01 01:00:00",FALSE,2439,2440,"Mountain West","Mountain West","2024-11-25",15,24,10,10,-1.6849149891182,-11.3145116846518,18.7947457216229,3.06853968902663,-5.20525427837707,5.20525427837707,"EB_features"
2024,"401643846",14,"2024-12-01 01:00:00",FALSE,256,276,"Sun Belt","Sun Belt","2024-11-25",15,-2,10,9,-5.16734296001291,-8.0934480177641,9.25568977001069,3.06853968902663,11.2556897700107,11.2556897700107,"EB_features"
2024,"401636942",14,"2024-12-01 03:15:00",FALSE,252,248,"Big 12","Big 12","2024-11-25",15,12,10,10,0.365786836075239,-4.13577014970085,16.6123368117867,3.06853968902663,4.6123368117867,4.6123368117867,"EB_features"
2024,"401643768",14,"2024-12-01 03:30:00",FALSE,21,2005,"Mountain West","Mountain West","2024-11-25",15,-11,10,9,-8.2101643831943,0.622702545168083,-1.9788819175624,3.06853968902663,9.0211180824376,9.0211180824376,"EB_features"
2024,"401643771",14,"2024-12-01 04:00:00",FALSE,62,167,"Mountain West","Mountain West","2024-11-25",15,8,9,10,-6.53828048195651,-11.8252431172049,2.33625982049144,3.06853968902663,-5.66374017950856,5.66374017950856,"EB_features"
2024,"401673466",15,"2024-12-07",FALSE,55,98,"Conference USA","Conference USA","2024-12-02",16,40,12,11,-10.1593831528788,-7.87189034252338,4.46623299620581,3.06853968902663,-35.5337670037942,35.5337670037942,"EB_features"
2024,"401673462",15,"2024-12-07 01:00:00",FALSE,349,2655,"American Athletic","American Athletic","2024-12-02",16,21,10,11,-4.34921764224247,-2.92613582213276,-3.19055004594637,3.06853968902663,-24.1905500459464,24.1905500459464,"EB_features"
2024,"401673468",15,"2024-12-07 01:00:00",FALSE,68,2439,"Mountain West","Mountain West","2024-12-02",16,14,11,10,4.28940332870459,-1.6849149891182,7.4552311121225,3.06853968902663,-6.5447688878775,6.5447688878775,"EB_features"
2024,"401673465",15,"2024-12-07 17:00:00",TRUE,9,66,"Big 12","Big 12","2024-12-02",16,26,12,10,-4.95028850657729,9.12289331601332,-4.58379564312287,3.06853968902663,-30.5837956431229,30.5837956431229,"EB_features"
2024,"401673467",15,"2024-12-07 17:00:00",TRUE,193,195,"Mid-American","Mid-American","2024-12-02",16,-35,12,11,-1.16257553874423,-5.11978417368822,0.867314670417862,3.06853968902663,35.8673146704179,35.8673146704179,"EB_features"
2024,"401673469",15,"2024-12-07 21:00:00",TRUE,251,61,"SEC","SEC","2024-12-02",16,-3,11,11,19.9060090333261,25.0270647520481,3.33939939629608,3.06853968902663,6.33939939629608,6.33939939629608,"EB_features"
2024,"401673470",15,"2024-12-08 00:30:00",FALSE,309,276,"Sun Belt","Sun Belt","2024-12-02",16,-28,11,10,-3.01566665905323,-8.0934480177641,7.85770903102064,3.06853968902663,35.8577090310206,35.8577090310206,"EB_features"
2024,"401673463",15,"2024-12-08 01:00:00",TRUE,2567,228,"ACC","ACC","2024-12-02",16,-3,11,11,4.96254356224963,15.3240886417131,-1.09044392241931,3.06853968902663,1.90955607758069,1.90955607758069,"EB_features"
2024,"401673464",15,"2024-12-08 01:00:00",TRUE,2483,213,"Big Ten","Big Ten","2024-12-02",16,8,10,12,21.0301631942092,20.16269811066,1.81082234963595,3.06853968902663,-6.18917765036405,6.18917765036405,"EB_features"
2024,"401645383",16,"2024-12-14 20:00:00",TRUE,349,2426,"American Athletic","American Athletic","2024-12-09",17,-18,11,10,-4.34921764224247,-8.04147390077089,5.10167926126371,3.06853968902663,23.1016792612637,23.1016792612637,"EB_features"
2024,"401677077",1,"2024-12-15 02:00:00",TRUE,2711,6,"Mid-American","Sun Belt","2024-12-09",17,-7,11,11,-7.26618680585012,-2.26484320274907,-8.85985725835227,3.06853968902663,-1.85985725835227,1.85985725835227,"EB_features"
2024,"401677080",1,"2024-12-18 02:00:00",TRUE,277,235,"Big 12","American Athletic","2024-12-16",18,-5,11,11,4.44987645835145,4.32814820641058,-2.40160150901484,3.06853968902663,2.59839849098516,2.59839849098516,"EB_features"
2024,"401677079",1,"2024-12-18 22:30:00",TRUE,256,98,"Sun Belt","Conference USA","2024-12-16",18,10,11,12,-5.16734296001291,-7.87189034252338,10.2438605375675,3.06853968902663,0.243860537567549,0.243860537567549,"EB_features"
2024,"401677081",1,"2024-12-19 02:00:00",TRUE,2439,25,"Mountain West","ACC","2024-12-16",18,11,12,11,-1.6849149891182,3.40089719913306,2.16862238995668,3.06853968902663,-8.83137761004333,8.83137761004333,"EB_features"
2024,"401677082",1,"2024-12-20",TRUE,2534,290,"Conference USA","Sun Belt","2024-12-16",18,5,12,11,-10.7700880211558,-4.21225630018632,-4.29588666526934,3.06853968902663,-9.29588666526934,9.29588666526934,"EB_features"
2024,"401677083",1,"2024-12-20 17:00:00",TRUE,55,195,"Conference USA","Mid-American","2024-12-16",18,-3,13,12,-10.1593831528788,-5.11978417368822,-3.22629608912666,3.06853968902663,-0.22629608912666,0.22629608912666,"EB_features"
2024,"401677084",1,"2024-12-20 20:30:00",TRUE,57,2655,"SEC","American Athletic","2024-12-16",18,25,11,12,10.0954861111822,-2.92613582213276,4.19587014898283,3.06853968902663,-20.8041298510172,20.8041298510172,"EB_features"
2024,"401677179",1,"2024-12-21 01:00:00",FALSE,87,84,"FBS Independents","Big Ten","2024-12-16",18,10,12,11,19.1641400028386,-4.13495303517146,12.3249029813068,3.06853968902663,2.32490298130683,2.32490298130683,"EB_features"
2024,"401677178",1,"2024-12-21 17:00:00",FALSE,213,2567,"Big Ten","ACC","2024-12-16",18,28,13,12,20.16269811066,4.96254356224963,9.33050310681085,3.06853968902663,-18.6694968931892,18.6694968931892,"EB_features"
2024,"401677176",1,"2024-12-21 21:00:00",FALSE,251,228,"SEC","ACC","2024-12-16",18,14,13,12,19.9060090333261,15.3240886417131,13.1906592218087,3.06853968902663,-0.809340778191279,0.809340778191279,"EB_features"
2024,"401677177",1,"2024-12-22 01:00:00",FALSE,194,2633,"Big Ten","SEC","2024-12-16",18,25,12,11,20.6954681302168,10.7380074269029,9.57657611058976,3.06853968902663,-15.4234238894102,15.4234238894102,"EB_features"
2024,"401677085",1,"2024-12-23 16:00:00",FALSE,2636,324,"American Athletic","Sun Belt","2024-12-23",19,29,11,11,0.266581951710468,-3.35717487071493,3.21184586640801,3.06853968902663,-25.788154133592,25.788154133592,"EB_features"
2024,"401677086",1,"2024-12-23 19:30:00",TRUE,278,2459,"Mountain West","Mid-American","2024-12-23",19,-8,11,11,-0.036504032394126,-2.60157726530493,0.885627439083734,3.06853968902663,8.88562743908373,8.88562743908373,"EB_features"
2024,"401677087",1,"2024-12-25 01:00:00",TRUE,23,58,"Mountain West","American Athletic","2024-12-23",19,-2,11,11,-3.32749707398681,-1.64619211889056,-0.203942681652937,3.06853968902663,1.79605731834706,1.79605731834706,"EB_features"
2024,"401677180",1,"2024-12-26 19:00:00",TRUE,2649,221,"Mid-American","ACC","2024-12-23",19,2,11,11,-1.52521694802914,-4.44471549431581,-5.02112876682936,3.06853968902663,-7.02112876682936,7.02112876682936,"EB_features"
2024,"401677088",1,"2024-12-26 22:30:00",TRUE,2306,164,"Big 12","Big Ten","2024-12-23",19,3,11,11,11.3528556616141,4.49079344124815,6.05028790421348,3.06853968902663,3.05028790421348,3.05028790421348,"EB_features"
2024,"401677089",1,"2024-12-27 02:00:00",TRUE,189,2032,"Mid-American","Sun Belt","2024-12-23",19,-7,11,11,-4.42708900938513,-3.05992443752921,8.94803683860717,3.06853968902663,15.9480368386072,15.9480368386072,"EB_features"
2024,"401677090",1,"2024-12-27 17:00:00",TRUE,2426,201,"American Athletic","SEC","2024-12-23",19,1,11,11,-8.04147390077089,18.2965051751606,-11.3536262777008,3.06853968902663,-12.3536262777008,12.3536262777008,"EB_features"
2024,"401677091",1,"2024-12-27 20:30:00",TRUE,238,59,"SEC","ACC","2024-12-23",19,8,11,11,-4.81172655903755,2.85837747766035,-1.88108533901781,3.06853968902663,-9.88108533901781,9.88108533901781,"EB_features"
2024,"401677092",1,"2024-12-28",TRUE,8,2641,"SEC","Big 12","2024-12-23",19,13,11,11,0.267980266345633,4.64476712290881,-1.71892857574609,3.06853968902663,-14.7189285757461,14.7189285757461,"EB_features"
2024,"401729867",1,"2024-12-28 01:00:00",TRUE,265,183,"Pac-12","ACC","2024-12-23",19,-17,11,11,2.79935337603828,-4.38004060195256,-0.182050628242206,3.06853968902663,16.8179493717578,16.8179493717578,"EB_features"
2024,"401677093",1,"2024-12-28 03:30:00",TRUE,30,245,"Big Ten","SEC","2024-12-23",19,4,12,11,10.1161692172943,13.1941688029351,-1.04929974951428,3.06853968902663,-5.04929974951428,5.04929974951428,"EB_features"
2024,"401677094",1,"2024-12-28 16:00:00",TRUE,153,41,"ACC","FBS Independents","2024-12-23",19,-13,11,11,5.46803246291015,-12.7907734184717,9.39351045433716,3.06853968902663,22.3935104543372,22.3935104543372,"EB_features"
2024,"401677095",1,"2024-12-28 17:00:00",TRUE,158,103,"Big Ten","ACC","2024-12-23",19,5,11,11,4.72701851957832,-0.147779488413948,4.13775426889519,3.06853968902663,-0.862245731104808,0.862245731104808,"EB_features"
2024,"401677096",1,"2024-12-28 19:15:00",TRUE,2628,309,"Big 12","Sun Belt","2024-12-23",19,31,11,12,4.93535426727664,-3.01566665905323,5.84875871788804,3.06853968902663,-25.151241282112,25.151241282112,"EB_features"
2024,"401677097",1,"2024-12-28 20:30:00",TRUE,2390,66,"ACC","Big 12","2024-12-23",19,-1,11,12,9.91806312120734,9.12289331601332,6.82142815704481,3.06853968902663,7.82142815704481,7.82142815704481,"EB_features"
2024,"401677188",1,"2024-12-28 21:30:00",TRUE,36,193,"Mountain West","Mid-American","2024-12-23",19,-26,11,13,-4.19381731824135,-1.16257553874423,-2.70585770144574,3.06853968902663,23.2941422985543,23.2941422985543,"EB_features"
2024,"401677098",1,"2024-12-28 22:45:00",TRUE,152,151,"ACC","American Athletic","2024-12-23",19,-5,11,11,3.60451319490385,-5.71868001849941,7.133285377463,3.06853968902663,12.133285377463,12.133285377463,"EB_features"
2024,"401677099",1,"2024-12-29 00:30:00",TRUE,38,252,"Big 12","Big 12","2024-12-23",19,-22,11,11,-0.235254822549477,0.365786836075239,2.60883069751659,3.06853968902663,24.6088306975166,24.6088306975166,"EB_features"
2024,"401677100",1,"2024-12-29 02:15:00",TRUE,349,2348,"American Athletic","Conference USA","2024-12-23",19,21,12,11,-4.34921764224247,-10.9203660765961,14.1388930871061,3.06853968902663,-6.86110691289387,6.86110691289387,"EB_features"
2024,"401677101",1,"2024-12-30 19:30:00",TRUE,142,2294,"SEC","Big Ten","2024-12-30",20,3,11,11,12.9826987201321,6.75996408973984,-0.290948656546666,3.06853968902663,-3.29094865654667,3.29094865654667,"EB_features"
2024,"401677102",1,"2024-12-31 17:00:00",TRUE,130,333,"Big Ten","SEC","2024-12-30",20,6,12,11,19.5132016690649,19.9416806668532,-11.5433676664941,3.06853968902663,-17.5433676664941,17.5433676664941,"EB_features"
2024,"401677190",1,"2024-12-31 19:00:00",TRUE,264,97,"Big Ten","ACC","2024-12-30",20,-1,11,11,6.9980335395817,2.89914633384597,-6.79033455696912,3.06853968902663,-5.79033455696912,5.79033455696912,"EB_features"
2024,"401677103",1,"2024-12-31 20:00:00",TRUE,356,2579,"Big Ten","SEC","2024-12-30",20,4,11,11,-0.824160316874744,6.14453110544943,-11.7787100198082,3.06853968902663,-15.7787100198082,15.7787100198082,"EB_features"
2024,"401677104",1,"2024-12-31 20:30:00",TRUE,99,239,"SEC","Big 12","2024-12-30",20,13,11,11,15.4137991102542,-1.89332082277664,8.53942320433396,3.06853968902663,-4.46057679566604,4.46057679566604,"EB_features"
2024,"401677181",1,"2025-01-01 00:30:00",TRUE,68,213,"Mountain West","Big Ten","2024-12-30",20,-17,12,14,4.28940332870459,20.16269811066,-11.6525779906253,3.06853968902663,5.34742200937468,5.34742200937468,"EB_features"
2024,"401677182",1,"2025-01-01 18:00:00",TRUE,9,251,"Big 12","SEC","2024-12-30",20,-8,13,14,-4.95028850657729,19.9060090333261,-16.5200723529739,3.06853968902663,-8.52007235297391,8.52007235297391,"EB_features"
2024,"401677183",1,"2025-01-01 22:00:00",TRUE,2483,194,"Big Ten","Big Ten","2024-12-30",20,-20,12,13,21.0301631942092,20.6954681302168,-3.15049277116195,3.06853968902663,16.849507228838,16.849507228838,"EB_features"
2024,"401677184",1,"2025-01-02 21:00:00",TRUE,61,87,"SEC","FBS Independents","2024-12-30",20,-13,12,13,25.0270647520481,19.1641400028386,-2.53548486719431,3.06853968902663,10.4645151328057,10.4645151328057,"EB_features"
2024,"401677105",1,"2025-01-03 01:00:00",TRUE,145,150,"SEC","ACC","2024-12-30",20,32,11,11,11.512446845488,3.01352607681778,17.2001607491269,3.06853968902663,-14.7998392508731,14.7998392508731,"EB_features"
2024,"401677106",1,"2025-01-03 21:00:00",TRUE,326,249,"Sun Belt","American Athletic","2024-12-30",20,2,11,11,-9.3032873207793,-7.93214233590472,9.31956941413822,3.06853968902663,7.31956941413822,7.31956941413822,"EB_features"
2024,"401677107",1,"2025-01-04 00:30:00",TRUE,259,135,"ACC","Big Ten","2024-12-30",20,-14,12,11,7.14726264116556,0.0684802670985124,1.90436253032321,3.06853968902663,15.9043625303232,15.9043625303232,"EB_features"
2024,"401677108",1,"2025-01-04 16:00:00",TRUE,2335,2084,"Conference USA","Mid-American","2024-12-30",20,-19,10,11,0.613054166612684,-9.36936444215472,5.79746273947829,3.06853968902663,24.7974627394783,24.7974627394783,"EB_features"
2024,"401677189",1,"2025-01-10 00:30:00",TRUE,213,87,"Big Ten","FBS Independents","2025-01-06",21,-3,15,14,20.16269811066,19.1641400028386,-4.12607713910738,3.06853968902663,-1.12607713910738,1.12607713910738,"EB_features"
2024,"401677191",1,"2025-01-11 00:30:00",TRUE,251,194,"SEC","Big Ten","2025-01-06",21,-14,15,14,19.9060090333261,20.6954681302168,-2.49917394855267,3.06853968902663,11.5008260514473,11.5008260514473,"EB_features"
2024,"401677192",1,"2025-01-21 00:30:00",TRUE,87,194,"FBS Independents","Big Ten","2025-01-20",22,-11,15,15,19.1641400028386,20.6954681302168,-2.38111565516992,3.06853968902663,8.61888434483008,8.61888434483008,"EB_features"
2025,"401756846",1,"2025-08-23 16:00:00",TRUE,2306,66,"Big 12","Big 12","2025-08-18",1,-3,0,0,9.05591446496782,8.96318904974682,0.104104194203799,3.06853968902663,3.1041041942038,3.1041041942038,"EB_features"
2025,"401756847",1,"2025-08-23 22:30:00",FALSE,2305,278,"Big 12","Mountain West","2025-08-18",1,24,0,0,0.361557837193227,-5.69962548200953,9.87351978928574,3.06853968902663,-14.1264802107143,14.1264802107143,"EB_features"
2025,"401757218",1,"2025-08-23 23:00:00",FALSE,98,2534,"Conference USA","Conference USA","2025-08-18",1,17,0,0,-10.1693369301456,-9.51972831391433,2.33921449399322,3.06853968902663,-14.6607855060068,14.6607855060068,"EB_features"
2025,"401754516",1,"2025-08-23 23:30:00",FALSE,62,24,"Mountain West","ACC","2025-08-18",1,3,0,0,-7.69770912729432,-2.15917751826698,-3.14965161112441,3.06853968902663,-6.14965161112441,6.14965161112441,"EB_features"
2025,"401762522",1,"2025-08-28 21:30:00",FALSE,58,68,"American Athletic","Mountain West","2025-08-25",2,27,0,0,-2.48045173472186,7.06755554934872,-7.65114921386166,3.06853968902663,-34.6511492138617,34.6511492138617,"EB_features"
2025,"401752794",1,"2025-08-28 22:00:00",FALSE,164,195,"Big Ten","Mid-American","2025-08-25",2,3,0,0,6.00577572467176,-1.08345284107104,11.0277213826788,3.06853968902663,8.02772138267875,8.02772138267875,"EB_features"
2025,"401754373",1,"2025-08-28 23:00:00",FALSE,152,151,"ACC","American Athletic","2025-08-25",2,7,0,0,1.58309818541903,-3.40008941397468,8.66323806125678,3.06853968902663,1.66323806125678,1.66323806125678,"EB_features"
2025,"401756848",1,"2025-08-28 23:00:00",FALSE,2116,55,"Big 12","Conference USA","2025-08-25",2,7,0,0,-2.27953946864474,-8.09106963085991,9.59323049991793,3.06853968902663,2.59323049991793,2.59323049991793,"EB_features"
2025,"401762789",1,"2025-08-28 23:00:00",FALSE,2006,2751,"Mid-American","Mountain West","2025-08-25",2,-10,0,0,-11.8511737054464,-6.97155706044597,-2.40987804186767,3.06853968902663,7.59012195813233,7.59012195813233,"EB_features"
2025,"401752793",1,"2025-08-29",FALSE,135,2084,"Big Ten","Mid-American","2025-08-25",2,13,0,0,6.52202382491824,-4.0050346210993,14.8874238023744,3.06853968902663,1.8874238023744,1.8874238023744,"EB_features"
2025,"401752796",1,"2025-08-29 01:00:00",TRUE,2132,158,"Big 12","Big Ten","2025-08-25",2,-3,0,0,1.61538358881995,9.0440770430917,-8.34030394149069,3.06853968902663,-5.34030394149069,5.34030394149069,"EB_features"
2025,"401762791",1,"2025-08-29 01:00:00",FALSE,275,193,"Big Ten","Mid-American","2025-08-25",2,17,0,0,5.31282867822306,-3.33125934040394,12.7733850721526,3.06853968902663,-4.22661492784741,4.22661492784741,"EB_features"
2025,"401752802",1,"2025-08-29 23:00:00",FALSE,127,2711,"Big Ten","Mid-American","2025-08-25",2,17,0,0,0.281613267023019,-8.34626561869253,12.7551868390526,3.06853968902663,-4.24481316094744,4.24481316094744,"EB_features"
2025,"401754374",1,"2025-08-29 23:00:00",FALSE,154,338,"ACC","Conference USA","2025-08-25",2,1,0,0,-5.46843378553135,-18.3691529051769,17.5523677247323,3.06853968902663,16.5523677247323,16.5523677247323,"EB_features"
2025,"401761589",1,"2025-08-29 23:00:00",TRUE,2429,2026,"American Athletic","Sun Belt","2025-08-25",2,-23,0,0,-12.3058135001842,-8.82377008009426,-3.90934161434781,3.06853968902663,19.0906583856522,19.0906583856522,"EB_features"
2025,"401752667",1,"2025-08-30",FALSE,239,2,"Big 12","SEC","2025-08-25",2,-14,0,0,8.04543425335124,8.22851950435566,2.86298717161822,3.06853968902663,16.8629871716182,16.8629871716182,"EB_features"
2025,"401754375",1,"2025-08-30",FALSE,38,59,"Big 12","ACC","2025-08-25",2,-7,0,0,6.02126994888183,5.83660898315793,3.27586128464057,3.06853968902663,10.2758612846406,10.2758612846406,"EB_features"
2025,"401757224",1,"2025-08-30 01:30:00",TRUE,2534,2439,"Conference USA","Mountain West","2025-08-25",2,-17,1,0,-9.51972831391433,-2.66626584455864,-10.1379478634804,3.06853968902663,6.86205213651963,6.86205213651963,"EB_features"
2025,"401760358",1,"2025-08-30 02:30:00",FALSE,23,2117,"Mountain West","Mid-American","2025-08-25",2,-2,0,0,-2.85904759573678,-11.3002619548927,12.5456158160746,3.06853968902663,14.5456158160746,14.5456158160746,"EB_features"
2025,"401752673",1,"2025-08-30 16:00:00",FALSE,2572,344,"Sun Belt","SEC","2025-08-25",2,-17,0,0,-17.4791138554505,2.05109182314268,-18.8583108940499,3.06853968902663,-1.85831089404986,1.85831089404986,"EB_features"
2025,"401752676",1,"2025-08-30 16:00:00",TRUE,2633,183,"SEC","ACC","2025-08-25",2,19,0,0,15.9208021444484,2.67622073580725,14.8698873100443,3.06853968902663,-4.13011268995575,4.13011268995575,"EB_features"
2025,"401752677",1,"2025-08-30 16:00:00",FALSE,194,251,"Big Ten","SEC","2025-08-25",2,7,0,0,22.8608603180406,21.9847760447806,4.05213245164717,3.06853968902663,-2.94786754835283,2.94786754835283,"EB_features"
2025,"401752797",1,"2025-08-30 16:00:00",FALSE,120,2226,"Big Ten","American Athletic","2025-08-25",2,32,0,0,0.0599484190731576,-11.5303299537612,16.0811165292162,3.06853968902663,-15.9188834707838,15.9188834707838,"EB_features"
2025,"401752801",1,"2025-08-30 16:00:00",FALSE,2509,2050,"Big Ten","Mid-American","2025-08-25",2,31,0,0,-11.8034153706036,-13.2676300916624,4.71243519829861,3.06853968902663,-26.2875648017014,26.2875648017014,"EB_features"
2025,"401752803",1,"2025-08-30 16:00:00",FALSE,2655,77,"American Athletic","Big Ten","2025-08-25",2,20,0,0,1.62669163119909,-3.11671803997458,8.39403583718788,3.06853968902663,-11.6059641628121,11.6059641628121,"EB_features"
2025,"401752670",1,"2025-08-30 16:45:00",FALSE,96,2649,"SEC","Mid-American","2025-08-25",2,8,0,0,4.8652277595157,-1.94061847599451,10.7095638519721,3.06853968902663,2.7095638519721,2.7095638519721,"EB_features"
2025,"401752806",1,"2025-08-30 18:30:00",FALSE,84,295,"Big Ten","Sun Belt","2025-08-25",2,13,0,0,10.9714929516635,-0.778797253450381,16.2607641783837,3.06853968902663,3.26076417838372,3.26076417838372,"EB_features"
2025,"401752665",1,"2025-08-30 19:30:00",FALSE,52,333,"ACC","SEC","2025-08-25",2,14,0,0,0.86435617751771,22.7594172290628,-21.5133689751912,3.06853968902663,-35.5133689751912,35.5133689751912,"EB_features"
2025,"401752669",1,"2025-08-30 19:30:00",FALSE,61,276,"SEC","Sun Belt","2025-08-25",2,38,0,0,22.0397498461784,-5.60290337972853,34.1033550401324,3.06853968902663,-3.89664495986764,3.89664495986764,"EB_features"
2025,"401752807",1,"2025-08-30 19:30:00",FALSE,213,2440,"Big Ten","Mountain West","2025-08-25",2,35,0,0,19.8476102333169,-9.32004522792159,35.815497590153,3.06853968902663,0.815497590152965,0.815497590152965,"EB_features"
2025,"401762456",1,"2025-08-30 19:30:00",FALSE,113,218,"Mid-American","American Athletic","2025-08-25",2,-32,0,0,-18.3871284252703,-11.3610493190561,-4.81974317302725,3.06853968902663,27.1802568269728,27.1802568269728,"EB_features"
2025,"401754616",1,"2025-08-30 22:00:00",FALSE,258,324,"ACC","Sun Belt","2025-08-25",2,41,0,0,-4.24079565876744,-6.24337919035539,5.31686981928164,3.06853968902663,-35.6831301807184,35.6831301807184,"EB_features"
2025,"401752678",1,"2025-08-30 23:00:00",FALSE,245,2636,"SEC","American Athletic","2025-08-25",2,18,0,0,17.725953878829,-2.89231440688747,26.2169742433142,3.06853968902663,8.21697424331418,8.21697424331418,"EB_features"
2025,"401752671",1,"2025-08-30 23:30:00",FALSE,228,99,"ACC","SEC","2025-08-25",2,-7,0,0,17.4253762440298,16.4064011851515,4.21255804866913,3.06853968902663,11.2125580486691,11.2125580486691,"EB_features"
2025,"401752798",1,"2025-08-30 23:30:00",FALSE,30,2623,"Big Ten","Conference USA","2025-08-25",2,60,0,0,11.7377334980424,-6.7625674939902,23.8391010579154,3.06853968902663,-36.1608989420846,36.1608989420846,"EB_features"
2025,"401752808",1,"2025-08-30 23:30:00",FALSE,130,167,"Big Ten","Mountain West","2025-08-25",2,17,0,0,13.7167245408339,-13.0437901474855,33.1129650654658,3.06853968902663,16.1129650654658,16.1129650654658,"EB_features"
2025,"401757225",1,"2025-08-30 23:30:00",FALSE,328,2638,"Mountain West","Conference USA","2025-08-25",2,12,0,0,-8.74957201284489,-9.57717771398051,3.99770484218185,3.06853968902663,-8.00229515781815,8.00229515781815,"EB_features"
2025,"401752672",1,"2025-08-30 23:45:00",FALSE,145,2247,"SEC","Sun Belt","2025-08-25",2,56,0,0,14.3810800491015,-7.84150593748559,28.0181654388238,3.06853968902663,-27.9818345611762,27.9818345611762,"EB_features"
2025,"401761592",1,"2025-08-31",FALSE,309,242,"Sun Belt","American Athletic","2025-08-25",2,-2,0,0,-3.9675285635357,-9.6065480416369,9.39955020505564,3.06853968902663,11.3995502050556,11.3995502050556,"EB_features"
2025,"401761594",1,"2025-08-31",FALSE,326,2199,"Sun Belt","Mid-American","2025-08-25",2,25,0,0,-2.46825634282786,-9.25752914430212,10.690956612615,3.06853968902663,-14.309043387385,14.309043387385,"EB_features"
2025,"401760361",1,"2025-08-31 01:30:00",FALSE,278,290,"Mountain West","Sun Belt","2025-08-25",2,28,1,0,-5.69962548200953,-1.14732081248697,-4.39681341759099,3.06853968902663,-32.396813417591,32.396813417591,"EB_features"
2025,"401752936",1,"2025-08-31 02:30:00",FALSE,204,25,"Pac-12","ACC","2025-08-25",2,-19,0,0,-4.28141298295046,-0.761990037176097,-0.882768471298074,3.06853968902663,18.1172315287019,18.1172315287019,"EB_features"
2025,"401756849",1,"2025-08-31 02:30:00",FALSE,12,62,"Big 12","Mountain West","2025-08-25",2,34,0,1,0.470354638342979,-7.69770912729432,11.2140036722203,3.06853968902663,-22.7859963277797,22.7859963277797,"EB_features"
2025,"401752800",1,"2025-08-31 03:00:00",FALSE,26,254,"Big Ten","Big 12","2025-08-25",2,-33,0,0,-2.12998270179669,2.5775569465544,-2.21668465433204,3.06853968902663,30.783315345668,30.783315345668,"EB_features"
2025,"401752805",1,"2025-08-31 03:00:00",FALSE,264,36,"Big Ten","Mountain West","2025-08-25",2,17,0,0,4.4384078588802,-6.378729756197,15.2130999730153,3.06853968902663,-1.78690002698466,1.78690002698466,"EB_features"
2025,"401752680",1,"2025-08-31 19:00:00",TRUE,2579,259,"SEC","ACC","2025-08-25",2,13,0,0,14.6423764188937,6.50791297400035,9.13268234164966,3.06853968902663,-3.86731765835034,3.86731765835034,"EB_features"
2025,"401754522",1,"2025-08-31 23:30:00",FALSE,2390,87,"ACC","FBS Independents","2025-08-25",2,3,0,0,14.7526570772521,22.6907546026562,-5.84367973241073,3.06853968902663,-8.84367973241073,8.84367973241073,"EB_features"
2025,"401754523",1,"2025-09-02",FALSE,153,2628,"ACC","Big 12","2025-09-01",3,-34,0,0,-1.50901957051974,8.44129511662675,-8.10282568163075,3.06853968902663,25.8971743183692,25.8971743183692,"EB_features"
2025,"401754528",2,"2025-09-05 23:00:00",FALSE,97,256,"ACC","Sun Belt","2025-09-01",3,14,0,0,4.99706704038564,-0.526214201414518,9.26960917648247,3.06853968902663,-4.73039082351753,4.73039082351753,"EB_features"
2025,"401752826",2,"2025-09-05 23:30:00",FALSE,120,2459,"Big Ten","Mid-American","2025-09-01",3,11,1,0,0.0599484190731576,-2.93990993338447,9.0896722461005,3.06853968902663,-1.9103277538995,1.9103277538995,"EB_features"
2025,"401752693",2,"2025-09-06 16:00:00",FALSE,251,23,"SEC","Mountain West","2025-09-01",3,31,1,1,21.9847760447806,-2.85904759573678,32.8940257409182,3.06853968902663,1.89402574091815,1.89402574091815,"EB_features"
2025,"401752811",2,"2025-09-06 16:00:00",FALSE,213,2229,"Big Ten","Conference USA","2025-09-01",3,34,1,0,19.8476102333169,-6.24796304749612,32.2305092540148,3.06853968902663,-1.76949074598517,1.76949074598517,"EB_features"
2025,"401752812",2,"2025-09-06 16:00:00",FALSE,84,338,"Big Ten","Conference USA","2025-09-01",3,47,1,1,10.9714929516635,-18.3691529051769,32.7075278136739,3.06853968902663,-14.2924721863261,14.2924721863261,"EB_features"
2025,"401752822",2,"2025-09-06 16:00:00",FALSE,66,2294,"Big 12","Big Ten","2025-09-01",3,3,1,0,8.96318904974682,8.70135746273362,3.8798525808224,3.06853968902663,0.879852580822397,0.879852580822397,"EB_features"
2025,"401752825",2,"2025-09-06 16:00:00",FALSE,150,356,"ACC","Big Ten","2025-09-01",3,-26,0,0,1.11565255876982,6.73469998783693,-3.24004791235337,3.06853968902663,22.7599520876466,22.7599520876466,"EB_features"
2025,"401754524",2,"2025-09-06 16:00:00",FALSE,152,258,"ACC","ACC","2025-09-01",3,4,1,1,1.58309818541903,-4.24079565876744,3.38271668141361,3.06853968902663,-0.617283318586387,0.617283318586387,"EB_features"
2025,"401754525",2,"2025-09-06 16:00:00",FALSE,2567,239,"ACC","Big 12","2025-09-01",3,-3,0,1,6.19396953274294,8.04543425335124,3.80037074341815,3.06853968902663,6.80037074341815,6.80037074341815,"EB_features"
2025,"401754529",2,"2025-09-06 16:00:00",FALSE,221,2117,"ACC","Mid-American","2025-09-01",3,28,0,1,2.28907826085556,-11.3002619548927,15.9012235048652,3.06853968902663,-12.0987764951348,12.0987764951348,"EB_features"
2025,"401754618",2,"2025-09-06 16:00:00",FALSE,183,41,"ACC","FBS Independents","2025-09-01",3,7,1,0,2.67622073580725,-5.47269707308935,11.529098043794,3.06853968902663,4.52909804379396,4.52909804379396,"EB_features"
2025,"401756885",2,"2025-09-06 16:00:00",FALSE,2641,2309,"Big 12","Mid-American","2025-09-01",3,48,0,0,7.67077272956537,-18.3038835199581,32.2306701807881,3.06853968902663,-15.7693298192119,15.7693298192119,"EB_features"
2025,"401757227",2,"2025-09-06 16:00:00",FALSE,55,2335,"Conference USA","Conference USA","2025-09-01",3,10,1,0,-8.09106963085991,-7.92289987990132,3.31193810729903,3.06853968902663,-6.68806189270097,6.68806189270097,"EB_features"
2025,"401752694",2,"2025-09-06 16:45:00",FALSE,245,328,"SEC","Mountain West","2025-09-01",3,22,1,1,17.725953878829,-8.74957201284489,30.0897923643176,3.06853968902663,8.08979236431755,8.08979236431755,"EB_features"
2025,"401752686",2,"2025-09-06 19:30:00",FALSE,96,145,"SEC","SEC","2025-09-01",3,-7,1,1,4.8652277595157,14.3810800491015,-12.7302813951422,3.06853968902663,-5.73028139514222,5.73028139514222,"EB_features"
2025,"401752689",2,"2025-09-06 19:30:00",FALSE,142,2305,"SEC","Big 12","2025-09-01",3,11,0,1,7.74750172226866,0.361557837193227,9.00643468886492,3.06853968902663,-1.99356531113508,1.99356531113508,"EB_features"
2025,"401752818",2,"2025-09-06 19:30:00",FALSE,164,193,"Big Ten","Mid-American","2025-09-01",3,28,1,1,6.00577572467176,-3.33125934040394,12.9178492208862,3.06853968902663,-15.0821507791138,15.0821507791138,"EB_features"
2025,"401752824",2,"2025-09-06 19:30:00",FALSE,2483,197,"Big Ten","Big 12","2025-09-01",3,66,0,0,18.746298796518,-5.01489434779867,29.7455824363092,3.06853968902663,-36.2544175636908,36.2544175636908,"EB_features"
2025,"401752937",2,"2025-09-06 19:30:00",FALSE,204,278,"Pac-12","Mountain West","2025-09-01",3,-9,0,1,-4.28141298295046,-5.69962548200953,7.01520119217247,3.06853968902663,16.0152011921725,16.0152011921725,"EB_features"
2025,"401754637",2,"2025-09-06 19:30:00",FALSE,228,2653,"ACC","Sun Belt","2025-09-01",3,11,1,0,17.4253762440298,-5.49427675349189,26.9320132002749,3.06853968902663,15.9320132002749,15.9320132002749,"EB_features"
2025,"401756880",2,"2025-09-06 19:30:00",FALSE,2132,189,"Big 12","Mid-American","2025-09-01",3,14,1,0,1.61538358881995,-8.3054437126546,15.0968497928647,3.06853968902663,1.09684979286466,1.09684979286466,"EB_features"
2025,"401756881",2,"2025-09-06 19:30:00",FALSE,38,48,"Big 12","Conference USA","2025-09-01",3,24,1,0,6.02126994888183,-8.35912286314077,17.5009757021557,3.06853968902663,-6.49902429784433,6.49902429784433,"EB_features"
2025,"401761603",2,"2025-09-06 19:30:00",FALSE,2636,326,"American Athletic","Sun Belt","2025-09-01",3,-7,1,0,-2.89231440688747,-2.46825634282786,3.96193913990282,3.06853968902663,10.9619391399028,10.9619391399028,"EB_features"
2025,"401762458",2,"2025-09-06 19:30:00",FALSE,2426,5,"American Athletic","American Athletic","2025-09-01",3,14,0,0,1.58884787309985,-10.9152515776209,17.1070769601626,3.06853968902663,3.10707696016264,3.10707696016264,"EB_features"
2025,"401762461",2,"2025-09-06 19:30:00",FALSE,2711,249,"Mid-American","American Athletic","2025-09-01",3,-3,1,0,-8.34626561869253,-5.68645933793345,-0.625132996012532,3.06853968902663,2.37486700398747,2.37486700398747,"EB_features"
2025,"401752820",2,"2025-09-06 20:00:00",FALSE,275,2393,"Big Ten","Conference USA","2025-09-01",3,32,1,0,5.31282867822306,-12.3401330679578,23.5922165837421,3.06853968902663,-8.40778341625788,8.40778341625788,"EB_features"
2025,"401756883",2,"2025-09-06 20:00:00",FALSE,195,277,"Mid-American","Big 12","2025-09-01",3,7,1,0,-1.08345284107104,-1.70232709348402,5.10131252330937,3.06853968902663,-1.89868747669063,1.89868747669063,"EB_features"
2025,"401752684",2,"2025-09-06 20:15:00",FALSE,57,58,"SEC","American Athletic","2025-09-01",3,-2,0,1,15.9660512208889,-2.48045173472186,18.0035096716149,3.06853968902663,20.0035096716149,20.0035096716149,"EB_features"
2025,"401752682",2,"2025-09-06 21:00:00",TRUE,8,2032,"SEC","Sun Belt","2025-09-01",3,42,0,0,4.96486091361883,-6.21053484964947,12.5467820022252,3.06853968902663,-29.4532179977748,29.4532179977748,"EB_features"
2025,"401757228",2,"2025-09-06 22:00:00",FALSE,276,2623,"Sun Belt","Conference USA","2025-09-01",3,-1,1,1,-5.60290337972853,-6.7625674939902,9.74788739431643,3.06853968902663,10.7478873943164,10.7478873943164,"EB_features"
2025,"401754527",2,"2025-09-06 23:00:00",FALSE,2429,153,"American Athletic","ACC","2025-09-01",3,-17,1,0,-12.3058135001842,-1.50901957051974,-12.2349568362665,3.06853968902663,4.76504316373355,4.76504316373355,"EB_features"
2025,"401756882",2,"2025-09-06 23:00:00",FALSE,2306,349,"Big 12","American Athletic","2025-09-01",3,-3,1,0,9.05591446496782,3.95734375508625,8.27542968579654,3.06853968902663,11.2754296857965,11.2754296857965,"EB_features"
2025,"401756884",2,"2025-09-06 23:00:00",FALSE,242,248,"American Athletic","Big 12","2025-09-01",3,-26,0,0,-9.6065480416369,-2.40945920466584,-5.01173832537057,3.06853968902663,20.9882616746294,20.9882616746294,"EB_features"
2025,"401757232",2,"2025-09-06 23:00:00",FALSE,2649,98,"Mid-American","Conference USA","2025-09-01",3,24,1,1,-1.94061847599451,-10.1693369301456,10.511231879513,3.06853968902663,-13.488768120487,13.488768120487,"EB_features"
2025,"401761598",2,"2025-09-06 23:00:00",FALSE,2247,235,"Sun Belt","American Athletic","2025-09-01",3,-22,1,0,-7.84150593748559,-1.21319014743667,-9.03680751232633,3.06853968902663,12.9631924876737,12.9631924876737,"EB_features"
2025,"401761601",2,"2025-09-06 23:00:00",FALSE,6,2655,"Sun Belt","American Athletic","2025-09-01",3,-2,0,1,-4.04396015723449,1.62669163119909,-5.23231224982504,3.06853968902663,-3.23231224982504,3.23231224982504,"EB_features"
2025,"401752683",2,"2025-09-06 23:30:00",FALSE,2,2050,"SEC","Mid-American","2025-09-01",3,39,1,1,8.22851950435566,-13.2676300916624,34.3943432282025,3.06853968902663,-4.6056567717975,4.6056567717975,"EB_features"
2025,"401752687",2,"2025-09-06 23:30:00",FALSE,99,2348,"SEC","Conference USA","2025-09-01",3,16,1,0,16.4064011851515,-6.98766661885968,31.2021650652019,3.06853968902663,15.2021650652019,15.2021650652019,"EB_features"
2025,"401752688",2,"2025-09-06 23:30:00",FALSE,344,9,"SEC","Big 12","2025-09-01",3,4,1,0,2.05109182314268,8.93430367074019,-4.96906247245934,3.06853968902663,-8.96906247245934,8.96906247245934,"EB_features"
2025,"401752690",2,"2025-09-06 23:30:00",FALSE,201,130,"SEC","Big Ten","2025-09-01",3,11,0,1,12.5660816805827,13.7167245408339,4.46219012023418,3.06853968902663,-6.53780987976582,6.53780987976582,"EB_features"
2025,"401752695",2,"2025-09-06 23:30:00",FALSE,259,238,"ACC","SEC","2025-09-01",3,-24,0,0,6.50791297400035,6.68913998679398,2.8650734431233,3.06853968902663,26.8650734431233,26.8650734431233,"EB_features"
2025,"401752810",2,"2025-09-06 23:30:00",FALSE,158,2006,"Big Ten","Mid-American","2025-09-01",3,68,1,1,9.0440770430917,-11.8511737054464,26.902916217725,3.06853968902663,-41.097083782275,41.097083782275,"EB_features"
2025,"401752814",2,"2025-09-06 23:30:00",FALSE,30,290,"Big Ten","Sun Belt","2025-09-01",3,39,1,0,11.7377334980424,-1.14732081248697,23.56159710235,3.06853968902663,-15.43840289765,15.43840289765,"EB_features"
2025,"401752816",2,"2025-09-06 23:30:00",FALSE,127,103,"Big Ten","ACC","2025-09-01",3,2,1,0,0.281613267023019,1.71888782439082,2.16235915987963,3.06853968902663,0.162359159879627,0.162359159879627,"EB_features"
2025,"401752681",2,"2025-09-06 23:45:00",FALSE,333,2433,"SEC","Sun Belt","2025-09-01",3,73,1,0,22.7594172290628,-6.60113401905456,30.1131697119945,3.06853968902663,-42.8868302880055,42.8868302880055,"EB_features"
2025,"401752823",2,"2025-09-07",FALSE,2439,26,"Mountain West","Big Ten","2025-09-01",3,7,1,0,-2.66626584455864,-2.12998270179669,3.64279847290513,3.06853968902663,-3.35720152709487,3.35720152709487,"EB_features"
2025,"401757229",2,"2025-09-07 01:00:00",FALSE,166,202,"Conference USA","American Athletic","2025-09-01",3,7,0,0,-12.9208721479374,-17.1692609785202,7.83826862276258,3.06853968902663,0.838268622762582,0.838268622762582,"EB_features"
2025,"401752948",2,"2025-09-07 02:15:00",FALSE,265,21,"Pac-12","Mountain West","2025-09-01",3,23,0,0,-2.04502948973106,-10.6140674703692,12.6891252852196,3.06853968902663,-10.3108747147804,10.3108747147804,"EB_features"
2025,"401754526",2,"2025-09-07 02:15:00",FALSE,252,24,"Big 12","ACC","2025-09-01",3,24,0,1,8.11132203961931,-2.15917751826698,15.6243232817683,3.06853968902663,-8.37567671823169,8.37567671823169,"EB_features"
2025,"401757230",2,"2025-09-07 03:59:00",FALSE,62,2534,"Mountain West","Conference USA","2025-09-01",3,17,1,2,-7.69770912729432,-9.51972831391433,9.56284690888929,3.06853968902663,-7.43715309111071,7.43715309111071,"EB_features"
2025,"401754531",3,"2025-09-11 23:30:00",FALSE,154,152,"ACC","ACC","2025-09-08",4,-10,1,2,-5.46843378553135,1.58309818541903,-7.84098487867909,3.06853968902663,2.15901512132091,2.15901512132091,"EB_features"
2025,"401756893",3,"2025-09-12 23:30:00",FALSE,248,38,"Big 12","Big 12","2025-09-08",4,16,1,2,-2.40945920466584,6.02126994888183,-1.68886388773569,3.06853968902663,-17.6888638877357,17.6888638877357,"EB_features"
2025,"401756888",3,"2025-09-13 01:00:00",FALSE,12,2306,"Big 12","Big 12","2025-09-08",4,6,1,2,0.470354638342979,9.05591446496782,-0.522629005304474,3.06853968902663,-6.52262900530447,6.52262900530447,"EB_features"
2025,"401752837",3,"2025-09-13 02:00:00",FALSE,26,167,"Big Ten","Mountain West","2025-09-08",4,-25,1,1,-2.12998270179669,-13.0437901474855,7.69238045348327,3.06853968902663,32.6923804534833,32.6923804534833,"EB_features"
2025,"401752696",3,"2025-09-13 16:00:00",FALSE,333,275,"SEC","Big Ten","2025-09-08",4,24,2,2,22.7594172290628,5.31282867822306,21.3438887105674,3.06853968902663,-2.65611128943263,2.65611128943263,"EB_features"
2025,"401752703",3,"2025-09-13 16:00:00",FALSE,218,201,"American Athletic","SEC","2025-09-08",4,-39,1,1,-11.3610493190561,12.5660816805827,-20.3855285445478,3.06853968902663,18.6144714554522,18.6144714554522,"EB_features"
2025,"401752831",3,"2025-09-13 16:00:00",FALSE,77,2483,"Big Ten","Big Ten","2025-09-08",4,-20,1,1,-3.11671803997458,18.746298796518,-29.5464745276366,3.06853968902663,-9.54647452763663,9.54647452763663,"EB_features"
2025,"401752839",3,"2025-09-13 16:00:00",FALSE,130,2117,"Big Ten","Mid-American","2025-09-08",4,60,2,2,13.7167245408339,-11.3002619548927,26.7836298742846,3.06853968902663,-33.2163701257154,33.2163701257154,"EB_features"
2025,"401754623",3,"2025-09-13 16:00:00",FALSE,59,228,"ACC","ACC","2025-09-08",4,3,1,2,5.83660898315793,17.4253762440298,-3.53780387400345,3.06853968902663,-6.53780387400345,6.53780387400345,"EB_features"
2025,"401761608",3,"2025-09-13 16:00:00",FALSE,2653,235,"Sun Belt","American Athletic","2025-09-08",4,-21,1,1,-5.49427675349189,-1.21319014743667,-1.27618237046287,3.06853968902663,19.7238176295371,19.7238176295371,"EB_features"
2025,"401762817",3,"2025-09-13 16:00:00",FALSE,2309,2084,"Mid-American","Mid-American","2025-09-08",4,-3,1,1,-18.3038835199581,-4.0050346210993,-15.9277815852318,3.06853968902663,-12.9277815852318,12.9277815852318,"EB_features"
2025,"401752697",3,"2025-09-13 16:45:00",FALSE,2,6,"SEC","Sun Belt","2025-09-08",4,16,2,1,8.22851950435566,-4.04396015723449,19.9432824429986,3.06853968902663,3.94328244299857,3.94328244299857,"EB_features"
2025,"401752702",3,"2025-09-13 17:00:00",FALSE,142,309,"SEC","Sun Belt","2025-09-08",4,42,1,1,7.74750172226866,-3.9675285635357,19.3058138314976,3.06853968902663,-22.6941861685024,22.6941861685024,"EB_features"
2025,"401757168",3,"2025-09-13 19:00:00",FALSE,48,41,"Conference USA","FBS Independents","2025-09-08",4,3,1,1,-8.35912286314077,-5.47269707308935,-2.06262846707094,3.06853968902663,-5.06262846707094,5.06262846707094,"EB_features"
2025,"401752705",3,"2025-09-13 19:30:00",FALSE,2633,61,"SEC","SEC","2025-09-08",4,-3,1,1,15.9208021444484,22.0397498461784,-3.5841427215382,3.06853968902663,-0.584142721538198,0.584142721538198,"EB_features"
2025,"401752832",3,"2025-09-13 19:30:00",FALSE,2509,30,"Big Ten","Big Ten","2025-09-08",4,-16,1,2,-11.8034153706036,11.7377334980424,-26.8847840349747,3.06853968902663,-10.8847840349747,10.8847840349747,"EB_features"
2025,"401752938",3,"2025-09-13 19:30:00",FALSE,2641,204,"Big 12","Pac-12","2025-09-08",4,31,1,2,7.67077272956537,-4.28141298295046,23.4406014431047,3.06853968902663,-7.55939855689525,7.55939855689525,"EB_features"
2025,"401752949",3,"2025-09-13 19:30:00",FALSE,249,265,"American Athletic","Pac-12","2025-09-08",4,49,1,0,-5.68645933793345,-2.04502948973106,-0.61309062996846,3.06853968902663,-49.6130906299685,49.6130906299685,"EB_features"
2025,"401754615",3,"2025-09-13 19:30:00",FALSE,2623,2567,"Conference USA","ACC","2025-09-08",4,-18,2,1,-6.7625674939902,6.19396953274294,-14.5349897813984,3.06853968902663,3.46501021860163,3.46501021860163,"EB_features"
2025,"401754638",3,"2025-09-13 19:30:00",FALSE,277,221,"Big 12","ACC","2025-09-08",4,7,1,1,-1.70232709348402,2.28907826085556,-3.74642573590252,3.06853968902663,-10.7464257359025,10.7464257359025,"EB_features"
2025,"401756890",3,"2025-09-13 20:00:00",FALSE,2032,66,"Sun Belt","Big 12","2025-09-08",4,-8,1,2,-6.21053484964947,8.96318904974682,-18.9920091212602,3.06853968902663,-10.9920091212602,10.9920091212602,"EB_features"
2025,"401752706",3,"2025-09-13 20:15:00",FALSE,251,2638,"SEC","Conference USA","2025-09-08",4,17,2,1,21.9847760447806,-9.57717771398051,38.7856558594182,3.06853968902663,21.7856558594182,21.7856558594182,"EB_features"
2025,"401754535",3,"2025-09-13 20:30:00",FALSE,2390,58,"ACC","American Athletic","2025-09-08",4,37,1,2,14.7526570772521,-2.48045173472186,15.257516515154,3.06853968902663,-21.742483484846,21.742483484846,"EB_features"
2025,"401757256",3,"2025-09-13 21:00:00",FALSE,189,2335,"Mid-American","Conference USA","2025-09-08",4,10,1,1,-8.3054437126546,-7.92289987990132,4.18115296667157,3.06853968902663,-5.81884703332843,5.81884703332843,"EB_features"
2025,"401757258",3,"2025-09-13 21:00:00",FALSE,2440,2393,"Mountain West","Conference USA","2025-09-08",4,-1,1,1,-9.32004522792159,-12.3401330679578,8.16415613125574,3.06853968902663,9.16415613125574,9.16415613125574,"EB_features"
2025,"401757233",3,"2025-09-13 22:00:00",FALSE,2229,2226,"Conference USA","American Athletic","2025-09-08",4,10,1,1,-6.24796304749612,-11.5303299537612,11.2943562725459,3.06853968902663,1.29435627254594,1.29435627254594,"EB_features"
2025,"401752700",3,"2025-09-13 23:00:00",FALSE,145,8,"SEC","SEC","2025-09-08",4,6,2,1,14.3810800491015,4.96486091361883,12.2977611158344,3.06853968902663,6.29776111583438,6.29776111583438,"EB_features"
2025,"401752827",3,"2025-09-13 23:00:00",FALSE,194,195,"Big Ten","Mid-American","2025-09-08",4,28,1,2,22.8608603180406,-1.08345284107104,28.3818028177914,3.06853968902663,0.381802817791371,0.381802817791371,"EB_features"
2025,"401752829",3,"2025-09-13 23:00:00",FALSE,356,2711,"Big Ten","Mid-American","2025-09-08",4,38,1,2,6.73469998783693,-8.34626561869253,24.8425399228554,3.06853968902663,-13.1574600771446,13.1574600771446,"EB_features"
2025,"401754536",3,"2025-09-13 23:00:00",FALSE,259,295,"ACC","Sun Belt","2025-09-08",4,-19,2,1,6.50791297400035,-0.778797253450381,5.89526785183958,3.06853968902663,24.8952678518396,24.8952678518396,"EB_features"
2025,"401757234",3,"2025-09-13 23:00:00",FALSE,290,55,"Sun Belt","Conference USA","2025-09-08",4,7,2,2,-1.14732081248697,-8.09106963085991,2.69958143906181,3.06853968902663,-4.30041856093819,4.30041856093819,"EB_features"
2025,"401761607",3,"2025-09-13 23:00:00",FALSE,2572,2026,"Sun Belt","Sun Belt","2025-09-08",4,16,1,1,-17.4791138554505,-8.82377008009426,-8.9976464247501,3.06853968902663,-24.9976464247501,24.9976464247501,"EB_features"
2025,"401752698",3,"2025-09-13 23:30:00",FALSE,96,2199,"SEC","Mid-American","2025-09-08",4,25,2,1,4.8652277595157,-9.25752914430212,21.7359674528542,3.06853968902663,-3.2640325471458,3.2640325471458,"EB_features"
2025,"401752699",3,"2025-09-13 23:30:00",FALSE,99,57,"SEC","SEC","2025-09-08",4,10,2,1,16.4064011851515,15.9660512208889,6.30927725165507,3.06853968902663,-3.69072274834493,3.69072274834493,"EB_features"
2025,"401752707",3,"2025-09-13 23:30:00",FALSE,87,245,"FBS Independents","SEC","2025-09-08",4,-1,1,2,22.6907546026562,17.725953878829,9.93720087165184,3.06853968902663,10.9372008716518,10.9372008716518,"EB_features"
2025,"401752830",3,"2025-09-13 23:30:00",FALSE,2294,113,"Big Ten","Mid-American","2025-09-08",4,40,1,1,8.70135746273362,-18.3871284252703,38.1069093689557,3.06853968902663,-1.89309063104434,1.89309063104434,"EB_features"
2025,"401757257",3,"2025-09-13 23:30:00",FALSE,2348,166,"Conference USA","Conference USA","2025-09-08",4,35,1,0,-6.98766661885968,-12.9208721479374,12.2599537233237,3.06853968902663,-22.7400462766763,22.7400462766763,"EB_features"
2025,"401761604",3,"2025-09-13 23:30:00",FALSE,324,151,"Sun Belt","American Athletic","2025-09-08",4,-38,1,1,-6.24337919035539,-3.40008941397468,-6.38436925882318,3.06853968902663,31.6156307411768,31.6156307411768,"EB_features"
2025,"401752704",3,"2025-09-13 23:45:00",FALSE,2579,238,"SEC","SEC","2025-09-08",4,-24,1,1,14.6423764188937,6.68913998679398,7.39820462781836,3.06853968902663,31.3982046278184,31.3982046278184,"EB_features"
2025,"401754534",3,"2025-09-14",FALSE,2655,150,"American Athletic","ACC","2025-09-08",4,7,2,1,1.62669163119909,1.11565255876982,8.90818462467326,3.06853968902663,1.90818462467326,1.90818462467326,"EB_features"
2025,"401756895",3,"2025-09-14",FALSE,2751,254,"Mountain West","Big 12","2025-09-08",4,-25,1,1,-6.97155706044597,2.5775569465544,-12.7286008356356,3.06853968902663,12.2713991643644,12.2713991643644,"EB_features"
2025,"401762465",3,"2025-09-14",FALSE,202,2426,"American Athletic","American Athletic","2025-09-08",4,-19,0,1,-17.1692609785202,1.58884787309985,-17.4736202143429,3.06853968902663,1.52637978565706,1.52637978565706,"EB_features"
2025,"401762463",3,"2025-09-14 00:30:00",FALSE,5,2006,"American Athletic","Mid-American","2025-09-08",4,3,1,2,-10.9152515776209,-11.8511737054464,11.9555640634221,3.06853968902663,8.95556406342209,8.95556406342209,"EB_features"
2025,"401760368",3,"2025-09-14 01:45:00",FALSE,328,2005,"Mountain West","Mountain West","2025-09-08",4,19,2,0,-8.74957201284489,-3.30887942855814,-0.552515359517617,3.06853968902663,-19.5525153595176,19.5525153595176,"EB_features"
2025,"401752840",3,"2025-09-14 02:30:00",FALSE,25,135,"ACC","Big Ten","2025-09-08",4,13,1,1,-0.761990037176097,6.52202382491824,-2.03630230798775,3.06853968902663,-15.0363023079878,15.0363023079878,"EB_features"
2025,"401754533",3,"2025-09-14 02:30:00",FALSE,24,103,"ACC","ACC","2025-09-08",4,10,1,1,-2.15917751826698,1.71888782439082,-2.97760622620941,3.06853968902663,-12.9776062262094,12.9776062262094,"EB_features"
2025,"401756889",3,"2025-09-14 02:30:00",FALSE,9,326,"Big 12","Sun Belt","2025-09-08",4,19,1,2,8.93430367074019,-2.46825634282786,10.7205588742367,3.06853968902663,-8.2794411257633,8.2794411257633,"EB_features"
2025,"401762468",4,"2025-09-18 23:30:00",FALSE,2429,242,"American Athletic","American Athletic","2025-09-15",5,-11,2,2,-12.3058135001842,-9.6065480416369,-3.62888954003654,3.06853968902663,7.37111045996346,7.37111045996346,"EB_features"
2025,"401756900",4,"2025-09-19 23:30:00",FALSE,197,202,"Big 12","American Athletic","2025-09-15",5,-7,1,1,-5.01489434779867,-17.1692609785202,10.9164487734304,3.06853968902663,17.9164487734304,17.9164487734304,"EB_features"
2025,"401752844",4,"2025-09-20",FALSE,164,2294,"Big Ten","Big Ten","2025-09-15",5,-10,2,2,6.00577572467176,8.70135746273362,0.983723905255519,3.06853968902663,10.9837239052555,10.9837239052555,"EB_features"
2025,"401752708",4,"2025-09-20 16:00:00",FALSE,235,8,"American Athletic","SEC","2025-09-15",5,1,2,2,-1.21319014743667,4.96486091361883,-4.97665735149315,3.06853968902663,-5.97665735149315,5.97665735149315,"EB_features"
2025,"401752845",4,"2025-09-20 16:00:00",FALSE,275,120,"Big Ten","Big Ten","2025-09-15",5,-17,3,2,5.31282867822306,0.0599484190731576,7.38294916638851,3.06853968902663,24.3829491663885,24.3829491663885,"EB_features"
2025,"401754537",4,"2025-09-20 16:00:00",FALSE,228,183,"ACC","ACC","2025-09-15",5,-13,3,2,17.4253762440298,2.67622073580725,15.3949101323972,3.06853968902663,28.3949101323972,28.3949101323972,"EB_features"
2025,"401754636",4,"2025-09-20 16:00:00",FALSE,2628,2567,"Big 12","ACC","2025-09-15",5,11,1,2,8.44129511662675,6.19396953274294,10.825388771102,3.06853968902663,-0.174611228898003,0.174611228898003,"EB_features"
2025,"401754642",4,"2025-09-20 16:00:00",FALSE,97,189,"ACC","Mid-American","2025-09-15",5,23,1,2,4.99706704038564,-8.3054437126546,17.5612090909635,3.06853968902663,-5.43879090903648,5.43879090903648,"EB_features"
2025,"401756901",4,"2025-09-20 16:00:00",FALSE,254,2641,"Big 12","Big 12","2025-09-15",5,-24,1,2,2.5775569465544,7.67077272956537,-2.38362919748682,3.06853968902663,21.6163708025132,21.6163708025132,"EB_features"
2025,"401760376",4,"2025-09-20 16:00:00",FALSE,193,2439,"Mid-American","Mountain West","2025-09-15",5,-3,2,2,-3.33125934040394,-2.66626584455864,-0.324596395282329,3.06853968902663,2.67540360471767,2.67540360471767,"EB_features"
2025,"401762469",4,"2025-09-20 16:00:00",FALSE,349,249,"American Athletic","American Athletic","2025-09-15",5,-7,1,2,3.95734375508625,-5.68645933793345,8.02338226975498,3.06853968902663,15.023382269755,15.023382269755,"EB_features"
2025,"401752715",4,"2025-09-20 16:45:00",FALSE,2633,5,"SEC","American Athletic","2025-09-15",5,32,2,1,15.9208021444484,-10.9152515776209,33.297507898108,3.06853968902663,1.29750789810802,1.29750789810802,"EB_features"
2025,"401752841",4,"2025-09-20 19:00:00",FALSE,2483,204,"Big Ten","Pac-12","2025-09-15",5,34,2,3,18.746298796518,-4.28141298295046,38.7852479239661,3.06853968902663,4.78524792396605,4.78524792396605,"EB_features"
2025,"401752711",4,"2025-09-20 19:30:00",FALSE,145,2655,"SEC","American Athletic","2025-09-15",5,35,3,2,14.3810800491015,1.62669163119909,18.514282132324,3.06853968902663,-16.485717867676,16.485717867676,"EB_features"
2025,"401752714",4,"2025-09-20 19:30:00",FALSE,201,2,"SEC","SEC","2025-09-15",5,7,2,3,12.5660816805827,8.22851950435566,9.42039390676014,3.06853968902663,2.42039390676014,2.42039390676014,"EB_features"
2025,"401752846",4,"2025-09-20 19:30:00",FALSE,158,130,"Big Ten","Big Ten","2025-09-15",5,-3,2,3,9.0440770430917,13.7167245408339,1.13290047655894,3.06853968902663,4.13290047655894,4.13290047655894,"EB_features"
2025,"401752848",4,"2025-09-20 19:30:00",FALSE,87,2509,"FBS Independents","Big Ten","2025-09-15",5,26,2,2,22.6907546026562,-11.8034153706036,33.3828069488569,3.06853968902663,7.38280694885687,7.38280694885687,"EB_features"
2025,"401754541",4,"2025-09-20 19:30:00",FALSE,52,2309,"ACC","Mid-American","2025-09-15",5,56,1,2,0.86435617751771,-18.3038835199581,32.351463282669,3.06853968902663,-23.6485367173309,23.6485367173309,"EB_features"
2025,"401754640",4,"2025-09-20 19:30:00",FALSE,2116,153,"Big 12","ACC","2025-09-15",5,25,1,2,-2.27953946864474,-1.50901957051974,4.90614307582667,3.06853968902663,-20.0938569241733,20.0938569241733,"EB_features"
2025,"401757169",4,"2025-09-20 19:30:00",FALSE,41,2050,"FBS Independents","Mid-American","2025-09-15",5,6,2,2,-5.47269707308935,-13.2676300916624,16.6288037639427,3.06853968902663,10.6288037639427,10.6288037639427,"EB_features"
2025,"401757262",4,"2025-09-20 19:30:00",FALSE,2335,256,"Conference USA","Sun Belt","2025-09-15",5,-18,2,1,-7.92289987990132,-0.526214201414518,-6.54560846100619,3.06853968902663,11.4543915389938,11.4543915389938,"EB_features"
2025,"401761610",4,"2025-09-20 19:30:00",FALSE,2199,309,"Mid-American","Sun Belt","2025-09-15",5,3,2,2,-9.25752914430212,-3.9675285635357,0.289016162704891,3.06853968902663,-2.71098383729511,2.71098383729511,"EB_features"
2025,"401761613",4,"2025-09-20 19:30:00",FALSE,2084,2653,"Mid-American","Sun Belt","2025-09-15",5,-4,2,2,-4.0050346210993,-5.49427675349189,3.53732328599685,3.06853968902663,7.53732328599685,7.53732328599685,"EB_features"
2025,"401762820",4,"2025-09-20 19:30:00",FALSE,2711,2649,"Mid-American","Mid-American","2025-09-15",5,1,3,2,-8.34626561869253,-1.94061847599451,-8.29882341432197,3.06853968902663,-9.29882341432197,9.29882341432197,"EB_features"
2025,"401754538",4,"2025-09-20 20:00:00",FALSE,150,152,"ACC","ACC","2025-09-15",5,12,1,3,1.11565255876982,1.58309818541903,-1.48202185467356,3.06853968902663,-13.4820218546736,13.4820218546736,"EB_features"
2025,"401752712",4,"2025-09-20 20:15:00",FALSE,344,2459,"SEC","Mid-American","2025-09-15",5,28,2,1,2.05109182314268,-2.93990993338447,10.5960397453715,3.06853968902663,-17.4039602546285,17.4039602546285,"EB_features"
2025,"401754542",4,"2025-09-20 20:30:00",FALSE,59,218,"ACC","American Athletic","2025-09-15",5,21,2,2,5.83660898315793,-11.3610493190561,22.9345494558135,3.06853968902663,1.93454945581346,1.93454945581346,"EB_features"
2025,"401756899",4,"2025-09-20 22:00:00",FALSE,2305,277,"Big 12","Big 12","2025-09-15",5,31,2,2,0.361557837193227,-1.70232709348402,7.7635838259506,3.06853968902663,-23.2364161740494,23.2364161740494,"EB_features"
2025,"401757259",4,"2025-09-20 22:00:00",FALSE,2229,48,"Conference USA","Conference USA","2025-09-15",5,-22,2,2,-6.24796304749612,-8.35912286314077,5.64746661846009,3.06853968902663,27.6474666184601,27.6474666184601,"EB_features"
2025,"401757261",4,"2025-09-20 22:00:00",FALSE,338,2032,"Conference USA","Sun Belt","2025-09-15",5,7,2,2,-18.3691529051769,-6.21053484964947,-6.74049381259542,3.06853968902663,-13.7404938125954,13.7404938125954,"EB_features"
2025,"401752713",4,"2025-09-20 23:00:00",FALSE,142,2579,"SEC","SEC","2025-09-15",5,9,2,2,7.74750172226866,14.6423764188937,4.42413265572671,3.06853968902663,-4.57586734427329,4.57586734427329,"EB_features"
2025,"401757264",4,"2025-09-20 23:00:00",FALSE,2393,276,"Conference USA","Sun Belt","2025-09-15",5,-14,2,2,-12.3401330679578,-5.60290337972853,-2.42463266559438,3.06853968902663,11.5753673344056,11.5753673344056,"EB_features"
2025,"401757268",4,"2025-09-20 23:00:00",FALSE,98,2440,"Conference USA","Mountain West","2025-09-15",5,15,2,2,-10.1693369301456,-9.32004522792159,3.33425762116351,3.06853968902663,-11.6657423788365,11.6657423788365,"EB_features"
2025,"401760372",4,"2025-09-20 23:00:00",FALSE,2005,68,"Mountain West","Mountain West","2025-09-15",5,-12,0,1,-3.30887942855814,7.06755554934872,-2.79623671454126,3.06853968902663,9.20376328545874,9.20376328545874,"EB_features"
2025,"401761611",4,"2025-09-20 23:00:00",FALSE,6,324,"Sun Belt","Sun Belt","2025-09-15",5,-18,2,2,-4.04396015723449,-6.24337919035539,17.29690132567,3.06853968902663,35.29690132567,35.29690132567,"EB_features"
2025,"401752709",4,"2025-09-20 23:30:00",FALSE,2390,57,"ACC","SEC","2025-09-15",5,19,2,2,14.7526570772521,15.9660512208889,10.5545857781267,3.06853968902663,-8.44541422187331,8.44541422187331,"EB_features"
2025,"401752716",4,"2025-09-20 23:30:00",FALSE,238,2247,"SEC","Sun Belt","2025-09-15",5,49,2,2,6.68913998679398,-7.84150593748559,33.9915191730936,3.06853968902663,-15.0084808269064,15.0084808269064,"EB_features"
2025,"401752842",4,"2025-09-20 23:30:00",FALSE,265,264,"Pac-12","Big Ten","2025-09-15",5,-35,2,1,-2.04502948973106,4.4384078588802,-10.3997003149186,3.06853968902663,24.6002996850814,24.6002996850814,"EB_features"
2025,"401752843",4,"2025-09-20 23:30:00",FALSE,84,356,"Big Ten","Big Ten","2025-09-15",5,53,2,2,10.9714929516635,6.73469998783693,4.04927966276382,3.06853968902663,-48.9507203372362,48.9507203372362,"EB_features"
2025,"401754539",4,"2025-09-20 23:30:00",FALSE,258,24,"ACC","ACC","2025-09-15",5,28,2,2,-4.24079565876744,-2.15917751826698,8.47951934216252,3.06853968902663,-19.5204806578375,19.5204806578375,"EB_features"
2025,"401756896",4,"2025-09-20 23:30:00",FALSE,239,9,"Big 12","Big 12","2025-09-15",5,-3,2,1,8.04543425335124,8.93430367074019,1.75888379894194,3.06853968902663,4.75888379894194,4.75888379894194,"EB_features"
2025,"401756898",4,"2025-09-20 23:30:00",FALSE,151,252,"American Athletic","Big 12","2025-09-15",5,-21,2,1,-3.40008941397468,8.11132203961931,-6.29208739534555,3.06853968902663,14.7079126046544,14.7079126046544,"EB_features"
2025,"401757263",4,"2025-09-20 23:30:00",FALSE,2348,2572,"Conference USA","Sun Belt","2025-09-15",5,10,2,2,-6.98766661885968,-17.4791138554505,16.4786067904317,3.06853968902663,6.47860679043166,6.47860679043166,"EB_features"
2025,"401752723",4,"2025-09-21",FALSE,251,2534,"SEC","Conference USA","2025-09-15",5,55,3,3,21.9847760447806,-9.51972831391433,39.983497348826,3.06853968902663,-15.016502651174,15.016502651174,"EB_features"
2025,"401757267",4,"2025-09-21 01:00:00",FALSE,2638,2433,"Conference USA","Sun Belt","2025-09-15",5,-6,2,1,-9.57717771398051,-6.60113401905456,9.18377571725974,3.06853968902663,15.1837757172597,15.1837757172597,"EB_features"
2025,"401760373",4,"2025-09-21 01:30:00",FALSE,36,2636,"Mountain West","American Athletic","2025-09-15",5,-1,1,2,-6.378729756197,-2.89231440688747,-1.30826844562996,3.06853968902663,-0.308268445629961,0.308268445629961,"EB_features"
2025,"401756897",4,"2025-09-21 02:15:00",FALSE,38,2751,"Big 12","Mountain West","2025-09-15",5,17,3,1,6.02126994888183,-6.97155706044597,14.7922548633045,3.06853968902663,-2.20774513669555,2.20774513669555,"EB_features"
2025,"401754540",4,"2025-09-21 02:30:00",FALSE,21,25,"Mountain West","ACC","2025-09-15",5,34,1,1,-10.6140674703692,-0.761990037176097,-13.8118648722168,3.06853968902663,-47.8118648722168,47.8118648722168,"EB_features"
2025,"401752847",4,"2025-09-21 03:00:00",FALSE,30,127,"Big Ten","Big Ten","2025-09-15",5,14,3,2,11.7377334980424,0.281613267023019,21.8042634422512,3.06853968902663,7.80426344225122,7.80426344225122,"EB_features"
2025,"401760374",4,"2025-09-21 03:59:00",FALSE,62,278,"Mountain West","Mountain West","2025-09-15",5,-2,3,3,-7.69770912729432,-5.69962548200953,-3.16273663279998,3.06853968902663,-1.16273663279998,1.16273663279998,"EB_features"
2025,"401762471",5,"2025-09-25 23:30:00",FALSE,151,349,"American Athletic","American Athletic","2025-09-22",6,22,3,2,-3.40008941397468,3.95734375508625,-0.980590250609219,3.06853968902663,-22.9805902506092,22.9805902506092,"EB_features"
2025,"401754543",5,"2025-09-26 23:00:00",FALSE,258,52,"ACC","ACC","2025-09-22",6,8,3,2,-4.24079565876744,0.86435617751771,-4.93390803653876,3.06853968902663,-12.9339080365388,12.9339080365388,"EB_features"
2025,"401756902",5,"2025-09-27 01:00:00",FALSE,9,2628,"Big 12","Big 12","2025-09-22",6,3,3,2,8.93430367074019,8.44129511662675,0.126415251261441,3.06853968902663,-2.87358474873856,2.87358474873856,"EB_features"
2025,"401752939",5,"2025-09-27 02:30:00",FALSE,204,248,"Pac-12","Big 12","2025-09-22",6,-3,4,2,-4.28141298295046,-2.40945920466584,-9.8190516582035,3.06853968902663,-6.8190516582035,6.8190516582035,"EB_features"
2025,"401752717",5,"2025-09-27 16:00:00",FALSE,8,87,"SEC","FBS Independents","2025-09-22",6,-43,3,3,4.96486091361883,22.6907546026562,-8.2278589824894,3.06853968902663,34.7721410175106,34.7721410175106,"EB_features"
2025,"401752849",5,"2025-09-27 16:00:00",FALSE,135,164,"Big Ten","Big Ten","2025-09-22",6,3,2,3,6.52202382491824,6.00577572467176,1.21046084155502,3.06853968902663,-1.78953915844498,1.78953915844498,"EB_features"
2025,"401752850",5,"2025-09-27 16:00:00",FALSE,356,30,"Big Ten","Big Ten","2025-09-22",6,2,3,3,6.73469998783693,11.7377334980424,-9.07438418281873,3.06853968902663,-11.0743841828187,11.0743841828187,"EB_features"
2025,"401754545",5,"2025-09-27 16:00:00",FALSE,183,150,"ACC","ACC","2025-09-22",6,-35,3,3,2.67622073580725,1.11565255876982,9.53546998188452,3.06853968902663,44.5354699818845,44.5354699818845,"EB_features"
2025,"401754546",5,"2025-09-27 16:00:00",FALSE,154,59,"ACC","ACC","2025-09-22",6,-1,2,3,-5.46843378553135,5.83660898315793,-14.5815041117995,3.06853968902663,-13.5815041117995,13.5815041117995,"EB_features"
2025,"401754547",5,"2025-09-27 16:00:00",FALSE,221,97,"ACC","ACC","2025-09-22",6,-7,2,2,2.28907826085556,4.99706704038564,-2.54978367495158,3.06853968902663,4.45021632504842,4.45021632504842,"EB_features"
2025,"401756905",5,"2025-09-27 16:00:00",FALSE,2305,2132,"Big 12","Big 12","2025-09-22",6,-3,3,2,0.361557837193227,1.61538358881995,6.6637504706707,3.06853968902663,9.6637504706707,9.6637504706707,"EB_features"
2025,"401756906",5,"2025-09-27 16:00:00",FALSE,2306,2116,"Big 12","Big 12","2025-09-22",6,14,3,2,9.05591446496782,-2.27953946864474,9.74001246424899,3.06853968902663,-4.25998753575101,4.25998753575101,"EB_features"
2025,"401761617",5,"2025-09-27 16:00:00",FALSE,249,6,"American Athletic","Sun Belt","2025-09-22",6,14,3,3,-5.68645933793345,-4.04396015723449,13.8927607788001,3.06853968902663,-0.107239221199851,0.107239221199851,"EB_features"
2025,"401762825",5,"2025-09-27 16:00:00",FALSE,195,189,"Mid-American","Mid-American","2025-09-22",6,15,3,3,-1.08345284107104,-8.3054437126546,12.3152670536546,3.06853968902663,-2.68473294634537,2.68473294634537,"EB_features"
2025,"401752725",5,"2025-09-27 16:45:00",FALSE,238,328,"SEC","Mountain West","2025-09-22",6,20,3,3,6.68913998679398,-8.74957201284489,25.2385345502902,3.06853968902663,5.23853455029018,5.23853455029018,"EB_features"
2025,"401762826",5,"2025-09-27 17:00:00",FALSE,2117,2199,"Mid-American","Mid-American","2025-09-22",6,11,3,3,-11.3002619548927,-9.25752914430212,-0.586477464556494,3.06853968902663,-11.5864774645565,11.5864774645565,"EB_features"
2025,"401761614",5,"2025-09-27 17:30:00",FALSE,256,290,"Sun Belt","Sun Belt","2025-09-22",6,25,2,3,-0.526214201414518,-1.14732081248697,11.1271159730871,3.06853968902663,-13.8728840269129,13.8728840269129,"EB_features"
2025,"401761616",5,"2025-09-27 19:00:00",FALSE,2433,2032,"Sun Belt","Sun Belt","2025-09-22",6,12,1,3,-6.60113401905456,-6.21053484964947,0.184968145739034,3.06853968902663,-11.815031854261,11.815031854261,"EB_features"
2025,"401752719",5,"2025-09-27 19:30:00",FALSE,145,99,"SEC","SEC","2025-09-22",6,5,4,3,14.3810800491015,16.4064011851515,5.9089829258471,3.06853968902663,0.908982925847104,0.908982925847104,"EB_features"
2025,"401752724",5,"2025-09-27 19:30:00",FALSE,245,2,"SEC","SEC","2025-09-22",6,6,3,4,17.725953878829,8.22851950435566,9.6907059721601,3.06853968902663,3.6907059721601,3.6907059721601,"EB_features"
2025,"401752851",5,"2025-09-27 19:30:00",FALSE,77,26,"Big Ten","Big Ten","2025-09-22",6,3,2,3,-3.11671803997458,-2.12998270179669,9.88088737333267,3.06853968902663,6.88088737333267,6.88088737333267,"EB_features"
2025,"401752852",5,"2025-09-27 19:30:00",FALSE,264,194,"Big Ten","Big Ten","2025-09-22",6,-18,2,2,4.4384078588802,22.8608603180406,-13.3711110110931,3.06853968902663,4.62888898890689,4.62888898890689,"EB_features"
2025,"401752853",5,"2025-09-27 19:30:00",FALSE,2294,84,"Big Ten","Big Ten","2025-09-22",6,-5,3,3,8.70135746273362,10.9714929516635,-6.98347853491737,3.06853968902663,-1.98347853491737,1.98347853491737,"EB_features"
2025,"401754544",5,"2025-09-27 19:30:00",FALSE,103,25,"ACC","ACC","2025-09-22",6,-4,2,2,1.71888782439082,-0.761990037176097,-1.41191862278114,3.06853968902663,2.58808137721886,2.58808137721886,"EB_features"
2025,"401756907",5,"2025-09-27 19:30:00",FALSE,197,239,"Big 12","Big 12","2025-09-22",6,-18,2,3,-5.01489434779867,8.04543425335124,-18.5660619344772,3.06853968902663,-0.566061934477226,0.566061934477226,"EB_features"
2025,"401756908",5,"2025-09-27 19:30:00",FALSE,277,254,"Big 12","Big 12","2025-09-22",6,-34,3,3,-1.70232709348402,2.5775569465544,-6.76253728874768,3.06853968902663,27.2374627112523,27.2374627112523,"EB_features"
2025,"401757170",5,"2025-09-27 19:30:00",FALSE,2084,41,"Mid-American","FBS Independents","2025-09-22",6,-3,3,3,-4.0050346210993,-5.47269707308935,1.72167049123853,3.06853968902663,4.72167049123853,4.72167049123853,"EB_features"
2025,"401760380",5,"2025-09-27 19:30:00",FALSE,2459,21,"Mid-American","Mountain West","2025-09-22",6,-3,2,1,-2.93990993338447,-10.6140674703692,13.1720778205915,3.06853968902663,16.1720778205915,16.1720778205915,"EB_features"
2025,"401762473",5,"2025-09-27 19:30:00",FALSE,2426,242,"American Athletic","American Athletic","2025-09-22",6,8,2,3,1.58884787309985,-9.6065480416369,16.0789669027649,3.06853968902663,8.07896690276493,8.07896690276493,"EB_features"
2025,"401762824",5,"2025-09-27 19:30:00",FALSE,2649,2006,"Mid-American","Mid-American","2025-09-22",6,42,3,3,-1.94061847599451,-11.8511737054464,22.243745835558,3.06853968902663,-19.756254164442,19.756254164442,"EB_features"
2025,"401757274",5,"2025-09-27 20:00:00",FALSE,167,166,"Mountain West","Conference USA","2025-09-22",6,18,2,2,-13.0437901474855,-12.9208721479374,14.4367528515203,3.06853968902663,-3.56324714847967,3.56324714847967,"EB_features"
2025,"401760378",5,"2025-09-27 20:00:00",FALSE,2005,62,"Mountain West","Mountain West","2025-09-22",6,-9,2,3,-3.30887942855814,-7.69770912729432,4.79181674402417,3.06853968902663,13.7918167440242,13.7918167440242,"EB_features"
2025,"401762474",5,"2025-09-27 20:00:00",FALSE,202,2655,"American Athletic","American Athletic","2025-09-22",6,-17,3,4,-17.1692609785202,1.62669163119909,-15.5885348958386,3.06853968902663,1.4114651041614,1.4114651041614,"EB_features"
2025,"401752720",5,"2025-09-27 20:15:00",FALSE,344,2633,"SEC","SEC","2025-09-22",6,-7,3,3,2.05109182314268,15.9208021444484,-9.09637953361126,3.06853968902663,-2.09637953361126,2.09637953361126,"EB_features"
2025,"401757270",5,"2025-09-27 22:00:00",FALSE,338,2393,"Conference USA","Conference USA","2025-09-22",6,8,3,3,-18.3691529051769,-12.3401330679578,2.15010704654081,3.06853968902663,-5.84989295345919,5.84989295345919,"EB_features"
2025,"401757271",5,"2025-09-27 22:00:00",FALSE,295,2335,"Sun Belt","Conference USA","2025-09-22",6,14,2,3,-0.778797253450381,-7.92289987990132,20.5242583345994,3.06853968902663,6.52425833459944,6.52425833459944,"EB_features"
2025,"401754548",5,"2025-09-27 23:00:00",FALSE,152,259,"ACC","ACC","2025-09-22",6,-2,4,3,1.58309818541903,6.50791297400035,4.05574973290012,3.06853968902663,6.05574973290012,6.05574973290012,"EB_features"
2025,"401756904",5,"2025-09-27 23:00:00",FALSE,66,12,"Big 12","Big 12","2025-09-22",6,25,3,2,8.96318904974682,0.470354638342979,6.17419779862816,3.06853968902663,-18.8258022013718,18.8258022013718,"EB_features"
2025,"401757269",5,"2025-09-27 23:00:00",FALSE,2572,55,"Sun Belt","Conference USA","2025-09-22",6,17,3,3,-17.4791138554505,-8.09106963085991,-2.95526262366696,3.06853968902663,-19.955262623667,19.955262623667,"EB_features"
2025,"401757273",5,"2025-09-27 23:00:00",FALSE,2623,98,"Conference USA","Conference USA","2025-09-22",6,-5,3,3,-6.7625674939902,-10.1693369301456,0.953517645605744,3.06853968902663,5.95351764560574,5.95351764560574,"EB_features"
2025,"401762472",5,"2025-09-27 23:00:00",FALSE,2226,235,"American Athletic","American Athletic","2025-09-22",6,-29,2,3,-11.5303299537612,-1.21319014743667,-16.6979593315079,3.06853968902663,12.3020406684921,12.3020406684921,"EB_features"
2025,"401752718",5,"2025-09-27 23:30:00",FALSE,61,333,"SEC","SEC","2025-09-22",6,-3,2,3,22.0397498461784,22.7594172290628,2.12295394473496,3.06853968902663,5.12295394473496,5.12295394473496,"EB_features"
2025,"401752721",5,"2025-09-27 23:30:00",FALSE,142,113,"SEC","Mid-American","2025-09-22",6,36,3,2,7.74750172226866,-18.3871284252703,42.3802146430685,3.06853968902663,6.38021464306848,6.38021464306848,"EB_features"
2025,"401752854",5,"2025-09-27 23:30:00",FALSE,213,2483,"Big Ten","Big Ten","2025-09-22",6,-6,2,3,19.8476102333169,18.746298796518,-0.401300034502273,3.06853968902663,5.59869996549773,5.59869996549773,"EB_features"
2025,"401752950",5,"2025-09-27 23:30:00",FALSE,36,265,"Mountain West","Pac-12","2025-09-22",6,-17,1,3,-6.378729756197,-2.04502948973106,7.39654741631685,3.06853968902663,24.3965474163168,24.3965474163168,"EB_features"
2025,"401754549",5,"2025-09-27 23:30:00",FALSE,24,23,"ACC","Mountain West","2025-09-22",6,1,4,2,-2.15917751826698,-2.85904759573678,4.65625929980903,3.06853968902663,3.65625929980903,3.65625929980903,"EB_features"
2025,"401760379",5,"2025-09-27 23:30:00",FALSE,68,2026,"Mountain West","Sun Belt","2025-09-22",6,33,2,2,7.06755554934872,-8.82377008009426,16.7498780242229,3.06853968902663,-16.2501219757771,16.2501219757771,"EB_features"
2025,"401752722",5,"2025-09-27 23:45:00",FALSE,2579,96,"SEC","SEC","2025-09-22",6,22,3,3,14.6423764188937,4.8652277595157,7.5829525384412,3.06853968902663,-14.4170474615588,14.4170474615588,"EB_features"
2025,"401761615",5,"2025-09-28",FALSE,309,276,"Sun Belt","Sun Belt","2025-09-22",6,3,3,3,-3.9675285635357,-5.60290337972853,-0.0652066794353163,3.06853968902663,-3.06520667943532,3.06520667943532,"EB_features"
2025,"401757272",5,"2025-09-28 01:00:00",FALSE,2638,2348,"Conference USA","Conference USA","2025-09-22",6,-19,2,3,-9.57717771398051,-6.98766661885968,-2.31699626667386,3.06853968902663,16.6830037333261,16.6830037333261,"EB_features"
2025,"401756903",5,"2025-09-28 02:15:00",FALSE,38,252,"Big 12","Big 12","2025-09-22",6,-3,3,2,6.02126994888183,8.11132203961931,-5.20453556410225,3.06853968902663,-2.20453556410225,2.20453556410225,"EB_features"
2025,"401757275",6,"2025-10-03 01:00:00",FALSE,166,2534,"Conference USA","Conference USA","2025-09-29",7,27,3,4,-12.9208721479374,-9.51972831391433,2.0795635420712,3.06853968902663,-24.9204364579288,24.9204364579288,"EB_features"
2025,"401757276",6,"2025-10-03 23:00:00",FALSE,48,98,"Conference USA","Conference USA","2025-09-29",7,-3,3,4,-8.35912286314077,-10.1693369301456,5.679479366696,3.06853968902663,8.679479366696,8.679479366696,"EB_features"
2025,"401762475",6,"2025-10-03 23:00:00",FALSE,58,2429,"American Athletic","American Athletic","2025-09-29",7,28,3,3,-2.48045173472186,-12.3058135001842,26.9520872512759,3.06853968902663,-1.04791274872413,1.04791274872413,"EB_features"
2025,"401760384",6,"2025-10-04 02:00:00",FALSE,23,167,"Mountain West","Mountain West","2025-09-29",7,7,3,3,-2.85904759573678,-13.0437901474855,2.87194529445002,3.06853968902663,-4.12805470554998,4.12805470554998,"EB_features"
2025,"401756909",6,"2025-10-04 02:30:00",FALSE,252,277,"Big 12","Big 12","2025-09-29",7,14,2,4,8.11132203961931,-1.70232709348402,23.2429791740216,3.06853968902663,9.24297917402164,9.24297917402164,"EB_features"
2025,"401760382",6,"2025-10-04 02:30:00",FALSE,21,36,"Mountain West","Mountain West","2025-09-29",7,21,3,3,-10.6140674703692,-6.378729756197,6.41826159351102,3.06853968902663,-14.581738406489,14.581738406489,"EB_features"
2025,"401752728",6,"2025-10-04 16:00:00",FALSE,61,96,"SEC","SEC","2025-09-29",7,21,3,4,22.0397498461784,4.8652277595157,22.580169826784,3.06853968902663,1.580169826784,1.580169826784,"EB_features"
2025,"401752856",6,"2025-10-04 16:00:00",FALSE,130,275,"Big Ten","Big Ten","2025-09-29",7,14,4,4,13.7167245408339,5.31282867822306,16.7524391462758,3.06853968902663,2.75243914627582,2.75243914627582,"EB_features"
2025,"401752861",6,"2025-10-04 16:00:00",FALSE,2509,356,"Big Ten","Big Ten","2025-09-29",7,-16,3,4,-11.8034153706036,6.73469998783693,-12.3595291700722,3.06853968902663,3.64047082992777,3.64047082992777,"EB_features"
2025,"401754550",6,"2025-10-04 16:00:00",FALSE,221,103,"ACC","ACC","2025-09-29",7,41,3,3,2.28907826085556,1.71888782439082,5.57280300333195,3.06853968902663,-35.427196996668,35.427196996668,"EB_features"
2025,"401754552",6,"2025-10-04 16:00:00",FALSE,153,228,"ACC","ACC","2025-09-29",7,-28,3,4,-1.50901957051974,17.4253762440298,-14.4348651853863,3.06853968902663,13.5651348146137,13.5651348146137,"EB_features"
2025,"401756911",6,"2025-10-04 16:00:00",FALSE,239,2306,"Big 12","Big 12","2025-09-29",7,1,4,4,8.04543425335124,9.05591446496782,3.28003486510842,3.06853968902663,2.28003486510842,2.28003486510842,"EB_features"
2025,"401756912",6,"2025-10-04 16:00:00",FALSE,2132,66,"Big 12","Big 12","2025-09-29",7,8,3,4,1.61538358881995,8.96318904974682,-2.91243385793776,3.06853968902663,-10.9124338579378,10.9124338579378,"EB_features"
2025,"401760381",6,"2025-10-04 16:00:00",FALSE,2426,2005,"American Athletic","Mountain West","2025-09-29",7,3,3,3,1.58884787309985,-3.30887942855814,12.8882521536618,3.06853968902663,9.88825215366181,9.88825215366181,"EB_features"
2025,"401762476",6,"2025-10-04 16:00:00",FALSE,5,349,"American Athletic","American Athletic","2025-09-29",7,-18,3,3,-10.9152515776209,3.95734375508625,-11.211024822464,3.06853968902663,6.78897517753602,6.78897517753602,"EB_features"
2025,"401762830",6,"2025-10-04 16:00:00",FALSE,2050,195,"Mid-American","Mid-American","2025-09-29",7,6,3,4,-13.2676300916624,-1.08345284107104,-15.2380524606907,3.06853968902663,-21.2380524606907,21.2380524606907,"EB_features"
2025,"401754556",6,"2025-10-04 17:00:00",FALSE,259,154,"ACC","ACC","2025-09-29",7,-7,4,3,6.50791297400035,-5.46843378553135,11.4973647445377,3.06853968902663,18.4973647445377,18.4973647445377,"EB_features"
2025,"401762479",6,"2025-10-04 17:00:00",FALSE,218,2636,"American Athletic","American Athletic","2025-09-29",7,6,3,3,-11.3610493190561,-2.89231440688747,-4.12210949396679,3.06853968902663,-10.1221094939668,10.1221094939668,"EB_features"
2025,"401762832",6,"2025-10-04 18:30:00",FALSE,113,2711,"Mid-American","Mid-American","2025-09-29",7,-18,3,4,-18.3871284252703,-8.34626561869253,-11.8331345166453,3.06853968902663,6.16686548335467,6.16686548335467,"EB_features"
2025,"401756910",6,"2025-10-04 19:00:00",FALSE,12,197,"Big 12","Big 12","2025-09-29",7,28,3,3,0.470354638342979,-5.01489434779867,20.9665400283101,3.06853968902663,-7.03345997168987,7.03345997168987,"EB_features"
2025,"401752726",6,"2025-10-04 19:30:00",FALSE,333,238,"SEC","SEC","2025-09-29",7,16,4,4,22.7594172290628,6.68913998679398,12.5698027151146,3.06853968902663,-3.43019728488538,3.43019728488538,"EB_features"
2025,"401752727",6,"2025-10-04 19:30:00",FALSE,57,251,"SEC","SEC","2025-09-29",7,8,3,4,15.9660512208889,21.9847760447806,-7.21414141437062,3.06853968902663,-15.2141414143706,15.2141414143706,"EB_features"
2025,"401752855",6,"2025-10-04 19:30:00",FALSE,26,213,"Big Ten","Big Ten","2025-09-29",7,5,4,3,-2.12998270179669,19.8476102333169,-27.6298723430248,3.06853968902663,-32.6298723430248,32.6298723430248,"EB_features"
2025,"401752857",6,"2025-10-04 19:30:00",FALSE,120,264,"Big Ten","Big Ten","2025-09-29",7,-4,3,3,0.0599484190731576,4.4384078588802,-0.155801612894001,3.06853968902663,3.844198387106,3.844198387106,"EB_features"
2025,"401752858",6,"2025-10-04 19:30:00",FALSE,77,2433,"Big Ten","Sun Belt","2025-09-29",7,35,3,3,-3.11671803997458,-6.60113401905456,8.72680470190203,3.06853968902663,-26.273195298098,26.273195298098,"EB_features"
2025,"401752940",6,"2025-10-04 19:30:00",FALSE,2026,204,"Sun Belt","Pac-12","2025-09-29",7,4,3,5,-8.82377008009426,-4.28141298295046,-0.685298181575734,3.06853968902663,-4.68529818157573,4.68529818157573,"EB_features"
2025,"401754554",6,"2025-10-04 19:30:00",FALSE,97,258,"ACC","ACC","2025-09-29",7,-3,3,4,4.99706704038564,-4.24079565876744,6.05389887092351,3.06853968902663,9.05389887092351,9.05389887092351,"EB_features"
2025,"401754555",6,"2025-10-04 19:30:00",FALSE,2567,183,"ACC","ACC","2025-09-29",7,13,3,4,6.19396953274294,2.67622073580725,9.05527273571029,3.06853968902663,-3.94472726428971,3.94472726428971,"EB_features"
2025,"401757165",6,"2025-10-04 19:30:00",FALSE,87,68,"FBS Independents","Mountain West","2025-09-29",7,21,4,3,22.6907546026562,7.06755554934872,24.3429815744873,3.06853968902663,3.34298157448731,3.34298157448731,"EB_features"
2025,"401757171",6,"2025-10-04 19:30:00",FALSE,41,2229,"FBS Independents","Conference USA","2025-09-29",7,41,4,3,-5.47269707308935,-6.24796304749612,8.0049935629256,3.06853968902663,-32.9950064370744,32.9950064370744,"EB_features"
2025,"401761618",6,"2025-10-04 19:30:00",FALSE,2247,256,"Sun Belt","Sun Belt","2025-09-29",7,-7,3,3,-7.84150593748559,-0.526214201414518,-15.9479682086548,3.06853968902663,-8.94796820865476,8.94796820865476,"EB_features"
2025,"401762829",6,"2025-10-04 19:30:00",FALSE,2006,2117,"Mid-American","Mid-American","2025-09-29",7,6,4,4,-11.8511737054464,-11.3002619548927,-3.95000646624498,3.06853968902663,-9.95000646624498,9.95000646624498,"EB_features"
2025,"401762831",6,"2025-10-04 19:30:00",FALSE,2084,2199,"Mid-American","Mid-American","2025-09-29",7,1,4,4,-4.0050346210993,-9.25752914430212,8.84761474392271,3.06853968902663,7.84761474392271,7.84761474392271,"EB_features"
2025,"401762873",6,"2025-10-04 19:30:00",FALSE,2459,193,"Mid-American","Mid-American","2025-09-29",7,-11,3,3,-2.93990993338447,-3.33125934040394,3.96202076768294,3.06853968902663,14.9620207676829,14.9620207676829,"EB_features"
2025,"401752729",6,"2025-10-04 20:00:00",FALSE,201,2309,"SEC","Mid-American","2025-09-29",7,44,3,3,12.5660816805827,-18.3038835199581,45.7657152497088,3.06853968902663,1.76571524970877,1.76571524970877,"EB_features"
2025,"401752860",6,"2025-10-04 20:00:00",FALSE,158,127,"Big Ten","Big Ten","2025-09-29",7,11,3,3,9.0440770430917,0.281613267023019,16.4115132034751,3.06853968902663,5.41151320347511,5.41151320347511,"EB_features"
2025,"401761620",6,"2025-10-04 20:00:00",FALSE,2032,326,"Sun Belt","Sun Belt","2025-09-29",7,1,4,3,-6.21053484964947,-2.46825634282786,-9.62142022831935,3.06853968902663,-10.6214202283194,10.6214202283194,"EB_features"
2025,"401761619",6,"2025-10-04 22:00:00",FALSE,295,324,"Sun Belt","Sun Belt","2025-09-29",7,40,3,3,-0.778797253450381,-6.24337919035539,19.6618177366228,3.06853968902663,-20.3381822633772,20.3381822633772,"EB_features"
2025,"401756913",6,"2025-10-04 23:00:00",FALSE,248,2641,"Big 12","Big 12","2025-09-29",7,-24,3,3,-2.40945920466584,7.67077272956537,-9.64514674760824,3.06853968902663,14.3548532523918,14.3548532523918,"EB_features"
2025,"401760385",6,"2025-10-04 23:00:00",FALSE,2751,2439,"Mountain West","Mountain West","2025-09-29",7,-14,3,3,-6.97155706044597,-2.66626584455864,-3.94594642548151,3.06853968902663,10.0540535745185,10.0540535745185,"EB_features"
2025,"401761621",6,"2025-10-04 23:00:00",FALSE,2653,6,"Sun Belt","Sun Belt","2025-09-29",7,7,3,4,-5.49427675349189,-4.04396015723449,4.79162796520998,3.06853968902663,-2.20837203479002,2.20837203479002,"EB_features"
2025,"401762477",6,"2025-10-04 23:00:00",FALSE,242,2226,"American Athletic","American Athletic","2025-09-29",7,-6,4,3,-9.6065480416369,-11.5303299537612,9.64883738258921,3.06853968902663,15.6488373825892,15.6488373825892,"EB_features"
2025,"401752730",6,"2025-10-04 23:30:00",FALSE,245,344,"SEC","SEC","2025-09-29",7,22,4,4,17.725953878829,2.05109182314268,15.1685971830315,3.06853968902663,-6.8314028169685,6.8314028169685,"EB_features"
2025,"401752859",6,"2025-10-04 23:30:00",FALSE,194,135,"Big Ten","Big Ten","2025-09-29",7,39,3,3,22.8608603180406,6.52202382491824,25.7411523292102,3.06853968902663,-13.2588476707898,13.2588476707898,"EB_features"
2025,"401754553",6,"2025-10-04 23:30:00",FALSE,52,2390,"ACC","ACC","2025-09-29",7,-6,3,3,0.86435617751771,14.7526570772521,-9.38322402080049,3.06853968902663,-3.38322402080049,3.38322402080049,"EB_features"
2025,"401756914",6,"2025-10-04 23:30:00",FALSE,2628,38,"Big 12","Big 12","2025-09-29",7,14,3,4,8.44129511662675,6.02126994888183,12.2274767161614,3.06853968902663,-1.77252328383856,1.77252328383856,"EB_features"
2025,"401756915",6,"2025-10-04 23:30:00",FALSE,2116,2305,"Big 12","Big 12","2025-09-29",7,-7,3,4,-2.27953946864474,0.361557837193227,-3.40794893781572,3.06853968902663,3.59205106218428,3.59205106218428,"EB_features"
2025,"401762478",6,"2025-10-05",FALSE,235,202,"American Athletic","American Athletic","2025-09-29",7,38,4,4,-1.21319014743667,-17.1692609785202,26.122716153655,3.06853968902663,-11.877283846345,11.877283846345,"EB_features"
2025,"401754551",6,"2025-10-05 02:30:00",FALSE,25,150,"ACC","ACC","2025-09-29",7,-24,4,4,-0.761990037176097,1.11565255876982,-1.95862566584263,3.06853968902663,22.0413743341574,22.0413743341574,"EB_features"
2025,"401760383",6,"2025-10-05 02:30:00",FALSE,278,2440,"Mountain West","Mountain West","2025-09-29",7,3,4,3,-5.69962548200953,-9.32004522792159,13.5010101446682,3.06853968902663,10.5010101446682,10.5010101446682,"EB_features"
2025,"401757278",7,"2025-10-08 23:30:00",FALSE,2393,2623,"Conference USA","Conference USA","2025-10-06",8,-2,4,4,-12.3401330679578,-6.7625674939902,-0.782724446287239,3.06853968902663,1.21727555371276,1.21727555371276,"EB_features"
2025,"401757277",7,"2025-10-09",FALSE,2638,2335,"Conference USA","Conference USA","2025-10-06",8,-11,4,4,-9.57717771398051,-7.92289987990132,2.91538920154707,3.06853968902663,13.9153892015471,13.9153892015471,"EB_features"
2025,"401757280",7,"2025-10-09 23:00:00",FALSE,338,2348,"Conference USA","Conference USA","2025-10-06",8,28,4,4,-18.3691529051769,-6.98766661885968,-12.4778248381651,3.06853968902663,-40.4778248381651,40.4778248381651,"EB_features"
2025,"401762480",7,"2025-10-09 23:30:00",FALSE,2655,151,"American Athletic","American Athletic","2025-10-06",8,7,5,4,1.62669163119909,-3.40008941397468,2.84615051209376,3.06853968902663,-4.15384948790624,4.15384948790624,"EB_features"
2025,"401757279",7,"2025-10-10",TRUE,2534,55,"Conference USA","Conference USA","2025-10-06",8,-2,5,4,-9.51972831391433,-8.09106963085991,-8.80764918726449,3.06853968902663,-6.80764918726449,6.80764918726449,"EB_features"
2025,"401761622",7,"2025-10-10",FALSE,290,2572,"Sun Belt","Sun Belt","2025-10-06",8,-3,4,4,-1.14732081248697,-17.4791138554505,5.16311363476852,3.06853968902663,8.16311363476852,8.16311363476852,"EB_features"
2025,"401762481",7,"2025-10-10 23:30:00",FALSE,249,58,"American Athletic","American Athletic","2025-10-06",8,-27,4,4,-5.68645933793345,-2.48045173472186,2.35685340525787,3.06853968902663,29.3568534052579,29.3568534052579,"EB_features"
2025,"401752862",7,"2025-10-11 01:00:00",FALSE,264,164,"Big Ten","Big Ten","2025-10-06",8,19,4,4,4.4384078588802,6.00577572467176,6.3303018717138,3.06853968902663,-12.6696981282862,12.6696981282862,"EB_features"
2025,"401760388",7,"2025-10-11 01:00:00",FALSE,36,278,"Mountain West","Mountain West","2025-10-06",8,28,4,4,-6.378729756197,-5.69962548200953,-5.316006998041,3.06853968902663,-33.316006998041,33.316006998041,"EB_features"
2025,"401752734",7,"2025-10-11 16:00:00",FALSE,142,333,"SEC","SEC","2025-10-06",8,-3,4,5,7.74750172226866,22.7594172290628,-11.0953044767182,3.06853968902663,-8.09530447671822,8.09530447671822,"EB_features"
2025,"401752863",7,"2025-10-11 16:00:00",FALSE,127,26,"Big Ten","Big Ten","2025-10-06",8,-25,4,5,0.281613267023019,-2.12998270179669,11.093899577537,3.06853968902663,36.093899577537,36.093899577537,"EB_features"
2025,"401752865",7,"2025-10-11 16:00:00",FALSE,356,194,"Big Ten","Big Ten","2025-10-06",8,-18,5,4,6.73469998783693,22.8608603180406,-14.1939866153041,3.06853968902663,3.80601338469591,3.80601338469591,"EB_features"
2025,"401754559",7,"2025-10-11 16:00:00",FALSE,52,221,"ACC","ACC","2025-10-06",8,-3,4,4,0.86435617751771,2.28907826085556,8.80260586963952,3.06853968902663,11.8026058696395,11.8026058696395,"EB_features"
2025,"401754561",7,"2025-10-11 16:00:00",FALSE,2567,24,"ACC","ACC","2025-10-06",8,24,4,5,6.19396953274294,-2.15917751826698,15.4068885369415,3.06853968902663,-8.5931114630585,8.5931114630585,"EB_features"
2025,"401756917",7,"2025-10-11 16:00:00",FALSE,2132,2116,"Big 12","Big 12","2025-10-06",8,9,4,4,1.61538358881995,-2.27953946864474,10.5237082296897,3.06853968902663,1.52370822968967,1.52370822968967,"EB_features"
2025,"401756920",7,"2025-10-11 16:00:00",FALSE,197,248,"Big 12","Big 12","2025-10-06",8,-22,4,4,-5.01489434779867,-2.40945920466584,-13.5770816430502,3.06853968902663,8.42291835694976,8.42291835694976,"EB_features"
2025,"401761625",7,"2025-10-11 16:00:00",FALSE,256,309,"Sun Belt","Sun Belt","2025-10-06",8,10,4,4,-0.526214201414518,-3.9675285635357,14.7227235823082,3.06853968902663,4.72272358230819,4.72272358230819,"EB_features"
2025,"401762483",7,"2025-10-11 16:00:00",FALSE,349,2429,"American Athletic","American Athletic","2025-10-06",8,17,4,4,3.95734375508625,-12.3058135001842,25.745482828566,3.06853968902663,8.74548282856595,8.74548282856595,"EB_features"
2025,"401762833",7,"2025-10-11 16:00:00",FALSE,2006,193,"Mid-American","Mid-American","2025-10-06",8,-13,5,4,-11.8511737054464,-3.33125934040394,-12.5898007656989,3.06853968902663,0.41019923430113,0.41019923430113,"EB_features"
2025,"401762835",7,"2025-10-11 16:00:00",FALSE,189,2649,"Mid-American","Mid-American","2025-10-06",8,5,4,4,-8.3054437126546,-1.94061847599451,-7.82575812797624,3.06853968902663,-12.8257581279762,12.8257581279762,"EB_features"
2025,"401752733",7,"2025-10-11 16:45:00",FALSE,145,265,"SEC","Pac-12","2025-10-06",8,3,5,4,14.3810800491015,-2.04502948973106,30.4656338056855,3.06853968902663,27.4656338056855,27.4656338056855,"EB_features"
2025,"401762836",7,"2025-10-11 17:00:00",FALSE,2199,2459,"Mid-American","Mid-American","2025-10-06",8,6,5,4,-9.25752914430212,-2.93990993338447,-2.31902021823955,3.06853968902663,-8.31902021823955,8.31902021823955,"EB_features"
2025,"401762837",7,"2025-10-11 18:30:00",FALSE,2309,113,"Mid-American","Mid-American","2025-10-06",8,36,4,4,-18.3038835199581,-18.3871284252703,4.7597538060619,3.06853968902663,-31.2402461939381,31.2402461939381,"EB_features"
2025,"401752736",7,"2025-10-11 19:30:00",TRUE,251,201,"SEC","SEC","2025-10-06",8,17,5,4,21.9847760447806,12.5660816805827,2.3353741857308,3.06853968902663,-14.6646258142692,14.6646258142692,"EB_features"
2025,"401752866",7,"2025-10-11 19:30:00",FALSE,213,77,"Big Ten","Big Ten","2025-10-06",8,-1,4,4,19.8476102333169,-3.11671803997458,21.2273335867677,3.06853968902663,22.2273335867677,22.2273335867677,"EB_features"
2025,"401752867",7,"2025-10-11 19:30:00",FALSE,120,158,"Big Ten","Big Ten","2025-10-06",8,-3,4,4,0.0599484190731576,9.0440770430917,-6.28414529950706,3.06853968902663,-3.28414529950706,3.28414529950706,"EB_features"
2025,"401752870",7,"2025-10-11 19:30:00",FALSE,2483,84,"Big Ten","Big Ten","2025-10-06",8,-10,4,4,18.746298796518,10.9714929516635,6.38186824288908,3.06853968902663,16.3818682428891,16.3818682428891,"EB_features"
2025,"401754560",7,"2025-10-11 19:30:00",FALSE,59,259,"ACC","ACC","2025-10-06",8,15,4,5,5.83660898315793,6.50791297400035,10.9453504514675,3.06853968902663,-4.05464954853247,4.05464954853247,"EB_features"
2025,"401754562",7,"2025-10-11 19:30:00",FALSE,87,152,"FBS Independents","ACC","2025-10-06",8,29,5,5,22.6907546026562,1.58309818541903,27.0493786848126,3.06853968902663,-1.95062131518742,1.95062131518742,"EB_features"
2025,"401754563",7,"2025-10-11 19:30:00",FALSE,204,154,"Pac-12","ACC","2025-10-06",8,-25,6,4,-4.28141298295046,-5.46843378553135,-1.04438400429138,3.06853968902663,23.9556159957086,23.9556159957086,"EB_features"
2025,"401756918",7,"2025-10-11 19:30:00",FALSE,38,66,"Big 12","Big 12","2025-10-06",8,7,6,5,6.02126994888183,8.96318904974682,-2.9912154099349,3.06853968902663,-9.9912154099349,9.9912154099349,"EB_features"
2025,"401756919",7,"2025-10-11 19:30:00",FALSE,2306,2628,"Big 12","Big 12","2025-10-06",8,13,5,4,9.05591446496782,8.44129511662675,-3.19396965750131,3.06853968902663,-16.1939696575013,16.1939696575013,"EB_features"
2025,"401760386",7,"2025-10-11 19:30:00",FALSE,2439,2005,"Mountain West","Mountain West","2025-10-06",8,3,4,4,-2.66626584455864,-3.30887942855814,10.0440923191342,3.06853968902663,7.04409231913425,7.04409231913425,"EB_features"
2025,"401761624",7,"2025-10-11 19:30:00",FALSE,2247,2026,"Sun Belt","Sun Belt","2025-10-06",8,-21,4,4,-7.84150593748559,-8.82377008009426,-0.711298644584746,3.06853968902663,20.2887013554153,20.2887013554153,"EB_features"
2025,"401761626",7,"2025-10-11 19:30:00",FALSE,276,295,"Sun Belt","Sun Belt","2025-10-06",8,24,4,4,-5.60290337972853,-0.778797253450381,-11.2556802801242,3.06853968902663,-35.2556802801242,35.2556802801242,"EB_features"
2025,"401762834",7,"2025-10-11 19:30:00",FALSE,2711,2050,"Mid-American","Mid-American","2025-10-06",8,42,5,4,-8.34626561869253,-13.2676300916624,9.07156749808601,3.06853968902663,-32.928432501914,32.928432501914,"EB_features"
2025,"401762484",7,"2025-10-11 20:00:00",FALSE,218,2426,"American Athletic","American Athletic","2025-10-06",8,-1,4,4,-11.3610493190561,1.58884787309985,-5.6355085574144,3.06853968902663,-4.6355085574144,4.6355085574144,"EB_features"
2025,"401752735",7,"2025-10-11 20:15:00",FALSE,2633,8,"SEC","SEC","2025-10-06",8,3,4,4,15.9208021444484,4.96486091361883,13.4475780810861,3.06853968902663,10.4475780810861,10.4475780810861,"EB_features"
2025,"401762482",7,"2025-10-11 22:00:00",FALSE,2226,5,"American Athletic","American Athletic","2025-10-06",8,20,4,4,-11.5303299537612,-10.9152515776209,1.10795656331715,3.06853968902663,-18.8920434366829,18.8920434366829,"EB_features"
2025,"401752737",7,"2025-10-11 23:00:00",FALSE,245,57,"SEC","SEC","2025-10-06",8,17,5,4,17.725953878829,15.9660512208889,8.23520326763863,3.06853968902663,-8.76479673236137,8.76479673236137,"EB_features"
2025,"401752869",7,"2025-10-11 23:00:00",FALSE,275,2294,"Big Ten","Big Ten","2025-10-06",8,-37,5,4,5.31282867822306,8.70135746273362,-3.88442494452274,3.06853968902663,33.1155750554773,33.1155750554773,"EB_features"
2025,"401760391",7,"2025-10-11 23:00:00",FALSE,2751,23,"Mountain West","Mountain West","2025-10-06",8,7,4,4,-6.97155706044597,-2.85904759573678,-1.98177306800409,3.06853968902663,-8.98177306800409,8.98177306800409,"EB_features"
2025,"401761623",7,"2025-10-11 23:00:00",FALSE,324,2433,"Sun Belt","Sun Belt","2025-10-06",8,15,4,4,-6.24337919035539,-6.60113401905456,2.56498149231931,3.06853968902663,-12.4350185076807,12.4350185076807,"EB_features"
2025,"401752731",7,"2025-10-11 23:30:00",FALSE,2,61,"SEC","SEC","2025-10-06",8,-10,5,4,8.22851950435566,22.0397498461784,-8.10736402053424,3.06853968902663,1.89263597946576,1.89263597946576,"EB_features"
2025,"401752864",7,"2025-10-11 23:30:00",FALSE,135,2509,"Big Ten","Big Ten","2025-10-06",8,7,4,4,6.52202382491824,-11.8034153706036,10.9604005743308,3.06853968902663,3.96040057433076,3.96040057433076,"EB_features"
2025,"401752868",7,"2025-10-11 23:30:00",FALSE,30,130,"Big Ten","Big Ten","2025-10-06",8,18,5,5,11.7377334980424,13.7167245408339,3.22025439549935,3.06853968902663,-14.7797456045006,14.7797456045006,"EB_features"
2025,"401754558",7,"2025-10-11 23:30:00",FALSE,103,228,"ACC","ACC","2025-10-06",8,-31,4,5,1.71888782439082,17.4253762440298,-13.765872458082,3.06853968902663,17.234127541918,17.234127541918,"EB_features"
2025,"401756921",7,"2025-10-11 23:30:00",FALSE,2641,2305,"Big 12","Big 12","2025-10-06",8,25,4,5,7.67077272956537,0.361557837193227,14.456984310181,3.06853968902663,-10.543015689819,10.543015689819,"EB_features"
2025,"401762485",7,"2025-10-11 23:30:00",FALSE,2636,242,"American Athletic","American Athletic","2025-10-06",8,48,4,5,-2.89231440688747,-9.6065480416369,10.7196068587712,3.06853968902663,-37.2803931412288,37.2803931412288,"EB_features"
2025,"401752732",7,"2025-10-11 23:45:00",FALSE,99,2579,"SEC","SEC","2025-10-06",8,10,4,4,16.4064011851515,14.6423764188937,9.03457306167699,3.06853968902663,-0.965426938323015,0.965426938323015,"EB_features"
2025,"401756916",7,"2025-10-12",FALSE,12,252,"Big 12","Big 12","2025-10-06",8,-6,4,4,0.470354638342979,8.11132203961931,-4.56458185140844,3.06853968902663,1.43541814859156,1.43541814859156,"EB_features"
2025,"401761627",7,"2025-10-12",FALSE,326,2653,"Sun Belt","Sun Belt","2025-10-06",8,-7,4,4,-2.46825634282786,-5.49427675349189,7.18666968194675,3.06853968902663,14.1866696819467,14.1866696819467,"EB_features"
2025,"401760387",7,"2025-10-12 01:45:00",FALSE,68,167,"Mountain West","Mountain West","2025-10-06",8,16,4,4,7.06755554934872,-13.0437901474855,14.0107334599259,3.06853968902663,-1.98926654007415,1.98926654007415,"EB_features"
2025,"401756922",7,"2025-10-12 02:15:00",FALSE,254,9,"Big 12","Big 12","2025-10-06",8,32,4,4,2.5775569465544,8.93430367074019,2.43489525709755,3.06853968902663,-29.5651047429024,29.5651047429024,"EB_features"
2025,"401760390",7,"2025-10-12 02:30:00",FALSE,2440,21,"Mountain West","Mountain West","2025-10-06",8,-34,3,4,-9.32004522792159,-10.6140674703692,-5.94688252737042,3.06853968902663,28.0531174726296,28.0531174726296,"EB_features"
2025,"401760389",7,"2025-10-12 03:59:00",FALSE,62,328,"Mountain West","Mountain West","2025-10-06",8,18,5,4,-7.69770912729432,-8.74957201284489,-1.32171575489669,3.06853968902663,-19.3217157548967,19.3217157548967,"EB_features"
2025,"401757282",8,"2025-10-14 23:00:00",FALSE,2335,166,"Conference USA","Conference USA","2025-10-13",9,3,5,4,-7.92289987990132,-12.9208721479374,8.02503846048278,3.06853968902663,5.02503846048278,5.02503846048278,"EB_features"
2025,"401761628",8,"2025-10-14 23:30:00",FALSE,6,2032,"Sun Belt","Sun Belt","2025-10-13",9,-1,5,5,-4.04396015723449,-6.21053484964947,6.44839069385804,3.06853968902663,7.44839069385804,7.44839069385804,"EB_features"
2025,"401757281",8,"2025-10-15",FALSE,98,2229,"Conference USA","Conference USA","2025-10-13",9,-19,5,4,-10.1693369301456,-6.24796304749612,10.1724962299448,3.06853968902663,29.1724962299448,29.1724962299448,"EB_features"
2025,"401757283",8,"2025-10-15 23:00:00",FALSE,55,48,"Conference USA","Conference USA","2025-10-13",9,13,5,4,-8.09106963085991,-8.35912286314077,-0.522914260929367,3.06853968902663,-13.5229142609294,13.5229142609294,"EB_features"
2025,"401757284",8,"2025-10-15 23:00:00",TRUE,2534,2638,"Conference USA","Conference USA","2025-10-13",9,-18,6,5,-9.51972831391433,-9.57717771398051,-5.19514528969763,3.06853968902663,12.8048547103024,12.8048547103024,"EB_features"
2025,"401762486",8,"2025-10-16 23:30:00",FALSE,151,202,"American Athletic","American Athletic","2025-10-13",9,14,5,5,-3.40008941397468,-17.1692609785202,24.0914011029147,3.06853968902663,10.0914011029147,10.0914011029147,"EB_features"
2025,"401754564",8,"2025-10-17 23:00:00",FALSE,2390,97,"ACC","ACC","2025-10-13",9,-3,4,4,14.7526570772521,4.99706704038564,18.1179593007455,3.06853968902663,21.1179593007455,21.1179593007455,"EB_features"
2025,"401752872",8,"2025-10-18",FALSE,135,158,"Big Ten","Big Ten","2025-10-13",9,18,5,5,6.52202382491824,9.0440770430917,-8.891781309044,3.06853968902663,-26.891781309044,26.891781309044,"EB_features"
2025,"401760396",8,"2025-10-18 01:00:00",FALSE,328,23,"Mountain West","Mountain West","2025-10-13",9,5,4,5,-8.74957201284489,-2.85904759573678,5.4077572355555,3.06853968902663,0.407757235555502,0.407757235555502,"EB_features"
2025,"401754371",8,"2025-10-18 02:30:00",FALSE,25,153,"ACC","ACC","2025-10-13",9,3,5,4,-0.761990037176097,-1.50901957051974,7.91567962343468,3.06853968902663,4.91567962343468,4.91567962343468,"EB_features"
2025,"401752745",8,"2025-10-18 16:00:00",FALSE,238,99,"SEC","SEC","2025-10-13",9,7,5,5,6.68913998679398,16.4064011851515,1.77451276286386,3.06853968902663,-5.22548723713614,5.22548723713614,"EB_features"
2025,"401752873",8,"2025-10-18 16:00:00",FALSE,130,264,"Big Ten","Big Ten","2025-10-13",9,17,6,5,13.7167245408339,4.4384078588802,7.47231157570767,3.06853968902663,-9.52768842429233,9.52768842429233,"EB_features"
2025,"401754566",8,"2025-10-18 16:00:00",FALSE,150,59,"ACC","ACC","2025-10-13",9,-9,5,5,1.11565255876982,5.83660898315793,1.04526650061774,3.06853968902663,10.0452665006177,10.0452665006177,"EB_features"
2025,"401754569",8,"2025-10-18 16:00:00",FALSE,103,41,"ACC","FBS Independents","2025-10-13",9,-15,5,5,1.71888782439082,-5.47269707308935,-1.35344023526724,3.06853968902663,13.6465597647328,13.6465597647328,"EB_features"
2025,"401756925",8,"2025-10-18 16:00:00",FALSE,248,12,"Big 12","Big 12","2025-10-13",9,3,5,4,-2.40945920466584,0.470354638342979,0.858188340156197,3.06853968902663,-2.1418116598438,2.1418116598438,"EB_features"
2025,"401756927",8,"2025-10-18 16:00:00",FALSE,2628,239,"Big 12","Big 12","2025-10-13",9,6,5,5,8.44129511662675,8.04543425335124,8.13516821898073,3.06853968902663,2.13516821898073,2.13516821898073,"EB_features"
2025,"401762488",8,"2025-10-18 16:00:00",FALSE,2655,349,"American Athletic","American Athletic","2025-10-13",9,7,6,5,1.62669163119909,3.95734375508625,4.98170506276896,3.06853968902663,-2.01829493723104,2.01829493723104,"EB_features"
2025,"401762839",8,"2025-10-18 16:00:00",FALSE,189,2117,"Mid-American","Mid-American","2025-10-13",9,-21,5,5,-8.3054437126546,-11.3002619548927,11.1164636333288,3.06853968902663,32.1164636333288,32.1164636333288,"EB_features"
2025,"401762841",8,"2025-10-18 16:00:00",FALSE,193,2199,"Mid-American","Mid-American","2025-10-13",9,14,5,6,-3.33125934040394,-9.25752914430212,9.60948586260265,3.06853968902663,-4.39051413739735,4.39051413739735,"EB_features"
2025,"401752744",8,"2025-10-18 16:45:00",FALSE,2579,201,"SEC","SEC","2025-10-13",9,-19,5,5,14.6423764188937,12.5660816805827,-1.97797258508249,3.06853968902663,17.0220274149175,17.0220274149175,"EB_features"
2025,"401756928",8,"2025-10-18 17:00:00",FALSE,2116,277,"Big 12","Big 12","2025-10-13",9,32,5,5,-2.27953946864474,-1.70232709348402,7.41308375876395,3.06853968902663,-24.586916241236,24.586916241236,"EB_features"
2025,"401762842",8,"2025-10-18 18:00:00",FALSE,2649,2309,"Mid-American","Mid-American","2025-10-13",9,35,5,5,-1.94061847599451,-18.3038835199581,24.2738170923433,3.06853968902663,-10.7261829076567,10.7261829076567,"EB_features"
2025,"401762840",8,"2025-10-18 18:30:00",FALSE,113,2084,"Mid-American","Mid-American","2025-10-13",9,-7,5,5,-18.3871284252703,-4.0050346210993,-16.0638460619923,3.06853968902663,-9.06384606199234,9.06384606199234,"EB_features"
2025,"401752874",8,"2025-10-18 19:00:00",FALSE,77,2509,"Big Ten","Big Ten","2025-10-13",9,19,5,5,-3.11671803997458,-11.8034153706036,9.15562226872544,3.06853968902663,-9.84437773127456,9.84437773127456,"EB_features"
2025,"401761633",8,"2025-10-18 19:00:00",FALSE,2433,2653,"Sun Belt","Sun Belt","2025-10-13",9,-23,5,4,-6.60113401905456,-5.49427675349189,-6.9483559613152,3.06853968902663,16.0516440386848,16.0516440386848,"EB_features"
2025,"401752739",8,"2025-10-18 19:30:00",FALSE,8,245,"SEC","SEC","2025-10-13",9,-3,5,6,4.96486091361883,17.725953878829,-9.6115333296076,3.06853968902663,-6.6115333296076,6.6115333296076,"EB_features"
2025,"401752742",8,"2025-10-18 19:30:00",FALSE,61,145,"SEC","SEC","2025-10-13",9,8,5,6,22.0397498461784,14.3810800491015,9.97862968035967,3.06853968902663,1.97862968035967,1.97862968035967,"EB_features"
2025,"401752877",8,"2025-10-18 19:30:00",FALSE,275,194,"Big Ten","Big Ten","2025-10-13",9,-34,6,5,5.31282867822306,22.8608603180406,-23.6906829226026,3.06853968902663,10.3093170773974,10.3093170773974,"EB_features"
2025,"401752878",8,"2025-10-18 19:30:00",FALSE,84,127,"Big Ten","Big Ten","2025-10-13",9,25,5,5,10.9714929516635,0.281613267023019,29.0369833318802,3.06853968902663,4.03698333188017,4.03698333188017,"EB_features"
2025,"401754565",8,"2025-10-18 19:30:00",FALSE,228,2567,"ACC","ACC","2025-10-13",9,-11,6,5,17.4253762440298,6.19396953274294,8.75942500348816,3.06853968902663,19.7594250034882,19.7594250034882,"EB_features"
2025,"401760392",8,"2025-10-18 19:30:00",FALSE,2005,2751,"Mountain West","Mountain West","2025-10-13",9,3,5,5,-3.30887942855814,-6.97155706044597,5.2325226383534,3.06853968902663,2.2325226383534,2.2325226383534,"EB_features"
2025,"401760393",8,"2025-10-18 19:30:00",FALSE,68,2439,"Mountain West","Mountain West","2025-10-13",9,25,4,5,7.06755554934872,-2.66626584455864,10.9509393962039,3.06853968902663,-14.0490606037961,14.0490606037961,"EB_features"
2025,"401761629",8,"2025-10-18 19:30:00",FALSE,2026,324,"Sun Belt","Sun Belt","2025-10-13",9,-8,5,5,-8.82377008009426,-6.24337919035539,6.92455546538909,3.06853968902663,14.9245554653891,14.9245554653891,"EB_features"
2025,"401761631",8,"2025-10-18 19:30:00",FALSE,256,295,"Sun Belt","Sun Belt","2025-10-13",9,36,5,5,-0.526214201414518,-0.778797253450381,0.265784889399134,3.06853968902663,-35.7342151106009,35.7342151106009,"EB_features"
2025,"401761632",8,"2025-10-18 19:30:00",FALSE,276,326,"Sun Belt","Sun Belt","2025-10-13",9,3,5,4,-5.60290337972853,-2.46825634282786,-0.0778877678034413,3.06853968902663,-3.07788776780344,3.07788776780344,"EB_features"
2025,"401762489",8,"2025-10-18 19:30:00",FALSE,2429,218,"American Athletic","American Athletic","2025-10-13",9,-35,5,5,-12.3058135001842,-11.3610493190561,-7.68074753487984,3.06853968902663,27.3192524651202,27.3192524651202,"EB_features"
2025,"401762491",8,"2025-10-18 19:30:00",FALSE,249,2636,"American Athletic","American Athletic","2025-10-13",9,38,5,5,-5.68645933793345,-2.89231440688747,4.11911862506449,3.06853968902663,-33.8808813749355,33.8808813749355,"EB_features"
2025,"401762838",8,"2025-10-18 19:30:00",FALSE,2050,2006,"Mid-American","Mid-American","2025-10-13",9,14,5,6,-13.2676300916624,-11.8511737054464,6.1542377460055,3.06853968902663,-7.8457622539945,7.8457622539945,"EB_features"
2025,"401762843",8,"2025-10-18 19:30:00",FALSE,195,2459,"Mid-American","Mid-American","2025-10-13",9,27,5,5,-1.08345284107104,-2.93990993338447,10.3414911376706,3.06853968902663,-16.6585088623294,16.6585088623294,"EB_features"
2025,"401756923",8,"2025-10-18 20:00:00",FALSE,9,2641,"Big 12","Big 12","2025-10-13",9,4,4,5,8.93430367074019,7.67077272956537,-5.06488175996595,3.06853968902663,-9.06488175996595,9.06488175996595,"EB_features"
2025,"401762487",8,"2025-10-18 20:00:00",FALSE,5,235,"American Athletic","American Athletic","2025-10-13",9,7,5,5,-10.9152515776209,-1.21319014743667,-20.0646752689363,3.06853968902663,-27.0646752689363,27.0646752689363,"EB_features"
2025,"401752741",8,"2025-10-18 20:15:00",FALSE,57,344,"SEC","SEC","2025-10-13",9,2,5,5,15.9660512208889,2.05109182314268,11.0845372666051,3.06853968902663,9.08453726660511,9.08453726660511,"EB_features"
2025,"401761668",8,"2025-10-18 21:00:00",FALSE,309,2572,"Sun Belt","Sun Belt","2025-10-13",9,-12,5,5,-3.9675285635357,-17.4791138554505,4.91582024410684,3.06853968902663,16.9158202441068,16.9158202441068,"EB_features"
2025,"401752876",8,"2025-10-18 22:30:00",FALSE,164,2483,"Big Ten","Big Ten","2025-10-13",9,-46,5,5,6.00577572467176,18.746298796518,-15.2750713503729,3.06853968902663,30.7249286496271,30.7249286496271,"EB_features"
2025,"401752951",8,"2025-10-18 22:30:00",FALSE,258,265,"ACC","Pac-12","2025-10-13",9,2,5,5,-4.24079565876744,-2.04502948973106,12.9003473579393,3.06853968902663,10.9003473579393,10.9003473579393,"EB_features"
2025,"401752743",8,"2025-10-18 23:00:00",FALSE,96,251,"SEC","SEC","2025-10-13",9,-3,5,6,4.8652277595157,21.9847760447806,-14.104534758068,3.06853968902663,-11.104534758068,11.104534758068,"EB_features"
2025,"401752875",8,"2025-10-18 23:00:00",FALSE,2294,213,"Big Ten","Big Ten","2025-10-13",9,1,5,5,8.70135746273362,19.8476102333169,3.58720356356367,3.06853968902663,2.58720356356367,2.58720356356367,"EB_features"
2025,"401752879",8,"2025-10-18 23:00:00",FALSE,26,120,"Big Ten","Big Ten","2025-10-13",9,3,6,5,-2.12998270179669,0.0599484190731576,-5.21043419817843,3.06853968902663,-8.21043419817843,8.21043419817843,"EB_features"
2025,"401760394",8,"2025-10-18 23:00:00",FALSE,36,62,"Mountain West","Mountain West","2025-10-13",9,-12,5,5,-6.378729756197,-7.69770912729432,4.94253418650511,3.06853968902663,16.9425341865051,16.9425341865051,"EB_features"
2025,"401761630",8,"2025-10-18 23:00:00",FALSE,290,2247,"Sun Belt","Sun Belt","2025-10-13",9,17,5,5,-1.14732081248697,-7.84150593748559,9.76052559471884,3.06853968902663,-7.23947440528116,7.23947440528116,"EB_features"
2025,"401752738",8,"2025-10-18 23:30:00",FALSE,333,2633,"SEC","SEC","2025-10-13",9,17,6,5,22.7594172290628,15.9208021444484,12.5867443501966,3.06853968902663,-4.41325564980338,4.41325564980338,"EB_features"
2025,"401752871",8,"2025-10-18 23:30:00",FALSE,87,30,"FBS Independents","Big Ten","2025-10-13",9,10,6,6,22.6907546026562,11.7377334980424,10.9691615653427,3.06853968902663,0.969161565342743,0.969161565342743,"EB_features"
2025,"401754568",8,"2025-10-18 23:30:00",FALSE,183,221,"ACC","ACC","2025-10-13",9,-17,5,5,2.67622073580725,2.28907826085556,-2.35446045227799,3.06853968902663,14.645539547722,14.645539547722,"EB_features"
2025,"401762490",8,"2025-10-18 23:30:00",FALSE,58,2226,"American Athletic","American Athletic","2025-10-13",9,35,5,5,-2.48045173472186,-11.5303299537612,24.4822746435259,3.06853968902663,-10.5177253564741,10.5177253564741,"EB_features"
2025,"401752740",8,"2025-10-18 23:45:00",FALSE,2,142,"SEC","SEC","2025-10-13",9,-6,6,5,8.22851950435566,7.74750172226866,2.28060804817373,3.06853968902663,8.28060804817373,8.28060804817373,"EB_features"
2025,"401756924",8,"2025-10-19",FALSE,252,254,"Big 12","Big 12","2025-10-13",9,3,4,4,8.11132203961931,2.5775569465544,3.84395548558198,3.06853968902663,0.843955485581984,0.843955485581984,"EB_features"
2025,"401756926",8,"2025-10-19",FALSE,197,2132,"Big 12","Big 12","2025-10-13",9,-32,5,5,-5.01489434779867,1.61538358881995,-19.2443355157646,3.06853968902663,12.7556644842354,12.7556644842354,"EB_features"
2025,"401760395",8,"2025-10-19 01:45:00",FALSE,167,2440,"Mountain West","Mountain West","2025-10-13",9,2,4,4,-13.0437901474855,-9.32004522792159,11.199914318773,3.06853968902663,9.19991431877301,9.19991431877301,"EB_features"
2025,"401754567",8,"2025-10-19 02:30:00",FALSE,24,52,"ACC","ACC","2025-10-13",9,7,6,5,-2.15917751826698,0.86435617751771,-13.7125273653669,3.06853968902663,-20.7125273653669,20.7125273653669,"EB_features"
2025,"401757285",9,"2025-10-21 23:00:00",FALSE,2229,338,"Conference USA","Conference USA","2025-10-20",10,-19,5,5,-6.24796304749612,-18.3691529051769,1.44988158594863,3.06853968902663,20.4498815859486,20.4498815859486,"EB_features"
2025,"401757286",9,"2025-10-21 23:30:00",FALSE,2348,98,"Conference USA","Conference USA","2025-10-20",10,-1,5,6,-6.98766661885968,-10.1693369301456,10.4400250542988,3.06853968902663,11.4400250542988,11.4400250542988,"EB_features"
2025,"401757287",9,"2025-10-22 23:30:00",FALSE,48,2393,"Conference USA","Conference USA","2025-10-20",10,3,5,5,-8.35912286314077,-12.3401330679578,10.8875879362807,3.06853968902663,7.8875879362807,7.8875879362807,"EB_features"
2025,"401757288",9,"2025-10-23 01:00:00",FALSE,166,2623,"Conference USA","Conference USA","2025-10-20",10,-7,5,5,-12.9208721479374,-6.7625674939902,0.46803728764029,3.06853968902663,7.46803728764029,7.46803728764029,"EB_features"
2025,"401761634",9,"2025-10-23 23:30:00",FALSE,2247,6,"Sun Belt","Sun Belt","2025-10-20",10,-7,6,6,-7.84150593748559,-4.04396015723449,-6.99688357967398,3.06853968902663,0.00311642032602144,0.00311642032602144,"EB_features"
2025,"401762492",9,"2025-10-24 23:00:00",FALSE,2429,249,"American Athletic","American Athletic","2025-10-20",10,-34,6,6,-12.3058135001842,-5.68645933793345,-23.2684502856662,3.06853968902663,10.7315497143338,10.7315497143338,"EB_features"
2025,"401754372",9,"2025-10-24 23:30:00",FALSE,259,25,"ACC","ACC","2025-10-20",10,8,6,6,6.50791297400035,-0.761990037176097,6.26805587903338,3.06853968902663,-1.73194412096662,1.73194412096662,"EB_features"
2025,"401760397",9,"2025-10-25 02:00:00",FALSE,2440,68,"Mountain West","Mountain West","2025-10-20",10,-21,5,6,-9.32004522792159,7.06755554934872,-21.3490038572067,3.06853968902663,-0.349003857206654,0.349003857206654,"EB_features"
2025,"401752750",9,"2025-10-25 16:00:00",FALSE,201,145,"SEC","SEC","2025-10-20",10,-8,6,7,12.5660816805827,14.3810800491015,4.10614683608218,3.06853968902663,12.1061468360822,12.1061468360822,"EB_features"
2025,"401752883",9,"2025-10-25 16:00:00",FALSE,158,77,"Big Ten","Big Ten","2025-10-20",10,7,6,6,9.0440770430917,-3.11671803997458,12.0569824845446,3.06853968902663,5.05698248454456,5.05698248454456,"EB_features"
2025,"401752884",9,"2025-10-25 16:00:00",FALSE,2509,164,"Big Ten","Big Ten","2025-10-20",10,-3,6,6,-11.8034153706036,6.00577572467176,-5.26482191529755,3.06853968902663,-2.26482191529755,2.26482191529755,"EB_features"
2025,"401752885",9,"2025-10-25 16:00:00",FALSE,84,26,"Big Ten","Big Ten","2025-10-20",10,50,6,7,10.9714929516635,-2.12998270179669,28.5780145704819,3.06853968902663,-21.4219854295181,21.4219854295181,"EB_features"
2025,"401752942",9,"2025-10-25 16:00:00",FALSE,154,2567,"ACC","ACC","2025-10-20",10,1,5,6,-5.46843378553135,6.19396953274294,-7.93517834061648,3.06853968902663,-8.93517834061648,8.93517834061648,"EB_features"
2025,"401754571",9,"2025-10-25 16:00:00",FALSE,59,183,"ACC","ACC","2025-10-20",10,25,6,6,5.83660898315793,2.67622073580725,13.2496414729904,3.06853968902663,-11.7503585270096,11.7503585270096,"EB_features"
2025,"401754573",9,"2025-10-25 16:00:00",FALSE,153,258,"ACC","ACC","2025-10-20",10,-1,5,6,-1.50901957051974,-4.24079565876744,-10.9869708571639,3.06853968902663,-9.98697085716389,9.98697085716389,"EB_features"
2025,"401756932",9,"2025-10-25 16:00:00",FALSE,2305,2306,"Big 12","Big 12","2025-10-20",10,-25,6,6,0.361557837193227,9.05591446496782,-0.659746230738969,3.06853968902663,24.340253769261,24.340253769261,"EB_features"
2025,"401761635",9,"2025-10-25 16:00:00",FALSE,295,2026,"Sun Belt","Sun Belt","2025-10-20",10,3,6,6,-0.778797253450381,-8.82377008009426,14.3727888988255,3.06853968902663,11.3727888988255,11.3727888988255,"EB_features"
2025,"401762494",9,"2025-10-25 16:00:00",FALSE,235,58,"American Athletic","American Athletic","2025-10-20",10,3,6,6,-1.21319014743667,-2.48045173472186,-0.367911786686234,3.06853968902663,-3.36791178668623,3.36791178668623,"EB_features"
2025,"401762846",9,"2025-10-25 16:00:00",FALSE,2309,189,"Mid-American","Mid-American","2025-10-20",10,3,6,6,-18.3038835199581,-8.3054437126546,-8.02840157378974,3.06853968902663,-11.0284015737897,11.0284015737897,"EB_features"
2025,"401762848",9,"2025-10-25 16:00:00",FALSE,2199,195,"Mid-American","Mid-American","2025-10-20",10,-7,7,6,-9.25752914430212,-1.08345284107104,-9.456956110375,3.06853968902663,-2.456956110375,2.456956110375,"EB_features"
2025,"401752746",9,"2025-10-25 16:45:00",FALSE,8,2,"SEC","SEC","2025-10-20",10,-9,6,7,4.96486091361883,8.22851950435566,-0.45360478791776,3.06853968902663,8.54639521208224,8.54639521208224,"EB_features"
2025,"401762844",9,"2025-10-25 17:00:00",FALSE,2084,2006,"Mid-American","Mid-American","2025-10-20",10,-8,6,7,-4.0050346210993,-11.8511737054464,16.1056596208535,3.06853968902663,24.1056596208535,24.1056596208535,"EB_features"
2025,"401757172",9,"2025-10-25 19:00:00",FALSE,242,41,"American Athletic","FBS Independents","2025-10-20",10,3,6,6,-9.6065480416369,-5.47269707308935,-11.1433450077169,3.06853968902663,-14.1433450077169,14.1433450077169,"EB_features"
2025,"401760400",9,"2025-10-25 19:00:00",FALSE,167,328,"Mountain West","Mountain West","2025-10-20",10,19,5,6,-13.0437901474855,-8.74957201284489,4.00842433976372,3.06853968902663,-14.9915756602363,14.9915756602363,"EB_features"
2025,"401752751",9,"2025-10-25 19:30:00",FALSE,2579,333,"SEC","SEC","2025-10-20",10,-7,6,7,14.6423764188937,22.7594172290628,-12.2250304554832,3.06853968902663,-5.22503045548323,5.22503045548323,"EB_features"
2025,"401752752",9,"2025-10-25 19:30:00",FALSE,238,142,"SEC","SEC","2025-10-20",10,7,6,6,6.68913998679398,7.74750172226866,5.72104725608848,3.06853968902663,-1.27895274391152,1.27895274391152,"EB_features"
2025,"401752880",9,"2025-10-25 19:30:00",FALSE,264,356,"Big Ten","Big Ten","2025-10-20",10,17,6,6,4.4384078588802,6.73469998783693,2.56413525999199,3.06853968902663,-14.435864740008,14.435864740008,"EB_features"
2025,"401752882",9,"2025-10-25 19:30:00",FALSE,2294,135,"Big Ten","Big Ten","2025-10-20",10,38,6,6,8.70135746273362,6.52202382491824,13.8868877258489,3.06853968902663,-24.1131122741511,24.1131122741511,"EB_features"
2025,"401752952",9,"2025-10-25 19:30:00",FALSE,265,2649,"Pac-12","Mid-American","2025-10-20",10,21,6,6,-2.04502948973106,-1.94061847599451,-0.698582640984686,3.06853968902663,-21.6985826409847,21.6985826409847,"EB_features"
2025,"401754574",9,"2025-10-25 19:30:00",FALSE,221,152,"ACC","ACC","2025-10-20",10,19,6,6,2.28907826085556,1.58309818541903,8.59729996958228,3.06853968902663,-10.4027000304177,10.4027000304177,"EB_features"
2025,"401756931",9,"2025-10-25 19:30:00",FALSE,66,252,"Big 12","Big 12","2025-10-20",10,-14,6,5,8.96318904974682,8.11132203961931,0.914117800796646,3.06853968902663,14.9141178007966,14.9141178007966,"EB_features"
2025,"401760399",9,"2025-10-25 19:30:00",FALSE,278,21,"Mountain West","Mountain West","2025-10-20",10,-23,6,5,-5.69962548200953,-10.6140674703692,-2.63566960661031,3.06853968902663,20.3643303933897,20.3643303933897,"EB_features"
2025,"401761637",9,"2025-10-25 19:30:00",FALSE,2572,2433,"Sun Belt","Sun Belt","2025-10-20",10,28,6,6,-17.4791138554505,-6.60113401905456,9.73212790711117,3.06853968902663,-18.2678720928888,18.2678720928888,"EB_features"
2025,"401762493",9,"2025-10-25 19:30:00",FALSE,2426,2226,"American Athletic","American Athletic","2025-10-20",10,10,5,6,1.58884787309985,-11.5303299537612,16.838437370265,3.06853968902663,6.83843737026505,6.83843737026505,"EB_features"
2025,"401762495",9,"2025-10-25 19:30:00",FALSE,202,218,"American Athletic","American Athletic","2025-10-20",10,-1,6,6,-17.1692609785202,-11.3610493190561,-8.81610736943815,3.06853968902663,-7.81610736943815,7.81610736943815,"EB_features"
2025,"401762845",9,"2025-10-25 19:30:00",FALSE,2459,2050,"Mid-American","Mid-American","2025-10-20",10,14,6,6,-2.93990993338447,-13.2676300916624,10.2446371602258,3.06853968902663,-3.75536283977416,3.75536283977416,"EB_features"
2025,"401762847",9,"2025-10-25 19:30:00",FALSE,2117,113,"Mid-American","Mid-American","2025-10-20",10,25,6,6,-11.3002619548927,-18.3871284252703,17.096685391594,3.06853968902663,-7.90331460840595,7.90331460840595,"EB_features"
2025,"401762874",9,"2025-10-25 19:30:00",FALSE,193,2711,"Mid-American","Mid-American","2025-10-20",10,9,6,6,-3.33125934040394,-8.34626561869253,3.07698139119852,3.06853968902663,-5.92301860880148,5.92301860880148,"EB_features"
2025,"401756930",9,"2025-10-25 20:00:00",FALSE,2132,239,"Big 12","Big 12","2025-10-20",10,21,5,6,1.61538358881995,8.04543425335124,1.49875783529738,3.06853968902663,-19.5012421647026,19.5012421647026,"EB_features"
2025,"401756933",9,"2025-10-25 20:00:00",FALSE,2641,197,"Big 12","Big 12","2025-10-20",10,42,6,5,7.67077272956537,-5.01489434779867,37.1603965630137,3.06853968902663,-4.83960343698633,4.83960343698633,"EB_features"
2025,"401752749",9,"2025-10-25 20:15:00",FALSE,344,251,"SEC","SEC","2025-10-20",10,-7,6,7,2.05109182314268,21.9847760447806,-11.8035007948371,3.06853968902663,-4.80350079483707,4.80350079483707,"EB_features"
2025,"401756935",9,"2025-10-25 22:00:00",FALSE,277,2628,"Big 12","Big 12","2025-10-20",10,-6,6,6,-1.70232709348402,8.44129511662675,-15.9976943445706,3.06853968902663,-9.99769434457061,9.99769434457061,"EB_features"
2025,"401752886",9,"2025-10-25 23:00:00",FALSE,2483,275,"Big Ten","Big Ten","2025-10-20",10,14,6,7,18.746298796518,5.31282867822306,28.7548583306582,3.06853968902663,14.7548583306582,14.7548583306582,"EB_features"
2025,"401754572",9,"2025-10-25 23:00:00",FALSE,2390,24,"ACC","ACC","2025-10-20",10,35,5,6,14.7526570772521,-2.15917751826698,30.4296352917791,3.06853968902663,-4.57036470822092,4.57036470822092,"EB_features"
2025,"401761636",9,"2025-10-25 23:00:00",FALSE,2032,290,"Sun Belt","Sun Belt","2025-10-20",10,10,6,6,-6.21053484964947,-1.14732081248697,1.65684888821159,3.06853968902663,-8.34315111178841,8.34315111178841,"EB_features"
2025,"401761638",9,"2025-10-25 23:00:00",FALSE,2653,309,"Sun Belt","Sun Belt","2025-10-20",10,12,6,6,-5.49427675349189,-3.9675285635357,10.9871659044797,3.06853968902663,-1.01283409552026,1.01283409552026,"EB_features"
2025,"401752748",9,"2025-10-25 23:30:00",FALSE,99,245,"SEC","SEC","2025-10-20",10,-24,6,7,16.4064011851515,17.725953878829,0.429867968314253,3.06853968902663,24.4298679683143,24.4298679683143,"EB_features"
2025,"401752881",9,"2025-10-25 23:30:00",FALSE,127,130,"Big Ten","Big Ten","2025-10-20",10,-11,6,7,0.281613267023019,13.7167245408339,-15.4051871502426,3.06853968902663,-4.40518715024255,4.40518715024255,"EB_features"
2025,"401754570",9,"2025-10-25 23:30:00",FALSE,97,103,"ACC","ACC","2025-10-20",10,14,5,6,4.99706704038564,1.71888782439082,22.2891375366043,3.06853968902663,8.28913753660432,8.28913753660432,"EB_features"
2025,"401760398",9,"2025-10-25 23:30:00",FALSE,2751,36,"Mountain West","Mountain West","2025-10-20",10,28,6,6,-6.97155706044597,-6.378729756197,2.38211467431185,3.06853968902663,-25.6178853256881,25.6178853256881,"EB_features"
2025,"401752747",9,"2025-10-25 23:45:00",FALSE,96,2633,"SEC","SEC","2025-10-20",10,-22,6,6,4.8652277595157,15.9208021444484,-7.12054300001231,3.06853968902663,14.8794569999877,14.8794569999877,"EB_features"
2025,"401756929",9,"2025-10-26",FALSE,9,248,"Big 12","Big 12","2025-10-20",10,-8,6,6,8.93430367074019,-2.40945920466584,9.97699173277558,3.06853968902663,17.9769917327756,17.9769917327756,"EB_features"
2025,"401756934",9,"2025-10-26 02:15:00",FALSE,254,38,"Big 12","Big 12","2025-10-20",10,46,5,7,2.5775569465544,6.02126994888183,12.0252973686761,3.06853968902663,-33.9747026313239,33.9747026313239,"EB_features"
2025,"401757289",10,"2025-10-29",FALSE,338,2638,"Conference USA","Conference USA","2025-10-27",11,13,6,6,-18.3691529051769,-9.57717771398051,7.47884715599736,3.06853968902663,-5.52115284400264,5.52115284400264,"EB_features"
2025,"401761639",10,"2025-10-29",FALSE,326,256,"Sun Belt","Sun Belt","2025-10-27",11,-32,6,6,-2.46825634282786,-0.526214201414518,-3.53644973096831,3.06853968902663,28.4635502690317,28.4635502690317,"EB_features"
2025,"401757292",10,"2025-10-29 23:30:00",FALSE,2393,55,"Conference USA","Conference USA","2025-10-27",11,-3,6,6,-12.3401330679578,-8.09106963085991,-2.68350302580688,3.06853968902663,0.316496974193125,0.316496974193125,"EB_features"
2025,"401757291",10,"2025-10-30",FALSE,2623,2229,"Conference USA","Conference USA","2025-10-27",11,7,6,6,-6.7625674939902,-6.24796304749612,6.2455955885527,3.06853968902663,-0.754404411447295,0.754404411447295,"EB_features"
2025,"401761640",10,"2025-10-30 23:30:00",FALSE,324,276,"Sun Belt","Sun Belt","2025-10-27",11,17,6,6,-6.24337919035539,-5.60290337972853,-5.74395634567316,3.06853968902663,-22.7439563456732,22.7439563456732,"EB_features"
2025,"401762443",10,"2025-10-30 23:30:00",FALSE,2636,2655,"American Athletic","American Athletic","2025-10-27",11,22,6,7,-2.89231440688747,1.62669163119909,-3.34513097327536,3.06853968902663,-25.3451309732754,25.3451309732754,"EB_features"
2025,"401762497",10,"2025-10-31 23:00:00",FALSE,242,235,"American Athletic","American Athletic","2025-10-27",11,-24,7,7,-9.6065480416369,-1.21319014743667,-17.0222685920329,3.06853968902663,6.97773140796712,6.97773140796712,"EB_features"
2025,"401754575",10,"2025-10-31 23:30:00",FALSE,183,153,"ACC","ACC","2025-10-27",11,-17,7,6,2.67622073580725,-1.50901957051974,9.25143391654,3.06853968902663,26.25143391654,26.25143391654,"EB_features"
2025,"401757290",10,"2025-11-01",FALSE,2348,2534,"Conference USA","Conference USA","2025-10-27",11,41,6,7,-6.98766661885968,-9.51972831391433,17.73530030627,3.06853968902663,-23.26469969373,23.26469969373,"EB_features"
2025,"401752758",10,"2025-11-01 16:00:00",FALSE,251,238,"SEC","SEC","2025-10-27",11,3,8,7,21.9847760447806,6.68913998679398,7.42361501406741,3.06853968902663,4.42361501406741,4.42361501406741,"EB_features"
2025,"401752889",10,"2025-11-01 16:00:00",FALSE,194,213,"Big Ten","Big Ten","2025-10-27",11,24,6,6,22.8608603180406,19.8476102333169,17.2556967394383,3.06853968902663,-6.74430326056166,6.74430326056166,"EB_features"
2025,"401752891",10,"2025-11-01 16:00:00",FALSE,356,164,"Big Ten","Big Ten","2025-10-27",11,22,7,7,6.73469998783693,6.00577572467176,10.5868077501269,3.06853968902663,-11.4131922498731,11.4131922498731,"EB_features"
2025,"401754577",10,"2025-11-01 16:00:00",FALSE,228,150,"ACC","ACC","2025-10-27",11,-1,7,6,17.4253762440298,1.11565255876982,9.10967538538734,3.06853968902663,10.1096753853873,10.1096753853873,"EB_features"
2025,"401754581",10,"2025-11-01 16:00:00",FALSE,2567,2390,"ACC","ACC","2025-10-27",11,6,7,6,6.19396953274294,14.7526570772521,-9.73842123574322,3.06853968902663,-15.7384212357432,15.7384212357432,"EB_features"
2025,"401756936",10,"2025-11-01 16:00:00",FALSE,239,2116,"Big 12","Big 12","2025-10-27",11,27,7,6,8.04543425335124,-2.27953946864474,6.86626468609035,3.06853968902663,-20.1337353139097,20.1337353139097,"EB_features"
2025,"401756938",10,"2025-11-01 16:00:00",FALSE,248,277,"Big 12","Big 12","2025-10-27",11,-10,6,7,-2.40945920466584,-1.70232709348402,11.3613358461701,3.06853968902663,21.3613358461701,21.3613358461701,"EB_features"
2025,"401757173",10,"2025-11-01 16:00:00",FALSE,41,5,"FBS Independents","American Athletic","2025-10-27",11,19,7,6,-5.47269707308935,-10.9152515776209,12.8306974583154,3.06853968902663,-6.16930254168462,6.16930254168462,"EB_features"
2025,"401760401",10,"2025-11-01 16:00:00",FALSE,2005,349,"Mountain West","American Athletic","2025-10-27",11,-3,6,6,-3.30887942855814,3.95734375508625,-5.29185910557333,3.06853968902663,-2.29185910557333,2.29185910557333,"EB_features"
2025,"401762499",10,"2025-11-01 16:00:00",FALSE,249,2426,"American Athletic","American Athletic","2025-10-27",11,14,7,6,-5.68645933793345,1.58884787309985,10.1428739007654,3.06853968902663,-3.85712609923464,3.85712609923464,"EB_features"
2025,"401762849",10,"2025-11-01 16:00:00",FALSE,189,2084,"Mid-American","Mid-American","2025-10-27",11,-25,7,7,-8.3054437126546,-4.0050346210993,3.21791310384993,3.06853968902663,28.2179131038499,28.2179131038499,"EB_features"
2025,"401756939",10,"2025-11-01 17:00:00",FALSE,66,9,"Big 12","Big 12","2025-10-27",11,-5,7,6,8.96318904974682,8.93430367074019,3.29283063799997,3.06853968902663,8.29283063799997,8.29283063799997,"EB_features"
2025,"401762498",10,"2025-11-01 18:00:00",FALSE,218,151,"American Athletic","American Athletic","2025-10-27",11,-31,7,6,-11.3610493190561,-3.40008941397468,-5.34664692763719,3.06853968902663,25.6533530723628,25.6533530723628,"EB_features"
2025,"401754580",10,"2025-11-01 19:00:00",FALSE,259,97,"ACC","ACC","2025-10-27",11,-12,7,6,6.50791297400035,4.99706704038564,-7.2635366821496,3.06853968902663,4.7364633178504,4.7364633178504,"EB_features"
2025,"401760404",10,"2025-11-01 19:00:00",FALSE,2439,167,"Mountain West","Mountain West","2025-10-27",11,-5,6,7,-2.66626584455864,-13.0437901474855,5.52167737334081,3.06853968902663,10.5216773733408,10.5216773733408,"EB_features"
2025,"401752755",10,"2025-11-01 19:30:00",TRUE,57,61,"SEC","SEC","2025-10-27",11,-4,6,6,15.9660512208889,22.0397498461784,-11.7116791736798,3.06853968902663,-7.71167917367976,7.71167917367976,"EB_features"
2025,"401752887",10,"2025-11-01 19:30:00",FALSE,120,84,"Big Ten","Big Ten","2025-10-27",11,-45,6,7,0.0599484190731576,10.9714929516635,-18.3260068311147,3.06853968902663,26.6739931688853,26.6739931688853,"EB_features"
2025,"401752888",10,"2025-11-01 19:30:00",FALSE,135,127,"Big Ten","Big Ten","2025-10-27",11,3,7,7,6.52202382491824,0.281613267023019,5.76890212776035,3.06853968902663,2.76890212776035,2.76890212776035,"EB_features"
2025,"401754582",10,"2025-11-01 19:30:00",FALSE,24,221,"ACC","ACC","2025-10-27",11,-15,8,7,-2.15917751826698,2.28907826085556,-10.6943863225442,3.06853968902663,4.30561367745575,4.30561367745575,"EB_features"
2025,"401754583",10,"2025-11-01 19:30:00",FALSE,103,87,"ACC","FBS Independents","2025-10-27",11,-15,7,7,1.71888782439082,22.6907546026562,-31.7332544821848,3.06853968902663,-16.7332544821848,16.7332544821848,"EB_features"
2025,"401756941",10,"2025-11-01 19:30:00",FALSE,2306,2641,"Big 12","Big 12","2025-10-27",11,-23,7,7,9.05591446496782,7.67077272956537,-4.56087497683008,3.06853968902663,18.4391250231699,18.4391250231699,"EB_features"
2025,"401757293",10,"2025-11-01 19:30:00",FALSE,2335,48,"Conference USA","Conference USA","2025-10-27",11,29,6,6,-7.92289987990132,-8.35912286314077,1.56682154087335,3.06853968902663,-27.4331784591267,27.4331784591267,"EB_features"
2025,"401757294",10,"2025-11-01 19:30:00",FALSE,98,166,"Conference USA","Conference USA","2025-10-27",11,19,7,6,-10.1693369301456,-12.9208721479374,7.79458494898143,3.06853968902663,-11.2054150510186,11.2054150510186,"EB_features"
2025,"401760402",10,"2025-11-01 19:30:00",FALSE,68,278,"Mountain West","Mountain West","2025-10-27",11,-23,7,7,7.06755554934872,-5.69962548200953,20.7465068180598,3.06853968902663,43.7465068180598,43.7465068180598,"EB_features"
2025,"401761641",10,"2025-11-01 19:30:00",FALSE,2433,295,"Sun Belt","Sun Belt","2025-10-27",11,-25,7,7,-6.60113401905456,-0.778797253450381,-14.1348070878336,3.06853968902663,10.8651929121664,10.8651929121664,"EB_features"
2025,"401761642",10,"2025-11-01 19:30:00",FALSE,6,309,"Sun Belt","Sun Belt","2025-10-27",11,-9,7,7,-4.04396015723449,-3.9675285635357,5.67189688591502,3.06853968902663,14.671896885915,14.671896885915,"EB_features"
2025,"401754576",10,"2025-11-01 19:45:00",FALSE,25,258,"ACC","ACC","2025-10-27",11,-10,7,7,-0.761990037176097,-4.24079565876744,-5.82930461375858,3.06853968902663,4.17069538624142,4.17069538624142,"EB_features"
2025,"401752753",10,"2025-11-01 20:00:00",FALSE,8,344,"SEC","SEC","2025-10-27",11,-3,7,7,4.96486091361883,2.05109182314268,3.98233010123832,3.06853968902663,6.98233010123832,6.98233010123832,"EB_features"
2025,"401756940",10,"2025-11-01 20:00:00",FALSE,2305,197,"Big 12","Big 12","2025-10-27",11,17,7,7,0.361557837193227,-5.01489434779867,23.8262961000991,3.06853968902663,6.82629610009909,6.82629610009909,"EB_features"
2025,"401762850",10,"2025-11-01 20:00:00",FALSE,2711,2117,"Mid-American","Mid-American","2025-10-27",11,3,7,7,-8.34626561869253,-11.3002619548927,7.69331282721348,3.06853968902663,4.69331282721348,4.69331282721348,"EB_features"
2025,"401752756",10,"2025-11-01 23:00:00",FALSE,145,2579,"SEC","SEC","2025-10-27",11,16,8,7,14.3810800491015,14.6423764188937,11.1019165896809,3.06853968902663,-4.89808341031915,4.89808341031915,"EB_features"
2025,"401752890",10,"2025-11-01 23:00:00",FALSE,130,2509,"Big Ten","Big Ten","2025-10-27",11,5,8,7,13.7167245408339,-11.8034153706036,25.8614680894325,3.06853968902663,20.8614680894325,20.8614680894325,"EB_features"
2025,"401756937",10,"2025-11-01 23:00:00",FALSE,38,12,"Big 12","Big 12","2025-10-27",11,-35,7,6,6.02126994888183,0.470354638342979,3.9925155521121,3.06853968902663,38.9925155521121,38.9925155521121,"EB_features"
2025,"401760405",10,"2025-11-01 23:00:00",FALSE,21,2751,"Mountain West","Mountain West","2025-10-27",11,17,6,7,-10.6140674703692,-6.97155706044597,10.0226181848796,3.06853968902663,-6.97738181512043,6.97738181512043,"EB_features"
2025,"401752754",10,"2025-11-01 23:30:00",FALSE,2,96,"SEC","SEC","2025-10-27",11,-7,8,7,8.22851950435566,4.8652277595157,11.1895414824255,3.06853968902663,18.1895414824255,18.1895414824255,"EB_features"
2025,"401752757",10,"2025-11-01 23:30:00",FALSE,2633,201,"SEC","SEC","2025-10-27",11,-6,7,7,15.9208021444484,12.5660816805827,2.42507651717551,3.06853968902663,8.42507651717551,8.42507651717551,"EB_features"
2025,"401752892",10,"2025-11-01 23:30:00",FALSE,158,30,"Big Ten","Big Ten","2025-10-27",11,-4,7,7,9.0440770430917,11.7377334980424,-5.26104740450838,3.06853968902663,-1.26104740450838,1.26104740450838,"EB_features"
2025,"401752943",10,"2025-11-01 23:30:00",FALSE,204,265,"Pac-12","Pac-12","2025-10-27",11,3,7,7,-4.28141298295046,-2.04502948973106,-8.05389603108419,3.06853968902663,-11.0538960310842,11.0538960310842,"EB_features"
2025,"401754578",10,"2025-11-01 23:30:00",FALSE,52,154,"ACC","ACC","2025-10-27",11,35,6,6,0.86435617751771,-5.46843378553135,11.6502653816228,3.06853968902663,-23.3497346183772,23.3497346183772,"EB_features"
2025,"401754579",10,"2025-11-01 23:30:00",FALSE,152,59,"ACC","ACC","2025-10-27",11,12,7,7,1.58309818541903,5.83660898315793,-6.19044601071297,3.06853968902663,-18.190446010713,18.190446010713,"EB_features"
2025,"401761643",10,"2025-11-02",FALSE,2653,2032,"Sun Belt","Sun Belt","2025-10-27",11,-13,7,7,-5.49427675349189,-6.21053484964947,10.406754870835,3.06853968902663,23.406754870835,23.406754870835,"EB_features"
2025,"401756942",10,"2025-11-02 02:15:00",FALSE,254,2132,"Big 12","Big 12","2025-10-27",11,31,6,7,2.5775569465544,1.61538358881995,9.09914133751068,3.06853968902663,-21.9008586624893,21.9008586624893,"EB_features"
2025,"401760403",10,"2025-11-02 02:30:00",FALSE,23,62,"Mountain West","Mountain West","2025-10-27",11,7,6,7,-2.85904759573678,-7.69770912729432,3.40117480473674,3.06853968902663,-3.59882519526326,3.59882519526326,"EB_features"
2025,"401762851",11,"2025-11-05",FALSE,2006,113,"Mid-American","Mid-American","2025-11-03",12,34,8,7,-11.8511737054464,-18.3871284252703,10.4941010455491,3.06853968902663,-23.5058989544509,23.5058989544509,"EB_features"
2025,"401762852",11,"2025-11-05",FALSE,195,193,"Mid-American","Mid-American","2025-11-03",12,4,7,7,-1.08345284107104,-3.33125934040394,7.98061322113833,3.06853968902663,3.98061322113833,3.98061322113833,"EB_features"
2025,"401762853",11,"2025-11-06",FALSE,2050,2309,"Mid-American","Mid-American","2025-11-03",12,4,7,7,-13.2676300916624,-18.3038835199581,5.87930966099047,3.06853968902663,1.87930966099047,1.87930966099047,"EB_features"
2025,"401762854",11,"2025-11-06",FALSE,2649,2459,"Mid-American","Mid-American","2025-11-03",12,39,7,7,-1.94061847599451,-2.93990993338447,12.4022992563282,3.06853968902663,-26.5977007436718,26.5977007436718,"EB_features"
2025,"401761644",11,"2025-11-07 00:30:00",FALSE,2026,290,"Sun Belt","Sun Belt","2025-11-03",12,-2,7,7,-8.82377008009426,-1.14732081248697,3.06743893288584,3.06853968902663,5.06743893288584,5.06743893288584,"EB_features"
2025,"401762500",11,"2025-11-07 00:30:00",FALSE,58,2636,"American Athletic","American Athletic","2025-11-03",12,32,7,7,-2.48045173472186,-2.89231440688747,12.2633345350986,3.06853968902663,-19.7366654649014,19.7366654649014,"EB_features"
2025,"401756946",11,"2025-11-08 01:00:00",FALSE,2116,248,"Big 12","Big 12","2025-11-03",12,-3,7,8,-2.27953946864474,-2.40945920466584,1.35043088853811,3.06853968902663,4.35043088853811,4.35043088853811,"EB_features"
2025,"401752896",11,"2025-11-08 02:00:00",FALSE,30,77,"Big Ten","Big Ten","2025-11-03",12,21,8,7,11.7377334980424,-3.11671803997458,20.1878758578971,3.06853968902663,-0.812124142102874,0.812124142102874,"EB_features"
2025,"401762501",11,"2025-11-08 02:00:00",FALSE,235,2655,"American Athletic","American Athletic","2025-11-03",12,-6,8,8,-1.21319014743667,1.62669163119909,7.29291022169801,3.06853968902663,13.292910221698,13.292910221698,"EB_features"
2025,"401752762",11,"2025-11-08 17:00:00",FALSE,344,61,"SEC","SEC","2025-11-03",12,-20,8,7,2.05109182314268,22.0397498461784,-12.7216387268222,3.06853968902663,7.27836127317776,7.27836127317776,"EB_features"
2025,"401752893",11,"2025-11-08 17:00:00",FALSE,213,84,"Big Ten","Big Ten","2025-11-03",12,-3,7,8,19.8476102333169,10.9714929516635,-10.3795824271391,3.06853968902663,-7.37958242713906,7.37958242713906,"EB_features"
2025,"401754584",11,"2025-11-08 17:00:00",FALSE,103,2567,"ACC","ACC","2025-11-03",12,-32,8,8,1.71888782439082,6.19396953274294,-13.0007122088012,3.06853968902663,18.9992877911988,18.9992877911988,"EB_features"
2025,"401756945",11,"2025-11-08 17:00:00",FALSE,2641,252,"Big 12","Big 12","2025-11-03",12,22,8,7,7.67077272956537,8.11132203961931,9.37626315918297,3.06853968902663,-12.623736840817,12.623736840817,"EB_features"
2025,"401756947",11,"2025-11-08 17:00:00",FALSE,277,38,"Big 12","Big 12","2025-11-03",12,7,8,9,-1.70232709348402,6.02126994888183,-0.708400863138855,3.06853968902663,-7.70840086313886,7.70840086313886,"EB_features"
2025,"401761646",11,"2025-11-08 17:00:00",FALSE,276,256,"Sun Belt","Sun Belt","2025-11-03",12,-12,7,7,-5.60290337972853,-0.526214201414518,-9.90617517043672,3.06853968902663,2.09382482956328,2.09382482956328,"EB_features"
2025,"401761647",11,"2025-11-08 17:00:00",FALSE,2032,2572,"Sun Belt","Sun Belt","2025-11-03",12,-6,7,7,-6.21053484964947,-17.4791138554505,-0.111982974439221,3.06853968902663,5.88801702556078,5.88801702556078,"EB_features"
2025,"401762503",11,"2025-11-08 17:00:00",FALSE,349,218,"American Athletic","American Athletic","2025-11-03",12,1,7,8,3.95734375508625,-11.3610493190561,12.9470324091724,3.06853968902663,11.9470324091724,11.9470324091724,"EB_features"
2025,"401752897",11,"2025-11-08 18:00:00",FALSE,2509,194,"Big Ten","Big Ten","2025-11-03",12,-24,8,7,-11.8034153706036,22.8608603180406,-31.4530890395724,3.06853968902663,-7.45308903957236,7.45308903957236,"EB_features"
2025,"401757299",11,"2025-11-08 18:00:00",FALSE,2335,2623,"Conference USA","Conference USA","2025-11-03",12,-4,7,7,-7.92289987990132,-6.7625674939902,5.76082250237295,3.06853968902663,9.76082250237295,9.76082250237295,"EB_features"
2025,"401762855",11,"2025-11-08 18:00:00",FALSE,2199,189,"Mid-American","Mid-American","2025-11-03",12,6,8,8,-9.25752914430212,-8.3054437126546,3.22087023882945,3.06853968902663,-2.77912976117055,2.77912976117055,"EB_features"
2025,"401762502",11,"2025-11-08 19:00:00",FALSE,242,5,"American Athletic","American Athletic","2025-11-03",12,7,8,7,-9.6065480416369,-10.9152515776209,1.77533115259296,3.06853968902663,-5.22466884740704,5.22466884740704,"EB_features"
2025,"401752894",11,"2025-11-08 19:30:00",FALSE,164,120,"Big Ten","Big Ten","2025-11-03",12,15,8,7,6.00577572467176,0.0599484190731576,2.57968283100043,3.06853968902663,-12.4203171689996,12.4203171689996,"EB_features"
2025,"401757295",11,"2025-11-08 20:00:00",FALSE,48,2348,"Conference USA","Conference USA","2025-11-03",12,1,7,7,-8.35912286314077,-6.98766661885968,-6.20964872415973,3.06853968902663,-7.20964872415973,7.20964872415973,"EB_features"
2025,"401757296",11,"2025-11-08 20:00:00",FALSE,2393,2229,"Conference USA","Conference USA","2025-11-03",12,-26,7,7,-12.3401330679578,-6.24796304749612,2.20343259794304,3.06853968902663,28.203432597943,28.203432597943,"EB_features"
2025,"401757297",11,"2025-11-08 20:00:00",FALSE,2638,55,"Conference USA","Conference USA","2025-11-03",12,-3,7,7,-9.57717771398051,-8.09106963085991,-0.601120550079399,3.06853968902663,2.3988794499206,2.3988794499206,"EB_features"
2025,"401762504",11,"2025-11-08 20:00:00",FALSE,151,2429,"American Athletic","American Athletic","2025-11-03",12,26,7,7,-3.40008941397468,-12.3058135001842,29.5458979158128,3.06853968902663,3.54589791581283,3.54589791581283,"EB_features"
2025,"401762505",11,"2025-11-08 20:00:00",FALSE,2226,202,"American Athletic","American Athletic","2025-11-03",12,19,7,7,-11.5303299537612,-17.1692609785202,6.04380876187061,3.06853968902663,-12.9561912381294,12.9561912381294,"EB_features"
2025,"401752763",11,"2025-11-08 20:30:00",FALSE,142,245,"SEC","SEC","2025-11-03",12,-21,7,8,7.74750172226866,17.725953878829,-4.78014475460287,3.06853968902663,16.2198552453971,16.2198552453971,"EB_features"
2025,"401752898",11,"2025-11-08 20:30:00",FALSE,2294,2483,"Big Ten","Big Ten","2025-11-03",12,-2,7,7,8.70135746273362,18.746298796518,-5.65582552093277,3.06853968902663,-3.65582552093277,3.65582552093277,"EB_features"
2025,"401754587",11,"2025-11-08 20:30:00",FALSE,2390,183,"ACC","ACC","2025-11-03",12,28,7,8,14.7526570772521,2.67622073580725,26.7800308869736,3.06853968902663,-1.21996911302639,1.21996911302639,"EB_features"
2025,"401754590",11,"2025-11-08 20:30:00",FALSE,41,150,"FBS Independents","ACC","2025-11-03",12,3,8,7,-5.47269707308935,1.11565255876982,-6.22549733266235,3.06853968902663,-9.22549733266235,9.22549733266235,"EB_features"
2025,"401756943",11,"2025-11-08 20:30:00",FALSE,12,2305,"Big 12","Big 12","2025-11-03",12,4,7,8,0.470354638342979,0.361557837193227,7.2655672091946,3.06853968902663,3.2655672091946,3.2655672091946,"EB_features"
2025,"401756944",11,"2025-11-08 20:30:00",FALSE,2628,66,"Big 12","Big 12","2025-11-03",12,-3,7,8,8.44129511662675,8.96318904974682,6.09587308926179,3.06853968902663,9.09587308926179,9.09587308926179,"EB_features"
2025,"401752764",11,"2025-11-08 21:00:00",FALSE,238,2,"SEC","SEC","2025-11-03",12,7,8,9,6.68913998679398,8.22851950435566,8.6128689739253,3.06853968902663,1.6128689739253,1.6128689739253,"EB_features"
2025,"401757298",11,"2025-11-08 21:00:00",FALSE,166,338,"Conference USA","Conference USA","2025-11-03",12,-3,7,7,-12.9208721479374,-18.3691529051769,-5.08833807686686,3.06853968902663,-2.08833807686686,2.08833807686686,"EB_features"
2025,"401761645",11,"2025-11-08 21:00:00",FALSE,324,2247,"Sun Belt","Sun Belt","2025-11-03",12,13,7,7,-6.24337919035539,-7.84150593748559,10.2083253271523,3.06853968902663,-2.79167467284765,2.79167467284765,"EB_features"
2025,"401752899",11,"2025-11-08 21:30:00",FALSE,275,264,"Big Ten","Big Ten","2025-11-03",12,3,8,7,5.31282867822306,4.4384078588802,-6.4155091239504,3.06853968902663,-9.4155091239504,9.4155091239504,"EB_features"
2025,"401754588",11,"2025-11-08 21:30:00",FALSE,153,24,"ACC","ACC","2025-11-03",12,5,7,9,-1.50901957051974,-2.15917751826698,2.51505395603858,3.06853968902663,-2.48494604396142,2.48494604396142,"EB_features"
2025,"401761648",11,"2025-11-08 22:00:00",FALSE,309,326,"Sun Belt","Sun Belt","2025-11-03",12,3,8,7,-3.9675285635357,-2.46825634282786,-1.25399724607389,3.06853968902663,-4.25399724607389,4.25399724607389,"EB_features"
2025,"401760406",11,"2025-11-08 23:00:00",FALSE,23,2005,"Mountain West","Mountain West","2025-11-03",12,-10,6,7,-2.85904759573678,-3.30887942855814,4.77516044065577,3.06853968902663,14.7751604406558,14.7751604406558,"EB_features"
2025,"401754585",11,"2025-11-09",FALSE,97,25,"ACC","ACC","2025-11-03",12,-3,7,8,4.99706704038564,-0.761990037176097,17.272598485805,3.06853968902663,20.272598485805,20.272598485805,"EB_features"
2025,"401754586",11,"2025-11-09",FALSE,228,52,"ACC","ACC","2025-11-03",12,14,8,7,17.4253762440298,0.86435617751771,3.78199155098186,3.06853968902663,-10.2180084490181,10.2180084490181,"EB_features"
2025,"401754589",11,"2025-11-09",FALSE,258,154,"ACC","ACC","2025-11-03",12,-7,8,7,-4.24079565876744,-5.46843378553135,11.2240534633632,3.06853968902663,18.2240534633632,18.2240534633632,"EB_features"
2025,"401752759",11,"2025-11-09 00:30:00",FALSE,333,99,"SEC","SEC","2025-11-03",12,11,8,7,22.7594172290628,16.4064011851515,13.406875061046,3.06853968902663,2.40687506104604,2.40687506104604,"EB_features"
2025,"401752760",11,"2025-11-09 00:30:00",FALSE,96,57,"SEC","SEC","2025-11-03",12,31,8,7,4.8652277595157,15.9660512208889,-4.45866338658013,3.06853968902663,-35.4586633865801,35.4586633865801,"EB_features"
2025,"401757166",11,"2025-11-09 00:30:00",FALSE,87,2426,"FBS Independents","American Athletic","2025-11-03",12,39,8,7,22.6907546026562,1.58884787309985,30.6393483352559,3.06853968902663,-8.36065166474414,8.36065166474414,"EB_features"
2025,"401760409",11,"2025-11-09 00:30:00",FALSE,328,2440,"Mountain West","Mountain West","2025-11-03",12,37,7,7,-8.74957201284489,-9.32004522792159,11.0563272319135,3.06853968902663,-25.9436727680865,25.9436727680865,"EB_features"
2025,"401752895",11,"2025-11-09 02:00:00",FALSE,26,158,"Big Ten","Big Ten","2025-11-03",12,-7,8,8,-2.12998270179669,9.0440770430917,-10.7371467039311,3.06853968902663,-3.73714670393108,3.73714670393108,"EB_features"
2025,"401760407",11,"2025-11-09 02:30:00",FALSE,36,2439,"Mountain West","Mountain West","2025-11-03",12,-32,7,7,-6.378729756197,-2.66626584455864,-2.85174649295868,3.06853968902663,29.1482535070413,29.1482535070413,"EB_features"
2025,"401752944",11,"2025-11-09 03:00:00",FALSE,204,2534,"Pac-12","Conference USA","2025-11-03",12,-4,8,8,-4.28141298295046,-9.51972831391433,14.7709932785344,3.06853968902663,18.7709932785344,18.7709932785344,"EB_features"
2025,"401760408",11,"2025-11-09 04:00:00",FALSE,62,21,"Mountain West","Mountain West","2025-11-03",12,32,7,7,-7.69770912729432,-10.6140674703692,-3.86766762103562,3.06853968902663,-35.8676676210356,35.8676676210356,"EB_features"
2025,"401762856",12,"2025-11-12 00:30:00",FALSE,2006,2309,"Mid-American","Mid-American","2025-11-10",13,-7,9,8,-11.8511737054464,-18.3038835199581,5.45789718224029,3.06853968902663,12.4578971822403,12.4578971822403,"EB_features"
2025,"401762857",12,"2025-11-12 01:00:00",FALSE,2711,195,"Mid-American","Mid-American","2025-11-10",13,4,8,8,-8.34626561869253,-1.08345284107104,-2.9186200075402,3.06853968902663,-6.9186200075402,6.9186200075402,"EB_features"
2025,"401762858",12,"2025-11-13",FALSE,2117,2084,"Mid-American","Mid-American","2025-11-10",13,19,8,8,-11.3002619548927,-4.0050346210993,0.601289995183682,3.06853968902663,-18.3987100048163,18.3987100048163,"EB_features"
2025,"401762859",12,"2025-11-13",FALSE,113,2459,"Mid-American","Mid-American","2025-11-10",13,-42,8,8,-18.3871284252703,-2.93990993338447,-14.057202639088,3.06853968902663,27.942797360912,27.942797360912,"EB_features"
2025,"401762860",12,"2025-11-13",FALSE,193,2649,"Mid-American","Mid-American","2025-11-10",13,-21,8,8,-3.33125934040394,-1.94061847599451,-4.04755685557336,3.06853968902663,16.9524431444266,16.9524431444266,"EB_features"
2025,"401761649",12,"2025-11-14 00:30:00",FALSE,295,2653,"Sun Belt","Sun Belt","2025-11-10",13,33,8,8,-0.778797253450381,-5.49427675349189,9.02486171783421,3.06853968902663,-23.9751382821658,23.9751382821658,"EB_features"
2025,"401754591",12,"2025-11-15 00:30:00",FALSE,97,228,"ACC","ACC","2025-11-10",13,-1,7,8,4.99706704038564,17.4253762440298,2.64562519263108,3.06853968902663,3.64562519263108,3.64562519263108,"EB_features"
2025,"401752904",12,"2025-11-15 02:00:00",FALSE,2483,135,"Big Ten","Big Ten","2025-11-10",13,29,8,8,18.746298796518,6.52202382491824,26.6987739330228,3.06853968902663,-2.30122606697717,2.30122606697717,"EB_features"
2025,"401752772",12,"2025-11-15 17:00:00",FALSE,245,2579,"SEC","SEC","2025-11-10",13,1,9,8,17.725953878829,14.6423764188937,15.2509562317437,3.06853968902663,14.2509562317437,14.2509562317437,"EB_features"
2025,"401752901",12,"2025-11-15 17:00:00",FALSE,84,275,"Big Ten","Big Ten","2025-11-10",13,24,9,9,10.9714929516635,5.31282867822306,28.2602824165887,3.06853968902663,4.26028241658869,4.26028241658869,"EB_features"
2025,"401752905",12,"2025-11-15 17:00:00",TRUE,77,130,"Big Ten","Big Ten","2025-11-10",13,-2,8,9,-3.11671803997458,13.7167245408339,-13.2184637577454,3.06853968902663,-11.2184637577454,11.2184637577454,"EB_features"
2025,"401754597",12,"2025-11-15 17:00:00",FALSE,221,87,"ACC","FBS Independents","2025-11-10",13,-22,8,8,2.28907826085556,22.6907546026562,-12.9027694997893,3.06853968902663,9.09723050021074,9.09723050021074,"EB_features"
2025,"401756951",12,"2025-11-15 17:00:00",FALSE,2132,12,"Big 12","Big 12","2025-11-10",13,-6,8,8,1.61538358881995,0.470354638342979,2.49703742774116,3.06853968902663,8.49703742774116,8.49703742774116,"EB_features"
2025,"401756952",12,"2025-11-15 17:00:00",FALSE,197,2306,"Big 12","Big 12","2025-11-10",13,-8,8,8,-5.01489434779867,9.05591446496782,-22.900958441937,3.06853968902663,-14.900958441937,14.900958441937,"EB_features"
2025,"401757174",12,"2025-11-15 17:00:00",FALSE,41,2005,"FBS Independents","Mountain West","2025-11-10",13,10,9,8,-5.47269707308935,-3.30887942855814,7.01320003477294,3.06853968902663,-2.98679996522706,2.98679996522706,"EB_features"
2025,"401762507",12,"2025-11-15 17:00:00",FALSE,2429,2636,"American Athletic","American Athletic","2025-11-10",13,-21,8,8,-12.3058135001842,-2.89231440688747,-16.4246966826969,3.06853968902663,4.5753033173031,4.5753033173031,"EB_features"
2025,"401762510",12,"2025-11-15 17:00:00",FALSE,2426,58,"American Athletic","American Athletic","2025-11-10",13,3,7,8,1.58884787309985,-2.48045173472186,-8.44220221072009,3.06853968902663,-11.4422022107201,11.4422022107201,"EB_features"
2025,"401762861",12,"2025-11-15 17:00:00",FALSE,2050,2199,"Mid-American","Mid-American","2025-11-10",13,-15,8,9,-13.2676300916624,-9.25752914430212,-1.96681027828005,3.06853968902663,13.03318972172,13.03318972172,"EB_features"
2025,"401752768",12,"2025-11-15 17:45:00",FALSE,99,8,"SEC","SEC","2025-11-10",13,1,7,8,16.4064011851515,4.96486091361883,10.7118334107631,3.06853968902663,9.7118334107631,9.7118334107631,"EB_features"
2025,"401752945",12,"2025-11-15 18:00:00",FALSE,202,204,"American Athletic","Pac-12","2025-11-10",13,17,8,8,-17.1692609785202,-4.28141298295046,-5.67204230407586,3.06853968902663,-22.6720423040759,22.6720423040759,"EB_features"
2025,"401756948",12,"2025-11-15 18:00:00",FALSE,9,277,"Big 12","Big 12","2025-11-10",13,2,8,9,8.93430367074019,-1.70232709348402,15.2553764911976,3.06853968902663,13.2553764911976,13.2553764911976,"EB_features"
2025,"401761651",12,"2025-11-15 19:00:00",FALSE,2247,276,"Sun Belt","Sun Belt","2025-11-10",13,-12,8,8,-7.84150593748559,-5.60290337972853,-8.780842441698,3.06853968902663,3.219157558302,3.219157558302,"EB_features"
2025,"401762506",12,"2025-11-15 19:00:00",FALSE,5,249,"American Athletic","American Athletic","2025-11-10",13,-29,8,8,-10.9152515776209,-5.68645933793345,-16.7679490921656,3.06853968902663,12.2320509078344,12.2320509078344,"EB_features"
2025,"401757304",12,"2025-11-15 20:00:00",FALSE,2623,2638,"Conference USA","Conference USA","2025-11-10",13,14,8,8,-6.7625674939902,-9.57717771398051,6.30732744034963,3.06853968902663,-7.69267255965037,7.69267255965037,"EB_features"
2025,"401760411",12,"2025-11-15 20:00:00",FALSE,167,36,"Mountain West","Mountain West","2025-11-10",13,3,8,7,-13.0437901474855,-6.378729756197,8.56774431931584,3.06853968902663,5.56774431931584,5.56774431931584,"EB_features"
2025,"401752765",12,"2025-11-15 20:30:00",FALSE,333,201,"SEC","SEC","2025-11-10",13,-2,8,8,22.7594172290628,12.5660816805827,10.2607814414013,3.06853968902663,12.2607814414013,12.2607814414013,"EB_features"
2025,"401752903",12,"2025-11-15 20:30:00",FALSE,127,213,"Big Ten","Big Ten","2025-11-10",13,-18,8,8,0.281613267023019,19.8476102333169,-13.2341294568531,3.06853968902663,4.76587054314692,4.76587054314692,"EB_features"
2025,"401752906",12,"2025-11-15 20:30:00",FALSE,356,120,"Big Ten","Big Ten","2025-11-10",13,18,8,8,6.73469998783693,0.0599484190731576,13.1374797982947,3.06853968902663,-4.8625202017053,4.8625202017053,"EB_features"
2025,"401752907",12,"2025-11-15 20:30:00",FALSE,30,2294,"Big Ten","Big Ten","2025-11-10",13,5,9,8,11.7377334980424,8.70135746273362,5.31063515574831,3.06853968902663,0.310635155748306,0.310635155748306,"EB_features"
2025,"401754592",12,"2025-11-15 20:30:00",FALSE,103,59,"ACC","ACC","2025-11-10",13,-2,9,8,1.71888782439082,5.83660898315793,-13.2190705235591,3.06853968902663,-11.2190705235591,11.2190705235591,"EB_features"
2025,"401754593",12,"2025-11-15 20:30:00",FALSE,150,258,"ACC","ACC","2025-11-10",13,-17,8,8,1.11565255876982,-4.24079565876744,2.70540495188433,3.06853968902663,19.7054049518843,19.7054049518843,"EB_features"
2025,"401754595",12,"2025-11-15 20:30:00",FALSE,2390,152,"ACC","ACC","2025-11-10",13,34,8,8,14.7526570772521,1.58309818541903,20.705458869257,3.06853968902663,-13.294541130743,13.294541130743,"EB_features"
2025,"401756953",12,"2025-11-15 20:30:00",FALSE,2641,2116,"Big 12","Big 12","2025-11-10",13,39,9,8,7.67077272956537,-2.27953946864474,24.4225021784965,3.06853968902663,-14.5774978215035,14.5774978215035,"EB_features"
2025,"401757303",12,"2025-11-15 20:30:00",FALSE,98,2393,"Conference USA","Conference USA","2025-11-10",13,16,8,8,-10.1693369301456,-12.3401330679578,11.0668402337249,3.06853968902663,-4.9331597662751,4.9331597662751,"EB_features"
2025,"401760413",12,"2025-11-15 20:30:00",FALSE,2440,23,"Mountain West","Mountain West","2025-11-10",13,45,7,8,-9.32004522792159,-2.85904759573678,-5.18138771773382,3.06853968902663,-50.1813877177338,50.1813877177338,"EB_features"
2025,"401761652",12,"2025-11-15 20:30:00",FALSE,256,2026,"Sun Belt","Sun Belt","2025-11-10",13,48,8,8,-0.526214201414518,-8.82377008009426,20.1435582200277,3.06853968902663,-27.8564417799723,27.8564417799723,"EB_features"
2025,"401761653",12,"2025-11-15 20:30:00",FALSE,2433,6,"Sun Belt","Sun Belt","2025-11-10",13,-12,8,8,-6.60113401905456,-4.04396015723449,-6.12027170180752,3.06853968902663,5.87972829819248,5.87972829819248,"EB_features"
2025,"401761654",12,"2025-11-15 20:30:00",FALSE,2572,326,"Sun Belt","Sun Belt","2025-11-10",13,-27,8,8,-17.4791138554505,-2.46825634282786,1.59870107260103,3.06853968902663,28.598701072601,28.598701072601,"EB_features"
2025,"401762508",12,"2025-11-15 21:00:00",FALSE,151,235,"American Athletic","American Athletic","2025-11-10",13,4,8,9,-3.40008941397468,-1.21319014743667,1.88130695317227,3.06853968902663,-2.11869304682773,2.11869304682773,"EB_features"
2025,"401762509",12,"2025-11-15 21:00:00",FALSE,2655,2226,"American Athletic","American Athletic","2025-11-10",13,11,9,8,1.62669163119909,-11.5303299537612,18.5267476735617,3.06853968902663,7.52674767356174,7.52674767356174,"EB_features"
2025,"401752771",12,"2025-11-15 21:15:00",FALSE,2633,166,"SEC","Conference USA","2025-11-10",13,33,8,8,15.9208021444484,-12.9208721479374,35.82144437727,3.06853968902663,2.82144437727003,2.82144437727003,"EB_features"
2025,"401754596",12,"2025-11-15 21:30:00",FALSE,154,153,"ACC","ACC","2025-11-10",13,16,7,8,-5.46843378553135,-1.50901957051974,6.24378662170362,3.06853968902663,-9.75621337829638,9.75621337829638,"EB_features"
2025,"401757301",12,"2025-11-15 22:00:00",FALSE,2229,2335,"Conference USA","Conference USA","2025-11-10",13,7,8,8,-6.24796304749612,-7.92289987990132,0.330140543431676,3.06853968902663,-6.66985945656832,6.66985945656832,"EB_features"
2025,"401761650",12,"2025-11-15 23:00:00",FALSE,290,324,"Sun Belt","Sun Belt","2025-11-10",13,5,8,8,-1.14732081248697,-6.24337919035539,4.42913352866499,3.06853968902663,-0.570866471335012,0.570866471335012,"EB_features"
2025,"401752769",12,"2025-11-16",FALSE,145,57,"SEC","SEC","2025-11-10",13,10,9,7,14.3810800491015,15.9660512208889,8.57808588037497,3.06853968902663,-1.42191411962503,1.42191411962503,"EB_features"
2025,"401752902",12,"2025-11-16",FALSE,264,2509,"Big Ten","Big Ten","2025-11-10",13,36,8,9,4.4384078588802,-11.8034153706036,17.4866518104516,3.06853968902663,-18.5133481895484,18.5133481895484,"EB_features"
2025,"401756949",12,"2025-11-16",FALSE,239,254,"Big 12","Big 12","2025-11-10",13,-27,8,8,8.04543425335124,2.5775569465544,-8.45285698817803,3.06853968902663,18.547143011822,18.547143011822,"EB_features"
2025,"401757300",12,"2025-11-16",TRUE,2534,48,"Conference USA","Conference USA","2025-11-10",13,3,8,8,-9.51972831391433,-8.35912286314077,-10.0044999475802,3.06853968902663,-13.0044999475802,13.0044999475802,"EB_features"
2025,"401760414",12,"2025-11-16",FALSE,2439,328,"Mountain West","Mountain West","2025-11-10",13,3,7,7,-2.66626584455864,-8.74957201284489,6.32616134210633,3.06853968902663,3.32616134210633,3.32616134210633,"EB_features"
2025,"401752766",12,"2025-11-16 00:30:00",FALSE,61,251,"SEC","SEC","2025-11-10",13,25,8,9,22.0397498461784,21.9847760447806,6.8510958025041,3.06853968902663,-18.1489041974959,18.1489041974959,"EB_features"
2025,"401752900",12,"2025-11-16 00:30:00",FALSE,194,26,"Big Ten","Big Ten","2025-11-10",13,38,8,8,22.8608603180406,-2.12998270179669,35.602211439294,3.06853968902663,-2.397788560706,2.397788560706,"EB_features"
2025,"401754594",12,"2025-11-16 00:30:00",FALSE,52,259,"ACC","ACC","2025-11-10",13,20,7,8,0.86435617751771,6.50791297400035,14.3996783656363,3.06853968902663,-5.60032163436366,5.60032163436366,"EB_features"
2025,"401752770",12,"2025-11-16 00:45:00",FALSE,142,344,"SEC","SEC","2025-11-10",13,22,8,9,7.74750172226866,2.05109182314268,8.03577396338385,3.06853968902663,-13.9642260366162,13.9642260366162,"EB_features"
2025,"401757302",12,"2025-11-16 01:00:00",FALSE,55,338,"Conference USA","Conference USA","2025-11-10",13,9,8,8,-8.09106963085991,-18.3691529051769,1.59405517747192,3.06853968902663,-7.40594482252808,7.40594482252808,"EB_features"
2025,"401752953",12,"2025-11-16 03:00:00",FALSE,265,2348,"Pac-12","Conference USA","2025-11-10",13,25,8,8,-2.04502948973106,-6.98766661885968,6.03373751933466,3.06853968902663,-18.9662624806653,18.9662624806653,"EB_features"
2025,"401756950",12,"2025-11-16 03:15:00",FALSE,252,2628,"Big 12","Big 12","2025-11-10",13,31,8,8,8.11132203961931,8.44129511662675,5.58860366615305,3.06853968902663,-25.4113963338469,25.4113963338469,"EB_features"
2025,"401760410",12,"2025-11-16 03:30:00",FALSE,21,68,"Mountain West","Mountain West","2025-11-10",13,10,7,8,-10.6140674703692,7.06755554934872,-0.782022407038979,3.06853968902663,-10.782022407039,10.782022407039,"EB_features"
2025,"401760412",12,"2025-11-16 03:30:00",FALSE,278,2751,"Mountain West","Mountain West","2025-11-10",13,21,8,8,-5.69962548200953,-6.97155706044597,4.54533505909862,3.06853968902663,-16.4546649409014,16.4546649409014,"EB_features"
2025,"401762862",13,"2025-11-19",FALSE,189,2006,"Mid-American","Mid-American","2025-11-17",14,-3,9,10,-8.3054437126546,-11.8511737054464,9.00949961013247,3.06853968902663,12.0094996101325,12.0094996101325,"EB_features"
2025,"401762863",13,"2025-11-19",FALSE,195,113,"Mid-American","Mid-American","2025-11-17",14,28,9,9,-1.08345284107104,-18.3871284252703,32.7035805349326,3.06853968902663,4.70358053493261,4.70358053493261,"EB_features"
2025,"401762864",13,"2025-11-19",FALSE,2459,2711,"Mid-American","Mid-American","2025-11-17",14,-16,9,9,-2.93990993338447,-8.34626561869253,-0.353692343549085,3.06853968902663,15.6463076564509,15.6463076564509,"EB_features"
2025,"401762865",13,"2025-11-20",FALSE,2084,193,"Mid-American","Mid-American","2025-11-17",14,-17,9,9,-4.0050346210993,-3.33125934040394,-1.46498858329875,3.06853968902663,15.5350114167013,15.5350114167013,"EB_features"
2025,"401762866",13,"2025-11-20",FALSE,2309,2117,"Mid-American","Mid-American","2025-11-17",14,-12,9,9,-18.3038835199581,-11.3002619548927,-5.82825994613708,3.06853968902663,6.17174005386292,6.17174005386292,"EB_features"
2025,"401761655",13,"2025-11-21 00:30:00",FALSE,2032,309,"Sun Belt","Sun Belt","2025-11-17",14,-4,9,9,-6.21053484964947,-3.9675285635357,2.58079309601261,3.06853968902663,6.58079309601261,6.58079309601261,"EB_features"
2025,"401754598",13,"2025-11-22 01:00:00",FALSE,152,52,"ACC","ACC","2025-11-17",14,10,9,8,1.58309818541903,0.86435617751771,-4.43406783869691,3.06853968902663,-14.4340678386969,14.4340678386969,"EB_features"
2025,"401760418",13,"2025-11-22 03:30:00",FALSE,2439,62,"Mountain West","Mountain West","2025-11-17",14,28,8,9,-2.66626584455864,-7.69770912729432,5.33268513566394,3.06853968902663,-22.6673148643361,22.6673148643361,"EB_features"
2025,"401752778",13,"2025-11-22 17:00:00",FALSE,201,142,"SEC","SEC","2025-11-17",14,11,9,8,12.5660816805827,7.74750172226866,10.2312386980642,3.06853968902663,-0.76876130193576,0.76876130193576,"EB_features"
2025,"401752909",13,"2025-11-22 17:00:00",TRUE,77,135,"Big Ten","Big Ten","2025-11-17",14,3,9,9,-3.11671803997458,6.52202382491824,1.46189038672681,3.06853968902663,-1.53810961327319,1.53810961327319,"EB_features"
2025,"401752912",13,"2025-11-22 17:00:00",FALSE,194,164,"Big Ten","Big Ten","2025-11-17",14,33,8,9,22.8608603180406,6.00577572467176,30.2191903487122,3.06853968902663,-2.78080965128779,2.78080965128779,"EB_features"
2025,"401754602",13,"2025-11-22 17:00:00",FALSE,2567,97,"ACC","ACC","2025-11-17",14,32,9,9,6.19396953274294,4.99706704038564,5.54026819995714,3.06853968902663,-26.4597318000429,26.4597318000429,"EB_features"
2025,"401754603",13,"2025-11-22 17:00:00",FALSE,259,2390,"ACC","ACC","2025-11-17",14,-17,8,9,6.50791297400035,14.7526570772521,-19.007836857948,3.06853968902663,-2.00783685794801,2.00783685794801,"EB_features"
2025,"401754606",13,"2025-11-22 17:00:00",FALSE,154,48,"ACC","Conference USA","2025-11-17",14,38,9,8,-5.46843378553135,-8.35912286314077,14.1502472425064,3.06853968902663,-23.8497527574936,23.8497527574936,"EB_features"
2025,"401756958",13,"2025-11-22 17:00:00",FALSE,66,2305,"Big 12","Big 12","2025-11-17",14,24,9,9,8.96318904974682,0.361557837193227,8.27913871351064,3.06853968902663,-15.7208612864894,15.7208612864894,"EB_features"
2025,"401762512",13,"2025-11-22 17:00:00",FALSE,349,202,"American Athletic","American Athletic","2025-11-17",14,-1,8,9,3.95734375508625,-17.1692609785202,19.9124397672106,3.06853968902663,20.9124397672106,20.9124397672106,"EB_features"
2025,"401752776",13,"2025-11-22 17:45:00",FALSE,61,2429,"SEC","American Athletic","2025-11-17",14,32,8,9,22.0397498461784,-12.3058135001842,50.4143407281634,3.06853968902663,18.4143407281634,18.4143407281634,"EB_features"
2025,"401752954",13,"2025-11-22 18:00:00",FALSE,256,265,"Sun Belt","Pac-12","2025-11-17",14,4,9,8,-0.526214201414518,-2.04502948973106,13.3884158898554,3.06853968902663,9.38841588985544,9.38841588985544,"EB_features"
2025,"401756954",13,"2025-11-22 18:00:00",FALSE,12,239,"Big 12","Big 12","2025-11-17",14,24,9,8,0.470354638342979,8.04543425335124,4.09475765492152,3.06853968902663,-19.9052423450785,19.9052423450785,"EB_features"
2025,"401761657",13,"2025-11-22 18:00:00",FALSE,290,295,"Sun Belt","Sun Belt","2025-11-17",14,-35,9,9,-1.14732081248697,-0.778797253450381,-8.91366745648362,3.06853968902663,26.0863325435164,26.0863325435164,"EB_features"
2025,"401757306",13,"2025-11-22 19:00:00",FALSE,338,2623,"Conference USA","Conference USA","2025-11-17",14,7,8,9,-18.3691529051769,-6.7625674939902,4.73908030223326,3.06853968902663,-2.26091969776674,2.26091969776674,"EB_features"
2025,"401760419",13,"2025-11-22 19:00:00",FALSE,2751,2440,"Mountain West","Mountain West","2025-11-17",14,-6,8,9,-6.97155706044597,-9.32004522792159,8.59414721230235,3.06853968902663,14.5941472123023,14.5941472123023,"EB_features"
2025,"401762867",13,"2025-11-22 19:00:00",FALSE,2649,2050,"Mid-American","Mid-American","2025-11-17",14,29,9,9,-1.94061847599451,-13.2676300916624,25.1838705895906,3.06853968902663,-3.81612941040944,3.81612941040944,"EB_features"
2025,"401761656",13,"2025-11-22 19:30:00",FALSE,2026,276,"Sun Belt","Sun Belt","2025-11-17",14,2,9,9,-8.82377008009426,-5.60290337972853,-3.80284755722656,3.06853968902663,-5.80284755722656,5.80284755722656,"EB_features"
2025,"401757175",13,"2025-11-22 20:00:00",FALSE,2226,41,"American Athletic","FBS Independents","2025-11-17",14,-3,9,10,-11.5303299537612,-5.47269707308935,-7.39080889315666,3.06853968902663,-4.39080889315666,4.39080889315666,"EB_features"
2025,"401757307",13,"2025-11-22 20:00:00",FALSE,2348,2335,"Conference USA","Conference USA","2025-11-17",14,6,8,9,-6.98766661885968,-7.92289987990132,9.00887084349969,3.06853968902663,3.00887084349969,3.00887084349969,"EB_features"
2025,"401757308",13,"2025-11-22 20:00:00",FALSE,2393,2534,"Conference USA","Conference USA","2025-11-17",14,14,9,9,-12.3401330679578,-9.51972831391433,5.53012598952374,3.06853968902663,-8.46987401047626,8.46987401047626,"EB_features"
2025,"401757309",13,"2025-11-22 20:00:00",FALSE,2638,166,"Conference USA","Conference USA","2025-11-17",14,-3,9,9,-9.57717771398051,-12.9208721479374,4.58688724509175,3.06853968902663,7.58688724509175,7.58688724509175,"EB_features"
2025,"401762511",13,"2025-11-22 20:00:00",FALSE,5,58,"American Athletic","American Athletic","2025-11-17",14,-30,9,9,-10.9152515776209,-2.48045173472186,-20.4808681259555,3.06853968902663,9.51913187404451,9.51913187404451,"EB_features"
2025,"401752780",13,"2025-11-22 20:30:00",FALSE,251,8,"SEC","SEC","2025-11-17",14,15,9,9,21.9847760447806,4.96486091361883,15.1437587192604,3.06853968902663,0.143758719260395,0.143758719260395,"EB_features"
2025,"401752782",13,"2025-11-22 20:30:00",FALSE,238,96,"SEC","SEC","2025-11-17",14,28,9,9,6.68913998679398,4.8652277595157,10.8461447959374,3.06853968902663,-17.1538552040626,17.1538552040626,"EB_features"
2025,"401752911",13,"2025-11-22 20:30:00",FALSE,2483,30,"Big Ten","Big Ten","2025-11-17",14,15,9,10,18.746298796518,11.7377334980424,9.14208276915963,3.06853968902663,-5.85791723084037,5.85791723084037,"EB_features"
2025,"401752913",13,"2025-11-22 20:30:00",FALSE,2294,127,"Big Ten","Big Ten","2025-11-17",14,3,9,9,8.70135746273362,0.281613267023019,21.2270256144961,3.06853968902663,18.2270256144961,18.2270256144961,"EB_features"
2025,"401754600",13,"2025-11-22 20:30:00",FALSE,153,150,"ACC","ACC","2025-11-17",14,-7,9,9,-1.50901957051974,1.11565255876982,-6.87335411126528,3.06853968902663,0.126645888734725,0.126645888734725,"EB_features"
2025,"401754604",13,"2025-11-22 20:30:00",FALSE,87,183,"FBS Independents","ACC","2025-11-17",14,63,10,9,22.6907546026562,2.67622073580725,33.429508640832,3.06853968902663,-29.570491359168,29.570491359168,"EB_features"
2025,"401757305",13,"2025-11-22 20:30:00",FALSE,2229,55,"Conference USA","Conference USA","2025-11-17",14,6,9,8,-6.24796304749612,-8.09106963085991,1.47802500819595,3.06853968902663,-4.52197499180405,4.52197499180405,"EB_features"
2025,"401761658",13,"2025-11-22 20:30:00",FALSE,6,2572,"Sun Belt","Sun Belt","2025-11-17",14,7,9,9,-4.04396015723449,-17.4791138554505,3.53181390713249,3.06853968902663,-3.46818609286751,3.46818609286751,"EB_features"
2025,"401762513",13,"2025-11-22 20:30:00",FALSE,2636,151,"American Athletic","American Athletic","2025-11-17",14,34,9,9,-2.89231440688747,-3.40008941397468,-3.02534202942555,3.06853968902663,-37.0253420294256,37.0253420294256,"EB_features"
2025,"401762515",13,"2025-11-22 20:45:00",FALSE,218,2655,"American Athletic","American Athletic","2025-11-17",14,-24,9,10,-11.3610493190561,1.62669163119909,-6.95796469903172,3.06853968902663,17.0420353009683,17.0420353009683,"EB_features"
2025,"401752914",13,"2025-11-22 21:00:00",FALSE,120,130,"Big Ten","Big Ten","2025-11-17",14,-25,9,10,0.0599484190731576,13.7167245408339,-10.8424958947085,3.06853968902663,14.1575041052915,14.1575041052915,"EB_features"
2025,"401756957",13,"2025-11-22 21:00:00",FALSE,248,2628,"Big 12","Big 12","2025-11-17",14,-3,9,8,-2.40945920466584,8.44129511662675,-4.91294922542835,3.06853968902663,-1.91294922542835,1.91294922542835,"EB_features"
2025,"401756959",13,"2025-11-22 21:00:00",FALSE,2116,197,"Big 12","Big 12","2025-11-17",14,3,9,9,-2.27953946864474,-5.01489434779867,17.067624530847,3.06853968902663,14.067624530847,14.067624530847,"EB_features"
2025,"401756960",13,"2025-11-22 21:00:00",FALSE,254,2306,"Big 12","Big 12","2025-11-17",14,4,8,9,2.5775569465544,9.05591446496782,13.227310390077,3.06853968902663,9.22731039007695,9.22731039007695,"EB_features"
2025,"401761660",13,"2025-11-22 21:00:00",FALSE,2653,2247,"Sun Belt","Sun Belt","2025-11-17",14,12,9,9,-5.49427675349189,-7.84150593748559,14.599955341677,3.06853968902663,2.59995534167696,2.59995534167696,"EB_features"
2025,"401752779",13,"2025-11-22 21:15:00",FALSE,2579,324,"SEC","Sun Belt","2025-11-17",14,44,9,9,14.6423764188937,-6.24337919035539,25.5014837196905,3.06853968902663,-18.4985162803095,18.4985162803095,"EB_features"
2025,"401761659",13,"2025-11-22 22:00:00",FALSE,326,2433,"Sun Belt","Sun Belt","2025-11-17",14,17,9,9,-2.46825634282786,-6.60113401905456,18.7186878147569,3.06853968902663,1.71868781475692,1.71868781475692,"EB_features"
2025,"401752908",13,"2025-11-23",FALSE,213,158,"Big Ten","Big Ten","2025-11-17",14,27,9,9,19.8476102333169,9.0440770430917,8.92851996802194,3.06853968902663,-18.0714800319781,18.0714800319781,"EB_features"
2025,"401754601",13,"2025-11-23",FALSE,59,221,"ACC","ACC","2025-11-17",14,-14,9,9,5.83660898315793,2.28907826085556,1.86523060769541,3.06853968902663,15.8652306076954,15.8652306076954,"EB_features"
2025,"401760415",13,"2025-11-23",FALSE,2005,167,"Mountain West","Mountain West","2025-11-17",14,-17,9,9,-3.30887942855814,-13.0437901474855,1.41968133020062,3.06853968902663,18.4196813302006,18.4196813302006,"EB_features"
2025,"401760416",13,"2025-11-23",FALSE,68,36,"Mountain West","Mountain West","2025-11-17",14,28,8,9,7.06755554934872,-6.378729756197,19.7445586550661,3.06853968902663,-8.25544134493392,8.25544134493392,"EB_features"
2025,"401752775",13,"2025-11-23 00:30:00",FALSE,57,2633,"SEC","SEC","2025-11-17",14,-20,8,9,15.9660512208889,15.9208021444484,-2.64091271994268,3.06853968902663,17.3590872800573,17.3590872800573,"EB_features"
2025,"401752915",13,"2025-11-23 00:30:00",FALSE,275,356,"Big Ten","Big Ten","2025-11-17",14,17,10,9,5.31282867822306,6.73469998783693,-5.76182607467039,3.06853968902663,-22.7618260746704,22.7618260746704,"EB_features"
2025,"401754599",13,"2025-11-23 00:30:00",FALSE,24,25,"ACC","ACC","2025-11-17",14,21,10,9,-2.15917751826698,-0.761990037176097,0.866884451280117,3.06853968902663,-20.1331155487199,20.1331155487199,"EB_features"
2025,"401762514",13,"2025-11-23 00:30:00",FALSE,242,249,"American Athletic","American Athletic","2025-11-17",14,-32,9,9,-9.6065480416369,-5.68645933793345,-18.2568121542783,3.06853968902663,13.7431878457217,13.7431878457217,"EB_features"
2025,"401752777",13,"2025-11-23 00:45:00",FALSE,99,98,"SEC","Conference USA","2025-11-17",14,3,9,9,16.4064011851515,-10.1693369301456,26.4764527102688,3.06853968902663,23.4764527102688,23.4764527102688,"EB_features"
2025,"401756955",13,"2025-11-23 01:00:00",FALSE,2132,252,"Big 12","Big 12","2025-11-17",14,-12,9,8,1.61538358881995,8.11132203961931,-4.34750123440267,3.06853968902663,7.65249876559733,7.65249876559733,"EB_features"
2025,"401756956",13,"2025-11-23 01:00:00",FALSE,38,9,"Big 12","Big 12","2025-11-17",14,-25,10,9,6.02126994888183,8.93430367074019,-5.46624197822444,3.06853968902663,19.5337580217756,19.5337580217756,"EB_features"
2025,"401752910",13,"2025-11-23 03:30:00",FALSE,26,264,"Big Ten","Big Ten","2025-11-17",14,-34,9,8,-2.12998270179669,4.4384078588802,-9.87822610119997,3.06853968902663,24.1217738988,24.1217738988,"EB_features"
2025,"401760417",13,"2025-11-23 03:30:00",FALSE,278,328,"Mountain West","Mountain West","2025-11-17",14,-11,8,8,-5.69962548200953,-8.74957201284489,1.84068138779599,3.06853968902663,12.840681387796,12.840681387796,"EB_features"
2025,"401760420",13,"2025-11-23 03:30:00",FALSE,21,23,"Mountain West","Mountain West","2025-11-17",14,22,8,9,-10.6140674703692,-2.85904759573678,11.5329707650062,3.06853968902663,-10.4670292349938,10.4670292349938,"EB_features"
2025,"401762868",14,"2025-11-25 21:30:00",FALSE,113,189,"Mid-American","Mid-American","2025-11-24",15,-31,10,10,-18.3871284252703,-8.3054437126546,-13.6135082167179,3.06853968902663,17.3864917832821,17.3864917832821,"EB_features"
2025,"401762869",14,"2025-11-26 00:30:00",FALSE,2199,2711,"Mid-American","Mid-American","2025-11-24",15,-10,10,10,-9.25752914430212,-8.34626561869253,-3.3228302884996,3.06853968902663,6.6771697115004,6.6771697115004,"EB_features"
2025,"401762516",14,"2025-11-28 00:30:00",FALSE,235,2426,"American Athletic","American Athletic","2025-11-24",15,-11,10,9,-1.21319014743667,1.58884787309985,8.93539863935717,3.06853968902663,19.9353986393572,19.9353986393572,"EB_features"
2025,"401752788",14,"2025-11-28 17:00:00",FALSE,344,145,"SEC","SEC","2025-11-24",15,-19,10,10,2.05109182314268,14.3810800491015,-10.6907094566087,3.06853968902663,8.30929054339132,8.30929054339132,"EB_features"
2025,"401752916",14,"2025-11-28 17:00:00",FALSE,158,2294,"Big Ten","Big Ten","2025-11-24",15,-24,9,10,9.0440770430917,8.70135746273362,-2.49298263409427,3.06853968902663,21.5070173659057,21.5070173659057,"EB_features"
2025,"401756964",14,"2025-11-28 17:00:00",FALSE,2305,254,"Big 12","Big 12","2025-11-24",15,-10,10,10,0.361557837193227,2.5775569465544,-13.445536705327,3.06853968902663,-3.44553670532698,3.44553670532698,"EB_features"
2025,"401762870",14,"2025-11-28 17:00:00",FALSE,2084,195,"Mid-American","Mid-American","2025-11-24",15,-5,10,10,-4.0050346210993,-1.08345284107104,-6.85911925690498,3.06853968902663,-1.85911925690498,1.85911925690498,"EB_features"
2025,"401762871",14,"2025-11-28 17:00:00",FALSE,2459,2309,"Mid-American","Mid-American","2025-11-24",15,-4,10,10,-2.93990993338447,-18.3038835199581,12.0372463860667,3.06853968902663,16.0372463860667,16.0372463860667,"EB_features"
2025,"401760421",14,"2025-11-28 20:00:00",FALSE,36,2005,"Mountain West","Mountain West","2025-11-24",15,-21,9,9,-6.378729756197,-3.30887942855814,-1.3325605921772,3.06853968902663,19.6674394078228,19.6674394078228,"EB_features"
2025,"401752786",14,"2025-11-28 20:30:00",TRUE,59,61,"ACC","SEC","2025-11-24",15,-7,9,10,5.83660898315793,22.0397498461784,-16.7938627144823,3.06853968902663,-9.79386271448226,9.79386271448226,"EB_features"
2025,"401760426",14,"2025-11-28 20:30:00",FALSE,167,21,"Mountain West","Mountain West","2025-11-24",15,6,9,9,-13.0437901474855,-10.6140674703692,-0.787907784145668,3.06853968902663,-6.78790778414567,6.78790778414567,"EB_features"
2025,"401762442",14,"2025-11-28 20:30:00",FALSE,249,218,"American Athletic","American Athletic","2025-11-24",15,27,9,10,-5.68645933793345,-11.3610493190561,19.474207098916,3.06853968902663,-7.52579290108395,7.52579290108395,"EB_features"
2025,"401760422",14,"2025-11-28 21:00:00",FALSE,328,68,"Mountain West","Mountain West","2025-11-24",15,-1,9,9,-8.74957201284489,7.06755554934872,-5.82722902204049,3.06853968902663,-4.82722902204049,4.82722902204049,"EB_features"
2025,"401752792",14,"2025-11-29 00:30:00",FALSE,251,245,"SEC","SEC","2025-11-24",15,10,11,10,21.9847760447806,17.725953878829,-0.077649103786142,3.06853968902663,-10.0776491037861,10.0776491037861,"EB_features"
2025,"401752924",14,"2025-11-29 00:30:00",FALSE,2509,84,"Big Ten","Big Ten","2025-11-24",15,-53,10,10,-11.8034153706036,10.9714929516635,-29.3310835037925,3.06853968902663,23.6689164962075,23.6689164962075,"EB_features"
2025,"401756961",14,"2025-11-29 02:00:00",FALSE,9,12,"Big 12","Big 12","2025-11-24",15,-16,9,10,8.93430367074019,0.470354638342979,1.27113328365857,3.06853968902663,17.2711332836586,17.2711332836586,"EB_features"
2025,"401752787",14,"2025-11-29 17:00:00",FALSE,97,96,"ACC","SEC","2025-11-24",15,41,10,10,4.99706704038564,4.8652277595157,1.80720478855864,3.06853968902663,-39.1927952114414,39.1927952114414,"EB_features"
2025,"401752790",14,"2025-11-29 17:00:00",FALSE,2579,228,"SEC","ACC","2025-11-24",15,-14,10,10,14.6423764188937,17.4253762440298,5.45723305025666,3.06853968902663,19.4572330502567,19.4572330502567,"EB_features"
2025,"401752921",14,"2025-11-29 17:00:00",FALSE,130,194,"Big Ten","Big Ten","2025-11-24",15,-18,11,10,13.7167245408339,22.8608603180406,-10.9844465363051,3.06853968902663,7.01555346369486,7.01555346369486,"EB_features"
2025,"401754611",14,"2025-11-29 17:00:00",FALSE,221,2390,"ACC","ACC","2025-11-24",15,-31,9,10,2.28907826085556,14.7526570772521,-9.30259294361943,3.06853968902663,21.6974070563806,21.6974070563806,"EB_features"
2025,"401756962",14,"2025-11-29 17:00:00",FALSE,239,248,"Big 12","Big 12","2025-11-24",15,-7,10,10,8.04543425335124,-2.40945920466584,4.71644487881365,3.06853968902663,11.7164448788136,11.7164448788136,"EB_features"
2025,"401756965",14,"2025-11-29 17:00:00",FALSE,2306,38,"Big 12","Big 12","2025-11-24",15,10,10,10,9.05591446496782,6.02126994888183,12.7099753894153,3.06853968902663,2.70997538941534,2.70997538941534,"EB_features"
2025,"401756966",14,"2025-11-29 17:00:00",FALSE,197,66,"Big 12","Big 12","2025-11-24",15,-7,10,10,-5.01489434779867,8.96318904974682,-20.7770465639893,3.06853968902663,-13.7770465639893,13.7770465639893,"EB_features"
2025,"401756968",14,"2025-11-29 17:00:00",FALSE,277,2641,"Big 12","Big 12","2025-11-24",15,-49,10,10,-1.70232709348402,7.67077272956537,-22.1897063775828,3.06853968902663,26.8102936224172,26.8102936224172,"EB_features"
2025,"401762519",14,"2025-11-29 17:00:00",FALSE,2226,151,"American Athletic","American Athletic","2025-11-24",15,-39,10,10,-11.5303299537612,-3.40008941397468,-10.6349287286307,3.06853968902663,28.3650712713693,28.3650712713693,"EB_features"
2025,"401762872",14,"2025-11-29 17:00:00",FALSE,2117,2649,"Mid-American","Mid-American","2025-11-24",15,-18,10,10,-11.3002619548927,-1.94061847599451,-11.0282658563905,3.06853968902663,6.97173414360955,6.97173414360955,"EB_features"
2025,"401762875",14,"2025-11-29 17:00:00",FALSE,193,2050,"Mid-American","Mid-American","2025-11-24",15,21,10,10,-3.33125934040394,-13.2676300916624,17.1406676541326,3.06853968902663,-3.85933234586737,3.85933234586737,"EB_features"
2025,"401756963",14,"2025-11-29 18:00:00",FALSE,252,2116,"Big 12","Big 12","2025-11-24",15,20,9,10,8.11132203961931,-2.27953946864474,20.602598050101,3.06853968902663,0.602598050101033,0.602598050101033,"EB_features"
2025,"401757310",14,"2025-11-29 18:00:00",FALSE,48,2638,"Conference USA","Conference USA","2025-11-24",15,30,10,10,-8.35912286314077,-9.57717771398051,3.60584533313235,3.06853968902663,-26.3941546668676,26.3941546668676,"EB_features"
2025,"401757311",14,"2025-11-29 18:00:00",TRUE,2534,2229,"Conference USA","Conference USA","2025-11-24",15,-40,11,10,-9.51972831391433,-6.24796304749612,-8.90230680643882,3.06853968902663,31.0976931935612,31.0976931935612,"EB_features"
2025,"401761663",14,"2025-11-29 18:30:00",FALSE,276,290,"Sun Belt","Sun Belt","2025-11-24",15,-5,10,10,-5.60290337972853,-1.14732081248697,8.51171876448557,3.06853968902663,13.5117187644856,13.5117187644856,"EB_features"
2025,"401757312",14,"2025-11-29 19:00:00",FALSE,55,98,"Conference USA","Conference USA","2025-11-24",15,3,10,9,-8.09106963085991,-10.1693369301456,1.80937048791596,3.06853968902663,-1.19062951208404,1.19062951208404,"EB_features"
2025,"401757314",14,"2025-11-29 19:00:00",FALSE,2623,2348,"Conference USA","Conference USA","2025-11-24",15,-12,10,10,-6.7625674939902,-6.98766661885968,-1.38086367228734,3.06853968902663,10.6191363277127,10.6191363277127,"EB_features"
2025,"401761664",14,"2025-11-29 19:00:00",FALSE,295,2247,"Sun Belt","Sun Belt","2025-11-24",15,17,10,10,-0.778797253450381,-7.84150593748559,25.4913085010871,3.06853968902663,8.49130850108709,8.49130850108709,"EB_features"
2025,"401761661",14,"2025-11-29 19:30:00",FALSE,2026,2032,"Sun Belt","Sun Belt","2025-11-24",15,-1,10,10,-8.82377008009426,-6.21053484964947,1.14127425894688,3.06853968902663,2.14127425894688,2.14127425894688,"EB_features"
2025,"401754608",14,"2025-11-29 20:00:00",FALSE,183,103,"ACC","ACC","2025-11-24",15,-22,10,10,2.67622073580725,1.71888782439082,4.41101360108806,3.06853968902663,26.4110136010881,26.4110136010881,"EB_features"
2025,"401757315",14,"2025-11-29 20:00:00",FALSE,166,2393,"Conference USA","Conference USA","2025-11-24",15,-7,10,10,-12.9208721479374,-12.3401330679578,5.14949139956788,3.06853968902663,12.1494913995679,12.1494913995679,"EB_features"
2025,"401761665",14,"2025-11-29 20:00:00",FALSE,309,2433,"Sun Belt","Sun Belt","2025-11-24",15,3,10,10,-3.9675285635357,-6.60113401905456,13.3796630184757,3.06853968902663,10.3796630184757,10.3796630184757,"EB_features"
2025,"401761667",14,"2025-11-29 20:00:00",FALSE,326,6,"Sun Belt","Sun Belt","2025-11-24",15,23,10,10,-2.46825634282786,-4.04396015723449,8.25931467258684,3.06853968902663,-14.7406853274132,14.7406853274132,"EB_features"
2025,"401762517",14,"2025-11-29 20:00:00",FALSE,202,5,"American Athletic","American Athletic","2025-11-24",15,-7,10,10,-17.1692609785202,-10.9152515776209,3.31413602379494,3.06853968902663,10.3141360237949,10.3141360237949,"EB_features"
2025,"401752783",14,"2025-11-29 20:30:00",FALSE,8,142,"SEC","SEC","2025-11-24",15,-14,10,10,4.96486091361883,7.74750172226866,-1.87507925395152,3.06853968902663,12.1249207460485,12.1249207460485,"EB_features"
2025,"401752789",14,"2025-11-29 20:30:00",FALSE,201,99,"SEC","SEC","2025-11-24",15,4,10,9,12.5660816805827,16.4064011851515,7.82214618428205,3.06853968902663,3.82214618428205,3.82214618428205,"EB_features"
2025,"401752791",14,"2025-11-29 20:30:00",FALSE,2633,238,"SEC","SEC","2025-11-24",15,-21,9,10,15.9208021444484,6.68913998679398,1.1710097014732,3.06853968902663,22.1710097014732,22.1710097014732,"EB_features"
2025,"401752917",14,"2025-11-29 20:30:00",FALSE,264,2483,"Big Ten","Big Ten","2025-11-24",15,-12,9,10,4.4384078588802,18.746298796518,-10.9270861668656,3.06853968902663,1.07291383313437,1.07291383313437,"EB_features"
2025,"401752918",14,"2025-11-29 20:30:00",FALSE,135,275,"Big Ten","Big Ten","2025-11-24",15,10,10,10,6.52202382491824,5.31282867822306,1.68049110030063,3.06853968902663,-8.31950889969937,8.31950889969937,"EB_features"
2025,"401752920",14,"2025-11-29 20:30:00",FALSE,164,213,"Big Ten","Big Ten","2025-11-24",15,-4,10,9,6.00577572467176,19.8476102333169,-11.078782427944,3.06853968902663,-7.078782427944,7.078782427944,"EB_features"
2025,"401754610",14,"2025-11-29 20:30:00",FALSE,150,154,"ACC","ACC","2025-11-24",15,17,10,10,1.11565255876982,-5.46843378553135,5.70941860747583,3.06853968902663,-11.2905813925242,11.2905813925242,"EB_features"
2025,"401756967",14,"2025-11-29 20:30:00",FALSE,2628,2132,"Big 12","Big 12","2025-11-24",15,22,10,9,8.44129511662675,1.61538358881995,5.92834258212479,3.06853968902663,-16.0716574178752,16.0716574178752,"EB_features"
2025,"401757313",14,"2025-11-29 20:30:00",FALSE,2335,338,"Conference USA","Conference USA","2025-11-24",15,-6,10,10,-7.92289987990132,-18.3691529051769,1.79817843596695,3.06853968902663,7.79817843596696,7.79817843596696,"EB_features"
2025,"401761666",14,"2025-11-29 20:30:00",FALSE,2572,2653,"Sun Belt","Sun Belt","2025-11-24",15,-10,10,10,-17.4791138554505,-5.49427675349189,0.0520669652905466,3.06853968902663,10.0520669652905,10.0520669652905,"EB_features"
2025,"401762441",14,"2025-11-29 20:30:00",FALSE,2636,349,"American Athletic","American Athletic","2025-11-24",15,-3,10,9,-2.89231440688747,3.95734375508625,4.92201488209076,3.06853968902663,7.92201488209076,7.92201488209076,"EB_features"
2025,"401761662",14,"2025-11-29 20:45:00",FALSE,324,256,"Sun Belt","Sun Belt","2025-11-24",15,-49,10,10,-6.24337919035539,-0.526214201414518,-17.5069775201696,3.06853968902663,31.4930224798304,31.4930224798304,"EB_features"
2025,"401752785",14,"2025-11-29 21:30:00",FALSE,57,52,"SEC","ACC","2025-11-24",15,19,9,10,15.9660512208889,0.86435617751771,5.00148403255609,3.06853968902663,-13.9985159674439,13.9985159674439,"EB_features"
2025,"401752946",14,"2025-11-29 23:30:00",FALSE,265,204,"Pac-12","Pac-12","2025-11-24",15,24,10,10,-2.04502948973106,-4.28141298295046,16.382743558244,3.06853968902663,-7.617256441756,7.617256441756,"EB_features"
2025,"401752923",14,"2025-11-30",TRUE,127,120,"Big Ten","Big Ten","2025-11-24",15,10,10,10,0.281613267023019,0.0599484190731576,0.335823195389497,3.06853968902663,-9.6641768046105,9.6641768046105,"EB_features"
2025,"401754613",14,"2025-11-30",FALSE,258,259,"ACC","ACC","2025-11-24",15,20,10,10,-4.24079565876744,6.50791297400035,9.80130332851171,3.06853968902663,-10.1986966714883,10.1986966714883,"EB_features"
2025,"401762520",14,"2025-11-30",FALSE,58,242,"American Athletic","American Athletic","2025-11-24",15,49,10,9,-2.48045173472186,-9.6065480416369,27.0315267931025,3.06853968902663,-21.9684732068975,21.9684732068975,"EB_features"
2025,"401752784",14,"2025-11-30 00:30:00",FALSE,2,333,"SEC","SEC","2025-11-24",15,-7,10,10,8.22851950435566,22.7594172290628,-10.0509106981929,3.06853968902663,-3.05091069819288,3.05091069819288,"EB_features"
2025,"401752919",14,"2025-11-30 00:30:00",FALSE,30,26,"Big Ten","Big Ten","2025-11-24",15,19,11,10,11.7377334980424,-2.12998270179669,24.7421350226167,3.06853968902663,5.74213502261671,5.74213502261671,"EB_features"
2025,"401752922",14,"2025-11-30 00:30:00",FALSE,356,77,"Big Ten","Big Ten","2025-11-24",15,7,9,10,6.73469998783693,-3.11671803997458,11.2459454686928,3.06853968902663,4.24594546869278,4.24594546869278,"EB_features"
2025,"401754612",14,"2025-11-30 00:30:00",FALSE,152,153,"ACC","ACC","2025-11-24",15,23,10,10,1.58309818541903,-1.50901957051974,12.3179744091837,3.06853968902663,-10.6820255908163,10.6820255908163,"EB_features"
2025,"401762518",14,"2025-11-30 00:30:00",FALSE,2655,2429,"American Athletic","American Athletic","2025-11-24",15,27,11,10,1.62669163119909,-12.3058135001842,27.411603528106,3.06853968902663,0.411603528106006,0.411603528106006,"EB_features"
2025,"401754609",14,"2025-11-30 01:00:00",FALSE,25,2567,"ACC","ACC","2025-11-24",15,3,9,10,-0.761990037176097,6.19396953274294,-12.6743554360754,3.06853968902663,-15.6743554360754,15.6743554360754,"EB_features"
2025,"401760425",14,"2025-11-30 02:00:00",FALSE,2440,2439,"Mountain West","Mountain West","2025-11-24",15,-25,10,10,-9.32004522792159,-2.66626584455864,-9.08194427197548,3.06853968902663,15.9180557280245,15.9180557280245,"EB_features"
2025,"401754614",14,"2025-11-30 03:30:00",FALSE,24,87,"ACC","FBS Independents","2025-11-24",15,-29,10,11,-2.15917751826698,22.6907546026562,-30.6709990003886,3.06853968902663,-1.67099900038864,1.67099900038864,"EB_features"
2025,"401760423",14,"2025-11-30 03:30:00",FALSE,23,278,"Mountain West","Mountain West","2025-11-24",15,-27,9,9,-2.85904759573678,-5.69962548200953,-2.22698637315941,3.06853968902663,24.7730136268406,24.7730136268406,"EB_features"
2025,"401760424",14,"2025-11-30 04:00:00",FALSE,62,2751,"Mountain West","Mountain West","2025-11-24",15,20,10,10,-7.69770912729432,-6.97155706044597,7.82136499127534,3.06853968902663,-12.1786350087247,12.1786350087247,"EB_features"
2025,"401777325",15,"2025-12-06",FALSE,55,338,"Conference USA","Conference USA","2025-12-01",16,-4,11,11,-8.09106963085991,-18.3691529051769,1.05275991218027,3.06853968902663,5.05275991218027,5.05275991218027,"EB_features"
2025,"401777352",15,"2025-12-06",FALSE,256,2653,"Sun Belt","Sun Belt","2025-12-01",16,17,11,11,-0.526214201414518,-5.49427675349189,20.1001679557952,3.06853968902663,3.10016795579523,3.10016795579523,"EB_features"
2025,"401777324",15,"2025-12-06 01:00:00",FALSE,2655,249,"American Athletic","American Athletic","2025-12-01",16,13,11,11,1.62669163119909,-5.68645933793345,-2.83724212298942,3.06853968902663,-15.8372421229894,15.8372421229894,"EB_features"
2025,"401777326",15,"2025-12-06 01:00:00",FALSE,68,2439,"Mountain West","Mountain West","2025-12-01",16,17,11,10,7.06755554934872,-2.66626584455864,8.09743129593621,3.06853968902663,-8.90256870406379,8.90256870406379,"EB_features"
2025,"401777327",15,"2025-12-06 17:00:00",TRUE,2641,252,"Big 12","Big 12","2025-12-01",16,27,11,11,7.67077272956537,8.11132203961931,8.52848301932891,3.06853968902663,-18.4715169806711,18.4715169806711,"EB_features"
2025,"401777329",15,"2025-12-06 17:00:00",TRUE,2711,193,"Mid-American","Mid-American","2025-12-01",16,10,11,11,-8.34626561869253,-3.33125934040394,-0.480180544094954,3.06853968902663,-10.480180544095,10.480180544095,"EB_features"
2025,"401777351",15,"2025-12-06 21:00:00",TRUE,333,61,"SEC","SEC","2025-12-01",16,-21,10,11,22.7594172290628,22.0397498461784,1.57932302746897,3.06853968902663,22.579323027469,22.579323027469,"EB_features"
2025,"401777328",15,"2025-12-07 01:00:00",TRUE,258,150,"ACC","ACC","2025-12-01",16,-7,10,11,-4.24079565876744,1.11565255876982,1.51500368039353,3.06853968902663,8.51500368039353,8.51500368039353,"EB_features"
2025,"401777353",15,"2025-12-07 01:00:00",TRUE,194,84,"Big Ten","Big Ten","2025-12-01",16,-3,11,11,22.8608603180406,10.9714929516635,1.10347420632815,3.06853968902663,4.10347420632815,4.10347420632815,"EB_features"
2025,"401762521",16,"2025-12-13 20:00:00",TRUE,2426,349,"American Athletic","American Athletic","2025-12-08",17,1,10,10,1.58884787309985,3.95734375508625,0.661454978653931,3.06853968902663,-0.338545021346069,0.338545021346069,"EB_features"
2025,"401778302",1,"2025-12-14 01:00:00",TRUE,264,68,"Big Ten","Mountain West","2025-12-08",17,28,11,12,4.4384078588802,7.06755554934872,7.46287110048464,3.06853968902663,-20.5371288995154,20.5371288995154,"EB_features"
2025,"401778303",1,"2025-12-17 02:00:00",TRUE,55,2653,"Conference USA","Sun Belt","2025-12-15",18,4,12,12,-8.09106963085991,-5.49427675349189,-4.02255713048186,3.06853968902663,-8.02255713048186,8.02255713048186,"EB_features"
2025,"401778304",1,"2025-12-17 22:00:00",TRUE,58,295,"American Athletic","Sun Belt","2025-12-15",18,-14,11,11,-2.48045173472186,-0.778797253450381,6.94153352590974,3.06853968902663,20.9415335259097,20.9415335259097,"EB_features"
2025,"401778305",1,"2025-12-18 01:30:00",TRUE,48,309,"Conference USA","Sun Belt","2025-12-15",18,7,11,11,-8.35912286314077,-3.9675285635357,-3.08159397237668,3.06853968902663,-10.0815939723767,10.0815939723767,"EB_features"
2025,"401838053",1,"2025-12-19 02:00:00",TRUE,2032,2623,"Sun Belt","Conference USA","2025-12-15",18,6,11,11,-6.21053484964947,-6.7625674939902,0.404887453608453,3.06853968902663,-5.59511254639155,5.59511254639155,"EB_features"
2025,"401778306",1,"2025-12-19 16:00:00",TRUE,2711,338,"Mid-American","Conference USA","2025-12-15",18,35,12,12,-8.34626561869253,-18.3691529051769,3.02902369462408,3.06853968902663,-31.9709763053759,31.9709763053759,"EB_features"
2025,"401778307",1,"2025-12-19 19:30:00",TRUE,152,235,"ACC","American Athletic","2025-12-15",18,24,11,11,1.58309818541903,-1.21319014743667,0.625335784639894,3.06853968902663,-23.3746642153601,23.3746642153601,"EB_features"
2025,"401779840",1,"2025-12-20 01:00:00",FALSE,201,333,"SEC","SEC","2025-12-15",18,-10,11,12,12.5660816805827,22.7594172290628,-1.13677489539898,3.06853968902663,8.86322510460102,8.86322510460102,"EB_features"
2025,"401779841",1,"2025-12-20 17:00:00",FALSE,245,2390,"SEC","ACC","2025-12-15",18,-7,11,11,17.725953878829,14.7526570772521,1.84028138944337,3.06853968902663,8.84028138944337,8.84028138944337,"EB_features"
2025,"401779842",1,"2025-12-20 20:30:00",FALSE,145,2655,"SEC","American Athletic","2025-12-15",18,31,11,13,14.3810800491015,1.62669163119909,19.465731416772,3.06853968902663,-11.534268583228,11.534268583228,"EB_features"
2025,"401779843",1,"2025-12-21 00:30:00",FALSE,2483,256,"Big Ten","Sun Belt","2025-12-15",18,17,11,12,18.746298796518,-0.526214201414518,18.9645308503907,3.06853968902663,1.96453085039067,1.96453085039067,"EB_features"
2025,"401778308",1,"2025-12-22 19:00:00",TRUE,328,265,"Mountain West","Pac-12","2025-12-22",19,-13,11,11,-8.74957201284489,-2.04502948973106,-5.30373721343708,3.06853968902663,7.69626278656292,7.69626278656292,"EB_features"
2025,"401778309",1,"2025-12-23 19:00:00",TRUE,97,2649,"ACC","Mid-American","2025-12-22",19,5,11,11,4.99706704038564,-1.94061847599451,5.04194553570798,3.06853968902663,0.0419455357079812,0.0419455357079812,"EB_features"
2025,"401778310",1,"2025-12-23 22:30:00",TRUE,2572,98,"Sun Belt","Conference USA","2025-12-22",19,-11,11,11,-17.4791138554505,-10.1693369301456,-3.2194023038242,3.06853968902663,7.7805976961758,7.7805976961758,"EB_features"
2025,"401778311",1,"2025-12-24 02:00:00",TRUE,195,2439,"Mid-American","Mountain West","2025-12-22",19,7,11,12,-1.08345284107104,-2.66626584455864,-1.91861679849541,3.06853968902663,-8.91861679849541,8.91861679849541,"EB_features"
2025,"401778312",1,"2025-12-25 01:00:00",FALSE,62,25,"Mountain West","ACC","2025-12-22",19,4,11,11,-7.69770912729432,-0.761990037176097,1.97985136570453,3.06853968902663,-2.02014863429547,2.02014863429547,"EB_features"
2025,"401778313",1,"2025-12-26 18:00:00",TRUE,77,2117,"Big Ten","Mid-American","2025-12-22",19,27,11,11,-3.11671803997458,-11.3002619548927,13.5227264810657,3.06853968902663,-13.4772735189343,13.4772735189343,"EB_features"
2025,"401778314",1,"2025-12-26 21:30:00",TRUE,135,167,"Big Ten","Mountain West","2025-12-22",19,3,11,11,6.52202382491824,-13.0437901474855,5.08345767914319,3.06853968902663,2.08345767914319,2.08345767914319,"EB_features"
2025,"401778315",1,"2025-12-27 01:00:00",TRUE,2636,2229,"American Athletic","Conference USA","2025-12-22",19,37,11,11,-2.89231440688747,-6.24796304749612,8.67493943114683,3.06853968902663,-28.3250605688532,28.3250605688532,"EB_features"
2025,"401778316",1,"2025-12-27 16:00:00",TRUE,151,221,"American Athletic","ACC","2025-12-22",19,6,11,11,-3.40008941397468,2.28907826085556,-5.99657149299335,3.06853968902663,-11.9965714929934,11.9965714929934,"EB_features"
2025,"401778317",1,"2025-12-27 17:00:00",TRUE,228,213,"ACC","Big Ten","2025-12-22",19,-12,11,11,17.4253762440298,19.8476102333169,-5.05887511228252,3.06853968902663,6.94112488771748,6.94112488771748,"EB_features"
2025,"401778318",1,"2025-12-27 19:15:00",TRUE,349,41,"American Athletic","FBS Independents","2025-12-22",19,25,11,11,3.95734375508625,-5.47269707308935,1.87195860146876,3.06853968902663,-23.1280413985312,23.1280413985312,"EB_features"
2025,"401778319",1,"2025-12-27 20:30:00",TRUE,252,59,"Big 12","ACC","2025-12-22",19,4,12,11,8.11132203961931,5.83660898315793,7.17401677088361,3.06853968902663,3.17401677088361,3.17401677088361,"EB_features"
2025,"401778320",1,"2025-12-27 21:30:00",TRUE,278,193,"Mountain West","Mid-American","2025-12-22",19,15,11,12,-5.69962548200953,-3.33125934040394,0.361008877573363,3.06853968902663,-14.6389911224266,14.6389911224266,"EB_features"
2025,"401778321",1,"2025-12-27 22:45:00",TRUE,21,249,"Mountain West","American Athletic","2025-12-22",19,-2,11,12,-10.6140674703692,-5.68645933793345,-7.96692653384862,3.06853968902663,-5.96692653384862,5.96692653384862,"EB_features"
2025,"401778322",1,"2025-12-28 00:30:00",TRUE,142,258,"SEC","ACC","2025-12-22",19,-6,11,12,7.74750172226866,-4.24079565876744,7.38462481603276,3.06853968902663,13.3846248160328,13.3846248160328,"EB_features"
2025,"401778323",1,"2025-12-28 02:15:00",TRUE,248,99,"Big 12","SEC","2025-12-22",19,3,11,11,-2.40945920466584,16.4064011851515,-10.0940658864932,3.06853968902663,-13.0940658864932,13.0940658864932,"EB_features"
2025,"401778324",1,"2025-12-29 19:00:00",TRUE,2026,290,"Sun Belt","Sun Belt","2025-12-29",20,-19,11,11,-8.82377008009426,-1.14732081248697,-1.8018564088044,3.06853968902663,17.1981435911956,17.1981435911956,"EB_features"
2025,"401778325",1,"2025-12-30 19:00:00",TRUE,2348,324,"Conference USA","Sun Belt","2025-12-29",20,9,11,11,-6.98766661885968,-6.24337919035539,8.84377178424296,3.06853968902663,-0.156228215757039,0.156228215757039,"EB_features"
2025,"401778326",1,"2025-12-30 22:30:00",TRUE,356,2633,"Big Ten","SEC","2025-12-29",20,2,11,11,6.73469998783693,15.9208021444484,-5.2812496272359,3.06853968902663,-7.2812496272359,7.2812496272359,"EB_features"
2025,"401778327",1,"2025-12-31 02:00:00",TRUE,2628,30,"Big 12","Big Ten","2025-12-29",20,3,11,12,8.44129511662675,11.7377334980424,-9.42577218803997,3.06853968902663,-12.42577218804,12.42577218804,"EB_features"
2025,"401778328",1,"2025-12-31 17:00:00",TRUE,238,2294,"SEC","Big Ten","2025-12-29",20,-7,11,11,6.68913998679398,8.70135746273362,1.65532267147164,3.06853968902663,8.65532267147164,8.65532267147164,"EB_features"
2025,"401778329",1,"2025-12-31 19:00:00",TRUE,150,9,"ACC","Big 12","2025-12-29",20,3,12,11,1.11565255876982,8.93430367074019,-2.63723768098006,3.06853968902663,-5.63723768098006,5.63723768098006,"EB_features"
2025,"401778330",1,"2025-12-31 20:00:00",TRUE,251,130,"SEC","Big Ten","2025-12-29",20,14,12,12,21.9847760447806,13.7167245408339,3.81963967678755,3.06853968902663,-10.1803603232125,10.1803603232125,"EB_features"
2025,"401778331",1,"2025-12-31 20:30:00",TRUE,254,158,"Big 12","Big Ten","2025-12-29",20,22,11,11,2.5775569465544,9.0440770430917,10.6912402895349,3.06853968902663,-11.3087597104651,11.3087597104651,"EB_features"
2025,"401769070",1,"2026-01-01 00:30:00",TRUE,194,2390,"Big Ten","ACC","2025-12-29",20,-10,12,12,22.8608603180406,14.7526570772521,7.12051370736524,3.06853968902663,17.1205137073652,17.1205137073652,"EB_features"
2025,"401769071",1,"2026-01-01 17:00:00",TRUE,2641,2483,"Big 12","Big Ten","2025-12-29",20,-23,12,12,7.67077272956537,18.746298796518,-1.56363873623192,3.06853968902663,21.4363612637681,21.4363612637681,"EB_features"
2025,"401769072",1,"2026-01-01 21:00:00",TRUE,84,333,"Big Ten","SEC","2025-12-29",20,35,12,13,10.9714929516635,22.7594172290628,5.82819167373735,3.06853968902663,-29.1718083262627,29.1718083262627,"EB_features"
2025,"401769073",1,"2026-01-02 01:00:00",TRUE,61,145,"SEC","SEC","2025-12-29",20,-5,12,12,22.0397498461784,14.3810800491015,3.91542776037233,3.06853968902663,8.91542776037233,8.91542776037233,"EB_features"
2025,"401778332",1,"2026-01-02 18:00:00",TRUE,326,242,"Sun Belt","American Athletic","2025-12-29",20,31,11,11,-2.46825634282786,-9.6065480416369,14.7108403158138,3.06853968902663,-16.2891596841862,16.2891596841862,"EB_features"
2025,"401778333",1,"2026-01-02 21:30:00",TRUE,2132,2426,"Big 12","American Athletic","2025-12-29",20,-22,11,11,1.61538358881995,1.58884787309985,4.57289470263562,3.06853968902663,26.5728947026356,26.5728947026356,"EB_features"
2025,"401778334",1,"2026-01-03 01:00:00",TRUE,344,154,"SEC","ACC","2025-12-29",20,-14,11,11,2.05109182314268,-5.46843378553135,4.57809301699496,3.06853968902663,18.578093016995,18.578093016995,"EB_features"
2025,"401831583",1,"2026-01-03 01:00:00",TRUE,2567,12,"ACC","Big 12","2025-12-29",20,5,11,11,6.19396953274294,0.470354638342979,1.57987662059513,3.06853968902663,-3.42012337940487,3.42012337940487,"EB_features"
2025,"401769075",1,"2026-01-09 00:30:00",TRUE,145,2390,"SEC","ACC","2026-01-05",21,-4,13,13,14.3810800491015,14.7526570772521,-3.36371353260018,3.06853968902663,0.636286467399824,0.636286467399824,"EB_features"
2025,"401769074",1,"2026-01-10 00:30:00",TRUE,84,2483,"Big Ten","Big Ten","2026-01-05",21,34,13,13,10.9714929516635,18.746298796518,3.23338751540471,3.06853968902663,-30.7666124845953,30.7666124845953,"EB_features"
2025,"401769076",1,"2026-01-20 00:30:00",TRUE,84,2390,"Big Ten","ACC","2026-01-19",22,6,14,14,10.9714929516635,14.7526570772521,8.60849312944167,3.06853968902663,2.60849312944167,2.60849312944167,"EB_features"
