season,week,as_of,team_id,fbs,rank,power,off,def,games_played,model_version,design_hash,feature_hash,reconstructed_at
2026,1,2026-09-07T00:00:00Z,194,TRUE,1,29.3222274714541,14.512474303937,-14.8097531675171,1,c2-post-stage4-baseline,7618cbdd33561c950c5a02344c0cd284,d5696a9e25e00eea4556f6961ecc88a7,2026-09-26T13:52:11Z
2026,1,2026-09-07T00:00:00Z,251,TRUE,2,27.3804423381748,14.4499869324052,-12.9304554057696,1,c2-post-stage4-baseline,7618cbdd33561c950c5a02344c0cd284,d5696a9e25e00eea4556f6961ecc88a7,2026-09-26T13:52:11Z
2026,1,2026-09-07T00:00:00Z,245,TRUE,3,26.280851930771,12.9965396055929,-13.284312325178,1,c2-post-stage4-baseline,7618cbdd33561c950c5a02344c0cd284,d5696a9e25e00eea4556f6961ecc88a7,2026-09-26T13:52:11Z
2026,1,2026-09-07T00:00:00Z,2390,TRUE,4,26.2503719456997,14.6959072532659,-11.5544646924339,1,c2-post-stage4-baseline,7618cbdd33561c950c5a02344c0cd284,d5696a9e25e00eea4556f6961ecc88a7,2026-09-26T13:52:11Z
2026,1,2026-09-07T00:00:00Z,87,TRUE,5,24.6527500387414,10.3793680948414,-14.2733819439,0,c2-post-stage4-baseline,7618cbdd33561c950c5a02344c0cd284,d5696a9e25e00eea4556f6961ecc88a7,2026-09-26T13:52:11Z
2026,1,2026-09-07T00:00:00Z,99,TRUE,6,24.2779430675865,11.9572994118371,-12.3206436557494,1,c2-post-stage4-baseline,7618cbdd33561c950c5a02344c0cd284,d5696a9e25e00eea4556f6961ecc88a7,2026-09-26T13:52:11Z
2026,1,2026-09-07T00:00:00Z,61,TRUE,7,23.7355951331745,12.9590100358776,-10.7765850972969,1,c2-post-stage4-baseline,7618cbdd33561c950c5a02344c0cd284,d5696a9e25e00eea4556f6961ecc88a7,2026-09-26T13:52:11Z
2026,1,2026-09-07T00:00:00Z,2483,TRUE,8,23.2964672135574,12.9591116194788,-10.3373555940786,1,c2-post-stage4-baseline,7618cbdd33561c950c5a02344c0cd284,d5696a9e25e00eea4556f6961ecc88a7,2026-09-26T13:52:11Z
2026,1,2026-09-07T00:00:00Z,333,TRUE,9,23.0610701588357,11.0582938193987,-12.002776339437,1,c2-post-stage4-baseline,7618cbdd33561c950c5a02344c0cd284,d5696a9e25e00eea4556f6961ecc88a7,2026-09-26T13:52:11Z
2026,1,2026-09-07T00:00:00Z,84,TRUE,10,21.4414952561684,10.979806179311,-10.4616890768574,1,c2-post-stage4-baseline,7618cbdd33561c950c5a02344c0cd284,d5696a9e25e00eea4556f6961ecc88a7,2026-09-26T13:52:11Z
2026,1,2026-09-07T00:00:00Z,201,TRUE,11,21.4225884204801,10.574488422064,-10.848099998416,1,c2-post-stage4-baseline,7618cbdd33561c950c5a02344c0cd284,d5696a9e25e00eea4556f6961ecc88a7,2026-09-26T13:52:11Z
2026,1,2026-09-07T00:00:00Z,213,TRUE,12,20.37473473755,8.8702670362504,-11.5044677012996,1,c2-post-stage4-baseline,7618cbdd33561c950c5a02344c0cd284,d5696a9e25e00eea4556f6961ecc88a7,2026-09-26T13:52:11Z
2026,1,2026-09-07T00:00:00Z,145,TRUE,13,19.8495959816334,11.4829585881989,-8.36663739343451,0,c2-post-stage4-baseline,7618cbdd33561c950c5a02344c0cd284,d5696a9e25e00eea4556f6961ecc88a7,2026-09-26T13:52:11Z
2026,1,2026-09-07T00:00:00Z,30,TRUE,14,19.6136992632119,11.0201262684625,-8.59357299474949,2,c2-post-stage4-baseline,7618cbdd33561c950c5a02344c0cd284,d5696a9e25e00eea4556f6961ecc88a7,2026-09-26T13:52:11Z
2026,1,2026-09-07T00:00:00Z,57,TRUE,15,18.4562508399762,11.4278035246492,-7.02844731532706,1,c2-post-stage4-baseline,7618cbdd33561c950c5a02344c0cd284,d5696a9e25e00eea4556f6961ecc88a7,2026-09-26T13:52:11Z
2026,1,2026-09-07T00:00:00Z,2641,TRUE,16,18.1571129494138,9.32377874614413,-8.83333420326963,1,c2-post-stage4-baseline,7618cbdd33561c950c5a02344c0cd284,d5696a9e25e00eea4556f6961ecc88a7,2026-09-26T13:52:11Z
2026,1,2026-09-07T00:00:00Z,2579,TRUE,17,16.4124882366118,7.62380417893589,-8.78868405767593,1,c2-post-stage4-baseline,7618cbdd33561c950c5a02344c0cd284,d5696a9e25e00eea4556f6961ecc88a7,2026-09-26T13:52:11Z
2026,1,2026-09-07T00:00:00Z,254,TRUE,18,15.965974756677,11.8989315233777,-4.0670432332993,1,c2-post-stage4-baseline,7618cbdd33561c950c5a02344c0cd284,d5696a9e25e00eea4556f6961ecc88a7,2026-09-26T13:52:11Z
2026,1,2026-09-07T00:00:00Z,2,TRUE,19,15.5621772978564,6.72880047100195,-8.83337682685443,1,c2-post-stage4-baseline,7618cbdd33561c950c5a02344c0cd284,d5696a9e25e00eea4556f6961ecc88a7,2026-09-26T13:52:11Z
2026,1,2026-09-07T00:00:00Z,2633,TRUE,20,15.0738719053449,8.55224820819267,-6.52162369715228,1,c2-post-stage4-baseline,7618cbdd33561c950c5a02344c0cd284,d5696a9e25e00eea4556f6961ecc88a7,2026-09-26T13:52:11Z
2026,1,2026-09-07T00:00:00Z,2294,TRUE,21,13.0384534182429,2.81925130540836,-10.2192021128346,1,c2-post-stage4-baseline,7618cbdd33561c950c5a02344c0cd284,d5696a9e25e00eea4556f6961ecc88a7,2026-09-26T13:52:11Z
2026,1,2026-09-07T00:00:00Z,264,TRUE,22,12.8354277620603,6.47166245251774,-6.36376530954253,0,c2-post-stage4-baseline,7618cbdd33561c950c5a02344c0cd284,d5696a9e25e00eea4556f6961ecc88a7,2026-09-26T13:52:11Z
2026,1,2026-09-07T00:00:00Z,2306,TRUE,23,12.4905132919477,9.68884941766546,-2.80166387428223,1,c2-post-stage4-baseline,7618cbdd33561c950c5a02344c0cd284,d5696a9e25e00eea4556f6961ecc88a7,2026-09-26T13:52:11Z
2026,1,2026-09-07T00:00:00Z,258,TRUE,24,11.9056059216091,4.09463768377206,-7.81096823783704,1,c2-post-stage4-baseline,7618cbdd33561c950c5a02344c0cd284,d5696a9e25e00eea4556f6961ecc88a7,2026-09-26T13:52:11Z
2026,1,2026-09-07T00:00:00Z,252,TRUE,25,11.8729891541288,4.33415086822492,-7.53883828590385,0,c2-post-stage4-baseline,7618cbdd33561c950c5a02344c0cd284,d5696a9e25e00eea4556f6961ecc88a7,2026-09-26T13:52:11Z
2026,1,2026-09-07T00:00:00Z,158,TRUE,26,11.5723823518399,6.7574448613358,-4.81493749050407,1,c2-post-stage4-baseline,7618cbdd33561c950c5a02344c0cd284,d5696a9e25e00eea4556f6961ecc88a7,2026-09-26T13:52:11Z
2026,1,2026-09-07T00:00:00Z,130,TRUE,27,11.1419648083653,3.71156470845052,-7.43040009991479,1,c2-post-stage4-baseline,7618cbdd33561c950c5a02344c0cd284,d5696a9e25e00eea4556f6961ecc88a7,2026-09-26T13:52:11Z
2026,1,2026-09-07T00:00:00Z,142,TRUE,28,11.0093324997718,5.428033733344,-5.58129876642777,1,c2-post-stage4-baseline,7618cbdd33561c950c5a02344c0cd284,d5696a9e25e00eea4556f6961ecc88a7,2026-09-26T13:52:11Z
2026,1,2026-09-07T00:00:00Z,97,TRUE,29,10.7574380633579,5.98239511073269,-4.77504295262523,0,c2-post-stage4-baseline,7618cbdd33561c950c5a02344c0cd284,d5696a9e25e00eea4556f6961ecc88a7,2026-09-26T13:52:11Z
2026,1,2026-09-07T00:00:00Z,221,TRUE,30,10.2537029937458,6.37356417014435,-3.88013882360145,1,c2-post-stage4-baseline,7618cbdd33561c950c5a02344c0cd284,d5696a9e25e00eea4556f6961ecc88a7,2026-09-26T13:52:11Z
2026,1,2026-09-07T00:00:00Z,2305,TRUE,31,9.62371037848156,5.99728362851399,-3.62642674996757,1,c2-post-stage4-baseline,7618cbdd33561c950c5a02344c0cd284,d5696a9e25e00eea4556f6961ecc88a7,2026-09-26T13:52:11Z
2026,1,2026-09-07T00:00:00Z,52,TRUE,32,9.5681131033897,4.67466672796059,-4.89344637542911,1,c2-post-stage4-baseline,7618cbdd33561c950c5a02344c0cd284,d5696a9e25e00eea4556f6961ecc88a7,2026-09-26T13:52:11Z
2026,1,2026-09-07T00:00:00Z,2567,TRUE,33,9.40550446191052,5.15922914499686,-4.24627531691366,0,c2-post-stage4-baseline,7618cbdd33561c950c5a02344c0cd284,d5696a9e25e00eea4556f6961ecc88a7,2026-09-26T13:52:11Z
2026,1,2026-09-07T00:00:00Z,259,TRUE,34,9.21785908470743,6.91033337873382,-2.30752570597361,1,c2-post-stage4-baseline,7618cbdd33561c950c5a02344c0cd284,d5696a9e25e00eea4556f6961ecc88a7,2026-09-26T13:52:11Z
2026,1,2026-09-07T00:00:00Z,356,TRUE,35,8.99121288066104,6.87577570201682,-2.11543717864423,1,c2-post-stage4-baseline,7618cbdd33561c950c5a02344c0cd284,d5696a9e25e00eea4556f6961ecc88a7,2026-09-26T13:52:11Z
2026,1,2026-09-07T00:00:00Z,238,TRUE,36,8.78114874758103,3.51859160773131,-5.26255713984972,1,c2-post-stage4-baseline,7618cbdd33561c950c5a02344c0cd284,d5696a9e25e00eea4556f6961ecc88a7,2026-09-26T13:52:11Z
2026,1,2026-09-07T00:00:00Z,12,TRUE,37,8.04955389561955,4.50846482716818,-3.54108906845137,0,c2-post-stage4-baseline,7618cbdd33561c950c5a02344c0cd284,d5696a9e25e00eea4556f6961ecc88a7,2026-09-26T13:52:11Z
2026,1,2026-09-07T00:00:00Z,135,TRUE,38,7.9585733194362,3.3668547802476,-4.5917185391886,1,c2-post-stage4-baseline,7618cbdd33561c950c5a02344c0cd284,d5696a9e25e00eea4556f6961ecc88a7,2026-09-26T13:52:11Z
2026,1,2026-09-07T00:00:00Z,344,TRUE,39,7.91626230791859,6.77762832562266,-1.13863398229592,1,c2-post-stage4-baseline,7618cbdd33561c950c5a02344c0cd284,d5696a9e25e00eea4556f6961ecc88a7,2026-09-26T13:52:11Z
2026,1,2026-09-07T00:00:00Z,275,TRUE,40,6.62115519872314,0.93912863596462,-5.68202656275852,0,c2-post-stage4-baseline,7618cbdd33561c950c5a02344c0cd284,d5696a9e25e00eea4556f6961ecc88a7,2026-09-26T13:52:11Z
2026,1,2026-09-07T00:00:00Z,2116,TRUE,41,6.19956537270616,2.70531646053582,-3.49424891217034,1,c2-post-stage4-baseline,7618cbdd33561c950c5a02344c0cd284,d5696a9e25e00eea4556f6961ecc88a7,2026-09-26T13:52:11Z
2026,1,2026-09-07T00:00:00Z,68,TRUE,42,6.08799036486275,3.59557955397816,-2.49241081088459,1,c2-post-stage4-baseline,7618cbdd33561c950c5a02344c0cd284,d5696a9e25e00eea4556f6961ecc88a7,2026-09-26T13:52:11Z
2026,1,2026-09-07T00:00:00Z,77,TRUE,43,5.90620897725386,2.18847289715618,-3.71773608009768,0,c2-post-stage4-baseline,7618cbdd33561c950c5a02344c0cd284,d5696a9e25e00eea4556f6961ecc88a7,2026-09-26T13:52:11Z
2026,1,2026-09-07T00:00:00Z,26,TRUE,44,5.63274641539423,3.82419247483041,-1.80855394056382,0,c2-post-stage4-baseline,7618cbdd33561c950c5a02344c0cd284,d5696a9e25e00eea4556f6961ecc88a7,2026-09-26T13:52:11Z
2026,1,2026-09-07T00:00:00Z,239,TRUE,45,5.38617407282735,1.31056790335481,-4.07560616947254,1,c2-post-stage4-baseline,7618cbdd33561c950c5a02344c0cd284,d5696a9e25e00eea4556f6961ecc88a7,2026-09-26T13:52:11Z
2026,1,2026-09-07T00:00:00Z,9,TRUE,46,5.31670941693731,0.722586755132676,-4.59412266180464,0,c2-post-stage4-baseline,7618cbdd33561c950c5a02344c0cd284,d5696a9e25e00eea4556f6961ecc88a7,2026-09-26T13:52:11Z
2026,1,2026-09-07T00:00:00Z,59,TRUE,47,5.06805424470255,0.213116882410416,-4.85493736229213,1,c2-post-stage4-baseline,7618cbdd33561c950c5a02344c0cd284,d5696a9e25e00eea4556f6961ecc88a7,2026-09-26T13:52:11Z
2026,1,2026-09-07T00:00:00Z,248,TRUE,48,4.91721728912442,3.26702026379617,-1.65019702532825,1,c2-post-stage4-baseline,7618cbdd33561c950c5a02344c0cd284,d5696a9e25e00eea4556f6961ecc88a7,2026-09-26T13:52:11Z
2026,1,2026-09-07T00:00:00Z,228,TRUE,49,4.89942487310535,1.05377011189243,-3.84565476121293,1,c2-post-stage4-baseline,7618cbdd33561c950c5a02344c0cd284,d5696a9e25e00eea4556f6961ecc88a7,2026-09-26T13:52:11Z
2026,1,2026-09-07T00:00:00Z,38,TRUE,50,4.86405251888129,0.0645888404820841,-4.7994636783992,1,c2-post-stage4-baseline,7618cbdd33561c950c5a02344c0cd284,d5696a9e25e00eea4556f6961ecc88a7,2026-09-26T13:52:11Z
2026,1,2026-09-07T00:00:00Z,2132,TRUE,51,4.26897456369658,1.42604649153226,-2.84292807216432,1,c2-post-stage4-baseline,7618cbdd33561c950c5a02344c0cd284,d5696a9e25e00eea4556f6961ecc88a7,2026-09-26T13:52:11Z
2026,1,2026-09-07T00:00:00Z,96,TRUE,52,3.62067911893719,0.872094167134626,-2.74858495180257,1,c2-post-stage4-baseline,7618cbdd33561c950c5a02344c0cd284,d5696a9e25e00eea4556f6961ecc88a7,2026-09-26T13:52:11Z
2026,1,2026-09-07T00:00:00Z,150,TRUE,53,3.0753574300023,0.0812113712606561,-2.99414605874164,1,c2-post-stage4-baseline,7618cbdd33561c950c5a02344c0cd284,d5696a9e25e00eea4556f6961ecc88a7,2026-09-26T13:52:11Z
2026,1,2026-09-07T00:00:00Z,120,TRUE,54,2.97440661637898,0.375974787944451,-2.59843182843453,0,c2-post-stage4-baseline,7618cbdd33561c950c5a02344c0cd284,d5696a9e25e00eea4556f6961ecc88a7,2026-09-26T13:52:11Z
2026,1,2026-09-07T00:00:00Z,152,TRUE,55,2.62319546400851,1.8583617233225,-0.764833740686012,1,c2-post-stage4-baseline,7618cbdd33561c950c5a02344c0cd284,d5696a9e25e00eea4556f6961ecc88a7,2026-09-26T13:52:11Z
2026,1,2026-09-07T00:00:00Z,8,TRUE,56,2.46222782826929,1.83853609832538,-0.623691729943911,1,c2-post-stage4-baseline,7618cbdd33561c950c5a02344c0cd284,d5696a9e25e00eea4556f6961ecc88a7,2026-09-26T13:52:11Z
2026,1,2026-09-07T00:00:00Z,127,TRUE,57,1.87082608574366,1.46924575301638,-0.401580332727277,1,c2-post-stage4-baseline,7618cbdd33561c950c5a02344c0cd284,d5696a9e25e00eea4556f6961ecc88a7,2026-09-26T13:52:11Z
2026,1,2026-09-07T00:00:00Z,183,TRUE,58,1.36486479999815,1.54593479762519,0.181069997627032,1,c2-post-stage4-baseline,7618cbdd33561c950c5a02344c0cd284,d5696a9e25e00eea4556f6961ecc88a7,2026-09-26T13:52:11Z
2026,1,2026-09-07T00:00:00Z,2628,TRUE,59,1.33648249393518,-1.98620687111748,-3.32268936505265,1,c2-post-stage4-baseline,7618cbdd33561c950c5a02344c0cd284,d5696a9e25e00eea4556f6961ecc88a7,2026-09-26T13:52:11Z
2026,1,2026-09-07T00:00:00Z,235,TRUE,60,0.990458932367874,0.947116756099101,-0.0433421762687737,2,c2-post-stage4-baseline,7618cbdd33561c950c5a02344c0cd284,d5696a9e25e00eea4556f6961ecc88a7,2026-09-26T13:52:11Z
2026,1,2026-09-07T00:00:00Z,153,TRUE,61,0.912834413468756,-1.70103698637413,-2.61387139984289,1,c2-post-stage4-baseline,7618cbdd33561c950c5a02344c0cd284,d5696a9e25e00eea4556f6961ecc88a7,2026-09-26T13:52:11Z
2026,1,2026-09-07T00:00:00Z,21,TRUE,62,0.767055795930893,0.891421613446161,0.124365817515268,0,c2-post-stage4-baseline,7618cbdd33561c950c5a02344c0cd284,d5696a9e25e00eea4556f6961ecc88a7,2026-09-26T13:52:11Z
2026,1,2026-09-07T00:00:00Z,154,TRUE,63,0.617823138251067,-0.512249156829309,-1.13007229508038,1,c2-post-stage4-baseline,7618cbdd33561c950c5a02344c0cd284,d5696a9e25e00eea4556f6961ecc88a7,2026-09-26T13:52:11Z
2026,1,2026-09-07T00:00:00Z,66,TRUE,64,0.453516345418058,-1.23002538417941,-1.68354172959747,1,c2-post-stage4-baseline,7618cbdd33561c950c5a02344c0cd284,d5696a9e25e00eea4556f6961ecc88a7,2026-09-26T13:52:11Z
2026,1,2026-09-07T00:00:00Z,25,TRUE,65,-0.0215831229622134,2.1150255804074,2.13660870336962,0,c2-post-stage4-baseline,7618cbdd33561c950c5a02344c0cd284,d5696a9e25e00eea4556f6961ecc88a7,2026-09-26T13:52:11Z
2026,1,2026-09-07T00:00:00Z,2636,TRUE,66,-0.849029350633747,2.51127105550225,3.360300406136,1,c2-post-stage4-baseline,7618cbdd33561c950c5a02344c0cd284,d5696a9e25e00eea4556f6961ecc88a7,2026-09-26T13:52:11Z
2026,1,2026-09-07T00:00:00Z,58,TRUE,67,-0.919590511490022,-0.914772946670678,0.00481756481934387,1,c2-post-stage4-baseline,7618cbdd33561c950c5a02344c0cd284,d5696a9e25e00eea4556f6961ecc88a7,2026-09-26T13:52:11Z
2026,1,2026-09-07T00:00:00Z,2711,TRUE,68,-1.5803754241644,-3.24719518922825,-1.66681976506385,1,c2-post-stage4-baseline,7618cbdd33561c950c5a02344c0cd284,d5696a9e25e00eea4556f6961ecc88a7,2026-09-26T13:52:11Z
2026,1,2026-09-07T00:00:00Z,277,TRUE,69,-2.00792844360048,-0.694873802768232,1.31305464083224,1,c2-post-stage4-baseline,7618cbdd33561c950c5a02344c0cd284,d5696a9e25e00eea4556f6961ecc88a7,2026-09-26T13:52:11Z
2026,1,2026-09-07T00:00:00Z,2655,TRUE,70,-2.54690890455908,-6.21616140465808,-3.669252500099,1,c2-post-stage4-baseline,7618cbdd33561c950c5a02344c0cd284,d5696a9e25e00eea4556f6961ecc88a7,2026-09-26T13:52:11Z
2026,1,2026-09-07T00:00:00Z,326,TRUE,71,-2.94351268273612,1.3277511537975,4.27126383653362,1,c2-post-stage4-baseline,7618cbdd33561c950c5a02344c0cd284,d5696a9e25e00eea4556f6961ecc88a7,2026-09-26T13:52:11Z
2026,1,2026-09-07T00:00:00Z,349,TRUE,72,-3.10951421808573,-1.4893493071276,1.62016491095813,1,c2-post-stage4-baseline,7618cbdd33561c950c5a02344c0cd284,d5696a9e25e00eea4556f6961ecc88a7,2026-09-26T13:52:11Z
2026,1,2026-09-07T00:00:00Z,2348,TRUE,73,-3.17157702239984,-0.3886168724603,2.78296014993954,1,c2-post-stage4-baseline,7618cbdd33561c950c5a02344c0cd284,d5696a9e25e00eea4556f6961ecc88a7,2026-09-26T13:52:11Z
2026,1,2026-09-07T00:00:00Z,2509,TRUE,74,-3.58380126603451,-1.29606652147443,2.28773474456008,1,c2-post-stage4-baseline,7618cbdd33561c950c5a02344c0cd284,d5696a9e25e00eea4556f6961ecc88a7,2026-09-26T13:52:11Z
2026,1,2026-09-07T00:00:00Z,265,TRUE,75,-3.64919228433036,-1.96557748301879,1.68361480131157,0,c2-post-stage4-baseline,7618cbdd33561c950c5a02344c0cd284,d5696a9e25e00eea4556f6961ecc88a7,2026-09-26T13:52:11Z
2026,1,2026-09-07T00:00:00Z,103,TRUE,76,-3.9363956280424,-2.21304150453504,1.72335412350737,1,c2-post-stage4-baseline,7618cbdd33561c950c5a02344c0cd284,d5696a9e25e00eea4556f6961ecc88a7,2026-09-26T13:52:11Z
2026,1,2026-09-07T00:00:00Z,164,TRUE,77,-4.10240778970645,0.00256378551594907,4.1049715752224,1,c2-post-stage4-baseline,7618cbdd33561c950c5a02344c0cd284,d5696a9e25e00eea4556f6961ecc88a7,2026-09-26T13:52:11Z
2026,1,2026-09-07T00:00:00Z,24,TRUE,78,-4.6204763041414,-2.61123096028583,2.00924534385558,2,c2-post-stage4-baseline,7618cbdd33561c950c5a02344c0cd284,d5696a9e25e00eea4556f6961ecc88a7,2026-09-26T13:52:11Z
2026,1,2026-09-07T00:00:00Z,2439,TRUE,79,-4.63253254588348,-1.49807575251865,3.13445679336483,1,c2-post-stage4-baseline,7618cbdd33561c950c5a02344c0cd284,d5696a9e25e00eea4556f6961ecc88a7,2026-09-26T13:52:11Z
2026,1,2026-09-07T00:00:00Z,256,TRUE,80,-4.79814676775167,-5.16800062145722,-0.369853853705546,1,c2-post-stage4-baseline,7618cbdd33561c950c5a02344c0cd284,d5696a9e25e00eea4556f6961ecc88a7,2026-09-26T13:52:11Z
2026,1,2026-09-07T00:00:00Z,36,TRUE,81,-4.94486897020007,-2.94542271268711,1.99944625751296,1,c2-post-stage4-baseline,7618cbdd33561c950c5a02344c0cd284,d5696a9e25e00eea4556f6961ecc88a7,2026-09-26T13:52:11Z
2026,1,2026-09-07T00:00:00Z,151,TRUE,82,-5.16356787919266,-1.95650897958865,3.20705889960401,1,c2-post-stage4-baseline,7618cbdd33561c950c5a02344c0cd284,d5696a9e25e00eea4556f6961ecc88a7,2026-09-26T13:52:11Z
2026,1,2026-09-07T00:00:00Z,41,TRUE,83,-5.63919853320194,-2.30259603253086,3.33660250067108,1,c2-post-stage4-baseline,7618cbdd33561c950c5a02344c0cd284,d5696a9e25e00eea4556f6961ecc88a7,2026-09-26T13:52:11Z
2026,1,2026-09-07T00:00:00Z,2426,TRUE,84,-5.99810688110538,-2.80950792333065,3.18859895777474,1,c2-post-stage4-baseline,7618cbdd33561c950c5a02344c0cd284,d5696a9e25e00eea4556f6961ecc88a7,2026-09-26T13:52:11Z
2026,1,2026-09-07T00:00:00Z,2005,TRUE,85,-6.39630241738438,-4.88749772213104,1.50880469525334,1,c2-post-stage4-baseline,7618cbdd33561c950c5a02344c0cd284,d5696a9e25e00eea4556f6961ecc88a7,2026-09-26T13:52:11Z
2026,1,2026-09-07T00:00:00Z,249,TRUE,86,-6.47682251924533,-0.308062394903676,6.16876012434166,1,c2-post-stage4-baseline,7618cbdd33561c950c5a02344c0cd284,d5696a9e25e00eea4556f6961ecc88a7,2026-09-26T13:52:11Z
2026,1,2026-09-07T00:00:00Z,295,TRUE,87,-6.52595091064824,-6.10274254710613,0.423208363542115,1,c2-post-stage4-baseline,7618cbdd33561c950c5a02344c0cd284,d5696a9e25e00eea4556f6961ecc88a7,2026-09-26T13:52:11Z
2026,1,2026-09-07T00:00:00Z,2649,TRUE,88,-6.59943085314088,-4.39074727964792,2.20868357349296,1,c2-post-stage4-baseline,7618cbdd33561c950c5a02344c0cd284,d5696a9e25e00eea4556f6961ecc88a7,2026-09-26T13:52:11Z
2026,1,2026-09-07T00:00:00Z,202,TRUE,89,-7.3162446941271,-4.51153730444262,2.80470738968448,1,c2-post-stage4-baseline,7618cbdd33561c950c5a02344c0cd284,d5696a9e25e00eea4556f6961ecc88a7,2026-09-26T13:52:11Z
2026,1,2026-09-07T00:00:00Z,278,TRUE,90,-7.36157491491874,-5.95885230706478,1.40272260785396,1,c2-post-stage4-baseline,7618cbdd33561c950c5a02344c0cd284,d5696a9e25e00eea4556f6961ecc88a7,2026-09-26T13:52:11Z
2026,1,2026-09-07T00:00:00Z,2335,TRUE,91,-7.49283790234174,-5.10895306827326,2.38388483406848,1,c2-post-stage4-baseline,7618cbdd33561c950c5a02344c0cd284,d5696a9e25e00eea4556f6961ecc88a7,2026-09-26T13:52:11Z
2026,1,2026-09-07T00:00:00Z,2449,TRUE,92,-7.52913088722365,-4.87014614297911,2.65898474424454,2,c2-post-stage4-baseline,7618cbdd33561c950c5a02344c0cd284,d5696a9e25e00eea4556f6961ecc88a7,2026-09-26T13:52:11Z
2026,1,2026-09-07T00:00:00Z,98,TRUE,93,-7.61358923601878,-3.87781997498097,3.73576926103781,0,c2-post-stage4-baseline,7618cbdd33561c950c5a02344c0cd284,d5696a9e25e00eea4556f6961ecc88a7,2026-09-26T13:52:11Z
2026,1,2026-09-07T00:00:00Z,197,TRUE,94,-7.67237864602539,-5.22102755770773,2.45135108831766,1,c2-post-stage4-baseline,7618cbdd33561c950c5a02344c0cd284,d5696a9e25e00eea4556f6961ecc88a7,2026-09-26T13:52:11Z
2026,1,2026-09-07T00:00:00Z,2026,TRUE,95,-8.09456203021024,-2.51627081705076,5.57829121315948,1,c2-post-stage4-baseline,7618cbdd33561c950c5a02344c0cd284,d5696a9e25e00eea4556f6961ecc88a7,2026-09-26T13:52:11Z
2026,1,2026-09-07T00:00:00Z,167,TRUE,96,-8.25044547269017,-3.98747339593158,4.26297207675859,0,c2-post-stage4-baseline,7618cbdd33561c950c5a02344c0cd284,d5696a9e25e00eea4556f6961ecc88a7,2026-09-26T13:52:11Z
2026,1,2026-09-07T00:00:00Z,338,TRUE,97,-8.44902847969899,-4.71803318206867,3.73099529763032,1,c2-post-stage4-baseline,7618cbdd33561c950c5a02344c0cd284,d5696a9e25e00eea4556f6961ecc88a7,2026-09-26T13:52:11Z
2026,1,2026-09-07T00:00:00Z,195,TRUE,98,-8.71807704968756,-3.70506463505043,5.01301241463713,1,c2-post-stage4-baseline,7618cbdd33561c950c5a02344c0cd284,d5696a9e25e00eea4556f6961ecc88a7,2026-09-26T13:52:11Z
2026,1,2026-09-07T00:00:00Z,328,TRUE,99,-8.78867909302173,-3.56092579521215,5.22775329780958,1,c2-post-stage4-baseline,7618cbdd33561c950c5a02344c0cd284,d5696a9e25e00eea4556f6961ecc88a7,2026-09-26T13:52:11Z
2026,1,2026-09-07T00:00:00Z,62,TRUE,100,-8.85129596908348,-3.01268073711887,5.83861523196461,1,c2-post-stage4-baseline,7618cbdd33561c950c5a02344c0cd284,d5696a9e25e00eea4556f6961ecc88a7,2026-09-26T13:52:11Z
2026,1,2026-09-07T00:00:00Z,2032,TRUE,101,-9.5849861543894,-2.92479895918684,6.66018719520256,1,c2-post-stage4-baseline,7618cbdd33561c950c5a02344c0cd284,d5696a9e25e00eea4556f6961ecc88a7,2026-09-26T13:52:11Z
2026,1,2026-09-07T00:00:00Z,204,TRUE,102,-9.59168158393954,-5.46569985958659,4.12598172435295,1,c2-post-stage4-baseline,7618cbdd33561c950c5a02344c0cd284,d5696a9e25e00eea4556f6961ecc88a7,2026-09-26T13:52:11Z
2026,1,2026-09-07T00:00:00Z,23,TRUE,103,-9.62938209070289,-3.54586793034291,6.08351416035998,2,c2-post-stage4-baseline,7618cbdd33561c950c5a02344c0cd284,d5696a9e25e00eea4556f6961ecc88a7,2026-09-26T13:52:11Z
2026,1,2026-09-07T00:00:00Z,218,TRUE,104,-9.8161630294536,-3.9944659482401,5.82169708121351,1,c2-post-stage4-baseline,7618cbdd33561c950c5a02344c0cd284,d5696a9e25e00eea4556f6961ecc88a7,2026-09-26T13:52:11Z
2026,1,2026-09-07T00:00:00Z,2229,TRUE,105,-9.92534203002822,-6.70827233153249,3.21706969849574,1,c2-post-stage4-baseline,7618cbdd33561c950c5a02344c0cd284,d5696a9e25e00eea4556f6961ecc88a7,2026-09-26T13:52:11Z
2026,1,2026-09-07T00:00:00Z,6,TRUE,106,-9.94423112449173,-4.48440756537043,5.4598235591213,1,c2-post-stage4-baseline,7618cbdd33561c950c5a02344c0cd284,d5696a9e25e00eea4556f6961ecc88a7,2026-09-26T13:52:11Z
2026,1,2026-09-07T00:00:00Z,2199,TRUE,107,-10.2285366339511,-7.16319721256853,3.06533942138259,2,c2-post-stage4-baseline,7618cbdd33561c950c5a02344c0cd284,d5696a9e25e00eea4556f6961ecc88a7,2026-09-26T13:52:11Z
2026,1,2026-09-07T00:00:00Z,290,TRUE,108,-10.2399914828441,-5.94353298928958,4.29645849355456,1,c2-post-stage4-baseline,7618cbdd33561c950c5a02344c0cd284,d5696a9e25e00eea4556f6961ecc88a7,2026-09-26T13:52:11Z
2026,1,2026-09-07T00:00:00Z,276,TRUE,109,-10.2721594131535,-4.06878189811211,6.20337751504138,1,c2-post-stage4-baseline,7618cbdd33561c950c5a02344c0cd284,d5696a9e25e00eea4556f6961ecc88a7,2026-09-26T13:52:11Z
2026,1,2026-09-07T00:00:00Z,309,TRUE,110,-10.9121790347749,-4.87510908353889,6.03706995123599,0,c2-post-stage4-baseline,7618cbdd33561c950c5a02344c0cd284,d5696a9e25e00eea4556f6961ecc88a7,2026-09-26T13:52:11Z
2026,1,2026-09-07T00:00:00Z,2572,TRUE,111,-11.0614031255849,-5.33057943111232,5.73082369447254,1,c2-post-stage4-baseline,7618cbdd33561c950c5a02344c0cd284,d5696a9e25e00eea4556f6961ecc88a7,2026-09-26T13:52:11Z
2026,1,2026-09-07T00:00:00Z,2226,TRUE,112,-11.1506218770176,-0.700325731670563,10.450296145347,1,c2-post-stage4-baseline,7618cbdd33561c950c5a02344c0cd284,d5696a9e25e00eea4556f6961ecc88a7,2026-09-26T13:52:11Z
2026,1,2026-09-07T00:00:00Z,2117,TRUE,113,-11.158292776706,-4.87368855700768,6.28460421969829,0,c2-post-stage4-baseline,7618cbdd33561c950c5a02344c0cd284,d5696a9e25e00eea4556f6961ecc88a7,2026-09-26T13:52:11Z
2026,1,2026-09-07T00:00:00Z,193,TRUE,114,-11.2359046893055,-6.15090714237134,5.08499754693418,1,c2-post-stage4-baseline,7618cbdd33561c950c5a02344c0cd284,d5696a9e25e00eea4556f6961ecc88a7,2026-09-26T13:52:11Z
2026,1,2026-09-07T00:00:00Z,48,TRUE,115,-11.317763572981,-4.27278440319832,7.0449791697827,1,c2-post-stage4-baseline,7618cbdd33561c950c5a02344c0cd284,d5696a9e25e00eea4556f6961ecc88a7,2026-09-26T13:52:11Z
2026,1,2026-09-07T00:00:00Z,324,TRUE,116,-11.7710976026132,-4.5750991478259,7.19599845478732,1,c2-post-stage4-baseline,7618cbdd33561c950c5a02344c0cd284,d5696a9e25e00eea4556f6961ecc88a7,2026-09-26T13:52:11Z
2026,1,2026-09-07T00:00:00Z,242,TRUE,117,-12.193354048666,-8.52466800255073,3.66868604611526,1,c2-post-stage4-baseline,7618cbdd33561c950c5a02344c0cd284,d5696a9e25e00eea4556f6961ecc88a7,2026-09-26T13:52:11Z
2026,1,2026-09-07T00:00:00Z,2247,TRUE,118,-12.4568329389058,-4.28349210613431,8.17334083277147,1,c2-post-stage4-baseline,7618cbdd33561c950c5a02344c0cd284,d5696a9e25e00eea4556f6961ecc88a7,2026-09-26T13:52:11Z
2026,1,2026-09-07T00:00:00Z,2440,TRUE,119,-12.6121946910281,-7.00377640667692,5.60841828435118,0,c2-post-stage4-baseline,7618cbdd33561c950c5a02344c0cd284,d5696a9e25e00eea4556f6961ecc88a7,2026-09-26T13:52:11Z
2026,1,2026-09-07T00:00:00Z,55,TRUE,120,-13.1693192436998,-6.62629730165747,6.54302194204228,2,c2-post-stage4-baseline,7618cbdd33561c950c5a02344c0cd284,d5696a9e25e00eea4556f6961ecc88a7,2026-09-26T13:52:11Z
2026,1,2026-09-07T00:00:00Z,5,TRUE,121,-13.1987681119972,-4.20475971088945,8.99400840110777,1,c2-post-stage4-baseline,7618cbdd33561c950c5a02344c0cd284,d5696a9e25e00eea4556f6961ecc88a7,2026-09-26T13:52:11Z
2026,1,2026-09-07T00:00:00Z,2653,TRUE,122,-13.2441368129455,-7.93771273286778,5.3064240800777,1,c2-post-stage4-baseline,7618cbdd33561c950c5a02344c0cd284,d5696a9e25e00eea4556f6961ecc88a7,2026-09-26T13:52:11Z
2026,1,2026-09-07T00:00:00Z,166,TRUE,123,-13.9248076187014,-7.21670793334746,6.70809968535398,1,c2-post-stage4-baseline,7618cbdd33561c950c5a02344c0cd284,d5696a9e25e00eea4556f6961ecc88a7,2026-09-26T13:52:11Z
2026,1,2026-09-07T00:00:00Z,2006,TRUE,124,-13.9555313585584,-6.25549000856252,7.70004134999588,1,c2-post-stage4-baseline,7618cbdd33561c950c5a02344c0cd284,d5696a9e25e00eea4556f6961ecc88a7,2026-09-26T13:52:11Z
2026,1,2026-09-07T00:00:00Z,2534,TRUE,125,-14.0748085425152,-6.74532401795336,7.32948452456183,1,c2-post-stage4-baseline,7618cbdd33561c950c5a02344c0cd284,d5696a9e25e00eea4556f6961ecc88a7,2026-09-26T13:52:11Z
2026,1,2026-09-07T00:00:00Z,113,TRUE,126,-14.3419381187208,-6.29240226877636,8.0495358499444,1,c2-post-stage4-baseline,7618cbdd33561c950c5a02344c0cd284,d5696a9e25e00eea4556f6961ecc88a7,2026-09-26T13:52:11Z
2026,1,2026-09-07T00:00:00Z,2751,TRUE,127,-14.7027460171681,-9.23573242574665,5.46701359142148,1,c2-post-stage4-baseline,7618cbdd33561c950c5a02344c0cd284,d5696a9e25e00eea4556f6961ecc88a7,2026-09-26T13:52:11Z
2026,1,2026-09-07T00:00:00Z,16,TRUE,128,-14.7580560397555,-7.13072851398675,7.62732752576878,1,c2-post-stage4-baseline,7618cbdd33561c950c5a02344c0cd284,d5696a9e25e00eea4556f6961ecc88a7,2026-09-26T13:52:11Z
2026,1,2026-09-07T00:00:00Z,189,TRUE,129,-15.304407593383,-11.2431038202848,4.06130377309822,1,c2-post-stage4-baseline,7618cbdd33561c950c5a02344c0cd284,d5696a9e25e00eea4556f6961ecc88a7,2026-09-26T13:52:11Z
2026,1,2026-09-07T00:00:00Z,2638,TRUE,130,-17.3248989712195,-8.85366474660737,8.47123422461213,1,c2-post-stage4-baseline,7618cbdd33561c950c5a02344c0cd284,d5696a9e25e00eea4556f6961ecc88a7,2026-09-26T13:52:11Z
2026,1,2026-09-07T00:00:00Z,2084,TRUE,131,-17.4129238244761,-10.4735154101528,6.93940841432333,1,c2-post-stage4-baseline,7618cbdd33561c950c5a02344c0cd284,d5696a9e25e00eea4556f6961ecc88a7,2026-09-26T13:52:11Z
2026,1,2026-09-07T00:00:00Z,2393,TRUE,132,-18.0008635605285,-7.89679401646262,10.1040695440659,1,c2-post-stage4-baseline,7618cbdd33561c950c5a02344c0cd284,d5696a9e25e00eea4556f6961ecc88a7,2026-09-26T13:52:11Z
2026,1,2026-09-07T00:00:00Z,2459,TRUE,133,-18.2197846948307,-10.9746205746319,7.24516412019882,1,c2-post-stage4-baseline,7618cbdd33561c950c5a02344c0cd284,d5696a9e25e00eea4556f6961ecc88a7,2026-09-26T13:52:11Z
2026,1,2026-09-07T00:00:00Z,2623,TRUE,134,-18.7735521053741,-10.4734624779466,8.30008962742748,1,c2-post-stage4-baseline,7618cbdd33561c950c5a02344c0cd284,d5696a9e25e00eea4556f6961ecc88a7,2026-09-26T13:52:11Z
2026,1,2026-09-07T00:00:00Z,2050,TRUE,135,-20.4086190898964,-9.64301970502331,10.7655993848731,1,c2-post-stage4-baseline,7618cbdd33561c950c5a02344c0cd284,d5696a9e25e00eea4556f6961ecc88a7,2026-09-26T13:52:11Z
2026,1,2026-09-07T00:00:00Z,2433,TRUE,136,-22.2209342902152,-10.1955240053418,12.0254102848734,1,c2-post-stage4-baseline,7618cbdd33561c950c5a02344c0cd284,d5696a9e25e00eea4556f6961ecc88a7,2026-09-26T13:52:11Z
2026,1,2026-09-07T00:00:00Z,2429,TRUE,137,-22.7619187742477,-8.8593087842184,13.9026099900293,1,c2-post-stage4-baseline,7618cbdd33561c950c5a02344c0cd284,d5696a9e25e00eea4556f6961ecc88a7,2026-09-26T13:52:11Z
2026,1,2026-09-07T00:00:00Z,2309,TRUE,138,-23.9602608841607,-10.0163081369899,13.9439527471708,1,c2-post-stage4-baseline,7618cbdd33561c950c5a02344c0cd284,d5696a9e25e00eea4556f6961ecc88a7,2026-09-26T13:52:11Z
2026,1,2026-09-07T00:00:00Z,13,FALSE,,-30.7879633138499,,,1,c2-post-stage4-baseline,7618cbdd33561c950c5a02344c0cd284,d5696a9e25e00eea4556f6961ecc88a7,2026-09-26T13:52:11Z
2026,1,2026-09-07T00:00:00Z,43,FALSE,,-25.3541585576853,,,0,c2-post-stage4-baseline,7618cbdd33561c950c5a02344c0cd284,d5696a9e25e00eea4556f6961ecc88a7,2026-09-26T13:52:11Z
2026,1,2026-09-07T00:00:00Z,46,FALSE,,-43.2941976774014,,,1,c2-post-stage4-baseline,7618cbdd33561c950c5a02344c0cd284,d5696a9e25e00eea4556f6961ecc88a7,2026-09-26T13:52:11Z
2026,1,2026-09-07T00:00:00Z,47,FALSE,,-39.8972269970425,,,2,c2-post-stage4-baseline,7618cbdd33561c950c5a02344c0cd284,d5696a9e25e00eea4556f6961ecc88a7,2026-09-26T13:52:11Z
2026,1,2026-09-07T00:00:00Z,50,FALSE,,-45.184712827476,,,1,c2-post-stage4-baseline,7618cbdd33561c950c5a02344c0cd284,d5696a9e25e00eea4556f6961ecc88a7,2026-09-26T13:52:11Z
2026,1,2026-09-07T00:00:00Z,56,FALSE,,-51.3658027072274,,,2,c2-post-stage4-baseline,7618cbdd33561c950c5a02344c0cd284,d5696a9e25e00eea4556f6961ecc88a7,2026-09-26T13:52:11Z
2026,1,2026-09-07T00:00:00Z,60,FALSE,,-66.7365776570692,,,1,c2-post-stage4-baseline,7618cbdd33561c950c5a02344c0cd284,d5696a9e25e00eea4556f6961ecc88a7,2026-09-26T13:52:11Z
2026,1,2026-09-07T00:00:00Z,70,FALSE,,-31.4870656985591,,,2,c2-post-stage4-baseline,7618cbdd33561c950c5a02344c0cd284,d5696a9e25e00eea4556f6961ecc88a7,2026-09-26T13:52:11Z
2026,1,2026-09-07T00:00:00Z,79,FALSE,,-27.6201530936594,,,2,c2-post-stage4-baseline,7618cbdd33561c950c5a02344c0cd284,d5696a9e25e00eea4556f6961ecc88a7,2026-09-26T13:52:11Z
2026,1,2026-09-07T00:00:00Z,93,FALSE,,-41.822812751341,,,2,c2-post-stage4-baseline,7618cbdd33561c950c5a02344c0cd284,d5696a9e25e00eea4556f6961ecc88a7,2026-09-26T13:52:11Z
2026,1,2026-09-07T00:00:00Z,107,FALSE,,-40.8059374686799,,,2,c2-post-stage4-baseline,7618cbdd33561c950c5a02344c0cd284,d5696a9e25e00eea4556f6961ecc88a7,2026-09-26T13:52:11Z
2026,1,2026-09-07T00:00:00Z,108,FALSE,,-24.9791258228041,,,0,c2-post-stage4-baseline,7618cbdd33561c950c5a02344c0cd284,d5696a9e25e00eea4556f6961ecc88a7,2026-09-26T13:52:11Z
2026,1,2026-09-07T00:00:00Z,119,FALSE,,-35.9956144786813,,,2,c2-post-stage4-baseline,7618cbdd33561c950c5a02344c0cd284,d5696a9e25e00eea4556f6961ecc88a7,2026-09-26T13:52:11Z
2026,1,2026-09-07T00:00:00Z,128,FALSE,,-58.6559829353804,,,0,c2-post-stage4-baseline,7618cbdd33561c950c5a02344c0cd284,d5696a9e25e00eea4556f6961ecc88a7,2026-09-26T13:52:11Z
2026,1,2026-09-07T00:00:00Z,147,FALSE,,-10.5480142389039,,,1,c2-post-stage4-baseline,7618cbdd33561c950c5a02344c0cd284,d5696a9e25e00eea4556f6961ecc88a7,2026-09-26T13:52:11Z
2026,1,2026-09-07T00:00:00Z,149,FALSE,,-19.3537014187864,,,2,c2-post-stage4-baseline,7618cbdd33561c950c5a02344c0cd284,d5696a9e25e00eea4556f6961ecc88a7,2026-09-26T13:52:11Z
2026,1,2026-09-07T00:00:00Z,155,FALSE,,-17.7254523307983,,,2,c2-post-stage4-baseline,7618cbdd33561c950c5a02344c0cd284,d5696a9e25e00eea4556f6961ecc88a7,2026-09-26T13:52:11Z
2026,1,2026-09-07T00:00:00Z,159,FALSE,,-30.071517114839,,,0,c2-post-stage4-baseline,7618cbdd33561c950c5a02344c0cd284,d5696a9e25e00eea4556f6961ecc88a7,2026-09-26T13:52:11Z
2026,1,2026-09-07T00:00:00Z,160,FALSE,,-39.8040467856421,,,2,c2-post-stage4-baseline,7618cbdd33561c950c5a02344c0cd284,d5696a9e25e00eea4556f6961ecc88a7,2026-09-26T13:52:11Z
2026,1,2026-09-07T00:00:00Z,163,FALSE,,-33.1957035282253,,,0,c2-post-stage4-baseline,7618cbdd33561c950c5a02344c0cd284,d5696a9e25e00eea4556f6961ecc88a7,2026-09-26T13:52:11Z
2026,1,2026-09-07T00:00:00Z,171,FALSE,,-38.1003872407624,,,0,c2-post-stage4-baseline,7618cbdd33561c950c5a02344c0cd284,d5696a9e25e00eea4556f6961ecc88a7,2026-09-26T13:52:11Z
2026,1,2026-09-07T00:00:00Z,172,FALSE,,-35.979316274949,,,0,c2-post-stage4-baseline,7618cbdd33561c950c5a02344c0cd284,d5696a9e25e00eea4556f6961ecc88a7,2026-09-26T13:52:11Z
2026,1,2026-09-07T00:00:00Z,196,FALSE,,-66.4453167155767,,,0,c2-post-stage4-baseline,7618cbdd33561c950c5a02344c0cd284,d5696a9e25e00eea4556f6961ecc88a7,2026-09-26T13:52:11Z
2026,1,2026-09-07T00:00:00Z,219,FALSE,,-31.8585148274495,,,0,c2-post-stage4-baseline,7618cbdd33561c950c5a02344c0cd284,d5696a9e25e00eea4556f6961ecc88a7,2026-09-26T13:52:11Z
2026,1,2026-09-07T00:00:00Z,222,FALSE,,-30.1545165959934,,,2,c2-post-stage4-baseline,7618cbdd33561c950c5a02344c0cd284,d5696a9e25e00eea4556f6961ecc88a7,2026-09-26T13:52:11Z
2026,1,2026-09-07T00:00:00Z,225,FALSE,,-33.0238410972379,,,0,c2-post-stage4-baseline,7618cbdd33561c950c5a02344c0cd284,d5696a9e25e00eea4556f6961ecc88a7,2026-09-26T13:52:11Z
2026,1,2026-09-07T00:00:00Z,227,FALSE,,-25.1696411170019,,,2,c2-post-stage4-baseline,7618cbdd33561c950c5a02344c0cd284,d5696a9e25e00eea4556f6961ecc88a7,2026-09-26T13:52:11Z
2026,1,2026-09-07T00:00:00Z,231,FALSE,,-37.3292706206111,,,2,c2-post-stage4-baseline,7618cbdd33561c950c5a02344c0cd284,d5696a9e25e00eea4556f6961ecc88a7,2026-09-26T13:52:11Z
2026,1,2026-09-07T00:00:00Z,233,FALSE,,-21.8318266007156,,,1,c2-post-stage4-baseline,7618cbdd33561c950c5a02344c0cd284,d5696a9e25e00eea4556f6961ecc88a7,2026-09-26T13:52:11Z
2026,1,2026-09-07T00:00:00Z,236,FALSE,,-34.4654521123494,,,2,c2-post-stage4-baseline,7618cbdd33561c950c5a02344c0cd284,d5696a9e25e00eea4556f6961ecc88a7,2026-09-26T13:52:11Z
2026,1,2026-09-07T00:00:00Z,253,FALSE,,-27.3696530985437,,,1,c2-post-stage4-baseline,7618cbdd33561c950c5a02344c0cd284,d5696a9e25e00eea4556f6961ecc88a7,2026-09-26T13:52:11Z
2026,1,2026-09-07T00:00:00Z,257,FALSE,,-32.2977789505742,,,2,c2-post-stage4-baseline,7618cbdd33561c950c5a02344c0cd284,d5696a9e25e00eea4556f6961ecc88a7,2026-09-26T13:52:11Z
2026,1,2026-09-07T00:00:00Z,282,FALSE,,-35.8557754660951,,,2,c2-post-stage4-baseline,7618cbdd33561c950c5a02344c0cd284,d5696a9e25e00eea4556f6961ecc88a7,2026-09-26T13:52:11Z
2026,1,2026-09-07T00:00:00Z,284,FALSE,,-40.4611773885094,,,2,c2-post-stage4-baseline,7618cbdd33561c950c5a02344c0cd284,d5696a9e25e00eea4556f6961ecc88a7,2026-09-26T13:52:11Z
2026,1,2026-09-07T00:00:00Z,292,FALSE,,-26.8084630876719,,,2,c2-post-stage4-baseline,7618cbdd33561c950c5a02344c0cd284,d5696a9e25e00eea4556f6961ecc88a7,2026-09-26T13:52:11Z
2026,1,2026-09-07T00:00:00Z,301,FALSE,,-31.9923315010095,,,0,c2-post-stage4-baseline,7618cbdd33561c950c5a02344c0cd284,d5696a9e25e00eea4556f6961ecc88a7,2026-09-26T13:52:11Z
2026,1,2026-09-07T00:00:00Z,302,FALSE,,-28.8836925181379,,,1,c2-post-stage4-baseline,7618cbdd33561c950c5a02344c0cd284,d5696a9e25e00eea4556f6961ecc88a7,2026-09-26T13:52:11Z
2026,1,2026-09-07T00:00:00Z,304,FALSE,,-20.8542815794034,,,2,c2-post-stage4-baseline,7618cbdd33561c950c5a02344c0cd284,d5696a9e25e00eea4556f6961ecc88a7,2026-09-26T13:52:11Z
2026,1,2026-09-07T00:00:00Z,311,FALSE,,-39.0633234018926,,,2,c2-post-stage4-baseline,7618cbdd33561c950c5a02344c0cd284,d5696a9e25e00eea4556f6961ecc88a7,2026-09-26T13:52:11Z
2026,1,2026-09-07T00:00:00Z,322,FALSE,,-38.8670624391267,,,1,c2-post-stage4-baseline,7618cbdd33561c950c5a02344c0cd284,d5696a9e25e00eea4556f6961ecc88a7,2026-09-26T13:52:11Z
2026,1,2026-09-07T00:00:00Z,330,FALSE,,-60.9556979735785,,,0,c2-post-stage4-baseline,7618cbdd33561c950c5a02344c0cd284,d5696a9e25e00eea4556f6961ecc88a7,2026-09-26T13:52:11Z
2026,1,2026-09-07T00:00:00Z,331,FALSE,,-33.6287005139539,,,2,c2-post-stage4-baseline,7618cbdd33561c950c5a02344c0cd284,d5696a9e25e00eea4556f6961ecc88a7,2026-09-26T13:52:11Z
2026,1,2026-09-07T00:00:00Z,399,FALSE,,-34.0782962657619,,,2,c2-post-stage4-baseline,7618cbdd33561c950c5a02344c0cd284,d5696a9e25e00eea4556f6961ecc88a7,2026-09-26T13:52:11Z
2026,1,2026-09-07T00:00:00Z,613,FALSE,,-56.4135928339936,,,1,c2-post-stage4-baseline,7618cbdd33561c950c5a02344c0cd284,d5696a9e25e00eea4556f6961ecc88a7,2026-09-26T13:52:11Z
2026,1,2026-09-07T00:00:00Z,2000,FALSE,,-24.1336942386831,,,2,c2-post-stage4-baseline,7618cbdd33561c950c5a02344c0cd284,d5696a9e25e00eea4556f6961ecc88a7,2026-09-26T13:52:11Z
2026,1,2026-09-07T00:00:00Z,2010,FALSE,,-45.9494427124159,,,2,c2-post-stage4-baseline,7618cbdd33561c950c5a02344c0cd284,d5696a9e25e00eea4556f6961ecc88a7,2026-09-26T13:52:11Z
2026,1,2026-09-07T00:00:00Z,2011,FALSE,,-30.4427618345688,,,2,c2-post-stage4-baseline,7618cbdd33561c950c5a02344c0cd284,d5696a9e25e00eea4556f6961ecc88a7,2026-09-26T13:52:11Z
2026,1,2026-09-07T00:00:00Z,2013,FALSE,,-60.6735053644297,,,1,c2-post-stage4-baseline,7618cbdd33561c950c5a02344c0cd284,d5696a9e25e00eea4556f6961ecc88a7,2026-09-26T13:52:11Z
2026,1,2026-09-07T00:00:00Z,2016,FALSE,,-40.8950132214036,,,2,c2-post-stage4-baseline,7618cbdd33561c950c5a02344c0cd284,d5696a9e25e00eea4556f6961ecc88a7,2026-09-26T13:52:11Z
2026,1,2026-09-07T00:00:00Z,2022,FALSE,,-63.5962223241882,,,0,c2-post-stage4-baseline,7618cbdd33561c950c5a02344c0cd284,d5696a9e25e00eea4556f6961ecc88a7,2026-09-26T13:52:11Z
2026,1,2026-09-07T00:00:00Z,2029,FALSE,,-43.4396631325085,,,2,c2-post-stage4-baseline,7618cbdd33561c950c5a02344c0cd284,d5696a9e25e00eea4556f6961ecc88a7,2026-09-26T13:52:11Z
2026,1,2026-09-07T00:00:00Z,2046,FALSE,,-21.8170292636861,,,2,c2-post-stage4-baseline,7618cbdd33561c950c5a02344c0cd284,d5696a9e25e00eea4556f6961ecc88a7,2026-09-26T13:52:11Z
2026,1,2026-09-07T00:00:00Z,2065,FALSE,,-44.7028556706062,,,1,c2-post-stage4-baseline,7618cbdd33561c950c5a02344c0cd284,d5696a9e25e00eea4556f6961ecc88a7,2026-09-26T13:52:11Z
2026,1,2026-09-07T00:00:00Z,2075,FALSE,,-61.4440666814196,,,0,c2-post-stage4-baseline,7618cbdd33561c950c5a02344c0cd284,d5696a9e25e00eea4556f6961ecc88a7,2026-09-26T13:52:11Z
2026,1,2026-09-07T00:00:00Z,2083,FALSE,,-41.5221872101787,,,2,c2-post-stage4-baseline,7618cbdd33561c950c5a02344c0cd284,d5696a9e25e00eea4556f6961ecc88a7,2026-09-26T13:52:11Z
2026,1,2026-09-07T00:00:00Z,2086,FALSE,,-42.5198095815624,,,1,c2-post-stage4-baseline,7618cbdd33561c950c5a02344c0cd284,d5696a9e25e00eea4556f6961ecc88a7,2026-09-26T13:52:11Z
2026,1,2026-09-07T00:00:00Z,2097,FALSE,,-35.3722795560527,,,1,c2-post-stage4-baseline,7618cbdd33561c950c5a02344c0cd284,d5696a9e25e00eea4556f6961ecc88a7,2026-09-26T13:52:11Z
2026,1,2026-09-07T00:00:00Z,2110,FALSE,,-37.747682808809,,,2,c2-post-stage4-baseline,7618cbdd33561c950c5a02344c0cd284,d5696a9e25e00eea4556f6961ecc88a7,2026-09-26T13:52:11Z
2026,1,2026-09-07T00:00:00Z,2115,FALSE,,-39.7749152327592,,,1,c2-post-stage4-baseline,7618cbdd33561c950c5a02344c0cd284,d5696a9e25e00eea4556f6961ecc88a7,2026-09-26T13:52:11Z
2026,1,2026-09-07T00:00:00Z,2119,FALSE,,-63.6298014652351,,,1,c2-post-stage4-baseline,7618cbdd33561c950c5a02344c0cd284,d5696a9e25e00eea4556f6961ecc88a7,2026-09-26T13:52:11Z
2026,1,2026-09-07T00:00:00Z,2120,FALSE,,-56.7423678286588,,,0,c2-post-stage4-baseline,7618cbdd33561c950c5a02344c0cd284,d5696a9e25e00eea4556f6961ecc88a7,2026-09-26T13:52:11Z
2026,1,2026-09-07T00:00:00Z,2122,FALSE,,-63.3905206680404,,,0,c2-post-stage4-baseline,7618cbdd33561c950c5a02344c0cd284,d5696a9e25e00eea4556f6961ecc88a7,2026-09-26T13:52:11Z
2026,1,2026-09-07T00:00:00Z,2127,FALSE,,-37.9280810361192,,,2,c2-post-stage4-baseline,7618cbdd33561c950c5a02344c0cd284,d5696a9e25e00eea4556f6961ecc88a7,2026-09-26T13:52:11Z
2026,1,2026-09-07T00:00:00Z,2130,FALSE,,-48.0993698083207,,,2,c2-post-stage4-baseline,7618cbdd33561c950c5a02344c0cd284,d5696a9e25e00eea4556f6961ecc88a7,2026-09-26T13:52:11Z
2026,1,2026-09-07T00:00:00Z,2142,FALSE,,-31.1673917659969,,,2,c2-post-stage4-baseline,7618cbdd33561c950c5a02344c0cd284,d5696a9e25e00eea4556f6961ecc88a7,2026-09-26T13:52:11Z
2026,1,2026-09-07T00:00:00Z,2148,FALSE,,-59.4719202539297,,,1,c2-post-stage4-baseline,7618cbdd33561c950c5a02344c0cd284,d5696a9e25e00eea4556f6961ecc88a7,2026-09-26T13:52:11Z
2026,1,2026-09-07T00:00:00Z,2166,FALSE,,-56.0849326607841,,,2,c2-post-stage4-baseline,7618cbdd33561c950c5a02344c0cd284,d5696a9e25e00eea4556f6961ecc88a7,2026-09-26T13:52:11Z
2026,1,2026-09-07T00:00:00Z,2168,FALSE,,-34.7621168813093,,,1,c2-post-stage4-baseline,7618cbdd33561c950c5a02344c0cd284,d5696a9e25e00eea4556f6961ecc88a7,2026-09-26T13:52:11Z
2026,1,2026-09-07T00:00:00Z,2169,FALSE,,-32.627843017689,,,2,c2-post-stage4-baseline,7618cbdd33561c950c5a02344c0cd284,d5696a9e25e00eea4556f6961ecc88a7,2026-09-26T13:52:11Z
2026,1,2026-09-07T00:00:00Z,2170,FALSE,,-63.3905206680404,,,0,c2-post-stage4-baseline,7618cbdd33561c950c5a02344c0cd284,d5696a9e25e00eea4556f6961ecc88a7,2026-09-26T13:52:11Z
2026,1,2026-09-07T00:00:00Z,2175,FALSE,,-71.9789657446868,,,0,c2-post-stage4-baseline,7618cbdd33561c950c5a02344c0cd284,d5696a9e25e00eea4556f6961ecc88a7,2026-09-26T13:52:11Z
2026,1,2026-09-07T00:00:00Z,2181,FALSE,,-40.393825779365,,,2,c2-post-stage4-baseline,7618cbdd33561c950c5a02344c0cd284,d5696a9e25e00eea4556f6961ecc88a7,2026-09-26T13:52:11Z
2026,1,2026-09-07T00:00:00Z,2184,FALSE,,-35.2669239639278,,,1,c2-post-stage4-baseline,7618cbdd33561c950c5a02344c0cd284,d5696a9e25e00eea4556f6961ecc88a7,2026-09-26T13:52:11Z
2026,1,2026-09-07T00:00:00Z,2193,FALSE,,-36.0729669919823,,,2,c2-post-stage4-baseline,7618cbdd33561c950c5a02344c0cd284,d5696a9e25e00eea4556f6961ecc88a7,2026-09-26T13:52:11Z
2026,1,2026-09-07T00:00:00Z,2197,FALSE,,-39.3301859029182,,,2,c2-post-stage4-baseline,7618cbdd33561c950c5a02344c0cd284,d5696a9e25e00eea4556f6961ecc88a7,2026-09-26T13:52:11Z
2026,1,2026-09-07T00:00:00Z,2198,FALSE,,-41.0988064939577,,,2,c2-post-stage4-baseline,7618cbdd33561c950c5a02344c0cd284,d5696a9e25e00eea4556f6961ecc88a7,2026-09-26T13:52:11Z
2026,1,2026-09-07T00:00:00Z,2206,FALSE,,-68.4382238888623,,,1,c2-post-stage4-baseline,7618cbdd33561c950c5a02344c0cd284,d5696a9e25e00eea4556f6961ecc88a7,2026-09-26T13:52:11Z
2026,1,2026-09-07T00:00:00Z,2207,FALSE,,-61.3864651904069,,,1,c2-post-stage4-baseline,7618cbdd33561c950c5a02344c0cd284,d5696a9e25e00eea4556f6961ecc88a7,2026-09-26T13:52:11Z
2026,1,2026-09-07T00:00:00Z,2210,FALSE,,-28.6566553553354,,,2,c2-post-stage4-baseline,7618cbdd33561c950c5a02344c0cd284,d5696a9e25e00eea4556f6961ecc88a7,2026-09-26T13:52:11Z
2026,1,2026-09-07T00:00:00Z,2230,FALSE,,-42.6073636413231,,,2,c2-post-stage4-baseline,7618cbdd33561c950c5a02344c0cd284,d5696a9e25e00eea4556f6961ecc88a7,2026-09-26T13:52:11Z
2026,1,2026-09-07T00:00:00Z,2232,FALSE,,-63.3905206680404,,,0,c2-post-stage4-baseline,7618cbdd33561c950c5a02344c0cd284,d5696a9e25e00eea4556f6961ecc88a7,2026-09-26T13:52:11Z
2026,1,2026-09-07T00:00:00Z,2233,FALSE,,-71.9789657446868,,,0,c2-post-stage4-baseline,7618cbdd33561c950c5a02344c0cd284,d5696a9e25e00eea4556f6961ecc88a7,2026-09-26T13:52:11Z
2026,1,2026-09-07T00:00:00Z,2241,FALSE,,-34.4714241901369,,,2,c2-post-stage4-baseline,7618cbdd33561c950c5a02344c0cd284,d5696a9e25e00eea4556f6961ecc88a7,2026-09-26T13:52:11Z
2026,1,2026-09-07T00:00:00Z,2245,FALSE,,-65.0841670475297,,,1,c2-post-stage4-baseline,7618cbdd33561c950c5a02344c0cd284,d5696a9e25e00eea4556f6961ecc88a7,2026-09-26T13:52:11Z
2026,1,2026-09-07T00:00:00Z,2249,FALSE,,-62.7169646530476,,,1,c2-post-stage4-baseline,7618cbdd33561c950c5a02344c0cd284,d5696a9e25e00eea4556f6961ecc88a7,2026-09-26T13:52:11Z
2026,1,2026-09-07T00:00:00Z,2261,FALSE,,-45.7249722601229,,,1,c2-post-stage4-baseline,7618cbdd33561c950c5a02344c0cd284,d5696a9e25e00eea4556f6961ecc88a7,2026-09-26T13:52:11Z
2026,1,2026-09-07T00:00:00Z,2277,FALSE,,-37.7344071945928,,,2,c2-post-stage4-baseline,7618cbdd33561c950c5a02344c0cd284,d5696a9e25e00eea4556f6961ecc88a7,2026-09-26T13:52:11Z
2026,1,2026-09-07T00:00:00Z,2287,FALSE,,-19.8216974155648,,,1,c2-post-stage4-baseline,7618cbdd33561c950c5a02344c0cd284,d5696a9e25e00eea4556f6961ecc88a7,2026-09-26T13:52:11Z
2026,1,2026-09-07T00:00:00Z,2296,FALSE,,-29.7302911719995,,,2,c2-post-stage4-baseline,7618cbdd33561c950c5a02344c0cd284,d5696a9e25e00eea4556f6961ecc88a7,2026-09-26T13:52:11Z
2026,1,2026-09-07T00:00:00Z,2310,FALSE,,-60.017684041438,,,1,c2-post-stage4-baseline,7618cbdd33561c950c5a02344c0cd284,d5696a9e25e00eea4556f6961ecc88a7,2026-09-26T13:52:11Z
2026,1,2026-09-07T00:00:00Z,2320,FALSE,,-29.1299528033672,,,1,c2-post-stage4-baseline,7618cbdd33561c950c5a02344c0cd284,d5696a9e25e00eea4556f6961ecc88a7,2026-09-26T13:52:11Z
2026,1,2026-09-07T00:00:00Z,2323,FALSE,,-69.9714737969116,,,1,c2-post-stage4-baseline,7618cbdd33561c950c5a02344c0cd284,d5696a9e25e00eea4556f6961ecc88a7,2026-09-26T13:52:11Z
2026,1,2026-09-07T00:00:00Z,2329,FALSE,,-19.2357067833526,,,2,c2-post-stage4-baseline,7618cbdd33561c950c5a02344c0cd284,d5696a9e25e00eea4556f6961ecc88a7,2026-09-26T13:52:11Z
2026,1,2026-09-07T00:00:00Z,2339,FALSE,,-68.122139932485,,,0,c2-post-stage4-baseline,7618cbdd33561c950c5a02344c0cd284,d5696a9e25e00eea4556f6961ecc88a7,2026-09-26T13:52:11Z
2026,1,2026-09-07T00:00:00Z,2341,FALSE,,-37.0704789696293,,,2,c2-post-stage4-baseline,7618cbdd33561c950c5a02344c0cd284,d5696a9e25e00eea4556f6961ecc88a7,2026-09-26T13:52:11Z
2026,1,2026-09-07T00:00:00Z,2347,FALSE,,-68.221661533246,,,1,c2-post-stage4-baseline,7618cbdd33561c950c5a02344c0cd284,d5696a9e25e00eea4556f6961ecc88a7,2026-09-26T13:52:11Z
2026,1,2026-09-07T00:00:00Z,2355,FALSE,,-86.5781154999484,,,1,c2-post-stage4-baseline,7618cbdd33561c950c5a02344c0cd284,d5696a9e25e00eea4556f6961ecc88a7,2026-09-26T13:52:11Z
2026,1,2026-09-07T00:00:00Z,2368,FALSE,,-41.01389654511,,,2,c2-post-stage4-baseline,7618cbdd33561c950c5a02344c0cd284,d5696a9e25e00eea4556f6961ecc88a7,2026-09-26T13:52:11Z
2026,1,2026-09-07T00:00:00Z,2377,FALSE,,-33.4053327788845,,,2,c2-post-stage4-baseline,7618cbdd33561c950c5a02344c0cd284,d5696a9e25e00eea4556f6961ecc88a7,2026-09-26T13:52:11Z
2026,1,2026-09-07T00:00:00Z,2382,FALSE,,-20.2953731977386,,,2,c2-post-stage4-baseline,7618cbdd33561c950c5a02344c0cd284,d5696a9e25e00eea4556f6961ecc88a7,2026-09-26T13:52:11Z
2026,1,2026-09-07T00:00:00Z,2385,FALSE,,-40.894020148077,,,1,c2-post-stage4-baseline,7618cbdd33561c950c5a02344c0cd284,d5696a9e25e00eea4556f6961ecc88a7,2026-09-26T13:52:11Z
2026,1,2026-09-07T00:00:00Z,2396,FALSE,,-66.2763510238484,,,2,c2-post-stage4-baseline,7618cbdd33561c950c5a02344c0cd284,d5696a9e25e00eea4556f6961ecc88a7,2026-09-26T13:52:11Z
2026,1,2026-09-07T00:00:00Z,2400,FALSE,,-53.1359606612618,,,1,c2-post-stage4-baseline,7618cbdd33561c950c5a02344c0cd284,d5696a9e25e00eea4556f6961ecc88a7,2026-09-26T13:52:11Z
2026,1,2026-09-07T00:00:00Z,2405,FALSE,,-32.3288176964341,,,2,c2-post-stage4-baseline,7618cbdd33561c950c5a02344c0cd284,d5696a9e25e00eea4556f6961ecc88a7,2026-09-26T13:52:11Z
2026,1,2026-09-07T00:00:00Z,2413,FALSE,,-41.8850557597172,,,2,c2-post-stage4-baseline,7618cbdd33561c950c5a02344c0cd284,d5696a9e25e00eea4556f6961ecc88a7,2026-09-26T13:52:11Z
2026,1,2026-09-07T00:00:00Z,2415,FALSE,,-38.3307727583018,,,1,c2-post-stage4-baseline,7618cbdd33561c950c5a02344c0cd284,d5696a9e25e00eea4556f6961ecc88a7,2026-09-26T13:52:11Z
2026,1,2026-09-07T00:00:00Z,2428,FALSE,,-37.0370603011641,,,2,c2-post-stage4-baseline,7618cbdd33561c950c5a02344c0cd284,d5696a9e25e00eea4556f6961ecc88a7,2026-09-26T13:52:11Z
2026,1,2026-09-07T00:00:00Z,2441,FALSE,,-43.4852380791519,,,2,c2-post-stage4-baseline,7618cbdd33561c950c5a02344c0cd284,d5696a9e25e00eea4556f6961ecc88a7,2026-09-26T13:52:11Z
2026,1,2026-09-07T00:00:00Z,2447,FALSE,,-37.205827879323,,,2,c2-post-stage4-baseline,7618cbdd33561c950c5a02344c0cd284,d5696a9e25e00eea4556f6961ecc88a7,2026-09-26T13:52:11Z
2026,1,2026-09-07T00:00:00Z,2448,FALSE,,-51.4995045636331,,,2,c2-post-stage4-baseline,7618cbdd33561c950c5a02344c0cd284,d5696a9e25e00eea4556f6961ecc88a7,2026-09-26T13:52:11Z
2026,1,2026-09-07T00:00:00Z,2450,FALSE,,-34.5496578086236,,,2,c2-post-stage4-baseline,7618cbdd33561c950c5a02344c0cd284,d5696a9e25e00eea4556f6961ecc88a7,2026-09-26T13:52:11Z
2026,1,2026-09-07T00:00:00Z,2453,FALSE,,-33.2884977711512,,,2,c2-post-stage4-baseline,7618cbdd33561c950c5a02344c0cd284,d5696a9e25e00eea4556f6961ecc88a7,2026-09-26T13:52:11Z
2026,1,2026-09-07T00:00:00Z,2458,FALSE,,-37.0346978715371,,,1,c2-post-stage4-baseline,7618cbdd33561c950c5a02344c0cd284,d5696a9e25e00eea4556f6961ecc88a7,2026-09-26T13:52:11Z
2026,1,2026-09-07T00:00:00Z,2460,FALSE,,-35.7853779754135,,,1,c2-post-stage4-baseline,7618cbdd33561c950c5a02344c0cd284,d5696a9e25e00eea4556f6961ecc88a7,2026-09-26T13:52:11Z
2026,1,2026-09-07T00:00:00Z,2464,FALSE,,-30.6408478327253,,,1,c2-post-stage4-baseline,7618cbdd33561c950c5a02344c0cd284,d5696a9e25e00eea4556f6961ecc88a7,2026-09-26T13:52:11Z
2026,1,2026-09-07T00:00:00Z,2466,FALSE,,-60.3306218060184,,,2,c2-post-stage4-baseline,7618cbdd33561c950c5a02344c0cd284,d5696a9e25e00eea4556f6961ecc88a7,2026-09-26T13:52:11Z
2026,1,2026-09-07T00:00:00Z,2471,FALSE,,-75.2388991801794,,,1,c2-post-stage4-baseline,7618cbdd33561c950c5a02344c0cd284,d5696a9e25e00eea4556f6961ecc88a7,2026-09-26T13:52:11Z
2026,1,2026-09-07T00:00:00Z,2477,FALSE,,-57.0128522442993,,,1,c2-post-stage4-baseline,7618cbdd33561c950c5a02344c0cd284,d5696a9e25e00eea4556f6961ecc88a7,2026-09-26T13:52:11Z
2026,1,2026-09-07T00:00:00Z,2502,FALSE,,-41.9826380545341,,,1,c2-post-stage4-baseline,7618cbdd33561c950c5a02344c0cd284,d5696a9e25e00eea4556f6961ecc88a7,2026-09-26T13:52:11Z
2026,1,2026-09-07T00:00:00Z,2504,FALSE,,-31.7647878123287,,,1,c2-post-stage4-baseline,7618cbdd33561c950c5a02344c0cd284,d5696a9e25e00eea4556f6961ecc88a7,2026-09-26T13:52:11Z
2026,1,2026-09-07T00:00:00Z,2506,FALSE,,-42.3611466276297,,,2,c2-post-stage4-baseline,7618cbdd33561c950c5a02344c0cd284,d5696a9e25e00eea4556f6961ecc88a7,2026-09-26T13:52:11Z
2026,1,2026-09-07T00:00:00Z,2523,FALSE,,-37.9772366701751,,,2,c2-post-stage4-baseline,7618cbdd33561c950c5a02344c0cd284,d5696a9e25e00eea4556f6961ecc88a7,2026-09-26T13:52:11Z
2026,1,2026-09-07T00:00:00Z,2529,FALSE,,-34.7968306713546,,,1,c2-post-stage4-baseline,7618cbdd33561c950c5a02344c0cd284,d5696a9e25e00eea4556f6961ecc88a7,2026-09-26T13:52:11Z
2026,1,2026-09-07T00:00:00Z,2535,FALSE,,-42.8235893258554,,,2,c2-post-stage4-baseline,7618cbdd33561c950c5a02344c0cd284,d5696a9e25e00eea4556f6961ecc88a7,2026-09-26T13:52:11Z
2026,1,2026-09-07T00:00:00Z,2542,FALSE,,-76.7437962825906,,,1,c2-post-stage4-baseline,7618cbdd33561c950c5a02344c0cd284,d5696a9e25e00eea4556f6961ecc88a7,2026-09-26T13:52:11Z
2026,1,2026-09-07T00:00:00Z,2545,FALSE,,-30.7693509517634,,,2,c2-post-stage4-baseline,7618cbdd33561c950c5a02344c0cd284,d5696a9e25e00eea4556f6961ecc88a7,2026-09-26T13:52:11Z
2026,1,2026-09-07T00:00:00Z,2546,FALSE,,-32.7640716441154,,,2,c2-post-stage4-baseline,7618cbdd33561c950c5a02344c0cd284,d5696a9e25e00eea4556f6961ecc88a7,2026-09-26T13:52:11Z
2026,1,2026-09-07T00:00:00Z,2569,FALSE,,-22.2379378255275,,,1,c2-post-stage4-baseline,7618cbdd33561c950c5a02344c0cd284,d5696a9e25e00eea4556f6961ecc88a7,2026-09-26T13:52:11Z
2026,1,2026-09-07T00:00:00Z,2571,FALSE,,-16.6339253658971,,,1,c2-post-stage4-baseline,7618cbdd33561c950c5a02344c0cd284,d5696a9e25e00eea4556f6961ecc88a7,2026-09-26T13:52:11Z
2026,1,2026-09-07T00:00:00Z,2582,FALSE,,-45.3197825874344,,,2,c2-post-stage4-baseline,7618cbdd33561c950c5a02344c0cd284,d5696a9e25e00eea4556f6961ecc88a7,2026-09-26T13:52:11Z
2026,1,2026-09-07T00:00:00Z,2583,FALSE,,-68.8371177524734,,,1,c2-post-stage4-baseline,7618cbdd33561c950c5a02344c0cd284,d5696a9e25e00eea4556f6961ecc88a7,2026-09-26T13:52:11Z
2026,1,2026-09-07T00:00:00Z,2595,FALSE,,-77.0188172686523,,,1,c2-post-stage4-baseline,7618cbdd33561c950c5a02344c0cd284,d5696a9e25e00eea4556f6961ecc88a7,2026-09-26T13:52:11Z
2026,1,2026-09-07T00:00:00Z,2617,FALSE,,-22.7135256480075,,,1,c2-post-stage4-baseline,7618cbdd33561c950c5a02344c0cd284,d5696a9e25e00eea4556f6961ecc88a7,2026-09-26T13:52:11Z
2026,1,2026-09-07T00:00:00Z,2619,FALSE,,-34.3729257862119,,,2,c2-post-stage4-baseline,7618cbdd33561c950c5a02344c0cd284,d5696a9e25e00eea4556f6961ecc88a7,2026-09-26T13:52:11Z
2026,1,2026-09-07T00:00:00Z,2627,FALSE,,-16.2554334224253,,,2,c2-post-stage4-baseline,7618cbdd33561c950c5a02344c0cd284,d5696a9e25e00eea4556f6961ecc88a7,2026-09-26T13:52:11Z
2026,1,2026-09-07T00:00:00Z,2630,FALSE,,-35.6864691856396,,,2,c2-post-stage4-baseline,7618cbdd33561c950c5a02344c0cd284,d5696a9e25e00eea4556f6961ecc88a7,2026-09-26T13:52:11Z
2026,1,2026-09-07T00:00:00Z,2634,FALSE,,-41.23712551976,,,2,c2-post-stage4-baseline,7618cbdd33561c950c5a02344c0cd284,d5696a9e25e00eea4556f6961ecc88a7,2026-09-26T13:52:11Z
2026,1,2026-09-07T00:00:00Z,2635,FALSE,,-21.5795954214157,,,2,c2-post-stage4-baseline,7618cbdd33561c950c5a02344c0cd284,d5696a9e25e00eea4556f6961ecc88a7,2026-09-26T13:52:11Z
2026,1,2026-09-07T00:00:00Z,2640,FALSE,,-35.6865041848197,,,1,c2-post-stage4-baseline,7618cbdd33561c950c5a02344c0cd284,d5696a9e25e00eea4556f6961ecc88a7,2026-09-26T13:52:11Z
2026,1,2026-09-07T00:00:00Z,2643,FALSE,,-37.205589749161,,,2,c2-post-stage4-baseline,7618cbdd33561c950c5a02344c0cd284,d5696a9e25e00eea4556f6961ecc88a7,2026-09-26T13:52:11Z
2026,1,2026-09-07T00:00:00Z,2646,FALSE,,-69.1947061147316,,,0,c2-post-stage4-baseline,7618cbdd33561c950c5a02344c0cd284,d5696a9e25e00eea4556f6961ecc88a7,2026-09-26T13:52:11Z
2026,1,2026-09-07T00:00:00Z,2657,FALSE,,-65.7920167034525,,,0,c2-post-stage4-baseline,7618cbdd33561c950c5a02344c0cd284,d5696a9e25e00eea4556f6961ecc88a7,2026-09-26T13:52:11Z
2026,1,2026-09-07T00:00:00Z,2674,FALSE,,-41.5285853352514,,,1,c2-post-stage4-baseline,7618cbdd33561c950c5a02344c0cd284,d5696a9e25e00eea4556f6961ecc88a7,2026-09-26T13:52:11Z
2026,1,2026-09-07T00:00:00Z,2678,FALSE,,-52.3907485075908,,,2,c2-post-stage4-baseline,7618cbdd33561c950c5a02344c0cd284,d5696a9e25e00eea4556f6961ecc88a7,2026-09-26T13:52:11Z
2026,1,2026-09-07T00:00:00Z,2681,FALSE,,-46.4711516816383,,,2,c2-post-stage4-baseline,7618cbdd33561c950c5a02344c0cd284,d5696a9e25e00eea4556f6961ecc88a7,2026-09-26T13:52:11Z
2026,1,2026-09-07T00:00:00Z,2691,FALSE,,-67.5599566063564,,,1,c2-post-stage4-baseline,7618cbdd33561c950c5a02344c0cd284,d5696a9e25e00eea4556f6961ecc88a7,2026-09-26T13:52:11Z
2026,1,2026-09-07T00:00:00Z,2692,FALSE,,-35.9064936571729,,,1,c2-post-stage4-baseline,7618cbdd33561c950c5a02344c0cd284,d5696a9e25e00eea4556f6961ecc88a7,2026-09-26T13:52:11Z
2026,1,2026-09-07T00:00:00Z,2695,FALSE,,-63.3905206680404,,,0,c2-post-stage4-baseline,7618cbdd33561c950c5a02344c0cd284,d5696a9e25e00eea4556f6961ecc88a7,2026-09-26T13:52:11Z
2026,1,2026-09-07T00:00:00Z,2698,FALSE,,-41.0860549507002,,,2,c2-post-stage4-baseline,7618cbdd33561c950c5a02344c0cd284,d5696a9e25e00eea4556f6961ecc88a7,2026-09-26T13:52:11Z
2026,1,2026-09-07T00:00:00Z,2707,FALSE,,-61.3282133925384,,,1,c2-post-stage4-baseline,7618cbdd33561c950c5a02344c0cd284,d5696a9e25e00eea4556f6961ecc88a7,2026-09-26T13:52:11Z
2026,1,2026-09-07T00:00:00Z,2710,FALSE,,-37.4467479613652,,,1,c2-post-stage4-baseline,7618cbdd33561c950c5a02344c0cd284,d5696a9e25e00eea4556f6961ecc88a7,2026-09-26T13:52:11Z
2026,1,2026-09-07T00:00:00Z,2717,FALSE,,-29.3950949600541,,,1,c2-post-stage4-baseline,7618cbdd33561c950c5a02344c0cd284,d5696a9e25e00eea4556f6961ecc88a7,2026-09-26T13:52:11Z
2026,1,2026-09-07T00:00:00Z,2729,FALSE,,-30.595290128958,,,2,c2-post-stage4-baseline,7618cbdd33561c950c5a02344c0cd284,d5696a9e25e00eea4556f6961ecc88a7,2026-09-26T13:52:11Z
2026,1,2026-09-07T00:00:00Z,2736,FALSE,,-69.2095306678045,,,1,c2-post-stage4-baseline,7618cbdd33561c950c5a02344c0cd284,d5696a9e25e00eea4556f6961ecc88a7,2026-09-26T13:52:11Z
2026,1,2026-09-07T00:00:00Z,2747,FALSE,,-28.6974342345743,,,2,c2-post-stage4-baseline,7618cbdd33561c950c5a02344c0cd284,d5696a9e25e00eea4556f6961ecc88a7,2026-09-26T13:52:11Z
2026,1,2026-09-07T00:00:00Z,2754,FALSE,,-23.554132671447,,,2,c2-post-stage4-baseline,7618cbdd33561c950c5a02344c0cd284,d5696a9e25e00eea4556f6961ecc88a7,2026-09-26T13:52:11Z
2026,1,2026-09-07T00:00:00Z,2755,FALSE,,-37.8388512463612,,,2,c2-post-stage4-baseline,7618cbdd33561c950c5a02344c0cd284,d5696a9e25e00eea4556f6961ecc88a7,2026-09-26T13:52:11Z
2026,1,2026-09-07T00:00:00Z,2771,FALSE,,-42.0929087463663,,,2,c2-post-stage4-baseline,7618cbdd33561c950c5a02344c0cd284,d5696a9e25e00eea4556f6961ecc88a7,2026-09-26T13:52:11Z
2026,1,2026-09-07T00:00:00Z,2803,FALSE,,-40.104879249885,,,2,c2-post-stage4-baseline,7618cbdd33561c950c5a02344c0cd284,d5696a9e25e00eea4556f6961ecc88a7,2026-09-26T13:52:11Z
2026,1,2026-09-07T00:00:00Z,2805,FALSE,,-66.6181886758868,,,1,c2-post-stage4-baseline,7618cbdd33561c950c5a02344c0cd284,d5696a9e25e00eea4556f6961ecc88a7,2026-09-26T13:52:11Z
2026,1,2026-09-07T00:00:00Z,2815,FALSE,,-36.1530911679715,,,2,c2-post-stage4-baseline,7618cbdd33561c950c5a02344c0cd284,d5696a9e25e00eea4556f6961ecc88a7,2026-09-26T13:52:11Z
2026,1,2026-09-07T00:00:00Z,2824,FALSE,,-75.8076644496627,,,1,c2-post-stage4-baseline,7618cbdd33561c950c5a02344c0cd284,d5696a9e25e00eea4556f6961ecc88a7,2026-09-26T13:52:11Z
2026,1,2026-09-07T00:00:00Z,2837,FALSE,,-35.8002638105318,,,1,c2-post-stage4-baseline,7618cbdd33561c950c5a02344c0cd284,d5696a9e25e00eea4556f6961ecc88a7,2026-09-26T13:52:11Z
2026,1,2026-09-07T00:00:00Z,2839,FALSE,,-64.2613419173347,,,1,c2-post-stage4-baseline,7618cbdd33561c950c5a02344c0cd284,d5696a9e25e00eea4556f6961ecc88a7,2026-09-26T13:52:11Z
2026,1,2026-09-07T00:00:00Z,2842,FALSE,,-60.0352094291303,,,1,c2-post-stage4-baseline,7618cbdd33561c950c5a02344c0cd284,d5696a9e25e00eea4556f6961ecc88a7,2026-09-26T13:52:11Z
2026,1,2026-09-07T00:00:00Z,2851,FALSE,,-57.8997682696104,,,1,c2-post-stage4-baseline,7618cbdd33561c950c5a02344c0cd284,d5696a9e25e00eea4556f6961ecc88a7,2026-09-26T13:52:11Z
2026,1,2026-09-07T00:00:00Z,2900,FALSE,,-37.9479062027047,,,2,c2-post-stage4-baseline,7618cbdd33561c950c5a02344c0cd284,d5696a9e25e00eea4556f6961ecc88a7,2026-09-26T13:52:11Z
2026,1,2026-09-07T00:00:00Z,2916,FALSE,,-28.6955660389949,,,1,c2-post-stage4-baseline,7618cbdd33561c950c5a02344c0cd284,d5696a9e25e00eea4556f6961ecc88a7,2026-09-26T13:52:11Z
2026,1,2026-09-07T00:00:00Z,2986,FALSE,,-61.3103476626044,,,1,c2-post-stage4-baseline,7618cbdd33561c950c5a02344c0cd284,d5696a9e25e00eea4556f6961ecc88a7,2026-09-26T13:52:11Z
2026,1,2026-09-07T00:00:00Z,3077,FALSE,,-72.768711785269,,,1,c2-post-stage4-baseline,7618cbdd33561c950c5a02344c0cd284,d5696a9e25e00eea4556f6961ecc88a7,2026-09-26T13:52:11Z
2026,1,2026-09-07T00:00:00Z,3101,FALSE,,-45.4157522047549,,,1,c2-post-stage4-baseline,7618cbdd33561c950c5a02344c0cd284,d5696a9e25e00eea4556f6961ecc88a7,2026-09-26T13:52:11Z
2026,1,2026-09-07T00:00:00Z,3179,FALSE,,-71.9789657446868,,,0,c2-post-stage4-baseline,7618cbdd33561c950c5a02344c0cd284,d5696a9e25e00eea4556f6961ecc88a7,2026-09-26T13:52:11Z
2026,1,2026-09-07T00:00:00Z,102071,FALSE,,-75.008604498808,,,1,c2-post-stage4-baseline,7618cbdd33561c950c5a02344c0cd284,d5696a9e25e00eea4556f6961ecc88a7,2026-09-26T13:52:11Z
2026,1,2026-09-07T00:00:00Z,102626,FALSE,,-72.4164200383843,,,1,c2-post-stage4-baseline,7618cbdd33561c950c5a02344c0cd284,d5696a9e25e00eea4556f6961ecc88a7,2026-09-26T13:52:11Z
2026,1,2026-09-07T00:00:00Z,110242,FALSE,,-27.1983439427041,,,2,c2-post-stage4-baseline,7618cbdd33561c950c5a02344c0cd284,d5696a9e25e00eea4556f6961ecc88a7,2026-09-26T13:52:11Z
2026,1,2026-09-07T00:00:00Z,110243,FALSE,,-64.4176620565131,,,1,c2-post-stage4-baseline,7618cbdd33561c950c5a02344c0cd284,d5696a9e25e00eea4556f6961ecc88a7,2026-09-26T13:52:11Z
2026,1,2026-09-07T00:00:00Z,112334,FALSE,,-59.4159364715987,,,1,c2-post-stage4-baseline,7618cbdd33561c950c5a02344c0cd284,d5696a9e25e00eea4556f6961ecc88a7,2026-09-26T13:52:11Z
2026,1,2026-09-07T00:00:00Z,124110,FALSE,,-71.9789657446868,,,0,c2-post-stage4-baseline,7618cbdd33561c950c5a02344c0cd284,d5696a9e25e00eea4556f6961ecc88a7,2026-09-26T13:52:11Z
2026,1,2026-09-07T00:00:00Z,124386,FALSE,,-84.084174043727,,,0,c2-post-stage4-baseline,7618cbdd33561c950c5a02344c0cd284,d5696a9e25e00eea4556f6961ecc88a7,2026-09-26T13:52:11Z
2026,1,2026-09-07T00:00:00Z,127991,FALSE,,-55.1280407870413,,,1,c2-post-stage4-baseline,7618cbdd33561c950c5a02344c0cd284,d5696a9e25e00eea4556f6961ecc88a7,2026-09-26T13:52:11Z
2026,1,2026-09-07T00:00:00Z,129469,FALSE,,-60.4144440023116,,,1,c2-post-stage4-baseline,7618cbdd33561c950c5a02344c0cd284,d5696a9e25e00eea4556f6961ecc88a7,2026-09-26T13:52:11Z
2026,1,2026-09-07T00:00:00Z,131239,FALSE,,-71.9789657446868,,,0,c2-post-stage4-baseline,7618cbdd33561c950c5a02344c0cd284,d5696a9e25e00eea4556f6961ecc88a7,2026-09-26T13:52:11Z
2026,2,2026-09-14T00:00:00Z,194,TRUE,1,28.9220171253347,14.1118222416896,-14.8101948836451,2,c2-post-stage4-baseline,7618cbdd33561c950c5a02344c0cd284,d5696a9e25e00eea4556f6961ecc88a7,2026-09-26T13:52:14Z
2026,2,2026-09-14T00:00:00Z,87,TRUE,2,27.8953674634193,12.822371991744,-15.0729954716753,2,c2-post-stage4-baseline,7618cbdd33561c950c5a02344c0cd284,d5696a9e25e00eea4556f6961ecc88a7,2026-09-26T13:52:14Z
2026,2,2026-09-14T00:00:00Z,251,TRUE,3,27.7843060261189,14.3149454505835,-13.4693605755354,2,c2-post-stage4-baseline,7618cbdd33561c950c5a02344c0cd284,d5696a9e25e00eea4556f6961ecc88a7,2026-09-26T13:52:14Z
2026,2,2026-09-14T00:00:00Z,245,TRUE,4,26.7727649537154,13.6713122822673,-13.1014526714481,2,c2-post-stage4-baseline,7618cbdd33561c950c5a02344c0cd284,d5696a9e25e00eea4556f6961ecc88a7,2026-09-26T13:52:14Z
2026,2,2026-09-14T00:00:00Z,2390,TRUE,5,26.165184339628,18.2520132317334,-7.91317110789457,2,c2-post-stage4-baseline,7618cbdd33561c950c5a02344c0cd284,d5696a9e25e00eea4556f6961ecc88a7,2026-09-26T13:52:14Z
2026,2,2026-09-14T00:00:00Z,61,TRUE,6,25.1954608894525,15.9745080736727,-9.22095281577979,2,c2-post-stage4-baseline,7618cbdd33561c950c5a02344c0cd284,d5696a9e25e00eea4556f6961ecc88a7,2026-09-26T13:52:14Z
2026,2,2026-09-14T00:00:00Z,333,TRUE,7,25.1153923652546,12.9481453299823,-12.1672470352722,2,c2-post-stage4-baseline,7618cbdd33561c950c5a02344c0cd284,d5696a9e25e00eea4556f6961ecc88a7,2026-09-26T13:52:14Z
2026,2,2026-09-14T00:00:00Z,99,TRUE,8,25.0977438047629,12.2016415873271,-12.8961022174358,2,c2-post-stage4-baseline,7618cbdd33561c950c5a02344c0cd284,d5696a9e25e00eea4556f6961ecc88a7,2026-09-26T13:52:14Z
2026,2,2026-09-14T00:00:00Z,84,TRUE,9,21.2558425407675,11.243471574605,-10.0123709661625,2,c2-post-stage4-baseline,7618cbdd33561c950c5a02344c0cd284,d5696a9e25e00eea4556f6961ecc88a7,2026-09-26T13:52:14Z
2026,2,2026-09-14T00:00:00Z,201,TRUE,10,20.4469361093701,8.23406657727788,-12.2128695320922,2,c2-post-stage4-baseline,7618cbdd33561c950c5a02344c0cd284,d5696a9e25e00eea4556f6961ecc88a7,2026-09-26T13:52:14Z
2026,2,2026-09-14T00:00:00Z,30,TRUE,11,19.5170263882471,10.917007490447,-8.60001889780015,2,c2-post-stage4-baseline,7618cbdd33561c950c5a02344c0cd284,d5696a9e25e00eea4556f6961ecc88a7,2026-09-26T13:52:14Z
2026,2,2026-09-14T00:00:00Z,213,TRUE,12,17.5654132732938,6.32827051331968,-11.2371427599741,2,c2-post-stage4-baseline,7618cbdd33561c950c5a02344c0cd284,d5696a9e25e00eea4556f6961ecc88a7,2026-09-26T13:52:14Z
2026,2,2026-09-14T00:00:00Z,57,TRUE,13,17.2736064713983,10.7048183088927,-6.56878816250557,2,c2-post-stage4-baseline,7618cbdd33561c950c5a02344c0cd284,d5696a9e25e00eea4556f6961ecc88a7,2026-09-26T13:52:14Z
2026,2,2026-09-14T00:00:00Z,2483,TRUE,14,16.7384854380551,10.6627679298718,-6.07571750818329,2,c2-post-stage4-baseline,7618cbdd33561c950c5a02344c0cd284,d5696a9e25e00eea4556f6961ecc88a7,2026-09-26T13:52:14Z
2026,2,2026-09-14T00:00:00Z,2633,TRUE,15,16.5882524150111,11.0385478010031,-5.54970461400796,2,c2-post-stage4-baseline,7618cbdd33561c950c5a02344c0cd284,d5696a9e25e00eea4556f6961ecc88a7,2026-09-26T13:52:14Z
2026,2,2026-09-14T00:00:00Z,145,TRUE,16,16.4533127947713,10.6708269357273,-5.78248585904407,2,c2-post-stage4-baseline,7618cbdd33561c950c5a02344c0cd284,d5696a9e25e00eea4556f6961ecc88a7,2026-09-26T13:52:14Z
2026,2,2026-09-14T00:00:00Z,2,TRUE,17,16.0951984713348,7.29996685192207,-8.79523161941275,2,c2-post-stage4-baseline,7618cbdd33561c950c5a02344c0cd284,d5696a9e25e00eea4556f6961ecc88a7,2026-09-26T13:52:14Z
2026,2,2026-09-14T00:00:00Z,254,TRUE,18,15.2694751013118,11.6850482106015,-3.58442689071022,1,c2-post-stage4-baseline,7618cbdd33561c950c5a02344c0cd284,d5696a9e25e00eea4556f6961ecc88a7,2026-09-26T13:52:14Z
2026,2,2026-09-14T00:00:00Z,2641,TRUE,19,14.9866132800407,7.92706590721439,-7.05954737282635,2,c2-post-stage4-baseline,7618cbdd33561c950c5a02344c0cd284,d5696a9e25e00eea4556f6961ecc88a7,2026-09-26T13:52:14Z
2026,2,2026-09-14T00:00:00Z,158,TRUE,20,14.5353060942275,9.09765628113268,-5.4376498130948,2,c2-post-stage4-baseline,7618cbdd33561c950c5a02344c0cd284,d5696a9e25e00eea4556f6961ecc88a7,2026-09-26T13:52:14Z
2026,2,2026-09-14T00:00:00Z,2306,TRUE,21,14.3517690154805,9.16708776538802,-5.18468125009243,2,c2-post-stage4-baseline,7618cbdd33561c950c5a02344c0cd284,d5696a9e25e00eea4556f6961ecc88a7,2026-09-26T13:52:14Z
2026,2,2026-09-14T00:00:00Z,2567,TRUE,22,13.6652531482969,8.36670817759977,-5.29854497069717,2,c2-post-stage4-baseline,7618cbdd33561c950c5a02344c0cd284,d5696a9e25e00eea4556f6961ecc88a7,2026-09-26T13:52:14Z
2026,2,2026-09-14T00:00:00Z,142,TRUE,23,13.5451793974949,5.50688296846663,-8.03829642902832,2,c2-post-stage4-baseline,7618cbdd33561c950c5a02344c0cd284,d5696a9e25e00eea4556f6961ecc88a7,2026-09-26T13:52:14Z
2026,2,2026-09-14T00:00:00Z,258,TRUE,24,13.5285608182879,6.2747743216466,-7.25378649664125,2,c2-post-stage4-baseline,7618cbdd33561c950c5a02344c0cd284,d5696a9e25e00eea4556f6961ecc88a7,2026-09-26T13:52:14Z
2026,2,2026-09-14T00:00:00Z,2579,TRUE,25,13.2644068586723,6.10640786917165,-7.1579989895006,2,c2-post-stage4-baseline,7618cbdd33561c950c5a02344c0cd284,d5696a9e25e00eea4556f6961ecc88a7,2026-09-26T13:52:14Z
2026,2,2026-09-14T00:00:00Z,344,TRUE,26,12.5027839727901,9.2771628773142,-3.22562109547594,2,c2-post-stage4-baseline,7618cbdd33561c950c5a02344c0cd284,d5696a9e25e00eea4556f6961ecc88a7,2026-09-26T13:52:14Z
2026,2,2026-09-14T00:00:00Z,252,TRUE,27,12.4965996858036,6.65118795620116,-5.84541172960247,2,c2-post-stage4-baseline,7618cbdd33561c950c5a02344c0cd284,d5696a9e25e00eea4556f6961ecc88a7,2026-09-26T13:52:14Z
2026,2,2026-09-14T00:00:00Z,97,TRUE,28,12.1224961862139,9.77297712231185,-2.34951906390207,2,c2-post-stage4-baseline,7618cbdd33561c950c5a02344c0cd284,d5696a9e25e00eea4556f6961ecc88a7,2026-09-26T13:52:14Z
2026,2,2026-09-14T00:00:00Z,130,TRUE,29,12.020634119916,2.05647386085303,-9.96416025906297,2,c2-post-stage4-baseline,7618cbdd33561c950c5a02344c0cd284,d5696a9e25e00eea4556f6961ecc88a7,2026-09-26T13:52:14Z
2026,2,2026-09-14T00:00:00Z,2294,TRUE,30,11.0809113957004,0.653619141816667,-10.4272922538837,2,c2-post-stage4-baseline,7618cbdd33561c950c5a02344c0cd284,d5696a9e25e00eea4556f6961ecc88a7,2026-09-26T13:52:14Z
2026,2,2026-09-14T00:00:00Z,221,TRUE,31,11.0443669564208,3.87483132543907,-7.16953563098172,2,c2-post-stage4-baseline,7618cbdd33561c950c5a02344c0cd284,d5696a9e25e00eea4556f6961ecc88a7,2026-09-26T13:52:14Z
2026,2,2026-09-14T00:00:00Z,26,TRUE,32,10.3667194776647,5.44951723790706,-4.91720223975769,2,c2-post-stage4-baseline,7618cbdd33561c950c5a02344c0cd284,d5696a9e25e00eea4556f6961ecc88a7,2026-09-26T13:52:14Z
2026,2,2026-09-14T00:00:00Z,259,TRUE,33,9.42718697528255,8.08523462367985,-1.34195235160271,2,c2-post-stage4-baseline,7618cbdd33561c950c5a02344c0cd284,d5696a9e25e00eea4556f6961ecc88a7,2026-09-26T13:52:14Z
2026,2,2026-09-14T00:00:00Z,264,TRUE,34,8.67551732719855,1.653279726645,-7.02223760055355,2,c2-post-stage4-baseline,7618cbdd33561c950c5a02344c0cd284,d5696a9e25e00eea4556f6961ecc88a7,2026-09-26T13:52:14Z
2026,2,2026-09-14T00:00:00Z,9,TRUE,35,8.39212707100657,6.14826907607257,-2.243857994934,2,c2-post-stage4-baseline,7618cbdd33561c950c5a02344c0cd284,d5696a9e25e00eea4556f6961ecc88a7,2026-09-26T13:52:14Z
2026,2,2026-09-14T00:00:00Z,248,TRUE,36,8.06987516887912,6.68801908407092,-1.3818560848082,2,c2-post-stage4-baseline,7618cbdd33561c950c5a02344c0cd284,d5696a9e25e00eea4556f6961ecc88a7,2026-09-26T13:52:14Z
2026,2,2026-09-14T00:00:00Z,52,TRUE,37,8.0256277646229,3.41394825790584,-4.61167950671706,2,c2-post-stage4-baseline,7618cbdd33561c950c5a02344c0cd284,d5696a9e25e00eea4556f6961ecc88a7,2026-09-26T13:52:14Z
2026,2,2026-09-14T00:00:00Z,238,TRUE,38,7.82378614321718,2.96037034912255,-4.86341579409463,2,c2-post-stage4-baseline,7618cbdd33561c950c5a02344c0cd284,d5696a9e25e00eea4556f6961ecc88a7,2026-09-26T13:52:14Z
2026,2,2026-09-14T00:00:00Z,152,TRUE,39,7.76165002245089,5.43261087158569,-2.32903915086519,2,c2-post-stage4-baseline,7618cbdd33561c950c5a02344c0cd284,d5696a9e25e00eea4556f6961ecc88a7,2026-09-26T13:52:14Z
2026,2,2026-09-14T00:00:00Z,356,TRUE,40,7.73065531590633,6.82415508503779,-0.906500230868546,2,c2-post-stage4-baseline,7618cbdd33561c950c5a02344c0cd284,d5696a9e25e00eea4556f6961ecc88a7,2026-09-26T13:52:14Z
2026,2,2026-09-14T00:00:00Z,12,TRUE,41,7.2633593271505,2.60267271957428,-4.66068660757622,2,c2-post-stage4-baseline,7618cbdd33561c950c5a02344c0cd284,d5696a9e25e00eea4556f6961ecc88a7,2026-09-26T13:52:14Z
2026,2,2026-09-14T00:00:00Z,2116,TRUE,42,6.68824461932126,0.549893737745768,-6.13835088157549,2,c2-post-stage4-baseline,7618cbdd33561c950c5a02344c0cd284,d5696a9e25e00eea4556f6961ecc88a7,2026-09-26T13:52:14Z
2026,2,2026-09-14T00:00:00Z,120,TRUE,43,6.13574490993181,2.65709818166734,-3.47864672826447,2,c2-post-stage4-baseline,7618cbdd33561c950c5a02344c0cd284,d5696a9e25e00eea4556f6961ecc88a7,2026-09-26T13:52:14Z
2026,2,2026-09-14T00:00:00Z,68,TRUE,44,6.04944172732363,3.46843594149806,-2.58100578582558,2,c2-post-stage4-baseline,7618cbdd33561c950c5a02344c0cd284,d5696a9e25e00eea4556f6961ecc88a7,2026-09-26T13:52:14Z
2026,2,2026-09-14T00:00:00Z,2305,TRUE,45,5.81927714191692,3.71911262057172,-2.10016452134521,2,c2-post-stage4-baseline,7618cbdd33561c950c5a02344c0cd284,d5696a9e25e00eea4556f6961ecc88a7,2026-09-26T13:52:14Z
2026,2,2026-09-14T00:00:00Z,2132,TRUE,46,5.66174755586297,3.74547397330863,-1.91627358255434,2,c2-post-stage4-baseline,7618cbdd33561c950c5a02344c0cd284,d5696a9e25e00eea4556f6961ecc88a7,2026-09-26T13:52:14Z
2026,2,2026-09-14T00:00:00Z,239,TRUE,47,5.48170072722815,1.26624189474905,-4.2154588324791,1,c2-post-stage4-baseline,7618cbdd33561c950c5a02344c0cd284,d5696a9e25e00eea4556f6961ecc88a7,2026-09-26T13:52:14Z
2026,2,2026-09-14T00:00:00Z,228,TRUE,48,4.70667881103448,-0.902394233080353,-5.60907304411483,2,c2-post-stage4-baseline,7618cbdd33561c950c5a02344c0cd284,d5696a9e25e00eea4556f6961ecc88a7,2026-09-26T13:52:14Z
2026,2,2026-09-14T00:00:00Z,127,TRUE,49,4.34302818340746,2.36490766430718,-1.97812051910028,2,c2-post-stage4-baseline,7618cbdd33561c950c5a02344c0cd284,d5696a9e25e00eea4556f6961ecc88a7,2026-09-26T13:52:14Z
2026,2,2026-09-14T00:00:00Z,77,TRUE,50,3.97530757316152,1.03092840328485,-2.94437916987667,1,c2-post-stage4-baseline,7618cbdd33561c950c5a02344c0cd284,d5696a9e25e00eea4556f6961ecc88a7,2026-09-26T13:52:14Z
2026,2,2026-09-14T00:00:00Z,59,TRUE,51,3.70967843060056,0.738267409741861,-2.9714110208587,2,c2-post-stage4-baseline,7618cbdd33561c950c5a02344c0cd284,d5696a9e25e00eea4556f6961ecc88a7,2026-09-26T13:52:14Z
2026,2,2026-09-14T00:00:00Z,150,TRUE,52,3.63924132370698,0.633641414044519,-3.00559990966246,2,c2-post-stage4-baseline,7618cbdd33561c950c5a02344c0cd284,d5696a9e25e00eea4556f6961ecc88a7,2026-09-26T13:52:14Z
2026,2,2026-09-14T00:00:00Z,135,TRUE,53,3.09113242295955,0.72827128017176,-2.36286114278779,2,c2-post-stage4-baseline,7618cbdd33561c950c5a02344c0cd284,d5696a9e25e00eea4556f6961ecc88a7,2026-09-26T13:52:14Z
2026,2,2026-09-14T00:00:00Z,38,TRUE,54,2.98616711836111,-0.337636064901375,-3.32380318326249,2,c2-post-stage4-baseline,7618cbdd33561c950c5a02344c0cd284,d5696a9e25e00eea4556f6961ecc88a7,2026-09-26T13:52:14Z
2026,2,2026-09-14T00:00:00Z,96,TRUE,55,2.36840450326852,0.763198414173176,-1.60520608909534,2,c2-post-stage4-baseline,7618cbdd33561c950c5a02344c0cd284,d5696a9e25e00eea4556f6961ecc88a7,2026-09-26T13:52:14Z
2026,2,2026-09-14T00:00:00Z,8,TRUE,56,2.21115899937018,1.69838863084849,-0.512770368521688,1,c2-post-stage4-baseline,7618cbdd33561c950c5a02344c0cd284,d5696a9e25e00eea4556f6961ecc88a7,2026-09-26T13:52:14Z
2026,2,2026-09-14T00:00:00Z,275,TRUE,57,2.17016839917274,-1.63888517613637,-3.80905357530911,2,c2-post-stage4-baseline,7618cbdd33561c950c5a02344c0cd284,d5696a9e25e00eea4556f6961ecc88a7,2026-09-26T13:52:14Z
2026,2,2026-09-14T00:00:00Z,66,TRUE,58,1.62120682124476,-1.70956468962706,-3.33077151087182,2,c2-post-stage4-baseline,7618cbdd33561c950c5a02344c0cd284,d5696a9e25e00eea4556f6961ecc88a7,2026-09-26T13:52:14Z
2026,2,2026-09-14T00:00:00Z,154,TRUE,59,1.15425482335011,1.20733905947016,0.0530842361200423,2,c2-post-stage4-baseline,7618cbdd33561c950c5a02344c0cd284,d5696a9e25e00eea4556f6961ecc88a7,2026-09-26T13:52:14Z
2026,2,2026-09-14T00:00:00Z,2628,TRUE,60,0.949873504665027,-2.05361660076179,-3.00349010542682,1,c2-post-stage4-baseline,7618cbdd33561c950c5a02344c0cd284,d5696a9e25e00eea4556f6961ecc88a7,2026-09-26T13:52:14Z
2026,2,2026-09-14T00:00:00Z,183,TRUE,61,0.0231388041474812,-1.39213155451708,-1.41527035866456,2,c2-post-stage4-baseline,7618cbdd33561c950c5a02344c0cd284,d5696a9e25e00eea4556f6961ecc88a7,2026-09-26T13:52:14Z
2026,2,2026-09-14T00:00:00Z,58,TRUE,62,-0.0958929863863591,-0.670348998874291,-0.574456012487932,2,c2-post-stage4-baseline,7618cbdd33561c950c5a02344c0cd284,d5696a9e25e00eea4556f6961ecc88a7,2026-09-26T13:52:14Z
2026,2,2026-09-14T00:00:00Z,167,TRUE,63,-0.398362474194967,0.368892686395427,0.767255160590393,2,c2-post-stage4-baseline,7618cbdd33561c950c5a02344c0cd284,d5696a9e25e00eea4556f6961ecc88a7,2026-09-26T13:52:14Z
2026,2,2026-09-14T00:00:00Z,153,TRUE,64,-0.532502407318356,-3.03905379078486,-2.50655138346651,2,c2-post-stage4-baseline,7618cbdd33561c950c5a02344c0cd284,d5696a9e25e00eea4556f6961ecc88a7,2026-09-26T13:52:14Z
2026,2,2026-09-14T00:00:00Z,256,TRUE,65,-0.559524956730877,0.439930735353966,0.999455692084842,2,c2-post-stage4-baseline,7618cbdd33561c950c5a02344c0cd284,d5696a9e25e00eea4556f6961ecc88a7,2026-09-26T13:52:14Z
2026,2,2026-09-14T00:00:00Z,249,TRUE,66,-0.613490336635025,2.79874786572874,3.41223820236376,2,c2-post-stage4-baseline,7618cbdd33561c950c5a02344c0cd284,d5696a9e25e00eea4556f6961ecc88a7,2026-09-26T13:52:14Z
2026,2,2026-09-14T00:00:00Z,235,TRUE,67,-0.76401422376008,0.377469976667575,1.14148420042765,3,c2-post-stage4-baseline,7618cbdd33561c950c5a02344c0cd284,d5696a9e25e00eea4556f6961ecc88a7,2026-09-26T13:52:14Z
2026,2,2026-09-14T00:00:00Z,2636,TRUE,68,-0.900833634504751,2.01561774013639,2.91645137464114,2,c2-post-stage4-baseline,7618cbdd33561c950c5a02344c0cd284,d5696a9e25e00eea4556f6961ecc88a7,2026-09-26T13:52:14Z
2026,2,2026-09-14T00:00:00Z,197,TRUE,69,-1.21804293141414,-1.1027544880447,0.115288443369444,2,c2-post-stage4-baseline,7618cbdd33561c950c5a02344c0cd284,d5696a9e25e00eea4556f6961ecc88a7,2026-09-26T13:52:14Z
2026,2,2026-09-14T00:00:00Z,277,TRUE,70,-1.22764457216296,0.961029580439435,2.1886741526024,2,c2-post-stage4-baseline,7618cbdd33561c950c5a02344c0cd284,d5696a9e25e00eea4556f6961ecc88a7,2026-09-26T13:52:14Z
2026,2,2026-09-14T00:00:00Z,25,TRUE,71,-2.08036744791941,0.484483912162648,2.56485136008205,2,c2-post-stage4-baseline,7618cbdd33561c950c5a02344c0cd284,d5696a9e25e00eea4556f6961ecc88a7,2026-09-26T13:52:14Z
2026,2,2026-09-14T00:00:00Z,2711,TRUE,72,-2.35163735552282,-2.63001151375747,-0.278374158234652,2,c2-post-stage4-baseline,7618cbdd33561c950c5a02344c0cd284,d5696a9e25e00eea4556f6961ecc88a7,2026-09-26T13:52:14Z
2026,2,2026-09-14T00:00:00Z,103,TRUE,73,-2.88235126002804,-2.65718597488425,0.225165285143788,2,c2-post-stage4-baseline,7618cbdd33561c950c5a02344c0cd284,d5696a9e25e00eea4556f6961ecc88a7,2026-09-26T13:52:14Z
2026,2,2026-09-14T00:00:00Z,349,TRUE,74,-3.17507157029334,-1.26133508972337,1.91373648056997,2,c2-post-stage4-baseline,7618cbdd33561c950c5a02344c0cd284,d5696a9e25e00eea4556f6961ecc88a7,2026-09-26T13:52:14Z
2026,2,2026-09-14T00:00:00Z,326,TRUE,75,-3.4293837358682,0.749850445967404,4.17923418183561,2,c2-post-stage4-baseline,7618cbdd33561c950c5a02344c0cd284,d5696a9e25e00eea4556f6961ecc88a7,2026-09-26T13:52:14Z
2026,2,2026-09-14T00:00:00Z,2649,TRUE,76,-3.6318698219679,-1.27475590886417,2.35711391310373,2,c2-post-stage4-baseline,7618cbdd33561c950c5a02344c0cd284,d5696a9e25e00eea4556f6961ecc88a7,2026-09-26T13:52:14Z
2026,2,2026-09-14T00:00:00Z,21,TRUE,77,-3.92568302910673,-1.89317762959761,2.03250539950911,2,c2-post-stage4-baseline,7618cbdd33561c950c5a02344c0cd284,d5696a9e25e00eea4556f6961ecc88a7,2026-09-26T13:52:14Z
2026,2,2026-09-14T00:00:00Z,2509,TRUE,78,-4.09367958402279,-0.324094246084702,3.76958533793809,2,c2-post-stage4-baseline,7618cbdd33561c950c5a02344c0cd284,d5696a9e25e00eea4556f6961ecc88a7,2026-09-26T13:52:14Z
2026,2,2026-09-14T00:00:00Z,2655,TRUE,79,-4.37307253661284,-6.56821392267544,-2.1951413860626,2,c2-post-stage4-baseline,7618cbdd33561c950c5a02344c0cd284,d5696a9e25e00eea4556f6961ecc88a7,2026-09-26T13:52:14Z
2026,2,2026-09-14T00:00:00Z,2348,TRUE,80,-4.46024431205374,-1.45664557108221,3.00359874097153,2,c2-post-stage4-baseline,7618cbdd33561c950c5a02344c0cd284,d5696a9e25e00eea4556f6961ecc88a7,2026-09-26T13:52:14Z
2026,2,2026-09-14T00:00:00Z,164,TRUE,81,-4.78649561602626,-0.694294155231763,4.0922014607945,2,c2-post-stage4-baseline,7618cbdd33561c950c5a02344c0cd284,d5696a9e25e00eea4556f6961ecc88a7,2026-09-26T13:52:14Z
2026,2,2026-09-14T00:00:00Z,36,TRUE,82,-4.81707732482136,-1.21353320083541,3.60354412398595,2,c2-post-stage4-baseline,7618cbdd33561c950c5a02344c0cd284,d5696a9e25e00eea4556f6961ecc88a7,2026-09-26T13:52:14Z
2026,2,2026-09-14T00:00:00Z,328,TRUE,83,-5.3634516237784,-4.10225426876454,1.26119735501385,2,c2-post-stage4-baseline,7618cbdd33561c950c5a02344c0cd284,d5696a9e25e00eea4556f6961ecc88a7,2026-09-26T13:52:14Z
2026,2,2026-09-14T00:00:00Z,24,TRUE,84,-5.37558612425885,-3.36623129683238,2.00935482742647,2,c2-post-stage4-baseline,7618cbdd33561c950c5a02344c0cd284,d5696a9e25e00eea4556f6961ecc88a7,2026-09-26T13:52:14Z
2026,2,2026-09-14T00:00:00Z,151,TRUE,85,-5.54504108827374,-2.75209198604869,2.79294910222505,2,c2-post-stage4-baseline,7618cbdd33561c950c5a02344c0cd284,d5696a9e25e00eea4556f6961ecc88a7,2026-09-26T13:52:14Z
2026,2,2026-09-14T00:00:00Z,265,TRUE,86,-5.81728808837722,-5.78913860173966,0.0281494866375611,2,c2-post-stage4-baseline,7618cbdd33561c950c5a02344c0cd284,d5696a9e25e00eea4556f6961ecc88a7,2026-09-26T13:52:14Z
2026,2,2026-09-14T00:00:00Z,204,TRUE,87,-5.91032551298853,-3.87699009233931,2.03333542064922,2,c2-post-stage4-baseline,7618cbdd33561c950c5a02344c0cd284,d5696a9e25e00eea4556f6961ecc88a7,2026-09-26T13:52:14Z
2026,2,2026-09-14T00:00:00Z,202,TRUE,88,-6.61170310814376,-5.27884811450918,1.33285499363458,2,c2-post-stage4-baseline,7618cbdd33561c950c5a02344c0cd284,d5696a9e25e00eea4556f6961ecc88a7,2026-09-26T13:52:14Z
2026,2,2026-09-14T00:00:00Z,2440,TRUE,89,-7.02360024468761,-3.64200886497573,3.38159137971188,1,c2-post-stage4-baseline,7618cbdd33561c950c5a02344c0cd284,d5696a9e25e00eea4556f6961ecc88a7,2026-09-26T13:52:14Z
2026,2,2026-09-14T00:00:00Z,218,TRUE,90,-7.09958237063635,-3.7062312358268,3.39335113480955,2,c2-post-stage4-baseline,7618cbdd33561c950c5a02344c0cd284,d5696a9e25e00eea4556f6961ecc88a7,2026-09-26T13:52:14Z
2026,2,2026-09-14T00:00:00Z,2426,TRUE,91,-7.2826990885054,-3.60724793348476,3.67545115502065,2,c2-post-stage4-baseline,7618cbdd33561c950c5a02344c0cd284,d5696a9e25e00eea4556f6961ecc88a7,2026-09-26T13:52:14Z
2026,2,2026-09-14T00:00:00Z,2449,TRUE,92,-7.32913981958983,-5.05735867876769,2.27178114082213,2,c2-post-stage4-baseline,7618cbdd33561c950c5a02344c0cd284,d5696a9e25e00eea4556f6961ecc88a7,2026-09-26T13:52:14Z
2026,2,2026-09-14T00:00:00Z,278,TRUE,93,-7.42131233490971,-5.99524365961887,1.42606867529084,1,c2-post-stage4-baseline,7618cbdd33561c950c5a02344c0cd284,d5696a9e25e00eea4556f6961ecc88a7,2026-09-26T13:52:14Z
2026,2,2026-09-14T00:00:00Z,295,TRUE,94,-7.50936613538137,-6.70956279569882,0.799803339682555,2,c2-post-stage4-baseline,7618cbdd33561c950c5a02344c0cd284,d5696a9e25e00eea4556f6961ecc88a7,2026-09-26T13:52:14Z
2026,2,2026-09-14T00:00:00Z,2439,TRUE,95,-7.65275078373713,-5.38232816167779,2.27042262205934,3,c2-post-stage4-baseline,7618cbdd33561c950c5a02344c0cd284,d5696a9e25e00eea4556f6961ecc88a7,2026-09-26T13:52:14Z
2026,2,2026-09-14T00:00:00Z,2026,TRUE,96,-7.89407975761573,-2.71028903437513,5.1837907232406,2,c2-post-stage4-baseline,7618cbdd33561c950c5a02344c0cd284,d5696a9e25e00eea4556f6961ecc88a7,2026-09-26T13:52:14Z
2026,2,2026-09-14T00:00:00Z,6,TRUE,97,-8.15783539185014,-2.90156477329955,5.25627061855059,2,c2-post-stage4-baseline,7618cbdd33561c950c5a02344c0cd284,d5696a9e25e00eea4556f6961ecc88a7,2026-09-26T13:52:14Z
2026,2,2026-09-14T00:00:00Z,2005,TRUE,98,-8.36883891376886,-6.30153906419406,2.0672998495748,1,c2-post-stage4-baseline,7618cbdd33561c950c5a02344c0cd284,d5696a9e25e00eea4556f6961ecc88a7,2026-09-26T13:52:14Z
2026,2,2026-09-14T00:00:00Z,193,TRUE,99,-8.66240325379048,-3.24206245441014,5.42034079938033,2,c2-post-stage4-baseline,7618cbdd33561c950c5a02344c0cd284,d5696a9e25e00eea4556f6961ecc88a7,2026-09-26T13:52:14Z
2026,2,2026-09-14T00:00:00Z,2229,TRUE,100,-8.66949138698551,-6.0015972499723,2.6678941370132,2,c2-post-stage4-baseline,7618cbdd33561c950c5a02344c0cd284,d5696a9e25e00eea4556f6961ecc88a7,2026-09-26T13:52:14Z
2026,2,2026-09-14T00:00:00Z,2032,TRUE,101,-8.76929952061997,-1.76869112555573,7.00060839506424,2,c2-post-stage4-baseline,7618cbdd33561c950c5a02344c0cd284,d5696a9e25e00eea4556f6961ecc88a7,2026-09-26T13:52:14Z
2026,2,2026-09-14T00:00:00Z,2247,TRUE,102,-9.05827597885918,-2.57257729462721,6.48569868423197,2,c2-post-stage4-baseline,7618cbdd33561c950c5a02344c0cd284,d5696a9e25e00eea4556f6961ecc88a7,2026-09-26T13:52:14Z
2026,2,2026-09-14T00:00:00Z,48,TRUE,103,-9.16940382358479,-3.09428418299352,6.07511964059127,2,c2-post-stage4-baseline,7618cbdd33561c950c5a02344c0cd284,d5696a9e25e00eea4556f6961ecc88a7,2026-09-26T13:52:14Z
2026,2,2026-09-14T00:00:00Z,41,TRUE,104,-9.41597722649348,-3.79966199854067,5.61631522795281,2,c2-post-stage4-baseline,7618cbdd33561c950c5a02344c0cd284,d5696a9e25e00eea4556f6961ecc88a7,2026-09-26T13:52:14Z
2026,2,2026-09-14T00:00:00Z,195,TRUE,105,-9.58560821056828,-3.92124532007623,5.66436289049205,2,c2-post-stage4-baseline,7618cbdd33561c950c5a02344c0cd284,d5696a9e25e00eea4556f6961ecc88a7,2026-09-26T13:52:14Z
2026,2,2026-09-14T00:00:00Z,2226,TRUE,106,-9.83187104028153,-0.143932229679062,9.68793881060246,2,c2-post-stage4-baseline,7618cbdd33561c950c5a02344c0cd284,d5696a9e25e00eea4556f6961ecc88a7,2026-09-26T13:52:14Z
2026,2,2026-09-14T00:00:00Z,23,TRUE,107,-9.96000366272315,-3.81457281356257,6.14543084916058,2,c2-post-stage4-baseline,7618cbdd33561c950c5a02344c0cd284,d5696a9e25e00eea4556f6961ecc88a7,2026-09-26T13:52:14Z
2026,2,2026-09-14T00:00:00Z,290,TRUE,108,-10.0042008147536,-7.84348427425802,2.16071654049555,2,c2-post-stage4-baseline,7618cbdd33561c950c5a02344c0cd284,d5696a9e25e00eea4556f6961ecc88a7,2026-09-26T13:52:14Z
2026,2,2026-09-14T00:00:00Z,309,TRUE,109,-10.1339572572042,-4.05543601576836,6.07852124143583,1,c2-post-stage4-baseline,7618cbdd33561c950c5a02344c0cd284,d5696a9e25e00eea4556f6961ecc88a7,2026-09-26T13:52:14Z
2026,2,2026-09-14T00:00:00Z,2335,TRUE,110,-10.4545675521576,-7.58519009270911,2.86937745944844,2,c2-post-stage4-baseline,7618cbdd33561c950c5a02344c0cd284,d5696a9e25e00eea4556f6961ecc88a7,2026-09-26T13:52:14Z
2026,2,2026-09-14T00:00:00Z,2199,TRUE,111,-11.6404737893013,-7.71505415576778,3.92541963353354,3,c2-post-stage4-baseline,7618cbdd33561c950c5a02344c0cd284,d5696a9e25e00eea4556f6961ecc88a7,2026-09-26T13:52:14Z
2026,2,2026-09-14T00:00:00Z,55,TRUE,112,-11.9370501964609,-5.52369770311412,6.41335249334679,3,c2-post-stage4-baseline,7618cbdd33561c950c5a02344c0cd284,d5696a9e25e00eea4556f6961ecc88a7,2026-09-26T13:52:14Z
2026,2,2026-09-14T00:00:00Z,62,TRUE,113,-12.1032640893339,-6.8965359885098,5.20672810082412,2,c2-post-stage4-baseline,7618cbdd33561c950c5a02344c0cd284,d5696a9e25e00eea4556f6961ecc88a7,2026-09-26T13:52:14Z
2026,2,2026-09-14T00:00:00Z,2572,TRUE,114,-12.1598022748918,-6.49727516081413,5.66252711407767,2,c2-post-stage4-baseline,7618cbdd33561c950c5a02344c0cd284,d5696a9e25e00eea4556f6961ecc88a7,2026-09-26T13:52:14Z
2026,2,2026-09-14T00:00:00Z,276,TRUE,115,-12.1805137587973,-4.99602128747965,7.18449247131768,2,c2-post-stage4-baseline,7618cbdd33561c950c5a02344c0cd284,d5696a9e25e00eea4556f6961ecc88a7,2026-09-26T13:52:14Z
2026,2,2026-09-14T00:00:00Z,324,TRUE,116,-12.2720287275641,-5.03192265536002,7.24010607220412,2,c2-post-stage4-baseline,7618cbdd33561c950c5a02344c0cd284,d5696a9e25e00eea4556f6961ecc88a7,2026-09-26T13:52:14Z
2026,2,2026-09-14T00:00:00Z,2006,TRUE,117,-12.7078215141293,-5.21873648099882,7.48908503313047,2,c2-post-stage4-baseline,7618cbdd33561c950c5a02344c0cd284,d5696a9e25e00eea4556f6961ecc88a7,2026-09-26T13:52:14Z
2026,2,2026-09-14T00:00:00Z,338,TRUE,118,-12.7133566819083,-7.37329311144796,5.34006357046038,2,c2-post-stage4-baseline,7618cbdd33561c950c5a02344c0cd284,d5696a9e25e00eea4556f6961ecc88a7,2026-09-26T13:52:14Z
2026,2,2026-09-14T00:00:00Z,2653,TRUE,119,-13.154083910925,-8.04961645457309,5.10446745635188,2,c2-post-stage4-baseline,7618cbdd33561c950c5a02344c0cd284,d5696a9e25e00eea4556f6961ecc88a7,2026-09-26T13:52:14Z
2026,2,2026-09-14T00:00:00Z,2534,TRUE,120,-13.2121958934634,-7.21059470823166,6.00160118523175,2,c2-post-stage4-baseline,7618cbdd33561c950c5a02344c0cd284,d5696a9e25e00eea4556f6961ecc88a7,2026-09-26T13:52:14Z
2026,2,2026-09-14T00:00:00Z,166,TRUE,121,-13.9395705813042,-5.81229449414621,8.12727608715801,2,c2-post-stage4-baseline,7618cbdd33561c950c5a02344c0cd284,d5696a9e25e00eea4556f6961ecc88a7,2026-09-26T13:52:14Z
2026,2,2026-09-14T00:00:00Z,5,TRUE,122,-13.9690797270757,-5.25664982435302,8.71242990272265,2,c2-post-stage4-baseline,7618cbdd33561c950c5a02344c0cd284,d5696a9e25e00eea4556f6961ecc88a7,2026-09-26T13:52:14Z
2026,2,2026-09-14T00:00:00Z,16,TRUE,123,-14.0441761969929,-8.17795637943607,5.86621981755679,2,c2-post-stage4-baseline,7618cbdd33561c950c5a02344c0cd284,d5696a9e25e00eea4556f6961ecc88a7,2026-09-26T13:52:14Z
2026,2,2026-09-14T00:00:00Z,113,TRUE,124,-14.0634014941893,-6.96304197166872,7.10035952252054,2,c2-post-stage4-baseline,7618cbdd33561c950c5a02344c0cd284,d5696a9e25e00eea4556f6961ecc88a7,2026-09-26T13:52:14Z
2026,2,2026-09-14T00:00:00Z,242,TRUE,125,-14.9571661717974,-10.094920080582,4.86224609121539,2,c2-post-stage4-baseline,7618cbdd33561c950c5a02344c0cd284,d5696a9e25e00eea4556f6961ecc88a7,2026-09-26T13:52:14Z
2026,2,2026-09-14T00:00:00Z,2623,TRUE,126,-15.8249018382515,-8.68526212745646,7.13963971079502,2,c2-post-stage4-baseline,7618cbdd33561c950c5a02344c0cd284,d5696a9e25e00eea4556f6961ecc88a7,2026-09-26T13:52:14Z
2026,2,2026-09-14T00:00:00Z,2393,TRUE,127,-16.8247912891986,-7.27295266122746,9.55183862797116,2,c2-post-stage4-baseline,7618cbdd33561c950c5a02344c0cd284,d5696a9e25e00eea4556f6961ecc88a7,2026-09-26T13:52:14Z
2026,2,2026-09-14T00:00:00Z,98,TRUE,128,-17.1105184487076,-5.48541222076751,11.6251062279401,2,c2-post-stage4-baseline,7618cbdd33561c950c5a02344c0cd284,d5696a9e25e00eea4556f6961ecc88a7,2026-09-26T13:52:14Z
2026,2,2026-09-14T00:00:00Z,2751,TRUE,129,-17.5264758085561,-11.863706425975,5.66276938258112,2,c2-post-stage4-baseline,7618cbdd33561c950c5a02344c0cd284,d5696a9e25e00eea4556f6961ecc88a7,2026-09-26T13:52:14Z
2026,2,2026-09-14T00:00:00Z,2638,TRUE,130,-17.5763337226349,-8.54757977728787,9.02875394534702,1,c2-post-stage4-baseline,7618cbdd33561c950c5a02344c0cd284,d5696a9e25e00eea4556f6961ecc88a7,2026-09-26T13:52:14Z
2026,2,2026-09-14T00:00:00Z,2084,TRUE,131,-18.118956820621,-10.7746945275765,7.34426229304449,2,c2-post-stage4-baseline,7618cbdd33561c950c5a02344c0cd284,d5696a9e25e00eea4556f6961ecc88a7,2026-09-26T13:52:14Z
2026,2,2026-09-14T00:00:00Z,2459,TRUE,132,-19.378382952151,-11.2971497381945,8.0812332139565,2,c2-post-stage4-baseline,7618cbdd33561c950c5a02344c0cd284,d5696a9e25e00eea4556f6961ecc88a7,2026-09-26T13:52:14Z
2026,2,2026-09-14T00:00:00Z,189,TRUE,133,-19.4821196735591,-12.0999859759247,7.38213369763443,2,c2-post-stage4-baseline,7618cbdd33561c950c5a02344c0cd284,d5696a9e25e00eea4556f6961ecc88a7,2026-09-26T13:52:14Z
2026,2,2026-09-14T00:00:00Z,2117,TRUE,134,-19.513206852705,-12.849123393515,6.66408345919,2,c2-post-stage4-baseline,7618cbdd33561c950c5a02344c0cd284,d5696a9e25e00eea4556f6961ecc88a7,2026-09-26T13:52:14Z
2026,2,2026-09-14T00:00:00Z,2050,TRUE,135,-19.8913398741572,-10.2565216277901,9.63481824636713,2,c2-post-stage4-baseline,7618cbdd33561c950c5a02344c0cd284,d5696a9e25e00eea4556f6961ecc88a7,2026-09-26T13:52:14Z
2026,2,2026-09-14T00:00:00Z,2433,TRUE,136,-20.8638558806187,-10.0395641121131,10.8242917685056,2,c2-post-stage4-baseline,7618cbdd33561c950c5a02344c0cd284,d5696a9e25e00eea4556f6961ecc88a7,2026-09-26T13:52:14Z
2026,2,2026-09-14T00:00:00Z,2429,TRUE,137,-21.4047415656303,-8.63070177793051,12.7740397876997,2,c2-post-stage4-baseline,7618cbdd33561c950c5a02344c0cd284,d5696a9e25e00eea4556f6961ecc88a7,2026-09-26T13:52:14Z
2026,2,2026-09-14T00:00:00Z,2309,TRUE,138,-22.6542559272061,-9.37812531124748,13.2761306159586,2,c2-post-stage4-baseline,7618cbdd33561c950c5a02344c0cd284,d5696a9e25e00eea4556f6961ecc88a7,2026-09-26T13:52:14Z
2026,2,2026-09-14T00:00:00Z,13,FALSE,,-36.0328001478292,,,2,c2-post-stage4-baseline,7618cbdd33561c950c5a02344c0cd284,d5696a9e25e00eea4556f6961ecc88a7,2026-09-26T13:52:14Z
2026,2,2026-09-14T00:00:00Z,43,FALSE,,-26.6937709721846,,,0,c2-post-stage4-baseline,7618cbdd33561c950c5a02344c0cd284,d5696a9e25e00eea4556f6961ecc88a7,2026-09-26T13:52:14Z
2026,2,2026-09-14T00:00:00Z,46,FALSE,,-44.3951239498425,,,1,c2-post-stage4-baseline,7618cbdd33561c950c5a02344c0cd284,d5696a9e25e00eea4556f6961ecc88a7,2026-09-26T13:52:14Z
2026,2,2026-09-14T00:00:00Z,47,FALSE,,-39.8259010759172,,,3,c2-post-stage4-baseline,7618cbdd33561c950c5a02344c0cd284,d5696a9e25e00eea4556f6961ecc88a7,2026-09-26T13:52:14Z
2026,2,2026-09-14T00:00:00Z,50,FALSE,,-45.8796492636941,,,3,c2-post-stage4-baseline,7618cbdd33561c950c5a02344c0cd284,d5696a9e25e00eea4556f6961ecc88a7,2026-09-26T13:52:14Z
2026,2,2026-09-14T00:00:00Z,56,FALSE,,-54.376881307027,,,3,c2-post-stage4-baseline,7618cbdd33561c950c5a02344c0cd284,d5696a9e25e00eea4556f6961ecc88a7,2026-09-26T13:52:14Z
2026,2,2026-09-14T00:00:00Z,60,FALSE,,-68.9505459156031,,,1,c2-post-stage4-baseline,7618cbdd33561c950c5a02344c0cd284,d5696a9e25e00eea4556f6961ecc88a7,2026-09-26T13:52:14Z
2026,2,2026-09-14T00:00:00Z,70,FALSE,,-34.3088976143784,,,3,c2-post-stage4-baseline,7618cbdd33561c950c5a02344c0cd284,d5696a9e25e00eea4556f6961ecc88a7,2026-09-26T13:52:14Z
2026,2,2026-09-14T00:00:00Z,79,FALSE,,-27.9642140983096,,,3,c2-post-stage4-baseline,7618cbdd33561c950c5a02344c0cd284,d5696a9e25e00eea4556f6961ecc88a7,2026-09-26T13:52:14Z
2026,2,2026-09-14T00:00:00Z,93,FALSE,,-42.1024764982389,,,3,c2-post-stage4-baseline,7618cbdd33561c950c5a02344c0cd284,d5696a9e25e00eea4556f6961ecc88a7,2026-09-26T13:52:14Z
2026,2,2026-09-14T00:00:00Z,107,FALSE,,-43.8688482003159,,,3,c2-post-stage4-baseline,7618cbdd33561c950c5a02344c0cd284,d5696a9e25e00eea4556f6961ecc88a7,2026-09-26T13:52:14Z
2026,2,2026-09-14T00:00:00Z,108,FALSE,,-26.3187382373035,,,0,c2-post-stage4-baseline,7618cbdd33561c950c5a02344c0cd284,d5696a9e25e00eea4556f6961ecc88a7,2026-09-26T13:52:14Z
2026,2,2026-09-14T00:00:00Z,119,FALSE,,-34.0639160543368,,,3,c2-post-stage4-baseline,7618cbdd33561c950c5a02344c0cd284,d5696a9e25e00eea4556f6961ecc88a7,2026-09-26T13:52:14Z
2026,2,2026-09-14T00:00:00Z,128,FALSE,,-65.0003428499643,,,1,c2-post-stage4-baseline,7618cbdd33561c950c5a02344c0cd284,d5696a9e25e00eea4556f6961ecc88a7,2026-09-26T13:52:14Z
2026,2,2026-09-14T00:00:00Z,147,FALSE,,-12.5515898722451,,,2,c2-post-stage4-baseline,7618cbdd33561c950c5a02344c0cd284,d5696a9e25e00eea4556f6961ecc88a7,2026-09-26T13:52:14Z
2026,2,2026-09-14T00:00:00Z,149,FALSE,,-22.9895584882636,,,3,c2-post-stage4-baseline,7618cbdd33561c950c5a02344c0cd284,d5696a9e25e00eea4556f6961ecc88a7,2026-09-26T13:52:14Z
2026,2,2026-09-14T00:00:00Z,155,FALSE,,-19.3481049790424,,,2,c2-post-stage4-baseline,7618cbdd33561c950c5a02344c0cd284,d5696a9e25e00eea4556f6961ecc88a7,2026-09-26T13:52:14Z
2026,2,2026-09-14T00:00:00Z,159,FALSE,,-31.4111295293384,,,0,c2-post-stage4-baseline,7618cbdd33561c950c5a02344c0cd284,d5696a9e25e00eea4556f6961ecc88a7,2026-09-26T13:52:14Z
2026,2,2026-09-14T00:00:00Z,160,FALSE,,-40.1764140157407,,,3,c2-post-stage4-baseline,7618cbdd33561c950c5a02344c0cd284,d5696a9e25e00eea4556f6961ecc88a7,2026-09-26T13:52:14Z
2026,2,2026-09-14T00:00:00Z,163,FALSE,,-34.5353159427246,,,0,c2-post-stage4-baseline,7618cbdd33561c950c5a02344c0cd284,d5696a9e25e00eea4556f6961ecc88a7,2026-09-26T13:52:14Z
2026,2,2026-09-14T00:00:00Z,171,FALSE,,-39.4399996552617,,,0,c2-post-stage4-baseline,7618cbdd33561c950c5a02344c0cd284,d5696a9e25e00eea4556f6961ecc88a7,2026-09-26T13:52:14Z
2026,2,2026-09-14T00:00:00Z,172,FALSE,,-37.3189286894483,,,0,c2-post-stage4-baseline,7618cbdd33561c950c5a02344c0cd284,d5696a9e25e00eea4556f6961ecc88a7,2026-09-26T13:52:14Z
2026,2,2026-09-14T00:00:00Z,196,FALSE,,-69.171499924392,,,0,c2-post-stage4-baseline,7618cbdd33561c950c5a02344c0cd284,d5696a9e25e00eea4556f6961ecc88a7,2026-09-26T13:52:14Z
2026,2,2026-09-14T00:00:00Z,219,FALSE,,-33.1981272419489,,,0,c2-post-stage4-baseline,7618cbdd33561c950c5a02344c0cd284,d5696a9e25e00eea4556f6961ecc88a7,2026-09-26T13:52:14Z
2026,2,2026-09-14T00:00:00Z,222,FALSE,,-32.4805115833615,,,3,c2-post-stage4-baseline,7618cbdd33561c950c5a02344c0cd284,d5696a9e25e00eea4556f6961ecc88a7,2026-09-26T13:52:14Z
2026,2,2026-09-14T00:00:00Z,225,FALSE,,-34.3634535117372,,,0,c2-post-stage4-baseline,7618cbdd33561c950c5a02344c0cd284,d5696a9e25e00eea4556f6961ecc88a7,2026-09-26T13:52:14Z
2026,2,2026-09-14T00:00:00Z,227,FALSE,,-23.286076500965,,,3,c2-post-stage4-baseline,7618cbdd33561c950c5a02344c0cd284,d5696a9e25e00eea4556f6961ecc88a7,2026-09-26T13:52:14Z
2026,2,2026-09-14T00:00:00Z,231,FALSE,,-34.5853928055945,,,3,c2-post-stage4-baseline,7618cbdd33561c950c5a02344c0cd284,d5696a9e25e00eea4556f6961ecc88a7,2026-09-26T13:52:14Z
2026,2,2026-09-14T00:00:00Z,233,FALSE,,-21.909401013666,,,3,c2-post-stage4-baseline,7618cbdd33561c950c5a02344c0cd284,d5696a9e25e00eea4556f6961ecc88a7,2026-09-26T13:52:14Z
2026,2,2026-09-14T00:00:00Z,236,FALSE,,-37.3340822357824,,,3,c2-post-stage4-baseline,7618cbdd33561c950c5a02344c0cd284,d5696a9e25e00eea4556f6961ecc88a7,2026-09-26T13:52:14Z
2026,2,2026-09-14T00:00:00Z,253,FALSE,,-30.5567958395416,,,3,c2-post-stage4-baseline,7618cbdd33561c950c5a02344c0cd284,d5696a9e25e00eea4556f6961ecc88a7,2026-09-26T13:52:14Z
2026,2,2026-09-14T00:00:00Z,257,FALSE,,-38.7707901785829,,,3,c2-post-stage4-baseline,7618cbdd33561c950c5a02344c0cd284,d5696a9e25e00eea4556f6961ecc88a7,2026-09-26T13:52:14Z
2026,2,2026-09-14T00:00:00Z,282,FALSE,,-36.2550452261756,,,3,c2-post-stage4-baseline,7618cbdd33561c950c5a02344c0cd284,d5696a9e25e00eea4556f6961ecc88a7,2026-09-26T13:52:14Z
2026,2,2026-09-14T00:00:00Z,284,FALSE,,-41.8918962946114,,,3,c2-post-stage4-baseline,7618cbdd33561c950c5a02344c0cd284,d5696a9e25e00eea4556f6961ecc88a7,2026-09-26T13:52:14Z
2026,2,2026-09-14T00:00:00Z,292,FALSE,,-29.4545456610288,,,3,c2-post-stage4-baseline,7618cbdd33561c950c5a02344c0cd284,d5696a9e25e00eea4556f6961ecc88a7,2026-09-26T13:52:14Z
2026,2,2026-09-14T00:00:00Z,301,FALSE,,-43.658583425399,,,2,c2-post-stage4-baseline,7618cbdd33561c950c5a02344c0cd284,d5696a9e25e00eea4556f6961ecc88a7,2026-09-26T13:52:14Z
2026,2,2026-09-14T00:00:00Z,302,FALSE,,-27.1218661414696,,,3,c2-post-stage4-baseline,7618cbdd33561c950c5a02344c0cd284,d5696a9e25e00eea4556f6961ecc88a7,2026-09-26T13:52:14Z
2026,2,2026-09-14T00:00:00Z,304,FALSE,,-18.4982247416834,,,3,c2-post-stage4-baseline,7618cbdd33561c950c5a02344c0cd284,d5696a9e25e00eea4556f6961ecc88a7,2026-09-26T13:52:14Z
2026,2,2026-09-14T00:00:00Z,311,FALSE,,-41.4158401973941,,,3,c2-post-stage4-baseline,7618cbdd33561c950c5a02344c0cd284,d5696a9e25e00eea4556f6961ecc88a7,2026-09-26T13:52:14Z
2026,2,2026-09-14T00:00:00Z,322,FALSE,,-41.0328536902359,,,2,c2-post-stage4-baseline,7618cbdd33561c950c5a02344c0cd284,d5696a9e25e00eea4556f6961ecc88a7,2026-09-26T13:52:14Z
2026,2,2026-09-14T00:00:00Z,330,FALSE,,-68.6810214916645,,,1,c2-post-stage4-baseline,7618cbdd33561c950c5a02344c0cd284,d5696a9e25e00eea4556f6961ecc88a7,2026-09-26T13:52:14Z
2026,2,2026-09-14T00:00:00Z,331,FALSE,,-34.0957053209755,,,3,c2-post-stage4-baseline,7618cbdd33561c950c5a02344c0cd284,d5696a9e25e00eea4556f6961ecc88a7,2026-09-26T13:52:14Z
2026,2,2026-09-14T00:00:00Z,399,FALSE,,-32.2333422254389,,,3,c2-post-stage4-baseline,7618cbdd33561c950c5a02344c0cd284,d5696a9e25e00eea4556f6961ecc88a7,2026-09-26T13:52:14Z
2026,2,2026-09-14T00:00:00Z,613,FALSE,,-60.1064934275681,,,1,c2-post-stage4-baseline,7618cbdd33561c950c5a02344c0cd284,d5696a9e25e00eea4556f6961ecc88a7,2026-09-26T13:52:14Z
2026,2,2026-09-14T00:00:00Z,2000,FALSE,,-25.8432707825614,,,2,c2-post-stage4-baseline,7618cbdd33561c950c5a02344c0cd284,d5696a9e25e00eea4556f6961ecc88a7,2026-09-26T13:52:14Z
2026,2,2026-09-14T00:00:00Z,2010,FALSE,,-42.9282561808382,,,3,c2-post-stage4-baseline,7618cbdd33561c950c5a02344c0cd284,d5696a9e25e00eea4556f6961ecc88a7,2026-09-26T13:52:14Z
2026,2,2026-09-14T00:00:00Z,2011,FALSE,,-32.5357088599172,,,3,c2-post-stage4-baseline,7618cbdd33561c950c5a02344c0cd284,d5696a9e25e00eea4556f6961ecc88a7,2026-09-26T13:52:14Z
2026,2,2026-09-14T00:00:00Z,2013,FALSE,,-62.8984934760242,,,1,c2-post-stage4-baseline,7618cbdd33561c950c5a02344c0cd284,d5696a9e25e00eea4556f6961ecc88a7,2026-09-26T13:52:14Z
2026,2,2026-09-14T00:00:00Z,2016,FALSE,,-42.1995980920451,,,3,c2-post-stage4-baseline,7618cbdd33561c950c5a02344c0cd284,d5696a9e25e00eea4556f6961ecc88a7,2026-09-26T13:52:14Z
2026,2,2026-09-14T00:00:00Z,2022,FALSE,,-66.3224055330035,,,0,c2-post-stage4-baseline,7618cbdd33561c950c5a02344c0cd284,d5696a9e25e00eea4556f6961ecc88a7,2026-09-26T13:52:14Z
2026,2,2026-09-14T00:00:00Z,2029,FALSE,,-44.1044387940226,,,3,c2-post-stage4-baseline,7618cbdd33561c950c5a02344c0cd284,d5696a9e25e00eea4556f6961ecc88a7,2026-09-26T13:52:14Z
2026,2,2026-09-14T00:00:00Z,2046,FALSE,,-18.2002923751483,,,3,c2-post-stage4-baseline,7618cbdd33561c950c5a02344c0cd284,d5696a9e25e00eea4556f6961ecc88a7,2026-09-26T13:52:14Z
2026,2,2026-09-14T00:00:00Z,2065,FALSE,,-43.0962621324877,,,2,c2-post-stage4-baseline,7618cbdd33561c950c5a02344c0cd284,d5696a9e25e00eea4556f6961ecc88a7,2026-09-26T13:52:14Z
2026,2,2026-09-14T00:00:00Z,2075,FALSE,,-60.4382158584384,,,1,c2-post-stage4-baseline,7618cbdd33561c950c5a02344c0cd284,d5696a9e25e00eea4556f6961ecc88a7,2026-09-26T13:52:14Z
2026,2,2026-09-14T00:00:00Z,2083,FALSE,,-43.2437948633628,,,3,c2-post-stage4-baseline,7618cbdd33561c950c5a02344c0cd284,d5696a9e25e00eea4556f6961ecc88a7,2026-09-26T13:52:14Z
2026,2,2026-09-14T00:00:00Z,2086,FALSE,,-40.3304060159044,,,3,c2-post-stage4-baseline,7618cbdd33561c950c5a02344c0cd284,d5696a9e25e00eea4556f6961ecc88a7,2026-09-26T13:52:14Z
2026,2,2026-09-14T00:00:00Z,2097,FALSE,,-33.0608154488983,,,3,c2-post-stage4-baseline,7618cbdd33561c950c5a02344c0cd284,d5696a9e25e00eea4556f6961ecc88a7,2026-09-26T13:52:14Z
2026,2,2026-09-14T00:00:00Z,2110,FALSE,,-37.8371672906102,,,3,c2-post-stage4-baseline,7618cbdd33561c950c5a02344c0cd284,d5696a9e25e00eea4556f6961ecc88a7,2026-09-26T13:52:14Z
2026,2,2026-09-14T00:00:00Z,2115,FALSE,,-43.2807184652938,,,2,c2-post-stage4-baseline,7618cbdd33561c950c5a02344c0cd284,d5696a9e25e00eea4556f6961ecc88a7,2026-09-26T13:52:14Z
2026,2,2026-09-14T00:00:00Z,2119,FALSE,,-66.1292252745081,,,1,c2-post-stage4-baseline,7618cbdd33561c950c5a02344c0cd284,d5696a9e25e00eea4556f6961ecc88a7,2026-09-26T13:52:14Z
2026,2,2026-09-14T00:00:00Z,2120,FALSE,,-54.7357970605553,,,1,c2-post-stage4-baseline,7618cbdd33561c950c5a02344c0cd284,d5696a9e25e00eea4556f6961ecc88a7,2026-09-26T13:52:14Z
2026,2,2026-09-14T00:00:00Z,2122,FALSE,,-67.9969068867932,,,1,c2-post-stage4-baseline,7618cbdd33561c950c5a02344c0cd284,d5696a9e25e00eea4556f6961ecc88a7,2026-09-26T13:52:14Z
2026,2,2026-09-14T00:00:00Z,2127,FALSE,,-38.0644083989372,,,3,c2-post-stage4-baseline,7618cbdd33561c950c5a02344c0cd284,d5696a9e25e00eea4556f6961ecc88a7,2026-09-26T13:52:14Z
2026,2,2026-09-14T00:00:00Z,2130,FALSE,,-43.8464899302255,,,3,c2-post-stage4-baseline,7618cbdd33561c950c5a02344c0cd284,d5696a9e25e00eea4556f6961ecc88a7,2026-09-26T13:52:14Z
2026,2,2026-09-14T00:00:00Z,2142,FALSE,,-30.059709631918,,,3,c2-post-stage4-baseline,7618cbdd33561c950c5a02344c0cd284,d5696a9e25e00eea4556f6961ecc88a7,2026-09-26T13:52:14Z
2026,2,2026-09-14T00:00:00Z,2148,FALSE,,-62.2116251234857,,,1,c2-post-stage4-baseline,7618cbdd33561c950c5a02344c0cd284,d5696a9e25e00eea4556f6961ecc88a7,2026-09-26T13:52:14Z
2026,2,2026-09-14T00:00:00Z,2166,FALSE,,-58.8495239202046,,,3,c2-post-stage4-baseline,7618cbdd33561c950c5a02344c0cd284,d5696a9e25e00eea4556f6961ecc88a7,2026-09-26T13:52:14Z
2026,2,2026-09-14T00:00:00Z,2168,FALSE,,-38.8950673827442,,,2,c2-post-stage4-baseline,7618cbdd33561c950c5a02344c0cd284,d5696a9e25e00eea4556f6961ecc88a7,2026-09-26T13:52:14Z
2026,2,2026-09-14T00:00:00Z,2169,FALSE,,-36.9500292553937,,,3,c2-post-stage4-baseline,7618cbdd33561c950c5a02344c0cd284,d5696a9e25e00eea4556f6961ecc88a7,2026-09-26T13:52:14Z
2026,2,2026-09-14T00:00:00Z,2170,FALSE,,-66.1167038768557,,,0,c2-post-stage4-baseline,7618cbdd33561c950c5a02344c0cd284,d5696a9e25e00eea4556f6961ecc88a7,2026-09-26T13:52:14Z
2026,2,2026-09-14T00:00:00Z,2175,FALSE,,-73.4834239730325,,,1,c2-post-stage4-baseline,7618cbdd33561c950c5a02344c0cd284,d5696a9e25e00eea4556f6961ecc88a7,2026-09-26T13:52:14Z
2026,2,2026-09-14T00:00:00Z,2181,FALSE,,-47.1548498493434,,,3,c2-post-stage4-baseline,7618cbdd33561c950c5a02344c0cd284,d5696a9e25e00eea4556f6961ecc88a7,2026-09-26T13:52:14Z
2026,2,2026-09-14T00:00:00Z,2184,FALSE,,-43.6476777696086,,,2,c2-post-stage4-baseline,7618cbdd33561c950c5a02344c0cd284,d5696a9e25e00eea4556f6961ecc88a7,2026-09-26T13:52:14Z
2026,2,2026-09-14T00:00:00Z,2193,FALSE,,-35.4929884501311,,,3,c2-post-stage4-baseline,7618cbdd33561c950c5a02344c0cd284,d5696a9e25e00eea4556f6961ecc88a7,2026-09-26T13:52:14Z
2026,2,2026-09-14T00:00:00Z,2197,FALSE,,-42.0964385511418,,,3,c2-post-stage4-baseline,7618cbdd33561c950c5a02344c0cd284,d5696a9e25e00eea4556f6961ecc88a7,2026-09-26T13:52:14Z
2026,2,2026-09-14T00:00:00Z,2198,FALSE,,-41.3136366431274,,,3,c2-post-stage4-baseline,7618cbdd33561c950c5a02344c0cd284,d5696a9e25e00eea4556f6961ecc88a7,2026-09-26T13:52:14Z
2026,2,2026-09-14T00:00:00Z,2206,FALSE,,-71.0462131353305,,,1,c2-post-stage4-baseline,7618cbdd33561c950c5a02344c0cd284,d5696a9e25e00eea4556f6961ecc88a7,2026-09-26T13:52:14Z
2026,2,2026-09-14T00:00:00Z,2207,FALSE,,-64.3683309372581,,,1,c2-post-stage4-baseline,7618cbdd33561c950c5a02344c0cd284,d5696a9e25e00eea4556f6961ecc88a7,2026-09-26T13:52:14Z
2026,2,2026-09-14T00:00:00Z,2210,FALSE,,-32.3138521915703,,,3,c2-post-stage4-baseline,7618cbdd33561c950c5a02344c0cd284,d5696a9e25e00eea4556f6961ecc88a7,2026-09-26T13:52:14Z
2026,2,2026-09-14T00:00:00Z,2230,FALSE,,-42.5606692983571,,,3,c2-post-stage4-baseline,7618cbdd33561c950c5a02344c0cd284,d5696a9e25e00eea4556f6961ecc88a7,2026-09-26T13:52:14Z
2026,2,2026-09-14T00:00:00Z,2232,FALSE,,-66.1167038768557,,,0,c2-post-stage4-baseline,7618cbdd33561c950c5a02344c0cd284,d5696a9e25e00eea4556f6961ecc88a7,2026-09-26T13:52:14Z
2026,2,2026-09-14T00:00:00Z,2233,FALSE,,-78.2063601972077,,,1,c2-post-stage4-baseline,7618cbdd33561c950c5a02344c0cd284,d5696a9e25e00eea4556f6961ecc88a7,2026-09-26T13:52:14Z
2026,2,2026-09-14T00:00:00Z,2241,FALSE,,-30.9290762541604,,,3,c2-post-stage4-baseline,7618cbdd33561c950c5a02344c0cd284,d5696a9e25e00eea4556f6961ecc88a7,2026-09-26T13:52:14Z
2026,2,2026-09-14T00:00:00Z,2245,FALSE,,-66.6179939490792,,,1,c2-post-stage4-baseline,7618cbdd33561c950c5a02344c0cd284,d5696a9e25e00eea4556f6961ecc88a7,2026-09-26T13:52:14Z
2026,2,2026-09-14T00:00:00Z,2249,FALSE,,-65.667939365435,,,1,c2-post-stage4-baseline,7618cbdd33561c950c5a02344c0cd284,d5696a9e25e00eea4556f6961ecc88a7,2026-09-26T13:52:14Z
2026,2,2026-09-14T00:00:00Z,2261,FALSE,,-51.3365380476714,,,3,c2-post-stage4-baseline,7618cbdd33561c950c5a02344c0cd284,d5696a9e25e00eea4556f6961ecc88a7,2026-09-26T13:52:14Z
2026,2,2026-09-14T00:00:00Z,2277,FALSE,,-34.5897485632801,,,3,c2-post-stage4-baseline,7618cbdd33561c950c5a02344c0cd284,d5696a9e25e00eea4556f6961ecc88a7,2026-09-26T13:52:14Z
2026,2,2026-09-14T00:00:00Z,2287,FALSE,,-16.835962626369,,,3,c2-post-stage4-baseline,7618cbdd33561c950c5a02344c0cd284,d5696a9e25e00eea4556f6961ecc88a7,2026-09-26T13:52:14Z
2026,2,2026-09-14T00:00:00Z,2296,FALSE,,-31.9760715700942,,,2,c2-post-stage4-baseline,7618cbdd33561c950c5a02344c0cd284,d5696a9e25e00eea4556f6961ecc88a7,2026-09-26T13:52:14Z
2026,2,2026-09-14T00:00:00Z,2310,FALSE,,-63.1557488422784,,,1,c2-post-stage4-baseline,7618cbdd33561c950c5a02344c0cd284,d5696a9e25e00eea4556f6961ecc88a7,2026-09-26T13:52:14Z
2026,2,2026-09-14T00:00:00Z,2320,FALSE,,-30.1803496781492,,,3,c2-post-stage4-baseline,7618cbdd33561c950c5a02344c0cd284,d5696a9e25e00eea4556f6961ecc88a7,2026-09-26T13:52:14Z
2026,2,2026-09-14T00:00:00Z,2323,FALSE,,-72.5472444004723,,,1,c2-post-stage4-baseline,7618cbdd33561c950c5a02344c0cd284,d5696a9e25e00eea4556f6961ecc88a7,2026-09-26T13:52:14Z
2026,2,2026-09-14T00:00:00Z,2329,FALSE,,-19.5981721671855,,,3,c2-post-stage4-baseline,7618cbdd33561c950c5a02344c0cd284,d5696a9e25e00eea4556f6961ecc88a7,2026-09-26T13:52:14Z
2026,2,2026-09-14T00:00:00Z,2339,FALSE,,-69.9901233173347,,,1,c2-post-stage4-baseline,7618cbdd33561c950c5a02344c0cd284,d5696a9e25e00eea4556f6961ecc88a7,2026-09-26T13:52:14Z
2026,2,2026-09-14T00:00:00Z,2341,FALSE,,-41.8965284270749,,,3,c2-post-stage4-baseline,7618cbdd33561c950c5a02344c0cd284,d5696a9e25e00eea4556f6961ecc88a7,2026-09-26T13:52:14Z
2026,2,2026-09-14T00:00:00Z,2347,FALSE,,-70.6738991331552,,,1,c2-post-stage4-baseline,7618cbdd33561c950c5a02344c0cd284,d5696a9e25e00eea4556f6961ecc88a7,2026-09-26T13:52:14Z
2026,2,2026-09-14T00:00:00Z,2355,FALSE,,-90.6984331768606,,,2,c2-post-stage4-baseline,7618cbdd33561c950c5a02344c0cd284,d5696a9e25e00eea4556f6961ecc88a7,2026-09-26T13:52:14Z
2026,2,2026-09-14T00:00:00Z,2368,FALSE,,-42.7199664983953,,,3,c2-post-stage4-baseline,7618cbdd33561c950c5a02344c0cd284,d5696a9e25e00eea4556f6961ecc88a7,2026-09-26T13:52:14Z
2026,2,2026-09-14T00:00:00Z,2377,FALSE,,-32.6268320708203,,,3,c2-post-stage4-baseline,7618cbdd33561c950c5a02344c0cd284,d5696a9e25e00eea4556f6961ecc88a7,2026-09-26T13:52:14Z
2026,2,2026-09-14T00:00:00Z,2382,FALSE,,-26.2356540610645,,,3,c2-post-stage4-baseline,7618cbdd33561c950c5a02344c0cd284,d5696a9e25e00eea4556f6961ecc88a7,2026-09-26T13:52:14Z
2026,2,2026-09-14T00:00:00Z,2385,FALSE,,-44.5731110611149,,,3,c2-post-stage4-baseline,7618cbdd33561c950c5a02344c0cd284,d5696a9e25e00eea4556f6961ecc88a7,2026-09-26T13:52:14Z
2026,2,2026-09-14T00:00:00Z,2396,FALSE,,-67.6026437634208,,,2,c2-post-stage4-baseline,7618cbdd33561c950c5a02344c0cd284,d5696a9e25e00eea4556f6961ecc88a7,2026-09-26T13:52:14Z
2026,2,2026-09-14T00:00:00Z,2400,FALSE,,-56.3261308487776,,,3,c2-post-stage4-baseline,7618cbdd33561c950c5a02344c0cd284,d5696a9e25e00eea4556f6961ecc88a7,2026-09-26T13:52:14Z
2026,2,2026-09-14T00:00:00Z,2405,FALSE,,-32.7912602791051,,,3,c2-post-stage4-baseline,7618cbdd33561c950c5a02344c0cd284,d5696a9e25e00eea4556f6961ecc88a7,2026-09-26T13:52:14Z
2026,2,2026-09-14T00:00:00Z,2413,FALSE,,-49.7338956966123,,,3,c2-post-stage4-baseline,7618cbdd33561c950c5a02344c0cd284,d5696a9e25e00eea4556f6961ecc88a7,2026-09-26T13:52:14Z
2026,2,2026-09-14T00:00:00Z,2415,FALSE,,-41.6630331027142,,,3,c2-post-stage4-baseline,7618cbdd33561c950c5a02344c0cd284,d5696a9e25e00eea4556f6961ecc88a7,2026-09-26T13:52:14Z
2026,2,2026-09-14T00:00:00Z,2428,FALSE,,-40.8190344038656,,,3,c2-post-stage4-baseline,7618cbdd33561c950c5a02344c0cd284,d5696a9e25e00eea4556f6961ecc88a7,2026-09-26T13:52:14Z
2026,2,2026-09-14T00:00:00Z,2441,FALSE,,-46.4771228111504,,,3,c2-post-stage4-baseline,7618cbdd33561c950c5a02344c0cd284,d5696a9e25e00eea4556f6961ecc88a7,2026-09-26T13:52:14Z
2026,2,2026-09-14T00:00:00Z,2447,FALSE,,-36.8055722826652,,,3,c2-post-stage4-baseline,7618cbdd33561c950c5a02344c0cd284,d5696a9e25e00eea4556f6961ecc88a7,2026-09-26T13:52:14Z
2026,2,2026-09-14T00:00:00Z,2448,FALSE,,-51.1057574998128,,,3,c2-post-stage4-baseline,7618cbdd33561c950c5a02344c0cd284,d5696a9e25e00eea4556f6961ecc88a7,2026-09-26T13:52:14Z
2026,2,2026-09-14T00:00:00Z,2450,FALSE,,-36.6252801800846,,,3,c2-post-stage4-baseline,7618cbdd33561c950c5a02344c0cd284,d5696a9e25e00eea4556f6961ecc88a7,2026-09-26T13:52:14Z
2026,2,2026-09-14T00:00:00Z,2453,FALSE,,-34.121625950605,,,3,c2-post-stage4-baseline,7618cbdd33561c950c5a02344c0cd284,d5696a9e25e00eea4556f6961ecc88a7,2026-09-26T13:52:14Z
2026,2,2026-09-14T00:00:00Z,2458,FALSE,,-35.2986398685939,,,3,c2-post-stage4-baseline,7618cbdd33561c950c5a02344c0cd284,d5696a9e25e00eea4556f6961ecc88a7,2026-09-26T13:52:14Z
2026,2,2026-09-14T00:00:00Z,2460,FALSE,,-31.355876018508,,,2,c2-post-stage4-baseline,7618cbdd33561c950c5a02344c0cd284,d5696a9e25e00eea4556f6961ecc88a7,2026-09-26T13:52:14Z
2026,2,2026-09-14T00:00:00Z,2464,FALSE,,-30.5143923068882,,,3,c2-post-stage4-baseline,7618cbdd33561c950c5a02344c0cd284,d5696a9e25e00eea4556f6961ecc88a7,2026-09-26T13:52:14Z
2026,2,2026-09-14T00:00:00Z,2466,FALSE,,-61.9134982805327,,,3,c2-post-stage4-baseline,7618cbdd33561c950c5a02344c0cd284,d5696a9e25e00eea4556f6961ecc88a7,2026-09-26T13:52:14Z
2026,2,2026-09-14T00:00:00Z,2471,FALSE,,-77.0734521876256,,,1,c2-post-stage4-baseline,7618cbdd33561c950c5a02344c0cd284,d5696a9e25e00eea4556f6961ecc88a7,2026-09-26T13:52:14Z
2026,2,2026-09-14T00:00:00Z,2477,FALSE,,-60.9736156239808,,,1,c2-post-stage4-baseline,7618cbdd33561c950c5a02344c0cd284,d5696a9e25e00eea4556f6961ecc88a7,2026-09-26T13:52:14Z
2026,2,2026-09-14T00:00:00Z,2502,FALSE,,-38.5298158957851,,,2,c2-post-stage4-baseline,7618cbdd33561c950c5a02344c0cd284,d5696a9e25e00eea4556f6961ecc88a7,2026-09-26T13:52:14Z
2026,2,2026-09-14T00:00:00Z,2504,FALSE,,-28.4076918415427,,,2,c2-post-stage4-baseline,7618cbdd33561c950c5a02344c0cd284,d5696a9e25e00eea4556f6961ecc88a7,2026-09-26T13:52:14Z
2026,2,2026-09-14T00:00:00Z,2506,FALSE,,-44.8549842293984,,,2,c2-post-stage4-baseline,7618cbdd33561c950c5a02344c0cd284,d5696a9e25e00eea4556f6961ecc88a7,2026-09-26T13:52:14Z
2026,2,2026-09-14T00:00:00Z,2523,FALSE,,-41.8118110354912,,,3,c2-post-stage4-baseline,7618cbdd33561c950c5a02344c0cd284,d5696a9e25e00eea4556f6961ecc88a7,2026-09-26T13:52:14Z
2026,2,2026-09-14T00:00:00Z,2529,FALSE,,-36.5582601676265,,,2,c2-post-stage4-baseline,7618cbdd33561c950c5a02344c0cd284,d5696a9e25e00eea4556f6961ecc88a7,2026-09-26T13:52:14Z
2026,2,2026-09-14T00:00:00Z,2535,FALSE,,-44.1849127774837,,,3,c2-post-stage4-baseline,7618cbdd33561c950c5a02344c0cd284,d5696a9e25e00eea4556f6961ecc88a7,2026-09-26T13:52:14Z
2026,2,2026-09-14T00:00:00Z,2542,FALSE,,-78.6268499602683,,,1,c2-post-stage4-baseline,7618cbdd33561c950c5a02344c0cd284,d5696a9e25e00eea4556f6961ecc88a7,2026-09-26T13:52:14Z
2026,2,2026-09-14T00:00:00Z,2545,FALSE,,-30.8058588724302,,,3,c2-post-stage4-baseline,7618cbdd33561c950c5a02344c0cd284,d5696a9e25e00eea4556f6961ecc88a7,2026-09-26T13:52:14Z
2026,2,2026-09-14T00:00:00Z,2546,FALSE,,-34.2147032421397,,,3,c2-post-stage4-baseline,7618cbdd33561c950c5a02344c0cd284,d5696a9e25e00eea4556f6961ecc88a7,2026-09-26T13:52:14Z
2026,2,2026-09-14T00:00:00Z,2569,FALSE,,-21.4427027145538,,,3,c2-post-stage4-baseline,7618cbdd33561c950c5a02344c0cd284,d5696a9e25e00eea4556f6961ecc88a7,2026-09-26T13:52:14Z
2026,2,2026-09-14T00:00:00Z,2571,FALSE,,-14.5235302652461,,,3,c2-post-stage4-baseline,7618cbdd33561c950c5a02344c0cd284,d5696a9e25e00eea4556f6961ecc88a7,2026-09-26T13:52:14Z
2026,2,2026-09-14T00:00:00Z,2582,FALSE,,-49.7904276306061,,,3,c2-post-stage4-baseline,7618cbdd33561c950c5a02344c0cd284,d5696a9e25e00eea4556f6961ecc88a7,2026-09-26T13:52:14Z
2026,2,2026-09-14T00:00:00Z,2583,FALSE,,-72.468763209451,,,1,c2-post-stage4-baseline,7618cbdd33561c950c5a02344c0cd284,d5696a9e25e00eea4556f6961ecc88a7,2026-09-26T13:52:14Z
2026,2,2026-09-14T00:00:00Z,2595,FALSE,,-78.3697066487678,,,1,c2-post-stage4-baseline,7618cbdd33561c950c5a02344c0cd284,d5696a9e25e00eea4556f6961ecc88a7,2026-09-26T13:52:14Z
2026,2,2026-09-14T00:00:00Z,2617,FALSE,,-20.3899094384155,,,2,c2-post-stage4-baseline,7618cbdd33561c950c5a02344c0cd284,d5696a9e25e00eea4556f6961ecc88a7,2026-09-26T13:52:14Z
2026,2,2026-09-14T00:00:00Z,2619,FALSE,,-37.5572557285181,,,3,c2-post-stage4-baseline,7618cbdd33561c950c5a02344c0cd284,d5696a9e25e00eea4556f6961ecc88a7,2026-09-26T13:52:14Z
2026,2,2026-09-14T00:00:00Z,2627,FALSE,,-18.8083809610414,,,3,c2-post-stage4-baseline,7618cbdd33561c950c5a02344c0cd284,d5696a9e25e00eea4556f6961ecc88a7,2026-09-26T13:52:14Z
2026,2,2026-09-14T00:00:00Z,2630,FALSE,,-36.737139432529,,,3,c2-post-stage4-baseline,7618cbdd33561c950c5a02344c0cd284,d5696a9e25e00eea4556f6961ecc88a7,2026-09-26T13:52:14Z
2026,2,2026-09-14T00:00:00Z,2634,FALSE,,-45.9482340722967,,,3,c2-post-stage4-baseline,7618cbdd33561c950c5a02344c0cd284,d5696a9e25e00eea4556f6961ecc88a7,2026-09-26T13:52:14Z
2026,2,2026-09-14T00:00:00Z,2635,FALSE,,-22.7703958232477,,,3,c2-post-stage4-baseline,7618cbdd33561c950c5a02344c0cd284,d5696a9e25e00eea4556f6961ecc88a7,2026-09-26T13:52:14Z
2026,2,2026-09-14T00:00:00Z,2640,FALSE,,-42.6237733837372,,,2,c2-post-stage4-baseline,7618cbdd33561c950c5a02344c0cd284,d5696a9e25e00eea4556f6961ecc88a7,2026-09-26T13:52:14Z
2026,2,2026-09-14T00:00:00Z,2643,FALSE,,-39.5735226783342,,,3,c2-post-stage4-baseline,7618cbdd33561c950c5a02344c0cd284,d5696a9e25e00eea4556f6961ecc88a7,2026-09-26T13:52:14Z
2026,2,2026-09-14T00:00:00Z,2646,FALSE,,-68.7407961577417,,,1,c2-post-stage4-baseline,7618cbdd33561c950c5a02344c0cd284,d5696a9e25e00eea4556f6961ecc88a7,2026-09-26T13:52:14Z
2026,2,2026-09-14T00:00:00Z,2657,FALSE,,-68.5181999122678,,,0,c2-post-stage4-baseline,7618cbdd33561c950c5a02344c0cd284,d5696a9e25e00eea4556f6961ecc88a7,2026-09-26T13:52:14Z
2026,2,2026-09-14T00:00:00Z,2674,FALSE,,-44.1212584775791,,,2,c2-post-stage4-baseline,7618cbdd33561c950c5a02344c0cd284,d5696a9e25e00eea4556f6961ecc88a7,2026-09-26T13:52:14Z
2026,2,2026-09-14T00:00:00Z,2678,FALSE,,-53.3768924995326,,,3,c2-post-stage4-baseline,7618cbdd33561c950c5a02344c0cd284,d5696a9e25e00eea4556f6961ecc88a7,2026-09-26T13:52:14Z
2026,2,2026-09-14T00:00:00Z,2681,FALSE,,-52.999680625487,,,3,c2-post-stage4-baseline,7618cbdd33561c950c5a02344c0cd284,d5696a9e25e00eea4556f6961ecc88a7,2026-09-26T13:52:14Z
2026,2,2026-09-14T00:00:00Z,2691,FALSE,,-70.3574460596654,,,1,c2-post-stage4-baseline,7618cbdd33561c950c5a02344c0cd284,d5696a9e25e00eea4556f6961ecc88a7,2026-09-26T13:52:14Z
2026,2,2026-09-14T00:00:00Z,2692,FALSE,,-34.217472759442,,,3,c2-post-stage4-baseline,7618cbdd33561c950c5a02344c0cd284,d5696a9e25e00eea4556f6961ecc88a7,2026-09-26T13:52:14Z
2026,2,2026-09-14T00:00:00Z,2695,FALSE,,-66.1167038768557,,,0,c2-post-stage4-baseline,7618cbdd33561c950c5a02344c0cd284,d5696a9e25e00eea4556f6961ecc88a7,2026-09-26T13:52:14Z
2026,2,2026-09-14T00:00:00Z,2698,FALSE,,-44.5979946518977,,,3,c2-post-stage4-baseline,7618cbdd33561c950c5a02344c0cd284,d5696a9e25e00eea4556f6961ecc88a7,2026-09-26T13:52:14Z
2026,2,2026-09-14T00:00:00Z,2707,FALSE,,-64.3204057883482,,,1,c2-post-stage4-baseline,7618cbdd33561c950c5a02344c0cd284,d5696a9e25e00eea4556f6961ecc88a7,2026-09-26T13:52:14Z
2026,2,2026-09-14T00:00:00Z,2710,FALSE,,-36.4461411875399,,,3,c2-post-stage4-baseline,7618cbdd33561c950c5a02344c0cd284,d5696a9e25e00eea4556f6961ecc88a7,2026-09-26T13:52:14Z
2026,2,2026-09-14T00:00:00Z,2717,FALSE,,-33.4687370932755,,,3,c2-post-stage4-baseline,7618cbdd33561c950c5a02344c0cd284,d5696a9e25e00eea4556f6961ecc88a7,2026-09-26T13:52:14Z
2026,2,2026-09-14T00:00:00Z,2729,FALSE,,-33.9873334211906,,,3,c2-post-stage4-baseline,7618cbdd33561c950c5a02344c0cd284,d5696a9e25e00eea4556f6961ecc88a7,2026-09-26T13:52:14Z
2026,2,2026-09-14T00:00:00Z,2736,FALSE,,-71.7715894071416,,,1,c2-post-stage4-baseline,7618cbdd33561c950c5a02344c0cd284,d5696a9e25e00eea4556f6961ecc88a7,2026-09-26T13:52:14Z
2026,2,2026-09-14T00:00:00Z,2747,FALSE,,-31.3985708992723,,,3,c2-post-stage4-baseline,7618cbdd33561c950c5a02344c0cd284,d5696a9e25e00eea4556f6961ecc88a7,2026-09-26T13:52:14Z
2026,2,2026-09-14T00:00:00Z,2754,FALSE,,-19.7464284843345,,,3,c2-post-stage4-baseline,7618cbdd33561c950c5a02344c0cd284,d5696a9e25e00eea4556f6961ecc88a7,2026-09-26T13:52:14Z
2026,2,2026-09-14T00:00:00Z,2755,FALSE,,-39.6283474346771,,,2,c2-post-stage4-baseline,7618cbdd33561c950c5a02344c0cd284,d5696a9e25e00eea4556f6961ecc88a7,2026-09-26T13:52:14Z
2026,2,2026-09-14T00:00:00Z,2771,FALSE,,-40.0379971930159,,,3,c2-post-stage4-baseline,7618cbdd33561c950c5a02344c0cd284,d5696a9e25e00eea4556f6961ecc88a7,2026-09-26T13:52:14Z
2026,2,2026-09-14T00:00:00Z,2803,FALSE,,-37.8786210808378,,,3,c2-post-stage4-baseline,7618cbdd33561c950c5a02344c0cd284,d5696a9e25e00eea4556f6961ecc88a7,2026-09-26T13:52:14Z
2026,2,2026-09-14T00:00:00Z,2805,FALSE,,-69.1176124851598,,,1,c2-post-stage4-baseline,7618cbdd33561c950c5a02344c0cd284,d5696a9e25e00eea4556f6961ecc88a7,2026-09-26T13:52:14Z
2026,2,2026-09-14T00:00:00Z,2815,FALSE,,-40.4248581569254,,,3,c2-post-stage4-baseline,7618cbdd33561c950c5a02344c0cd284,d5696a9e25e00eea4556f6961ecc88a7,2026-09-26T13:52:14Z
2026,2,2026-09-14T00:00:00Z,2824,FALSE,,-78.614491675322,,,1,c2-post-stage4-baseline,7618cbdd33561c950c5a02344c0cd284,d5696a9e25e00eea4556f6961ecc88a7,2026-09-26T13:52:14Z
2026,2,2026-09-14T00:00:00Z,2837,FALSE,,-41.2967706535069,,,3,c2-post-stage4-baseline,7618cbdd33561c950c5a02344c0cd284,d5696a9e25e00eea4556f6961ecc88a7,2026-09-26T13:52:14Z
2026,2,2026-09-14T00:00:00Z,2839,FALSE,,-66.1891269747507,,,1,c2-post-stage4-baseline,7618cbdd33561c950c5a02344c0cd284,d5696a9e25e00eea4556f6961ecc88a7,2026-09-26T13:52:14Z
2026,2,2026-09-14T00:00:00Z,2842,FALSE,,-62.7038772435441,,,1,c2-post-stage4-baseline,7618cbdd33561c950c5a02344c0cd284,d5696a9e25e00eea4556f6961ecc88a7,2026-09-26T13:52:14Z
2026,2,2026-09-14T00:00:00Z,2851,FALSE,,-59.8023965310558,,,1,c2-post-stage4-baseline,7618cbdd33561c950c5a02344c0cd284,d5696a9e25e00eea4556f6961ecc88a7,2026-09-26T13:52:14Z
2026,2,2026-09-14T00:00:00Z,2900,FALSE,,-37.2895669258049,,,3,c2-post-stage4-baseline,7618cbdd33561c950c5a02344c0cd284,d5696a9e25e00eea4556f6961ecc88a7,2026-09-26T13:52:14Z
2026,2,2026-09-14T00:00:00Z,2916,FALSE,,-31.7655022264484,,,2,c2-post-stage4-baseline,7618cbdd33561c950c5a02344c0cd284,d5696a9e25e00eea4556f6961ecc88a7,2026-09-26T13:52:14Z
2026,2,2026-09-14T00:00:00Z,2986,FALSE,,-64.3790280424776,,,1,c2-post-stage4-baseline,7618cbdd33561c950c5a02344c0cd284,d5696a9e25e00eea4556f6961ecc88a7,2026-09-26T13:52:14Z
2026,2,2026-09-14T00:00:00Z,3077,FALSE,,-83.5581023539762,,,2,c2-post-stage4-baseline,7618cbdd33561c950c5a02344c0cd284,d5696a9e25e00eea4556f6961ecc88a7,2026-09-26T13:52:14Z
2026,2,2026-09-14T00:00:00Z,3101,FALSE,,-45.5600678640301,,,3,c2-post-stage4-baseline,7618cbdd33561c950c5a02344c0cd284,d5696a9e25e00eea4556f6961ecc88a7,2026-09-26T13:52:14Z
2026,2,2026-09-14T00:00:00Z,3179,FALSE,,-74.7051489535021,,,0,c2-post-stage4-baseline,7618cbdd33561c950c5a02344c0cd284,d5696a9e25e00eea4556f6961ecc88a7,2026-09-26T13:52:14Z
2026,2,2026-09-14T00:00:00Z,102071,FALSE,,-77.7061073359149,,,1,c2-post-stage4-baseline,7618cbdd33561c950c5a02344c0cd284,d5696a9e25e00eea4556f6961ecc88a7,2026-09-26T13:52:14Z
2026,2,2026-09-14T00:00:00Z,102626,FALSE,,-74.2970720953505,,,1,c2-post-stage4-baseline,7618cbdd33561c950c5a02344c0cd284,d5696a9e25e00eea4556f6961ecc88a7,2026-09-26T13:52:14Z
2026,2,2026-09-14T00:00:00Z,110242,FALSE,,-28.0981996366791,,,2,c2-post-stage4-baseline,7618cbdd33561c950c5a02344c0cd284,d5696a9e25e00eea4556f6961ecc88a7,2026-09-26T13:52:14Z
2026,2,2026-09-14T00:00:00Z,110243,FALSE,,-67.1230169751741,,,1,c2-post-stage4-baseline,7618cbdd33561c950c5a02344c0cd284,d5696a9e25e00eea4556f6961ecc88a7,2026-09-26T13:52:14Z
2026,2,2026-09-14T00:00:00Z,112334,FALSE,,-61.9042424178567,,,1,c2-post-stage4-baseline,7618cbdd33561c950c5a02344c0cd284,d5696a9e25e00eea4556f6961ecc88a7,2026-09-26T13:52:14Z
2026,2,2026-09-14T00:00:00Z,124110,FALSE,,-74.7051489535021,,,0,c2-post-stage4-baseline,7618cbdd33561c950c5a02344c0cd284,d5696a9e25e00eea4556f6961ecc88a7,2026-09-26T13:52:14Z
2026,2,2026-09-14T00:00:00Z,124386,FALSE,,-94.7507352269658,,,1,c2-post-stage4-baseline,7618cbdd33561c950c5a02344c0cd284,d5696a9e25e00eea4556f6961ecc88a7,2026-09-26T13:52:14Z
2026,2,2026-09-14T00:00:00Z,127991,FALSE,,-56.1662644661612,,,1,c2-post-stage4-baseline,7618cbdd33561c950c5a02344c0cd284,d5696a9e25e00eea4556f6961ecc88a7,2026-09-26T13:52:14Z
2026,2,2026-09-14T00:00:00Z,129469,FALSE,,-61.8259047649575,,,1,c2-post-stage4-baseline,7618cbdd33561c950c5a02344c0cd284,d5696a9e25e00eea4556f6961ecc88a7,2026-09-26T13:52:14Z
2026,2,2026-09-14T00:00:00Z,131239,FALSE,,-74.7051489535021,,,0,c2-post-stage4-baseline,7618cbdd33561c950c5a02344c0cd284,d5696a9e25e00eea4556f6961ecc88a7,2026-09-26T13:52:14Z
